1.414000000000000000e+03,0.000000000000000000e+00
1.414002400000000080e+03,0.000000000000000000e+00
1.414004899999999907e+03,0.000000000000000000e+00
1.414007299999999987e+03,0.000000000000000000e+00
1.414009800000000041e+03,0.000000000000000000e+00
1.414012199999999893e+03,0.000000000000000000e+00
1.414014599999999973e+03,0.000000000000000000e+00
1.414017100000000028e+03,0.000000000000000000e+00
1.414019500000000107e+03,0.000000000000000000e+00
1.414021999999999935e+03,0.000000000000000000e+00
1.414024400000000014e+03,0.000000000000000000e+00
1.414026900000000069e+03,0.000000000000000000e+00
1.414029299999999921e+03,0.000000000000000000e+00
1.414031700000000001e+03,0.000000000000000000e+00
1.414034200000000055e+03,0.000000000000000000e+00
1.414036599999999908e+03,0.000000000000000000e+00
1.414039099999999962e+03,0.000000000000000000e+00
1.414041500000000042e+03,0.000000000000000000e+00
1.414043899999999894e+03,0.000000000000000000e+00
1.414046399999999949e+03,0.000000000000000000e+00
1.414048800000000028e+03,0.000000000000000000e+00
1.414051300000000083e+03,0.000000000000000000e+00
1.414053699999999935e+03,0.000000000000000000e+00
1.414056199999999990e+03,0.000000000000000000e+00
1.414058600000000069e+03,0.000000000000000000e+00
1.414060999999999922e+03,0.000000000000000000e+00
1.414063499999999976e+03,0.000000000000000000e+00
1.414065900000000056e+03,0.000000000000000000e+00
1.414068400000000111e+03,0.000000000000000000e+00
1.414070799999999963e+03,0.000000000000000000e+00
1.414073200000000043e+03,0.000000000000000000e+00
1.414075700000000097e+03,0.000000000000000000e+00
1.414078099999999949e+03,0.000000000000000000e+00
1.414080600000000004e+03,0.000000000000000000e+00
1.414083000000000084e+03,0.000000000000000000e+00
1.414085399999999936e+03,0.000000000000000000e+00
1.414087899999999991e+03,0.000000000000000000e+00
1.414090300000000070e+03,0.000000000000000000e+00
1.414092799999999897e+03,0.000000000000000000e+00
1.414095199999999977e+03,0.000000000000000000e+00
1.414097700000000032e+03,0.000000000000000000e+00
1.414100100000000111e+03,0.000000000000000000e+00
1.414102499999999964e+03,0.000000000000000000e+00
1.414105000000000018e+03,0.000000000000000000e+00
1.414107400000000098e+03,0.000000000000000000e+00
1.414109899999999925e+03,0.000000000000000000e+00
1.414112300000000005e+03,0.000000000000000000e+00
1.414114700000000084e+03,0.000000000000000000e+00
1.414117199999999912e+03,0.000000000000000000e+00
1.414119599999999991e+03,0.000000000000000000e+00
1.414122100000000046e+03,0.000000000000000000e+00
1.414124499999999898e+03,0.000000000000000000e+00
1.414126999999999953e+03,0.000000000000000000e+00
1.414129400000000032e+03,0.000000000000000000e+00
1.414131800000000112e+03,0.000000000000000000e+00
1.414134299999999939e+03,0.000000000000000000e+00
1.414136700000000019e+03,0.000000000000000000e+00
1.414139200000000073e+03,0.000000000000000000e+00
1.414141599999999926e+03,0.000000000000000000e+00
1.414144000000000005e+03,0.000000000000000000e+00
1.414146500000000060e+03,0.000000000000000000e+00
1.414148899999999912e+03,0.000000000000000000e+00
1.414151399999999967e+03,0.000000000000000000e+00
1.414153800000000047e+03,0.000000000000000000e+00
1.414156199999999899e+03,0.000000000000000000e+00
1.414158699999999953e+03,0.000000000000000000e+00
1.414161100000000033e+03,0.000000000000000000e+00
1.414163600000000088e+03,0.000000000000000000e+00
1.414165999999999940e+03,0.000000000000000000e+00
1.414168499999999995e+03,0.000000000000000000e+00
1.414170900000000074e+03,0.000000000000000000e+00
1.414173299999999927e+03,0.000000000000000000e+00
1.414175799999999981e+03,0.000000000000000000e+00
1.414178200000000061e+03,0.000000000000000000e+00
1.414180699999999888e+03,0.000000000000000000e+00
1.414183099999999968e+03,0.000000000000000000e+00
1.414185500000000047e+03,0.000000000000000000e+00
1.414188000000000102e+03,0.000000000000000000e+00
1.414190399999999954e+03,0.000000000000000000e+00
1.414192900000000009e+03,0.000000000000000000e+00
1.414195300000000088e+03,0.000000000000000000e+00
1.414197799999999916e+03,0.000000000000000000e+00
1.414200199999999995e+03,0.000000000000000000e+00
1.414202600000000075e+03,0.000000000000000000e+00
1.414205099999999902e+03,0.000000000000000000e+00
1.414207499999999982e+03,0.000000000000000000e+00
1.414210000000000036e+03,0.000000000000000000e+00
1.414212399999999889e+03,0.000000000000000000e+00
1.414214799999999968e+03,0.000000000000000000e+00
1.414217300000000023e+03,0.000000000000000000e+00
1.414219700000000103e+03,0.000000000000000000e+00
1.414222199999999930e+03,0.000000000000000000e+00
1.414224600000000009e+03,0.000000000000000000e+00
1.414227100000000064e+03,0.000000000000000000e+00
1.414229499999999916e+03,0.000000000000000000e+00
1.414231899999999996e+03,0.000000000000000000e+00
1.414234400000000051e+03,0.000000000000000000e+00
1.414236799999999903e+03,0.000000000000000000e+00
1.414239299999999957e+03,0.000000000000000000e+00
1.414241700000000037e+03,0.000000000000000000e+00
1.414244099999999889e+03,0.000000000000000000e+00
1.414246599999999944e+03,0.000000000000000000e+00
1.414249000000000024e+03,0.000000000000000000e+00
1.414251500000000078e+03,0.000000000000000000e+00
1.414253899999999931e+03,0.000000000000000000e+00
1.414256300000000010e+03,0.000000000000000000e+00
1.414258800000000065e+03,0.000000000000000000e+00
1.414261199999999917e+03,0.000000000000000000e+00
1.414263699999999972e+03,0.000000000000000000e+00
1.414266100000000051e+03,0.000000000000000000e+00
1.414268600000000106e+03,0.000000000000000000e+00
1.414270999999999958e+03,0.000000000000000000e+00
1.414273400000000038e+03,0.000000000000000000e+00
1.414275900000000092e+03,0.000000000000000000e+00
1.414278299999999945e+03,0.000000000000000000e+00
1.414280799999999999e+03,0.000000000000000000e+00
1.414283200000000079e+03,0.000000000000000000e+00
1.414285599999999931e+03,0.000000000000000000e+00
1.414288099999999986e+03,0.000000000000000000e+00
1.414290500000000065e+03,0.000000000000000000e+00
1.414292999999999893e+03,0.000000000000000000e+00
1.414295399999999972e+03,0.000000000000000000e+00
1.414297900000000027e+03,0.000000000000000000e+00
1.414300300000000107e+03,0.000000000000000000e+00
1.414302699999999959e+03,0.000000000000000000e+00
1.414305200000000013e+03,0.000000000000000000e+00
1.414307600000000093e+03,0.000000000000000000e+00
1.414310099999999920e+03,0.000000000000000000e+00
1.414312500000000000e+03,0.000000000000000000e+00
1.414314900000000080e+03,0.000000000000000000e+00
1.414317399999999907e+03,0.000000000000000000e+00
1.414319799999999987e+03,0.000000000000000000e+00
1.414322300000000041e+03,0.000000000000000000e+00
1.414324699999999893e+03,0.000000000000000000e+00
1.414327099999999973e+03,0.000000000000000000e+00
1.414329600000000028e+03,0.000000000000000000e+00
1.414332000000000107e+03,0.000000000000000000e+00
1.414334499999999935e+03,0.000000000000000000e+00
1.414336900000000014e+03,0.000000000000000000e+00
1.414339400000000069e+03,0.000000000000000000e+00
1.414341799999999921e+03,0.000000000000000000e+00
1.414344200000000001e+03,0.000000000000000000e+00
1.414346700000000055e+03,0.000000000000000000e+00
1.414349099999999908e+03,0.000000000000000000e+00
1.414351599999999962e+03,0.000000000000000000e+00
1.414354000000000042e+03,0.000000000000000000e+00
1.414356399999999894e+03,0.000000000000000000e+00
1.414358899999999949e+03,0.000000000000000000e+00
1.414361300000000028e+03,0.000000000000000000e+00
1.414363800000000083e+03,0.000000000000000000e+00
1.414366199999999935e+03,0.000000000000000000e+00
1.414368699999999990e+03,0.000000000000000000e+00
1.414371100000000069e+03,0.000000000000000000e+00
1.414373499999999922e+03,0.000000000000000000e+00
1.414375999999999976e+03,0.000000000000000000e+00
1.414378400000000056e+03,0.000000000000000000e+00
1.414380900000000111e+03,0.000000000000000000e+00
1.414383299999999963e+03,0.000000000000000000e+00
1.414385700000000043e+03,0.000000000000000000e+00
1.414388200000000097e+03,0.000000000000000000e+00
1.414390599999999949e+03,0.000000000000000000e+00
1.414393100000000004e+03,0.000000000000000000e+00
1.414395500000000084e+03,0.000000000000000000e+00
1.414397899999999936e+03,0.000000000000000000e+00
1.414400399999999991e+03,0.000000000000000000e+00
1.414402800000000070e+03,0.000000000000000000e+00
1.414405299999999897e+03,0.000000000000000000e+00
1.414407699999999977e+03,0.000000000000000000e+00
1.414410200000000032e+03,0.000000000000000000e+00
1.414412600000000111e+03,0.000000000000000000e+00
1.414414999999999964e+03,0.000000000000000000e+00
1.414417500000000018e+03,0.000000000000000000e+00
1.414419900000000098e+03,0.000000000000000000e+00
1.414422399999999925e+03,0.000000000000000000e+00
1.414424800000000005e+03,0.000000000000000000e+00
1.414427200000000084e+03,0.000000000000000000e+00
1.414429699999999912e+03,0.000000000000000000e+00
1.414432099999999991e+03,0.000000000000000000e+00
1.414434600000000046e+03,0.000000000000000000e+00
1.414436999999999898e+03,0.000000000000000000e+00
1.414439499999999953e+03,0.000000000000000000e+00
1.414441900000000032e+03,0.000000000000000000e+00
1.414444300000000112e+03,0.000000000000000000e+00
1.414446799999999939e+03,0.000000000000000000e+00
1.414449200000000019e+03,0.000000000000000000e+00
1.414451700000000073e+03,0.000000000000000000e+00
1.414454099999999926e+03,0.000000000000000000e+00
1.414456500000000005e+03,0.000000000000000000e+00
1.414459000000000060e+03,0.000000000000000000e+00
1.414461399999999912e+03,0.000000000000000000e+00
1.414463899999999967e+03,0.000000000000000000e+00
1.414466300000000047e+03,0.000000000000000000e+00
1.414468800000000101e+03,0.000000000000000000e+00
1.414471199999999953e+03,0.000000000000000000e+00
1.414473600000000033e+03,0.000000000000000000e+00
1.414476100000000088e+03,0.000000000000000000e+00
1.414478499999999940e+03,0.000000000000000000e+00
1.414480999999999995e+03,0.000000000000000000e+00
1.414483400000000074e+03,0.000000000000000000e+00
1.414485799999999927e+03,0.000000000000000000e+00
1.414488299999999981e+03,0.000000000000000000e+00
1.414490700000000061e+03,0.000000000000000000e+00
1.414493199999999888e+03,0.000000000000000000e+00
1.414495599999999968e+03,0.000000000000000000e+00
1.414498000000000047e+03,0.000000000000000000e+00
1.414500500000000102e+03,0.000000000000000000e+00
1.414502899999999954e+03,0.000000000000000000e+00
1.414505400000000009e+03,0.000000000000000000e+00
1.414507800000000088e+03,0.000000000000000000e+00
1.414510299999999916e+03,0.000000000000000000e+00
1.414512699999999995e+03,0.000000000000000000e+00
1.414515100000000075e+03,0.000000000000000000e+00
1.414517599999999902e+03,0.000000000000000000e+00
1.414519999999999982e+03,0.000000000000000000e+00
1.414522500000000036e+03,0.000000000000000000e+00
1.414524899999999889e+03,0.000000000000000000e+00
1.414527299999999968e+03,0.000000000000000000e+00
1.414529800000000023e+03,0.000000000000000000e+00
1.414532200000000103e+03,0.000000000000000000e+00
1.414534699999999930e+03,0.000000000000000000e+00
1.414537100000000009e+03,0.000000000000000000e+00
1.414539600000000064e+03,0.000000000000000000e+00
1.414541999999999916e+03,0.000000000000000000e+00
1.414544399999999996e+03,0.000000000000000000e+00
1.414546900000000051e+03,0.000000000000000000e+00
1.414549299999999903e+03,0.000000000000000000e+00
1.414551799999999957e+03,0.000000000000000000e+00
1.414554200000000037e+03,0.000000000000000000e+00
1.414556599999999889e+03,0.000000000000000000e+00
1.414559099999999944e+03,0.000000000000000000e+00
1.414561500000000024e+03,0.000000000000000000e+00
1.414564000000000078e+03,0.000000000000000000e+00
1.414566399999999931e+03,0.000000000000000000e+00
1.414568800000000010e+03,0.000000000000000000e+00
1.414571300000000065e+03,0.000000000000000000e+00
1.414573699999999917e+03,0.000000000000000000e+00
1.414576199999999972e+03,0.000000000000000000e+00
1.414578600000000051e+03,0.000000000000000000e+00
1.414581100000000106e+03,0.000000000000000000e+00
1.414583499999999958e+03,0.000000000000000000e+00
1.414585900000000038e+03,0.000000000000000000e+00
1.414588400000000092e+03,0.000000000000000000e+00
1.414590799999999945e+03,0.000000000000000000e+00
1.414593299999999999e+03,0.000000000000000000e+00
1.414595700000000079e+03,0.000000000000000000e+00
1.414598099999999931e+03,0.000000000000000000e+00
1.414600599999999986e+03,0.000000000000000000e+00
1.414603000000000065e+03,0.000000000000000000e+00
1.414605499999999893e+03,0.000000000000000000e+00
1.414607899999999972e+03,0.000000000000000000e+00
1.414610400000000027e+03,0.000000000000000000e+00
1.414612800000000107e+03,0.000000000000000000e+00
1.414615199999999959e+03,0.000000000000000000e+00
1.414617700000000013e+03,0.000000000000000000e+00
1.414620100000000093e+03,0.000000000000000000e+00
1.414622599999999920e+03,0.000000000000000000e+00
1.414625000000000000e+03,0.000000000000000000e+00
1.414627400000000080e+03,0.000000000000000000e+00
1.414629899999999907e+03,0.000000000000000000e+00
1.414632299999999987e+03,0.000000000000000000e+00
1.414634800000000041e+03,0.000000000000000000e+00
1.414637199999999893e+03,0.000000000000000000e+00
1.414639599999999973e+03,0.000000000000000000e+00
1.414642100000000028e+03,0.000000000000000000e+00
1.414644500000000107e+03,0.000000000000000000e+00
1.414646999999999935e+03,0.000000000000000000e+00
1.414649400000000014e+03,0.000000000000000000e+00
1.414651900000000069e+03,0.000000000000000000e+00
1.414654299999999921e+03,0.000000000000000000e+00
1.414656700000000001e+03,0.000000000000000000e+00
1.414659200000000055e+03,0.000000000000000000e+00
1.414661599999999908e+03,0.000000000000000000e+00
1.414664099999999962e+03,0.000000000000000000e+00
1.414666500000000042e+03,0.000000000000000000e+00
1.414668899999999894e+03,0.000000000000000000e+00
1.414671399999999949e+03,0.000000000000000000e+00
1.414673800000000028e+03,0.000000000000000000e+00
1.414676300000000083e+03,0.000000000000000000e+00
1.414678699999999935e+03,0.000000000000000000e+00
1.414681199999999990e+03,0.000000000000000000e+00
1.414683600000000069e+03,0.000000000000000000e+00
1.414685999999999922e+03,0.000000000000000000e+00
1.414688499999999976e+03,0.000000000000000000e+00
1.414690900000000056e+03,0.000000000000000000e+00
1.414693400000000111e+03,0.000000000000000000e+00
1.414695799999999963e+03,0.000000000000000000e+00
1.414698200000000043e+03,0.000000000000000000e+00
1.414700700000000097e+03,0.000000000000000000e+00
1.414703099999999949e+03,0.000000000000000000e+00
1.414705600000000004e+03,0.000000000000000000e+00
1.414708000000000084e+03,0.000000000000000000e+00
1.414710399999999936e+03,0.000000000000000000e+00
1.414712899999999991e+03,0.000000000000000000e+00
1.414715300000000070e+03,0.000000000000000000e+00
1.414717799999999897e+03,0.000000000000000000e+00
1.414720199999999977e+03,0.000000000000000000e+00
1.414722700000000032e+03,0.000000000000000000e+00
1.414725100000000111e+03,0.000000000000000000e+00
1.414727499999999964e+03,0.000000000000000000e+00
1.414730000000000018e+03,0.000000000000000000e+00
1.414732400000000098e+03,0.000000000000000000e+00
1.414734899999999925e+03,0.000000000000000000e+00
1.414737300000000005e+03,0.000000000000000000e+00
1.414739700000000084e+03,0.000000000000000000e+00
1.414742199999999912e+03,0.000000000000000000e+00
1.414744599999999991e+03,0.000000000000000000e+00
1.414747100000000046e+03,0.000000000000000000e+00
1.414749499999999898e+03,0.000000000000000000e+00
1.414751999999999953e+03,0.000000000000000000e+00
1.414754400000000032e+03,0.000000000000000000e+00
1.414756800000000112e+03,0.000000000000000000e+00
1.414759299999999939e+03,0.000000000000000000e+00
1.414761700000000019e+03,0.000000000000000000e+00
1.414764200000000073e+03,0.000000000000000000e+00
1.414766599999999926e+03,0.000000000000000000e+00
1.414769000000000005e+03,0.000000000000000000e+00
1.414771500000000060e+03,0.000000000000000000e+00
1.414773899999999912e+03,0.000000000000000000e+00
1.414776399999999967e+03,0.000000000000000000e+00
1.414778800000000047e+03,0.000000000000000000e+00
1.414781199999999899e+03,0.000000000000000000e+00
1.414783699999999953e+03,0.000000000000000000e+00
1.414786100000000033e+03,0.000000000000000000e+00
1.414788600000000088e+03,0.000000000000000000e+00
1.414790999999999940e+03,0.000000000000000000e+00
1.414793499999999995e+03,0.000000000000000000e+00
1.414795900000000074e+03,0.000000000000000000e+00
1.414798299999999927e+03,0.000000000000000000e+00
1.414800799999999981e+03,0.000000000000000000e+00
1.414803200000000061e+03,0.000000000000000000e+00
1.414805699999999888e+03,0.000000000000000000e+00
1.414808099999999968e+03,0.000000000000000000e+00
1.414810500000000047e+03,0.000000000000000000e+00
1.414813000000000102e+03,0.000000000000000000e+00
1.414815399999999954e+03,0.000000000000000000e+00
1.414817900000000009e+03,0.000000000000000000e+00
1.414820300000000088e+03,0.000000000000000000e+00
1.414822799999999916e+03,0.000000000000000000e+00
1.414825199999999995e+03,0.000000000000000000e+00
1.414827600000000075e+03,0.000000000000000000e+00
1.414830099999999902e+03,0.000000000000000000e+00
1.414832499999999982e+03,0.000000000000000000e+00
1.414835000000000036e+03,0.000000000000000000e+00
1.414837399999999889e+03,0.000000000000000000e+00
1.414839799999999968e+03,0.000000000000000000e+00
1.414842300000000023e+03,0.000000000000000000e+00
1.414844700000000103e+03,0.000000000000000000e+00
1.414847199999999930e+03,0.000000000000000000e+00
1.414849600000000009e+03,0.000000000000000000e+00
1.414852100000000064e+03,0.000000000000000000e+00
1.414854499999999916e+03,0.000000000000000000e+00
1.414856899999999996e+03,0.000000000000000000e+00
1.414859400000000051e+03,0.000000000000000000e+00
1.414861799999999903e+03,0.000000000000000000e+00
1.414864299999999957e+03,0.000000000000000000e+00
1.414866700000000037e+03,0.000000000000000000e+00
1.414869099999999889e+03,0.000000000000000000e+00
1.414871599999999944e+03,0.000000000000000000e+00
1.414874000000000024e+03,0.000000000000000000e+00
1.414876500000000078e+03,0.000000000000000000e+00
1.414878899999999931e+03,0.000000000000000000e+00
1.414881300000000010e+03,0.000000000000000000e+00
1.414883800000000065e+03,0.000000000000000000e+00
1.414886199999999917e+03,0.000000000000000000e+00
1.414888699999999972e+03,0.000000000000000000e+00
1.414891100000000051e+03,0.000000000000000000e+00
1.414893600000000106e+03,0.000000000000000000e+00
1.414895999999999958e+03,0.000000000000000000e+00
1.414898400000000038e+03,0.000000000000000000e+00
1.414900900000000092e+03,0.000000000000000000e+00
1.414903299999999945e+03,0.000000000000000000e+00
1.414905799999999999e+03,0.000000000000000000e+00
1.414908200000000079e+03,0.000000000000000000e+00
1.414910599999999931e+03,0.000000000000000000e+00
1.414913099999999986e+03,0.000000000000000000e+00
1.414915500000000065e+03,0.000000000000000000e+00
1.414917999999999893e+03,0.000000000000000000e+00
1.414920399999999972e+03,0.000000000000000000e+00
1.414922900000000027e+03,0.000000000000000000e+00
1.414925300000000107e+03,0.000000000000000000e+00
1.414927699999999959e+03,0.000000000000000000e+00
1.414930200000000013e+03,0.000000000000000000e+00
1.414932600000000093e+03,0.000000000000000000e+00
1.414935099999999920e+03,0.000000000000000000e+00
1.414937500000000000e+03,0.000000000000000000e+00
1.414939900000000080e+03,0.000000000000000000e+00
1.414942399999999907e+03,0.000000000000000000e+00
1.414944799999999987e+03,0.000000000000000000e+00
1.414947300000000041e+03,0.000000000000000000e+00
1.414949699999999893e+03,0.000000000000000000e+00
1.414952099999999973e+03,0.000000000000000000e+00
1.414954600000000028e+03,0.000000000000000000e+00
1.414957000000000107e+03,0.000000000000000000e+00
1.414959499999999935e+03,0.000000000000000000e+00
1.414961900000000014e+03,0.000000000000000000e+00
1.414964400000000069e+03,0.000000000000000000e+00
1.414966799999999921e+03,0.000000000000000000e+00
1.414969200000000001e+03,0.000000000000000000e+00
1.414971700000000055e+03,0.000000000000000000e+00
1.414974099999999908e+03,0.000000000000000000e+00
1.414976599999999962e+03,0.000000000000000000e+00
1.414979000000000042e+03,0.000000000000000000e+00
1.414981399999999894e+03,0.000000000000000000e+00
1.414983899999999949e+03,0.000000000000000000e+00
1.414986300000000028e+03,0.000000000000000000e+00
1.414988800000000083e+03,0.000000000000000000e+00
1.414991199999999935e+03,0.000000000000000000e+00
1.414993699999999990e+03,0.000000000000000000e+00
1.414996100000000069e+03,0.000000000000000000e+00
1.414998499999999922e+03,0.000000000000000000e+00
1.415000999999999976e+03,5.620409999999999684e+01
1.415003400000000056e+03,5.601930000000000121e+01
1.415005900000000111e+03,5.564999999999999858e+01
1.415008299999999963e+03,5.524069999999999681e+01
1.415010700000000043e+03,5.495280000000000342e+01
1.415013200000000097e+03,5.485249999999999915e+01
1.415015599999999949e+03,5.488289999999999935e+01
1.415018100000000004e+03,5.493099999999999739e+01
1.415020500000000084e+03,5.491250000000000142e+01
1.415022899999999936e+03,5.480769999999999698e+01
1.415025399999999991e+03,5.466250000000000142e+01
1.415027800000000070e+03,5.457330000000000325e+01
1.415030299999999897e+03,5.462619999999999720e+01
1.415032699999999977e+03,5.481860000000000355e+01
1.415035200000000032e+03,5.505599999999999739e+01
1.415037600000000111e+03,5.523169999999999646e+01
1.415039999999999964e+03,5.529659999999999798e+01
1.415042500000000018e+03,5.526069999999999993e+01
1.415044900000000098e+03,5.516799999999999926e+01
1.415047399999999925e+03,5.508229999999999649e+01
1.415049800000000005e+03,5.506430000000000291e+01
1.415052200000000084e+03,5.512870000000000203e+01
1.415054699999999912e+03,5.522590000000000288e+01
1.415057099999999991e+03,5.527980000000000160e+01
1.415059600000000046e+03,5.524249999999999972e+01
1.415061999999999898e+03,5.511330000000000240e+01
1.415064499999999953e+03,5.492399999999999949e+01
1.415066900000000032e+03,5.472930000000000206e+01
1.415069300000000112e+03,5.460340000000000060e+01
1.415071799999999939e+03,5.460640000000000072e+01
1.415074200000000019e+03,5.473429999999999751e+01
1.415076700000000073e+03,5.491669999999999874e+01
1.415079099999999926e+03,5.507059999999999889e+01
1.415081500000000005e+03,5.514840000000000231e+01
1.415084000000000060e+03,5.515579999999999927e+01
1.415086399999999912e+03,5.514869999999999806e+01
1.415088899999999967e+03,5.519339999999999691e+01
1.415091300000000047e+03,5.529970000000000141e+01
1.415093800000000101e+03,5.540319999999999823e+01
1.415096199999999953e+03,5.542750000000000199e+01
1.415098600000000033e+03,5.535759999999999792e+01
1.415101100000000088e+03,5.524410000000000309e+01
1.415103499999999940e+03,5.515120000000000289e+01
1.415105999999999995e+03,5.511699999999999733e+01
1.415108400000000074e+03,5.514419999999999789e+01
1.415110799999999927e+03,5.520300000000000296e+01
1.415113299999999981e+03,5.524159999999999826e+01
1.415115700000000061e+03,5.521229999999999905e+01
1.415118199999999888e+03,5.510249999999999915e+01
1.415120599999999968e+03,5.495450000000000301e+01
1.415123000000000047e+03,5.484620000000000317e+01
1.415125500000000102e+03,5.482939999999999969e+01
1.415127899999999954e+03,5.488779999999999859e+01
1.415130400000000009e+03,5.496640000000000015e+01
1.415132800000000088e+03,5.503150000000000119e+01
1.415135299999999916e+03,5.509089999999999776e+01
1.415137699999999995e+03,5.516790000000000305e+01
1.415140100000000075e+03,5.526409999999999911e+01
1.415142599999999902e+03,5.533780000000000143e+01
1.415144999999999982e+03,5.532780000000000342e+01
1.415147500000000036e+03,5.521739999999999782e+01
1.415149899999999889e+03,5.506860000000000355e+01
1.415152299999999968e+03,5.497599999999999909e+01
1.415154800000000023e+03,5.499199999999999733e+01
1.415157200000000103e+03,5.510260000000000247e+01
1.415159699999999930e+03,5.526259999999999906e+01
1.415162100000000009e+03,5.543169999999999931e+01
1.415164600000000064e+03,5.557019999999999982e+01
1.415166999999999916e+03,5.563300000000000267e+01
1.415169399999999996e+03,5.560819999999999652e+01
1.415171900000000051e+03,5.555530000000000257e+01
1.415174299999999903e+03,5.556600000000000250e+01
1.415176799999999957e+03,5.568529999999999802e+01
1.415179200000000037e+03,5.588060000000000116e+01
1.415181599999999889e+03,5.606980000000000075e+01
1.415184099999999944e+03,5.616729999999999734e+01
1.415186500000000024e+03,5.612890000000000157e+01
1.415189000000000078e+03,5.598239999999999839e+01
1.415191399999999931e+03,5.581530000000000058e+01
1.415193800000000010e+03,5.571940000000000026e+01
1.415196300000000065e+03,5.573149999999999693e+01
1.415198699999999917e+03,5.581909999999999883e+01
1.415201199999999972e+03,5.590899999999999892e+01
1.415203600000000051e+03,5.593310000000000315e+01
1.415206100000000106e+03,5.586749999999999972e+01
1.415208499999999958e+03,5.574459999999999837e+01
1.415210900000000038e+03,5.561800000000000210e+01
1.415213400000000092e+03,5.550889999999999702e+01
1.415215799999999945e+03,5.539880000000000138e+01
1.415218299999999999e+03,5.526830000000000354e+01
1.415220700000000079e+03,5.513230000000000075e+01
1.415223099999999931e+03,5.503540000000000276e+01
1.415225599999999986e+03,5.501259999999999906e+01
1.415228000000000065e+03,5.505180000000000007e+01
1.415230499999999893e+03,5.510110000000000241e+01
1.415232899999999972e+03,5.512330000000000041e+01
1.415235400000000027e+03,5.513569999999999993e+01
1.415237800000000107e+03,5.519140000000000157e+01
1.415240199999999959e+03,5.533070000000000022e+01
1.415242700000000013e+03,5.555299999999999727e+01
1.415245100000000093e+03,5.581620000000000203e+01
1.415247599999999920e+03,5.605149999999999721e+01
1.415250000000000000e+03,5.619219999999999970e+01
1.415252400000000080e+03,5.620739999999999981e+01
1.415254899999999907e+03,5.611489999999999867e+01
1.415257299999999987e+03,5.596280000000000143e+01
1.415259800000000041e+03,5.580199999999999960e+01
1.415262199999999893e+03,5.566599999999999682e+01
1.415264599999999973e+03,5.557070000000000221e+01
1.415267100000000028e+03,5.552879999999999683e+01
1.415269500000000107e+03,5.555100000000000193e+01
1.415271999999999935e+03,5.562510000000000332e+01
1.415274400000000014e+03,5.570960000000000178e+01
1.415276900000000069e+03,5.576160000000000139e+01
1.415279299999999921e+03,5.577159999999999940e+01
1.415281700000000001e+03,5.576480000000000103e+01
1.415284200000000055e+03,5.576689999999999969e+01
1.415286599999999908e+03,5.576979999999999649e+01
1.415289099999999962e+03,5.572979999999999734e+01
1.415291500000000042e+03,5.561280000000000001e+01
1.415293899999999894e+03,5.544669999999999987e+01
1.415296399999999949e+03,5.531199999999999761e+01
1.415298800000000028e+03,5.526619999999999777e+01
1.415301300000000083e+03,5.529359999999999786e+01
1.415303699999999935e+03,5.534349999999999881e+01
1.415306199999999990e+03,5.538859999999999673e+01
1.415308600000000069e+03,5.542179999999999751e+01
1.415310999999999922e+03,5.541530000000000200e+01
1.415313499999999976e+03,5.531700000000000017e+01
1.415315900000000056e+03,5.509830000000000183e+01
1.415318400000000111e+03,5.480590000000000117e+01
1.415320799999999963e+03,5.456770000000000209e+01
1.415323200000000043e+03,5.452680000000000149e+01
1.415325700000000097e+03,5.473749999999999716e+01
1.415328099999999949e+03,5.511240000000000094e+01
1.415330600000000004e+03,5.547469999999999857e+01
1.415333000000000084e+03,5.567269999999999897e+01
1.415335399999999936e+03,5.566270000000000095e+01
1.415337899999999991e+03,5.550690000000000168e+01
1.415340300000000070e+03,5.531190000000000140e+01
1.415342799999999897e+03,5.516530000000000200e+01
1.415345199999999977e+03,5.510560000000000258e+01
1.415347700000000032e+03,5.511730000000000018e+01
1.415350100000000111e+03,5.515180000000000149e+01
1.415352499999999964e+03,5.517199999999999704e+01
1.415355000000000018e+03,5.518659999999999854e+01
1.415357400000000098e+03,5.523029999999999973e+01
1.415359899999999925e+03,5.530890000000000128e+01
1.415362300000000005e+03,5.538029999999999831e+01
1.415364700000000084e+03,5.539959999999999951e+01
1.415367199999999912e+03,5.537290000000000134e+01
1.415369599999999991e+03,5.535130000000000194e+01
1.415372100000000046e+03,5.537720000000000198e+01
1.415374499999999898e+03,5.545499999999999829e+01
1.415376999999999953e+03,5.557350000000000279e+01
1.415379400000000032e+03,5.572570000000000334e+01
1.415381800000000112e+03,5.588989999999999725e+01
1.415384299999999939e+03,5.601149999999999807e+01
1.415386700000000019e+03,5.603269999999999840e+01
1.415389200000000073e+03,5.593589999999999662e+01
1.415391599999999926e+03,5.574260000000000304e+01
1.415394000000000005e+03,5.548530000000000229e+01
1.415396500000000060e+03,5.520589999999999975e+01
1.415398899999999912e+03,5.496439999999999770e+01
1.415401399999999967e+03,5.481680000000000064e+01
1.415403800000000047e+03,5.477879999999999683e+01
1.415406199999999899e+03,5.482620000000000005e+01
1.415408699999999953e+03,5.492940000000000111e+01
1.415411100000000033e+03,5.506790000000000163e+01
1.415413600000000088e+03,5.521500000000000341e+01
1.415415999999999940e+03,5.533220000000000027e+01
1.415418499999999995e+03,5.539030000000000342e+01
1.415420900000000074e+03,5.538349999999999795e+01
1.415423299999999927e+03,5.532019999999999982e+01
1.415425799999999981e+03,5.521889999999999787e+01
1.415428200000000061e+03,5.511679999999999779e+01
1.415430699999999888e+03,5.506589999999999918e+01
1.415433099999999968e+03,5.510719999999999885e+01
1.415435500000000047e+03,5.524530000000000030e+01
1.415438000000000102e+03,5.544339999999999691e+01
1.415440399999999954e+03,5.563119999999999976e+01
1.415442900000000009e+03,5.572529999999999717e+01
1.415445300000000088e+03,5.567090000000000316e+01
1.415447799999999916e+03,5.549110000000000298e+01
1.415450199999999995e+03,5.529419999999999646e+01
1.415452600000000075e+03,5.520239999999999725e+01
1.415455099999999902e+03,5.524759999999999849e+01
1.415457499999999982e+03,5.533899999999999864e+01
1.415460000000000036e+03,5.534949999999999903e+01
1.415462399999999889e+03,5.522720000000000340e+01
1.415464799999999968e+03,5.501689999999999969e+01
1.415467300000000023e+03,5.480100000000000193e+01
1.415469700000000103e+03,5.465709999999999980e+01
1.415472199999999930e+03,5.464609999999999701e+01
1.415474600000000009e+03,5.478390000000000271e+01
1.415477100000000064e+03,5.500780000000000314e+01
1.415479499999999916e+03,5.519989999999999952e+01
1.415481899999999996e+03,5.526950000000000074e+01
1.415484400000000051e+03,5.521629999999999683e+01
1.415486799999999903e+03,5.511050000000000182e+01
1.415489299999999957e+03,5.501789999999999736e+01
1.415491700000000037e+03,5.495879999999999654e+01
1.415494099999999889e+03,5.492880000000000251e+01
1.415496599999999944e+03,5.492170000000000130e+01
1.415499000000000024e+03,5.492190000000000083e+01
1.415501500000000078e+03,5.490590000000000259e+01
1.415503899999999931e+03,5.485849999999999937e+01
1.415506300000000010e+03,5.477519999999999811e+01
1.415508800000000065e+03,5.465440000000000254e+01
1.415511199999999917e+03,5.450690000000000168e+01
1.415513699999999972e+03,5.436469999999999914e+01
1.415516100000000051e+03,5.427129999999999654e+01
1.415518600000000106e+03,5.426200000000000045e+01
1.415520999999999958e+03,5.434660000000000224e+01
1.415523400000000038e+03,5.450269999999999726e+01
1.415525900000000092e+03,5.468469999999999942e+01
1.415528299999999945e+03,5.483950000000000102e+01
1.415530799999999999e+03,5.492629999999999768e+01
1.415533200000000079e+03,5.493489999999999895e+01
1.415535599999999931e+03,5.489000000000000057e+01
1.415538099999999986e+03,5.483330000000000126e+01
1.415540500000000065e+03,5.479769999999999897e+01
1.415542999999999893e+03,5.479760000000000275e+01
1.415545399999999972e+03,5.483169999999999789e+01
1.415547900000000027e+03,5.487910000000000110e+01
1.415550300000000107e+03,5.490250000000000341e+01
1.415552699999999959e+03,5.486780000000000257e+01
1.415555200000000013e+03,5.476780000000000115e+01
1.415557600000000093e+03,5.463069999999999737e+01
1.415560099999999920e+03,5.451339999999999719e+01
1.415562500000000000e+03,5.446679999999999922e+01
1.415564900000000080e+03,5.449689999999999657e+01
1.415567399999999907e+03,5.457050000000000267e+01
1.415569799999999987e+03,5.466629999999999967e+01
1.415572300000000041e+03,5.480469999999999686e+01
1.415574699999999893e+03,5.502089999999999748e+01
1.415577099999999973e+03,5.532019999999999982e+01
1.415579600000000028e+03,5.566669999999999874e+01
1.415582000000000107e+03,5.601910000000000167e+01
1.415584499999999935e+03,5.637100000000000222e+01
1.415586900000000014e+03,5.673460000000000036e+01
1.415589400000000069e+03,5.706470000000000198e+01
1.415591799999999921e+03,5.722149999999999892e+01
1.415594200000000001e+03,5.705619999999999692e+01
1.415596700000000055e+03,5.654229999999999734e+01
1.415599099999999908e+03,5.581430000000000291e+01
1.415601599999999962e+03,5.509040000000000248e+01
1.415604000000000042e+03,5.455530000000000257e+01
1.415606399999999894e+03,5.428580000000000183e+01
1.415608899999999949e+03,5.424399999999999977e+01
1.415611300000000028e+03,5.433149999999999835e+01
1.415613800000000083e+03,5.446159999999999712e+01
1.415616199999999935e+03,5.459899999999999665e+01
1.415618699999999990e+03,5.474569999999999936e+01
1.415621100000000069e+03,5.490120000000000289e+01
1.415623499999999922e+03,5.504189999999999827e+01
1.415625999999999976e+03,5.513190000000000168e+01
1.415628400000000056e+03,5.514840000000000231e+01
1.415630900000000111e+03,5.510070000000000334e+01
1.415633299999999963e+03,5.502839999999999776e+01
1.415635700000000043e+03,5.497339999999999804e+01
1.415638200000000097e+03,5.494899999999999807e+01
1.415640599999999949e+03,5.494299999999999784e+01
1.415643100000000004e+03,5.495280000000000342e+01
1.415645500000000084e+03,5.499660000000000082e+01
1.415647899999999936e+03,5.508160000000000167e+01
1.415650399999999991e+03,5.518359999999999843e+01
1.415652800000000070e+03,5.526780000000000115e+01
1.415655299999999897e+03,5.531400000000000006e+01
1.415657699999999977e+03,5.531889999999999930e+01
1.415660200000000032e+03,5.529379999999999740e+01
1.415662600000000111e+03,5.526259999999999906e+01
1.415664999999999964e+03,5.523830000000000240e+01
1.415667500000000018e+03,5.520150000000000290e+01
1.415669900000000098e+03,5.512789999999999679e+01
1.415672399999999925e+03,5.503999999999999915e+01
1.415674800000000005e+03,5.499410000000000309e+01
1.415677200000000084e+03,5.500469999999999970e+01
1.415679699999999912e+03,5.501720000000000255e+01
1.415682099999999991e+03,5.497809999999999775e+01
1.415684600000000046e+03,5.489889999999999759e+01
1.415686999999999898e+03,5.483409999999999940e+01
1.415689499999999953e+03,5.482549999999999812e+01
1.415691900000000032e+03,5.488479999999999848e+01
1.415694300000000112e+03,5.499989999999999668e+01
1.415696799999999939e+03,5.513510000000000133e+01
1.415699200000000019e+03,5.523839999999999861e+01
1.415701700000000073e+03,5.527729999999999677e+01
1.415704099999999926e+03,5.527369999999999806e+01
1.415706500000000005e+03,5.529310000000000258e+01
1.415709000000000060e+03,5.538400000000000034e+01
1.415711399999999912e+03,5.552830000000000155e+01
1.415713899999999967e+03,5.565690000000000026e+01
1.415716300000000047e+03,5.571889999999999787e+01
1.415718800000000101e+03,5.572919999999999874e+01
1.415721199999999953e+03,5.574320000000000164e+01
1.415723600000000033e+03,5.578999999999999915e+01
1.415726100000000088e+03,5.584290000000000020e+01
1.415728499999999940e+03,5.586489999999999867e+01
1.415730999999999995e+03,5.586440000000000339e+01
1.415733400000000074e+03,5.587789999999999679e+01
1.415735799999999927e+03,5.590559999999999974e+01
1.415738299999999981e+03,5.590639999999999787e+01
1.415740700000000061e+03,5.586319999999999908e+01
1.415743199999999888e+03,5.581260000000000332e+01
1.415745599999999968e+03,5.579749999999999943e+01
1.415748000000000047e+03,5.581790000000000163e+01
1.415750500000000102e+03,5.584340000000000259e+01
1.415752899999999954e+03,5.584519999999999840e+01
1.415755400000000009e+03,5.580380000000000251e+01
1.415757800000000088e+03,5.570680000000000121e+01
1.415760299999999916e+03,5.556799999999999784e+01
1.415762699999999995e+03,5.544449999999999790e+01
1.415765100000000075e+03,5.540270000000000294e+01
1.415767599999999902e+03,5.545790000000000219e+01
1.415769999999999982e+03,5.556519999999999726e+01
1.415772500000000036e+03,5.566400000000000148e+01
1.415774899999999889e+03,5.571249999999999858e+01
1.415777299999999968e+03,5.569030000000000058e+01
1.415779800000000023e+03,5.560320000000000107e+01
1.415782200000000103e+03,5.550350000000000250e+01
1.415784699999999930e+03,5.548969999999999914e+01
1.415787100000000009e+03,5.564979999999999905e+01
1.415789600000000064e+03,5.598230000000000217e+01
1.415791999999999916e+03,5.637740000000000151e+01
1.415794399999999996e+03,5.669389999999999930e+01
1.415796900000000051e+03,5.685130000000000194e+01
1.415799299999999903e+03,5.685609999999999786e+01
1.415801799999999957e+03,5.676950000000000074e+01
1.415804200000000037e+03,5.665599999999999881e+01
1.415806599999999889e+03,5.654529999999999745e+01
1.415809099999999944e+03,5.643589999999999662e+01
1.415811500000000024e+03,5.633059999999999690e+01
1.415814000000000078e+03,5.624620000000000175e+01
1.415816399999999931e+03,5.618059999999999832e+01
1.415818800000000010e+03,5.609669999999999845e+01
1.415821300000000065e+03,5.595420000000000016e+01
1.415823699999999917e+03,5.574719999999999942e+01
1.415826199999999972e+03,5.550580000000000069e+01
1.415828600000000051e+03,5.528159999999999741e+01
1.415831100000000106e+03,5.513810000000000144e+01
1.415833499999999958e+03,5.513040000000000163e+01
1.415835900000000038e+03,5.526500000000000057e+01
1.415838400000000092e+03,5.548499999999999943e+01
1.415840799999999945e+03,5.571000000000000085e+01
1.415843299999999999e+03,5.588779999999999859e+01
1.415845700000000079e+03,5.599179999999999779e+01
1.415848099999999931e+03,5.598780000000000001e+01
1.415850599999999986e+03,5.584909999999999997e+01
1.415853000000000065e+03,5.561740000000000350e+01
1.415855499999999893e+03,5.540820000000000078e+01
1.415857899999999972e+03,5.532480000000000331e+01
1.415860400000000027e+03,5.536849999999999739e+01
1.415862800000000107e+03,5.545150000000000290e+01
1.415865199999999959e+03,5.549249999999999972e+01
1.415867700000000013e+03,5.549269999999999925e+01
1.415870100000000093e+03,5.550780000000000314e+01
1.415872599999999920e+03,5.555830000000000268e+01
1.415875000000000000e+03,5.559859999999999758e+01
1.415877400000000080e+03,5.558970000000000056e+01
1.415879899999999907e+03,5.557690000000000197e+01
1.415882299999999987e+03,5.565400000000000347e+01
1.415884800000000041e+03,5.584949999999999903e+01
1.415887199999999893e+03,5.608250000000000313e+01
1.415889599999999973e+03,5.624170000000000158e+01
1.415892100000000028e+03,5.627940000000000254e+01
1.415894500000000107e+03,5.622180000000000177e+01
1.415896999999999935e+03,5.612129999999999797e+01
1.415899400000000014e+03,5.601989999999999981e+01
1.415901900000000069e+03,5.593410000000000082e+01
1.415904299999999921e+03,5.585690000000000310e+01
1.415906700000000001e+03,5.577250000000000085e+01
1.415909200000000055e+03,5.567600000000000193e+01
1.415911599999999908e+03,5.558209999999999695e+01
1.415914099999999962e+03,5.551800000000000068e+01
1.415916500000000042e+03,5.549549999999999983e+01
1.415918899999999894e+03,5.549119999999999919e+01
1.415921399999999949e+03,5.546589999999999776e+01
1.415923800000000028e+03,5.540559999999999974e+01
1.415926300000000083e+03,5.532840000000000202e+01
1.415928699999999935e+03,5.525919999999999987e+01
1.415931199999999990e+03,5.520450000000000301e+01
1.415933600000000069e+03,5.514670000000000272e+01
1.415935999999999922e+03,5.506179999999999808e+01
1.415938499999999976e+03,5.494030000000000058e+01
1.415940900000000056e+03,5.478399999999999892e+01
1.415943400000000111e+03,5.459909999999999997e+01
1.415945799999999963e+03,5.441349999999999909e+01
1.415948200000000043e+03,5.428349999999999653e+01
1.415950700000000097e+03,5.424900000000000233e+01
1.415953099999999949e+03,5.429729999999999990e+01
1.415955600000000004e+03,5.440970000000000084e+01
1.415958000000000084e+03,5.463569999999999993e+01
1.415960399999999936e+03,5.506459999999999866e+01
1.415962899999999991e+03,5.568350000000000222e+01
1.415965300000000070e+03,5.627810000000000201e+01
1.415967799999999897e+03,5.659259999999999735e+01
1.415970199999999977e+03,5.671280000000000143e+01
1.415972700000000032e+03,5.730360000000000298e+01
1.415975100000000111e+03,5.923449999999999704e+01
1.415977499999999964e+03,6.261809999999999832e+01
1.415980000000000018e+03,6.611430000000000007e+01
1.415982400000000098e+03,6.761920000000000641e+01
1.415984899999999925e+03,6.611549999999999727e+01
1.415987300000000005e+03,6.267119999999999891e+01
1.415989700000000084e+03,5.935360000000000014e+01
1.415992199999999912e+03,5.746820000000000306e+01
1.415994599999999991e+03,5.698799999999999955e+01
1.415997100000000046e+03,5.714450000000000074e+01
1.415999499999999898e+03,5.717069999999999652e+01
1.416001999999999953e+03,5.672420000000000329e+01
1.416004400000000032e+03,5.594669999999999987e+01
1.416006800000000112e+03,5.520120000000000005e+01
1.416009299999999939e+03,5.472409999999999997e+01
1.416011700000000019e+03,5.450489999999999924e+01
1.416014200000000073e+03,5.439739999999999753e+01
1.416016599999999926e+03,5.428580000000000183e+01
1.416019000000000005e+03,5.416210000000000235e+01
1.416021500000000060e+03,5.409749999999999659e+01
1.416023899999999912e+03,5.415979999999999706e+01
1.416026399999999967e+03,5.435869999999999891e+01
1.416028800000000047e+03,5.465250000000000341e+01
1.416031199999999899e+03,5.497090000000000032e+01
1.416033699999999953e+03,5.522950000000000159e+01
1.416036100000000033e+03,5.535900000000000176e+01
1.416038600000000088e+03,5.534170000000000300e+01
1.416040999999999940e+03,5.520819999999999794e+01
1.416043499999999995e+03,5.500560000000000116e+01
1.416045900000000074e+03,5.478770000000000095e+01
1.416048299999999927e+03,5.462839999999999918e+01
1.416050799999999981e+03,5.459899999999999665e+01
1.416053200000000061e+03,5.471640000000000015e+01
1.416055699999999888e+03,5.492819999999999681e+01
1.416058099999999968e+03,5.516299999999999670e+01
1.416060500000000047e+03,5.538159999999999883e+01
1.416063000000000102e+03,5.557719999999999771e+01
1.416065399999999954e+03,5.574710000000000321e+01
1.416067900000000009e+03,5.588900000000000290e+01
1.416070300000000088e+03,5.601520000000000010e+01
1.416072799999999916e+03,5.613839999999999719e+01
1.416075199999999995e+03,5.623969999999999914e+01
1.416077600000000075e+03,5.628359999999999985e+01
1.416080099999999902e+03,5.627779999999999916e+01
1.416082499999999982e+03,5.629780000000000229e+01
1.416085000000000036e+03,5.643289999999999651e+01
1.416087399999999889e+03,5.671200000000000330e+01
1.416089799999999968e+03,5.707180000000000319e+01
1.416092300000000023e+03,5.739970000000000283e+01
1.416094700000000103e+03,5.761740000000000350e+01
1.416097199999999930e+03,5.772259999999999991e+01
1.416099600000000009e+03,5.775809999999999889e+01
1.416102100000000064e+03,5.775780000000000314e+01
1.416104499999999916e+03,5.773360000000000269e+01
1.416106899999999996e+03,5.770580000000000354e+01
1.416109400000000051e+03,5.773250000000000171e+01
1.416111799999999903e+03,5.789079999999999870e+01
1.416114299999999957e+03,5.821240000000000236e+01
1.416116700000000037e+03,5.863360000000000127e+01
1.416119099999999889e+03,5.901400000000000290e+01
1.416121599999999944e+03,5.921430000000000149e+01
1.416124000000000024e+03,5.917369999999999663e+01
1.416126500000000078e+03,5.892969999999999686e+01
1.416128899999999931e+03,5.857759999999999678e+01
1.416131300000000010e+03,5.820770000000000266e+01
1.416133800000000065e+03,5.786760000000000304e+01
1.416136199999999917e+03,5.756969999999999743e+01
1.416138699999999972e+03,5.732189999999999941e+01
1.416141100000000051e+03,5.713580000000000325e+01
1.416143600000000106e+03,5.701109999999999900e+01
1.416145999999999958e+03,5.693430000000000035e+01
1.416148400000000038e+03,5.690849999999999653e+01
1.416150900000000092e+03,5.695720000000000027e+01
1.416153299999999945e+03,5.707119999999999749e+01
1.416155799999999999e+03,5.718030000000000257e+01
1.416158200000000079e+03,5.721490000000000009e+01
1.416160599999999931e+03,5.718739999999999668e+01
1.416163099999999986e+03,5.717580000000000240e+01
1.416165500000000065e+03,5.723429999999999751e+01
1.416167999999999893e+03,5.734420000000000073e+01
1.416170399999999972e+03,5.744230000000000302e+01
1.416172900000000027e+03,5.747180000000000177e+01
1.416175300000000107e+03,5.741949999999999932e+01
1.416177699999999959e+03,5.732150000000000034e+01
1.416180200000000013e+03,5.723499999999999943e+01
1.416182600000000093e+03,5.720510000000000161e+01
1.416185099999999920e+03,5.725480000000000302e+01
1.416187500000000000e+03,5.737449999999999761e+01
1.416189900000000080e+03,5.749580000000000268e+01
1.416192399999999907e+03,5.750730000000000075e+01
1.416194799999999987e+03,5.734159999999999968e+01
1.416197300000000041e+03,5.703629999999999711e+01
1.416199699999999893e+03,5.669129999999999825e+01
1.416202099999999973e+03,5.638609999999999900e+01
1.416204600000000028e+03,5.615420000000000300e+01
1.416207000000000107e+03,5.599849999999999994e+01
1.416209499999999935e+03,5.590559999999999974e+01
1.416211900000000014e+03,5.586059999999999803e+01
1.416214400000000069e+03,5.586050000000000182e+01
1.416216799999999921e+03,5.589719999999999800e+01
1.416219200000000001e+03,5.592840000000000344e+01
1.416221700000000055e+03,5.589730000000000132e+01
1.416224099999999908e+03,5.579330000000000211e+01
1.416226599999999962e+03,5.567510000000000048e+01
1.416229000000000042e+03,5.562689999999999912e+01
1.416231399999999894e+03,5.570040000000000191e+01
1.416233899999999949e+03,5.588850000000000051e+01
1.416236300000000028e+03,5.612290000000000134e+01
1.416238800000000083e+03,5.630109999999999815e+01
1.416241199999999935e+03,5.634590000000000032e+01
1.416243699999999990e+03,5.626180000000000092e+01
1.416246100000000069e+03,5.612429999999999808e+01
1.416248499999999922e+03,5.601050000000000040e+01
1.416250999999999976e+03,5.594060000000000343e+01
1.416253400000000056e+03,5.587830000000000297e+01
1.416255900000000111e+03,5.578209999999999980e+01
1.416258299999999963e+03,5.565500000000000114e+01
1.416260700000000043e+03,5.554229999999999734e+01
1.416263200000000097e+03,5.547560000000000002e+01
1.416265599999999949e+03,5.543529999999999802e+01
1.416268100000000004e+03,5.537669999999999959e+01
1.416270500000000084e+03,5.528220000000000312e+01
1.416272899999999936e+03,5.517470000000000141e+01
1.416275399999999991e+03,5.508800000000000097e+01
1.416277800000000070e+03,5.503170000000000073e+01
1.416280299999999897e+03,5.499620000000000175e+01
1.416282699999999977e+03,5.498960000000000292e+01
1.416285200000000032e+03,5.504189999999999827e+01
1.416287600000000111e+03,5.515749999999999886e+01
1.416289999999999964e+03,5.529220000000000113e+01
1.416292500000000018e+03,5.540200000000000102e+01
1.416294900000000098e+03,5.548449999999999704e+01
1.416297399999999925e+03,5.555530000000000257e+01
1.416299800000000005e+03,5.561240000000000094e+01
1.416302200000000084e+03,5.564130000000000109e+01
1.416304699999999912e+03,5.563409999999999656e+01
1.416307099999999991e+03,5.558529999999999660e+01
1.416309600000000046e+03,5.548259999999999792e+01
1.416311999999999898e+03,5.532319999999999993e+01
1.416314499999999953e+03,5.513369999999999749e+01
1.416316900000000032e+03,5.495389999999999731e+01
1.416319300000000112e+03,5.480630000000000024e+01
1.416321799999999939e+03,5.469449999999999790e+01
1.416324200000000019e+03,5.462180000000000035e+01
1.416326700000000073e+03,5.460110000000000241e+01
1.416329099999999926e+03,5.465270000000000294e+01
1.416331500000000005e+03,5.478960000000000008e+01
1.416334000000000060e+03,5.498380000000000223e+01
1.416336399999999912e+03,5.515630000000000166e+01
1.416338899999999967e+03,5.522789999999999822e+01
1.416341300000000047e+03,5.518769999999999953e+01
1.416343800000000101e+03,5.509720000000000084e+01
1.416346199999999953e+03,5.502539999999999765e+01
1.416348600000000033e+03,5.498780000000000001e+01
1.416351100000000088e+03,5.495490000000000208e+01
1.416353499999999940e+03,5.490310000000000201e+01
1.416355999999999995e+03,5.483599999999999852e+01
1.416358400000000074e+03,5.476059999999999661e+01
1.416360799999999927e+03,5.467569999999999908e+01
1.416363299999999981e+03,5.459100000000000108e+01
1.416365700000000061e+03,5.453099999999999881e+01
1.416368199999999888e+03,5.450630000000000308e+01
1.416370599999999968e+03,5.450019999999999953e+01
1.416373000000000047e+03,5.450300000000000011e+01
1.416375500000000102e+03,5.454129999999999967e+01
1.416377899999999954e+03,5.464779999999999660e+01
1.416380400000000009e+03,5.481139999999999901e+01
1.416382800000000088e+03,5.497849999999999682e+01
1.416385299999999916e+03,5.510370000000000346e+01
1.416387699999999995e+03,5.518569999999999709e+01
1.416390100000000075e+03,5.525289999999999679e+01
1.416392599999999902e+03,5.532260000000000133e+01
1.416394999999999982e+03,5.537789999999999679e+01
1.416397500000000036e+03,5.538909999999999911e+01
1.416399899999999889e+03,5.536449999999999960e+01
1.416402299999999968e+03,5.537510000000000332e+01
1.416404800000000023e+03,5.550240000000000151e+01
1.416407200000000103e+03,5.574779999999999802e+01
1.416409699999999930e+03,5.601259999999999906e+01
1.416412100000000009e+03,5.618829999999999814e+01
1.416414600000000064e+03,5.625200000000000244e+01
1.416416999999999916e+03,5.625169999999999959e+01
1.416419399999999996e+03,5.622079999999999700e+01
1.416421900000000051e+03,5.614059999999999917e+01
1.416424299999999903e+03,5.598109999999999786e+01
1.416426799999999957e+03,5.575430000000000064e+01
1.416429200000000037e+03,5.552040000000000219e+01
1.416431599999999889e+03,5.534270000000000067e+01
1.416434099999999944e+03,5.523160000000000025e+01
1.416436500000000024e+03,5.513900000000000290e+01
1.416439000000000078e+03,5.501639999999999731e+01
1.416441399999999931e+03,5.487440000000000140e+01
1.416443800000000010e+03,5.477239999999999753e+01
1.416446300000000065e+03,5.475849999999999795e+01
1.416448699999999917e+03,5.482719999999999771e+01
1.416451199999999972e+03,5.492920000000000158e+01
1.416453600000000051e+03,5.500999999999999801e+01
1.416456100000000106e+03,5.504440000000000310e+01
1.416458499999999958e+03,5.504569999999999652e+01
1.416460900000000038e+03,5.504330000000000211e+01
1.416463400000000092e+03,5.505449999999999733e+01
1.416465799999999945e+03,5.507820000000000249e+01
1.416468299999999999e+03,5.510719999999999885e+01
1.416470700000000079e+03,5.513400000000000034e+01
1.416473099999999931e+03,5.514900000000000091e+01
1.416475599999999986e+03,5.514070000000000249e+01
1.416478000000000065e+03,5.509609999999999985e+01
1.416480499999999893e+03,5.500419999999999732e+01
1.416482899999999972e+03,5.486959999999999837e+01
1.416485400000000027e+03,5.472970000000000113e+01
1.416487800000000107e+03,5.465390000000000015e+01
1.416490199999999959e+03,5.471110000000000184e+01
1.416492700000000013e+03,5.492099999999999937e+01
1.416495100000000093e+03,5.523369999999999891e+01
1.416497599999999920e+03,5.556819999999999737e+01
1.416500000000000000e+03,5.587270000000000181e+01
1.416502400000000080e+03,5.614090000000000202e+01
1.416504899999999907e+03,5.637449999999999761e+01
1.416507299999999987e+03,5.654350000000000165e+01
1.416509800000000041e+03,5.658559999999999945e+01
1.416512199999999893e+03,5.644839999999999947e+01
1.416514599999999973e+03,5.614489999999999981e+01
1.416517100000000028e+03,5.576709999999999923e+01
1.416519500000000107e+03,5.542880000000000251e+01
1.416521999999999935e+03,5.519350000000000023e+01
1.416524400000000014e+03,5.505839999999999890e+01
1.416526900000000069e+03,5.498519999999999897e+01
1.416529299999999921e+03,5.493330000000000268e+01
1.416531700000000001e+03,5.488759999999999906e+01
1.416534200000000055e+03,5.487010000000000076e+01
1.416536599999999908e+03,5.491640000000000299e+01
1.416539099999999962e+03,5.503199999999999648e+01
1.416541500000000042e+03,5.517750000000000199e+01
1.416543899999999894e+03,5.529500000000000171e+01
1.416546399999999949e+03,5.534779999999999944e+01
1.416548800000000028e+03,5.533760000000000190e+01
1.416551300000000083e+03,5.528229999999999933e+01
1.416553699999999935e+03,5.518889999999999674e+01
1.416556199999999990e+03,5.506530000000000058e+01
1.416558600000000069e+03,5.494259999999999877e+01
1.416560999999999922e+03,5.485940000000000083e+01
1.416563499999999976e+03,5.482710000000000150e+01
1.416565900000000056e+03,5.483160000000000167e+01
1.416568400000000111e+03,5.486469999999999914e+01
1.416570799999999963e+03,5.492399999999999949e+01
1.416573200000000043e+03,5.498749999999999716e+01
1.416575700000000097e+03,5.502120000000000033e+01
1.416578099999999949e+03,5.502369999999999806e+01
1.416580600000000004e+03,5.503479999999999706e+01
1.416583000000000084e+03,5.508500000000000085e+01
1.416585399999999936e+03,5.515010000000000190e+01
1.416587899999999991e+03,5.517900000000000205e+01
1.416590300000000070e+03,5.516029999999999944e+01
1.416592799999999897e+03,5.514309999999999690e+01
1.416595199999999977e+03,5.518990000000000151e+01
1.416597700000000032e+03,5.530810000000000315e+01
1.416600100000000111e+03,5.542329999999999757e+01
1.416602499999999964e+03,5.542900000000000205e+01
1.416605000000000018e+03,5.527550000000000097e+01
1.416607400000000098e+03,5.501789999999999736e+01
1.416609899999999925e+03,5.477709999999999724e+01
1.416612300000000005e+03,5.465250000000000341e+01
1.416614700000000084e+03,5.466839999999999833e+01
1.416617199999999912e+03,5.479500000000000171e+01
1.416619599999999991e+03,5.499730000000000274e+01
1.416622100000000046e+03,5.523510000000000275e+01
1.416624499999999898e+03,5.543189999999999884e+01
1.416626999999999953e+03,5.549869999999999948e+01
1.416629400000000032e+03,5.541149999999999665e+01
1.416631800000000112e+03,5.523340000000000316e+01
1.416634299999999939e+03,5.504310000000000258e+01
1.416636700000000019e+03,5.486079999999999757e+01
1.416639200000000073e+03,5.466149999999999665e+01
1.416641599999999926e+03,5.444440000000000168e+01
1.416644000000000005e+03,5.426299999999999812e+01
1.416646500000000060e+03,5.417190000000000083e+01
1.416648899999999912e+03,5.415449999999999875e+01
1.416651399999999967e+03,5.412800000000000011e+01
1.416653800000000047e+03,5.402839999999999776e+01
1.416656199999999899e+03,5.387109999999999843e+01
1.416658699999999953e+03,5.371070000000000277e+01
1.416661100000000033e+03,5.356730000000000302e+01
1.416663600000000088e+03,5.342309999999999803e+01
1.416665999999999940e+03,5.326700000000000301e+01
1.416668499999999995e+03,5.310529999999999973e+01
1.416670900000000074e+03,5.293769999999999953e+01
1.416673299999999927e+03,5.276100000000000279e+01
1.416675799999999981e+03,5.258840000000000003e+01
1.416678200000000061e+03,5.244619999999999749e+01
1.416680699999999888e+03,5.235679999999999978e+01
1.416683099999999968e+03,5.238960000000000150e+01
1.416685500000000047e+03,5.277510000000000190e+01
1.416688000000000102e+03,5.399230000000000018e+01
1.416690399999999954e+03,5.657719999999999771e+01
1.416692900000000009e+03,6.045530000000000115e+01
1.416695300000000088e+03,6.429049999999999443e+01
1.416697799999999916e+03,6.600310000000000343e+01
1.416700199999999995e+03,6.453029999999999688e+01
1.416702600000000075e+03,6.089840000000000231e+01
1.416705099999999902e+03,5.719500000000000028e+01
1.416707499999999982e+03,5.477289999999999992e+01
1.416710000000000036e+03,5.368359999999999843e+01
1.416712399999999889e+03,5.335289999999999822e+01
1.416714799999999968e+03,5.330930000000000035e+01
1.416717300000000023e+03,5.338110000000000355e+01
1.416719700000000103e+03,5.355380000000000251e+01
1.416722199999999930e+03,5.380610000000000070e+01
1.416724600000000009e+03,5.405599999999999739e+01
1.416727100000000064e+03,5.422059999999999746e+01
1.416729499999999916e+03,5.427300000000000324e+01
1.416731899999999996e+03,5.424110000000000298e+01
1.416734400000000051e+03,5.417609999999999815e+01
1.416736799999999903e+03,5.413459999999999894e+01
1.416739299999999957e+03,5.415879999999999939e+01
1.416741700000000037e+03,5.424329999999999785e+01
1.416744099999999889e+03,5.432650000000000290e+01
1.416746599999999944e+03,5.434170000000000300e+01
1.416749000000000024e+03,5.429140000000000299e+01
1.416751500000000078e+03,5.425919999999999987e+01
1.416753899999999931e+03,5.432540000000000191e+01
1.416756300000000010e+03,5.448149999999999693e+01
1.416758800000000065e+03,5.464770000000000039e+01
1.416761199999999917e+03,5.475600000000000023e+01
1.416763699999999972e+03,5.479429999999999978e+01
1.416766100000000051e+03,5.478960000000000008e+01
1.416768600000000106e+03,5.478359999999999985e+01
1.416770999999999958e+03,5.482630000000000337e+01
1.416773400000000038e+03,5.495270000000000010e+01
1.416775900000000092e+03,5.513709999999999667e+01
1.416778299999999945e+03,5.528499999999999659e+01
1.416780799999999999e+03,5.530199999999999960e+01
1.416783200000000079e+03,5.516689999999999827e+01
1.416785599999999931e+03,5.493659999999999854e+01
1.416788099999999986e+03,5.470859999999999701e+01
1.416790500000000065e+03,5.458550000000000324e+01
1.416792999999999893e+03,5.462780000000000058e+01
1.416795399999999972e+03,5.480389999999999873e+01
1.416797900000000027e+03,5.500160000000000338e+01
1.416800300000000107e+03,5.511419999999999675e+01
1.416802699999999959e+03,5.512129999999999797e+01
1.416805200000000013e+03,5.508350000000000080e+01
1.416807600000000093e+03,5.506069999999999709e+01
1.416810099999999920e+03,5.505180000000000007e+01
1.416812500000000000e+03,5.502159999999999940e+01
1.416814900000000080e+03,5.496569999999999823e+01
1.416817399999999907e+03,5.491760000000000019e+01
1.416819799999999987e+03,5.490200000000000102e+01
1.416822300000000041e+03,5.490890000000000271e+01
1.416824699999999893e+03,5.490679999999999694e+01
1.416827099999999973e+03,5.487019999999999698e+01
1.416829600000000028e+03,5.479529999999999745e+01
1.416832000000000107e+03,5.470239999999999725e+01
1.416834499999999935e+03,5.462339999999999662e+01
1.416836900000000014e+03,5.458930000000000149e+01
1.416839400000000069e+03,5.461970000000000169e+01
1.416841799999999921e+03,5.470750000000000313e+01
1.416844200000000001e+03,5.481620000000000203e+01
1.416846700000000055e+03,5.490950000000000131e+01
1.416849099999999908e+03,5.498420000000000130e+01
1.416851599999999962e+03,5.506049999999999756e+01
1.416854000000000042e+03,5.514459999999999695e+01
1.416856399999999894e+03,5.521809999999999974e+01
1.416858899999999949e+03,5.525959999999999894e+01
1.416861300000000028e+03,5.526140000000000185e+01
1.416863800000000083e+03,5.523160000000000025e+01
1.416866199999999935e+03,5.518489999999999895e+01
1.416868699999999990e+03,5.513060000000000116e+01
1.416871100000000069e+03,5.507679999999999865e+01
1.416873499999999922e+03,5.504780000000000229e+01
1.416875999999999976e+03,5.507339999999999947e+01
1.416878400000000056e+03,5.515690000000000026e+01
1.416880900000000111e+03,5.527230000000000132e+01
1.416883299999999963e+03,5.538770000000000238e+01
1.416885700000000043e+03,5.546990000000000265e+01
1.416888200000000097e+03,5.548649999999999949e+01
1.416890599999999949e+03,5.543130000000000024e+01
1.416893100000000004e+03,5.534239999999999782e+01
1.416895500000000084e+03,5.528059999999999974e+01
1.416897899999999936e+03,5.528779999999999717e+01
1.416900399999999991e+03,5.537030000000000030e+01
1.416902800000000070e+03,5.551449999999999818e+01
1.416905299999999897e+03,5.569239999999999924e+01
1.416907699999999977e+03,5.584459999999999980e+01
1.416910200000000032e+03,5.589059999999999917e+01
1.416912600000000111e+03,5.579469999999999885e+01
1.416914999999999964e+03,5.562219999999999942e+01
1.416917500000000018e+03,5.550249999999999773e+01
1.416919900000000098e+03,5.552689999999999770e+01
1.416922399999999925e+03,5.568189999999999884e+01
1.416924800000000005e+03,5.586590000000000344e+01
1.416927200000000084e+03,5.595889999999999986e+01
1.416929699999999912e+03,5.589779999999999660e+01
1.416932099999999991e+03,5.571170000000000044e+01
1.416934600000000046e+03,5.549170000000000158e+01
1.416936999999999898e+03,5.532280000000000086e+01
1.416939499999999953e+03,5.523510000000000275e+01
1.416941900000000032e+03,5.519659999999999656e+01
1.416944300000000112e+03,5.514139999999999731e+01
1.416946799999999939e+03,5.502470000000000283e+01
1.416949200000000019e+03,5.486319999999999908e+01
1.416951700000000073e+03,5.470680000000000121e+01
1.416954099999999926e+03,5.457560000000000144e+01
1.416956500000000005e+03,5.444809999999999661e+01
1.416959000000000060e+03,5.431170000000000186e+01
1.416961399999999912e+03,5.419400000000000261e+01
1.416963899999999967e+03,5.413539999999999708e+01
1.416966300000000047e+03,5.415250000000000341e+01
1.416968800000000101e+03,5.423590000000000089e+01
1.416971199999999953e+03,5.436569999999999681e+01
1.416973600000000033e+03,5.451460000000000150e+01
1.416976100000000088e+03,5.464390000000000214e+01
1.416978499999999940e+03,5.471710000000000207e+01
1.416980999999999995e+03,5.473029999999999973e+01
1.416983400000000074e+03,5.473689999999999856e+01
1.416985799999999927e+03,5.482390000000000185e+01
1.416988299999999981e+03,5.504090000000000060e+01
1.416990700000000061e+03,5.533720000000000283e+01
1.416993199999999888e+03,5.558019999999999783e+01
1.416995599999999968e+03,5.564320000000000022e+01
1.416998000000000047e+03,5.548729999999999762e+01
1.417000500000000102e+03,5.518019999999999925e+01
1.417002899999999954e+03,5.485770000000000124e+01
1.417005400000000009e+03,5.465319999999999823e+01
1.417007800000000088e+03,5.462230000000000274e+01
1.417010299999999916e+03,5.470900000000000318e+01
1.417012699999999995e+03,5.479350000000000165e+01
1.417015100000000075e+03,5.479890000000000327e+01
1.417017599999999902e+03,5.475460000000000349e+01
1.417019999999999982e+03,5.474280000000000257e+01
1.417022500000000036e+03,5.479699999999999704e+01
1.417024899999999889e+03,5.487650000000000006e+01
1.417027299999999968e+03,5.492179999999999751e+01
1.417029800000000023e+03,5.490709999999999980e+01
1.417032200000000103e+03,5.485110000000000241e+01
1.417034699999999930e+03,5.479579999999999984e+01
1.417037100000000009e+03,5.476599999999999824e+01
1.417039600000000064e+03,5.474459999999999837e+01
1.417041999999999916e+03,5.469890000000000185e+01
1.417044399999999996e+03,5.462890000000000157e+01
1.417046900000000051e+03,5.457269999999999754e+01
1.417049299999999903e+03,5.457280000000000086e+01
1.417051799999999957e+03,5.465160000000000196e+01
1.417054200000000037e+03,5.479789999999999850e+01
1.417056599999999889e+03,5.495559999999999690e+01
1.417059099999999944e+03,5.504549999999999699e+01
1.417061500000000024e+03,5.502270000000000039e+01
1.417064000000000078e+03,5.491470000000000340e+01
1.417066399999999931e+03,5.479279999999999973e+01
1.417068800000000010e+03,5.470620000000000260e+01
1.417071300000000065e+03,5.465509999999999735e+01
1.417073699999999917e+03,5.462879999999999825e+01
1.417076199999999972e+03,5.465379999999999683e+01
1.417078600000000051e+03,5.478269999999999840e+01
1.417081100000000106e+03,5.502709999999999724e+01
1.417083499999999958e+03,5.532189999999999941e+01
1.417085900000000038e+03,5.557300000000000040e+01
1.417088400000000092e+03,5.572579999999999956e+01
1.417090799999999945e+03,5.578139999999999787e+01
1.417093299999999999e+03,5.576729999999999876e+01
1.417095700000000079e+03,5.570300000000000296e+01
1.417098099999999931e+03,5.558789999999999765e+01
1.417100599999999986e+03,5.542470000000000141e+01
1.417103000000000065e+03,5.525030000000000285e+01
1.417105499999999893e+03,5.512290000000000134e+01
1.417107899999999972e+03,5.507679999999999865e+01
1.417110400000000027e+03,5.510329999999999728e+01
1.417112800000000107e+03,5.516919999999999646e+01
1.417115199999999959e+03,5.523519999999999897e+01
1.417117700000000013e+03,5.526599999999999824e+01
1.417120100000000093e+03,5.524929999999999808e+01
1.417122599999999920e+03,5.521009999999999707e+01
1.417125000000000000e+03,5.519519999999999982e+01
1.417127400000000080e+03,5.523830000000000240e+01
1.417129899999999907e+03,5.533529999999999660e+01
1.417132299999999987e+03,5.545239999999999725e+01
1.417134800000000041e+03,5.555210000000000292e+01
1.417137199999999893e+03,5.560759999999999792e+01
1.417139599999999973e+03,5.560000000000000142e+01
1.417142100000000028e+03,5.553199999999999648e+01
1.417144500000000107e+03,5.545040000000000191e+01
1.417146999999999935e+03,5.542459999999999809e+01
1.417149400000000014e+03,5.547769999999999868e+01
1.417151900000000069e+03,5.555720000000000169e+01
1.417154299999999921e+03,5.559219999999999828e+01
1.417156700000000001e+03,5.556640000000000157e+01
1.417159200000000055e+03,5.552700000000000102e+01
1.417161599999999908e+03,5.554129999999999967e+01
1.417164099999999962e+03,5.564209999999999923e+01
1.417166500000000042e+03,5.578589999999999804e+01
1.417168899999999894e+03,5.586540000000000106e+01
1.417171399999999949e+03,5.578940000000000055e+01
1.417173800000000028e+03,5.556250000000000000e+01
1.417176300000000083e+03,5.528509999999999991e+01
1.417178699999999935e+03,5.507900000000000063e+01
1.417181199999999990e+03,5.500630000000000308e+01
1.417183600000000069e+03,5.503810000000000002e+01
1.417185999999999922e+03,5.508970000000000056e+01
1.417188499999999976e+03,5.509109999999999729e+01
1.417190900000000056e+03,5.504079999999999728e+01
1.417193400000000111e+03,5.499560000000000315e+01
1.417195799999999963e+03,5.501239999999999952e+01
1.417198200000000043e+03,5.509810000000000230e+01
1.417200700000000097e+03,5.520689999999999742e+01
1.417203099999999949e+03,5.527139999999999986e+01
1.417205600000000004e+03,5.524750000000000227e+01
1.417208000000000084e+03,5.514719999999999800e+01
1.417210399999999936e+03,5.502909999999999968e+01
1.417212899999999991e+03,5.494579999999999842e+01
1.417215300000000070e+03,5.490390000000000015e+01
1.417217799999999897e+03,5.488349999999999795e+01
1.417220199999999977e+03,5.488709999999999667e+01
1.417222700000000032e+03,5.494089999999999918e+01
1.417225100000000111e+03,5.504480000000000217e+01
1.417227499999999964e+03,5.515460000000000207e+01
1.417230000000000018e+03,5.523510000000000275e+01
1.417232400000000098e+03,5.529829999999999757e+01
1.417234899999999925e+03,5.536460000000000292e+01
1.417237300000000005e+03,5.542000000000000171e+01
1.417239700000000084e+03,5.543809999999999860e+01
1.417242199999999912e+03,5.542150000000000176e+01
1.417244599999999991e+03,5.539390000000000214e+01
1.417247100000000046e+03,5.536639999999999873e+01
1.417249499999999898e+03,5.533229999999999649e+01
1.417251999999999953e+03,5.528240000000000265e+01
1.417254400000000032e+03,5.521269999999999811e+01
1.417256800000000112e+03,5.512780000000000058e+01
1.417259299999999939e+03,5.504890000000000327e+01
1.417261700000000019e+03,5.500739999999999696e+01
1.417264200000000073e+03,5.501219999999999999e+01
1.417266599999999926e+03,5.502409999999999712e+01
1.417269000000000005e+03,5.498479999999999990e+01
1.417271500000000060e+03,5.488609999999999900e+01
1.417273899999999912e+03,5.479690000000000083e+01
1.417276399999999967e+03,5.479690000000000083e+01
1.417278800000000047e+03,5.489529999999999887e+01
1.417281199999999899e+03,5.503829999999999956e+01
1.417283699999999953e+03,5.517759999999999820e+01
1.417286100000000033e+03,5.529429999999999978e+01
1.417288600000000088e+03,5.536509999999999820e+01
1.417290999999999940e+03,5.534810000000000230e+01
1.417293499999999995e+03,5.521750000000000114e+01
1.417295900000000074e+03,5.499799999999999756e+01
1.417298299999999927e+03,5.475289999999999679e+01
1.417300799999999981e+03,5.453620000000000090e+01
1.417303200000000061e+03,5.435620000000000118e+01
1.417305699999999888e+03,5.419740000000000180e+01
1.417308099999999968e+03,5.408120000000000260e+01
1.417310500000000047e+03,5.408720000000000283e+01
1.417313000000000102e+03,5.428860000000000241e+01
1.417315399999999954e+03,5.466420000000000101e+01
1.417317900000000009e+03,5.509259999999999735e+01
1.417320300000000088e+03,5.543540000000000134e+01
1.417322799999999916e+03,5.561719999999999686e+01
1.417325199999999995e+03,5.564009999999999678e+01
1.417327600000000075e+03,5.555539999999999878e+01
1.417330099999999902e+03,5.542739999999999867e+01
1.417332499999999982e+03,5.530120000000000147e+01
1.417335000000000036e+03,5.518039999999999878e+01
1.417337399999999889e+03,5.503889999999999816e+01
1.417339799999999968e+03,5.486710000000000065e+01
1.417342300000000023e+03,5.470239999999999725e+01
1.417344700000000103e+03,5.459510000000000218e+01
1.417347199999999930e+03,5.454599999999999937e+01
1.417349600000000009e+03,5.450430000000000064e+01
1.417352100000000064e+03,5.443460000000000321e+01
1.417354499999999916e+03,5.436449999999999960e+01
1.417356899999999996e+03,5.435649999999999693e+01
1.417359400000000051e+03,5.444109999999999872e+01
1.417361799999999903e+03,5.458829999999999671e+01
1.417364299999999957e+03,5.474589999999999890e+01
1.417366700000000037e+03,5.489090000000000202e+01
1.417369099999999889e+03,5.502850000000000108e+01
1.417371599999999944e+03,5.514079999999999870e+01
1.417374000000000024e+03,5.517060000000000031e+01
1.417376500000000078e+03,5.508220000000000027e+01
1.417378899999999931e+03,5.491680000000000206e+01
1.417381300000000010e+03,5.476359999999999673e+01
1.417383800000000065e+03,5.469599999999999795e+01
1.417386199999999917e+03,5.475350000000000250e+01
1.417388699999999972e+03,5.494210000000000349e+01
1.417391100000000051e+03,5.520259999999999678e+01
1.417393600000000106e+03,5.540140000000000242e+01
1.417395999999999958e+03,5.541290000000000049e+01
1.417398400000000038e+03,5.523680000000000234e+01
1.417400900000000092e+03,5.501359999999999673e+01
1.417403299999999945e+03,5.490469999999999828e+01
1.417405799999999999e+03,5.496280000000000143e+01
1.417408200000000079e+03,5.512590000000000146e+01
1.417410599999999931e+03,5.531190000000000140e+01
1.417413099999999986e+03,5.549119999999999919e+01
1.417415500000000065e+03,5.567710000000000292e+01
1.417417999999999893e+03,5.587030000000000030e+01
1.417420399999999972e+03,5.601769999999999783e+01
1.417422900000000027e+03,5.603079999999999927e+01
1.417425300000000107e+03,5.586240000000000094e+01
1.417427699999999959e+03,5.556479999999999819e+01
1.417430200000000013e+03,5.525860000000000127e+01
1.417432600000000093e+03,5.504650000000000176e+01
1.417435099999999920e+03,5.496189999999999998e+01
1.417437500000000000e+03,5.497860000000000014e+01
1.417439900000000080e+03,5.504959999999999809e+01
1.417442399999999907e+03,5.513340000000000174e+01
1.417444799999999987e+03,5.520009999999999906e+01
1.417447300000000041e+03,5.523080000000000211e+01
1.417449699999999893e+03,5.521679999999999922e+01
1.417452099999999973e+03,5.516100000000000136e+01
1.417454600000000028e+03,5.508379999999999654e+01
1.417457000000000107e+03,5.502360000000000184e+01
1.417459499999999935e+03,5.501689999999999969e+01
1.417461900000000014e+03,5.507560000000000144e+01
1.417464400000000069e+03,5.518919999999999959e+01
1.417466799999999921e+03,5.533579999999999899e+01
1.417469200000000001e+03,5.547860000000000014e+01
1.417471700000000055e+03,5.556250000000000000e+01
1.417474099999999908e+03,5.553009999999999735e+01
1.417476599999999962e+03,5.535589999999999833e+01
1.417479000000000042e+03,5.508350000000000080e+01
1.417481399999999894e+03,5.482540000000000191e+01
1.417483899999999949e+03,5.469709999999999894e+01
1.417486300000000028e+03,5.473700000000000188e+01
1.417488800000000083e+03,5.488940000000000197e+01
1.417491199999999935e+03,5.505760000000000076e+01
1.417493699999999990e+03,5.517309999999999803e+01
1.417496100000000069e+03,5.523340000000000316e+01
1.417498499999999922e+03,5.527470000000000283e+01
1.417500999999999976e+03,5.530810000000000315e+01
1.417503400000000056e+03,5.529169999999999874e+01
1.417505900000000111e+03,5.518679999999999808e+01
1.417508299999999963e+03,5.502900000000000347e+01
1.417510700000000043e+03,5.491669999999999874e+01
1.417513200000000097e+03,5.491799999999999926e+01
1.417515599999999949e+03,5.500249999999999773e+01
1.417518100000000004e+03,5.507009999999999650e+01
1.417520500000000084e+03,5.504429999999999978e+01
1.417522899999999936e+03,5.493659999999999854e+01
1.417525399999999991e+03,5.483160000000000167e+01
1.417527800000000070e+03,5.481159999999999854e+01
1.417530299999999897e+03,5.488730000000000331e+01
1.417532699999999977e+03,5.499680000000000035e+01
1.417535200000000032e+03,5.506710000000000349e+01
1.417537600000000111e+03,5.506710000000000349e+01
1.417539999999999964e+03,5.501140000000000185e+01
1.417542500000000018e+03,5.493439999999999657e+01
1.417544900000000098e+03,5.485960000000000036e+01
1.417547399999999925e+03,5.478179999999999694e+01
1.417549800000000005e+03,5.468189999999999884e+01
1.417552200000000084e+03,5.456739999999999924e+01
1.417554699999999912e+03,5.449300000000000210e+01
1.417557099999999991e+03,5.452439999999999998e+01
1.417559600000000046e+03,5.467360000000000042e+01
1.417561999999999898e+03,5.487960000000000349e+01
1.417564499999999953e+03,5.505850000000000222e+01
1.417566900000000032e+03,5.516329999999999956e+01
1.417569300000000112e+03,5.518880000000000052e+01
1.417571799999999939e+03,5.514229999999999876e+01
1.417574200000000019e+03,5.503999999999999915e+01
1.417576700000000073e+03,5.491949999999999932e+01
1.417579099999999926e+03,5.482159999999999656e+01
1.417581500000000005e+03,5.475529999999999831e+01
1.417584000000000060e+03,5.469729999999999848e+01
1.417586399999999912e+03,5.462669999999999959e+01
1.417588899999999967e+03,5.455369999999999919e+01
1.417591300000000047e+03,5.450959999999999894e+01
1.417593800000000101e+03,5.451169999999999760e+01
1.417596199999999953e+03,5.455190000000000339e+01
1.417598600000000033e+03,5.462409999999999854e+01
1.417601100000000088e+03,5.474040000000000106e+01
1.417603499999999940e+03,5.490489999999999782e+01
1.417605999999999995e+03,5.508720000000000283e+01
1.417608400000000074e+03,5.524230000000000018e+01
1.417610799999999927e+03,5.534799999999999898e+01
1.417613299999999981e+03,5.540599999999999881e+01
1.417615700000000061e+03,5.541140000000000043e+01
1.417618199999999888e+03,5.534859999999999758e+01
1.417620599999999968e+03,5.523700000000000188e+01
1.417623000000000047e+03,5.515769999999999840e+01
1.417625500000000102e+03,5.518849999999999767e+01
1.417627899999999954e+03,5.531060000000000088e+01
1.417630400000000009e+03,5.541590000000000060e+01
1.417632800000000088e+03,5.541859999999999786e+01
1.417635299999999916e+03,5.533440000000000225e+01
1.417637699999999995e+03,5.524069999999999681e+01
1.417640100000000075e+03,5.518240000000000123e+01
1.417642599999999902e+03,5.514240000000000208e+01
1.417644999999999982e+03,5.509380000000000166e+01
1.417647500000000036e+03,5.504659999999999798e+01
1.417649899999999889e+03,5.503820000000000334e+01
1.417652299999999968e+03,5.510170000000000101e+01
1.417654800000000023e+03,5.524569999999999936e+01
1.417657200000000103e+03,5.544169999999999732e+01
1.417659699999999930e+03,5.561959999999999837e+01
1.417662100000000009e+03,5.569819999999999993e+01
1.417664600000000064e+03,5.564229999999999876e+01
1.417666999999999916e+03,5.548669999999999902e+01
1.417669399999999996e+03,5.529829999999999757e+01
1.417671900000000051e+03,5.513089999999999691e+01
1.417674299999999903e+03,5.502660000000000196e+01
1.417676799999999957e+03,5.502750000000000341e+01
1.417679200000000037e+03,5.514529999999999887e+01
1.417681599999999889e+03,5.533169999999999789e+01
1.417684099999999944e+03,5.551359999999999673e+01
1.417686500000000024e+03,5.564399999999999835e+01
1.417689000000000078e+03,5.569570000000000221e+01
1.417691399999999931e+03,5.563949999999999818e+01
1.417693800000000010e+03,5.547399999999999665e+01
1.417696300000000065e+03,5.526149999999999807e+01
1.417698699999999917e+03,5.509839999999999804e+01
1.417701199999999972e+03,5.504650000000000176e+01
1.417703600000000051e+03,5.509949999999999903e+01
1.417706100000000106e+03,5.520420000000000016e+01
1.417708499999999958e+03,5.530480000000000018e+01
1.417710900000000038e+03,5.537700000000000244e+01
1.417713400000000092e+03,5.543059999999999832e+01
1.417715799999999945e+03,5.547910000000000252e+01
1.417718299999999999e+03,5.550820000000000221e+01
1.417720700000000079e+03,5.548490000000000322e+01
1.417723099999999931e+03,5.539900000000000091e+01
1.417725599999999986e+03,5.528009999999999735e+01
1.417728000000000065e+03,5.516239999999999810e+01
1.417730499999999893e+03,5.505160000000000053e+01
1.417732899999999972e+03,5.494120000000000203e+01
1.417735400000000027e+03,5.484570000000000078e+01
1.417737800000000107e+03,5.479390000000000072e+01
1.417740199999999959e+03,5.479200000000000159e+01
1.417742700000000013e+03,5.480519999999999925e+01
1.417745100000000093e+03,5.478000000000000114e+01
1.417747599999999920e+03,5.467699999999999960e+01
1.417750000000000000e+03,5.449620000000000175e+01
1.417752400000000080e+03,5.429339999999999833e+01
1.417754899999999907e+03,5.416740000000000066e+01
1.417757299999999987e+03,5.419819999999999993e+01
1.417759800000000041e+03,5.438759999999999906e+01
1.417762199999999893e+03,5.466720000000000113e+01
1.417764599999999973e+03,5.495550000000000068e+01
1.417767100000000028e+03,5.519850000000000279e+01
1.417769500000000107e+03,5.536919999999999931e+01
1.417771999999999935e+03,5.546209999999999951e+01
1.417774400000000014e+03,5.549069999999999681e+01
1.417776900000000069e+03,5.547279999999999944e+01
1.417779299999999921e+03,5.541230000000000189e+01
1.417781700000000001e+03,5.531380000000000052e+01
1.417784200000000055e+03,5.521300000000000097e+01
1.417786599999999908e+03,5.516499999999999915e+01
1.417789099999999962e+03,5.519230000000000302e+01
1.417791500000000042e+03,5.526599999999999824e+01
1.417793899999999894e+03,5.534400000000000119e+01
1.417796399999999949e+03,5.540870000000000317e+01
1.417798800000000028e+03,5.545790000000000219e+01
1.417801300000000083e+03,5.548479999999999990e+01
1.417803699999999935e+03,5.548729999999999762e+01
1.417806199999999990e+03,5.548279999999999745e+01
1.417808600000000069e+03,5.548740000000000094e+01
1.417810999999999922e+03,5.548689999999999856e+01
1.417813499999999976e+03,5.544819999999999993e+01
1.417815900000000056e+03,5.536760000000000304e+01
1.417818400000000111e+03,5.529209999999999781e+01
1.417820799999999963e+03,5.527790000000000248e+01
1.417823200000000043e+03,5.533089999999999975e+01
1.417825700000000097e+03,5.539600000000000080e+01
1.417828099999999949e+03,5.539920000000000044e+01
1.417830600000000004e+03,5.530239999999999867e+01
1.417833000000000084e+03,5.513049999999999784e+01
1.417835399999999936e+03,5.494959999999999667e+01
1.417837899999999991e+03,5.481989999999999696e+01
1.417840300000000070e+03,5.476689999999999969e+01
1.417842799999999897e+03,5.478119999999999834e+01
1.417845199999999977e+03,5.482860000000000156e+01
1.417847700000000032e+03,5.486840000000000117e+01
1.417850100000000111e+03,5.488069999999999737e+01
1.417852499999999964e+03,5.487539999999999907e+01
1.417855000000000018e+03,5.486670000000000158e+01
1.417857400000000098e+03,5.484470000000000312e+01
1.417859899999999925e+03,5.479010000000000247e+01
1.417862300000000005e+03,5.471479999999999677e+01
1.417864700000000084e+03,5.465970000000000084e+01
1.417867199999999912e+03,5.464450000000000074e+01
1.417869599999999991e+03,5.465290000000000248e+01
1.417872100000000046e+03,5.468730000000000047e+01
1.417874499999999898e+03,5.479719999999999658e+01
1.417876999999999953e+03,5.501469999999999771e+01
1.417879400000000032e+03,5.527700000000000102e+01
1.417881800000000112e+03,5.545040000000000191e+01
1.417884299999999939e+03,5.543529999999999802e+01
1.417886700000000019e+03,5.523669999999999902e+01
1.417889200000000073e+03,5.494639999999999702e+01
1.417891599999999926e+03,5.468560000000000088e+01
1.417894000000000005e+03,5.455700000000000216e+01
1.417896500000000060e+03,5.460979999999999990e+01
1.417898899999999912e+03,5.481099999999999994e+01
1.417901399999999967e+03,5.504800000000000182e+01
1.417903800000000047e+03,5.518439999999999657e+01
1.417906199999999899e+03,5.515599999999999881e+01
1.417908699999999953e+03,5.502779999999999916e+01
1.417911100000000033e+03,5.494039999999999679e+01
1.417913600000000088e+03,5.498140000000000072e+01
1.417915999999999940e+03,5.511910000000000309e+01
1.417918499999999995e+03,5.527219999999999800e+01
1.417920900000000074e+03,5.541570000000000107e+01
1.417923299999999927e+03,5.557920000000000016e+01
1.417925799999999981e+03,5.576319999999999766e+01
1.417928200000000061e+03,5.591680000000000206e+01
1.417930699999999888e+03,5.600249999999999773e+01
1.417933099999999968e+03,5.603580000000000183e+01
1.417935500000000047e+03,5.604939999999999856e+01
1.417938000000000102e+03,5.605060000000000286e+01
1.417940399999999954e+03,5.603370000000000317e+01
1.417942900000000009e+03,5.601859999999999928e+01
1.417945300000000088e+03,5.604540000000000077e+01
1.417947799999999916e+03,5.611719999999999686e+01
1.417950199999999995e+03,5.616899999999999693e+01
1.417952600000000075e+03,5.613130000000000308e+01
1.417955099999999902e+03,5.601489999999999725e+01
1.417957499999999982e+03,5.589909999999999712e+01
1.417960000000000036e+03,5.584320000000000306e+01
1.417962399999999889e+03,5.584199999999999875e+01
1.417964799999999968e+03,5.586249999999999716e+01
1.417967300000000023e+03,5.588380000000000081e+01
1.417969700000000103e+03,5.589439999999999742e+01
1.417972199999999930e+03,5.588130000000000308e+01
1.417974600000000009e+03,5.583689999999999998e+01
1.417977100000000064e+03,5.575939999999999941e+01
1.417979499999999916e+03,5.563790000000000191e+01
1.417981899999999996e+03,5.545810000000000173e+01
1.417984400000000051e+03,5.523689999999999856e+01
1.417986799999999903e+03,5.502830000000000155e+01
1.417989299999999957e+03,5.488119999999999976e+01
1.417991700000000037e+03,5.480780000000000030e+01
1.417994099999999889e+03,5.480120000000000147e+01
1.417996599999999944e+03,5.486070000000000135e+01
1.417999000000000024e+03,5.498299999999999699e+01
1.418001500000000078e+03,5.514339999999999975e+01
1.418003899999999931e+03,5.530140000000000100e+01
1.418006300000000010e+03,5.541420000000000101e+01
1.418008800000000065e+03,5.544700000000000273e+01
1.418011199999999917e+03,5.538960000000000150e+01
1.418013699999999972e+03,5.527129999999999654e+01
1.418016100000000051e+03,5.514800000000000324e+01
1.418018600000000106e+03,5.506839999999999691e+01
1.418020999999999958e+03,5.505939999999999657e+01
1.418023400000000038e+03,5.512740000000000151e+01
1.418025900000000092e+03,5.525439999999999685e+01
1.418028299999999945e+03,5.540220000000000056e+01
1.418030799999999999e+03,5.553869999999999862e+01
1.418033200000000079e+03,5.565109999999999957e+01
1.418035599999999931e+03,5.572339999999999804e+01
1.418038099999999986e+03,5.572279999999999944e+01
1.418040500000000065e+03,5.562989999999999924e+01
1.418042999999999893e+03,5.547079999999999700e+01
1.418045399999999972e+03,5.530299999999999727e+01
1.418047900000000027e+03,5.517960000000000065e+01
1.418050300000000107e+03,5.513199999999999790e+01
1.418052699999999959e+03,5.516910000000000025e+01
1.418055200000000013e+03,5.527320000000000277e+01
1.418057600000000093e+03,5.540140000000000242e+01
1.418060099999999920e+03,5.551400000000000290e+01
1.418062500000000000e+03,5.560569999999999879e+01
1.418064900000000080e+03,5.569579999999999842e+01
1.418067399999999907e+03,5.578070000000000306e+01
1.418069799999999987e+03,5.582280000000000086e+01
1.418072300000000041e+03,5.580149999999999721e+01
1.418074699999999893e+03,5.575019999999999953e+01
1.418077099999999973e+03,5.571059999999999945e+01
1.418079600000000028e+03,5.567170000000000130e+01
1.418082000000000107e+03,5.558919999999999817e+01
1.418084499999999935e+03,5.544859999999999900e+01
1.418086900000000014e+03,5.527709999999999724e+01
1.418089400000000069e+03,5.510410000000000252e+01
1.418091799999999921e+03,5.494429999999999836e+01
1.418094200000000001e+03,5.481750000000000256e+01
1.418096700000000055e+03,5.476350000000000051e+01
1.418099099999999908e+03,5.482339999999999947e+01
1.418101599999999962e+03,5.499640000000000128e+01
1.418104000000000042e+03,5.520790000000000219e+01
1.418106399999999894e+03,5.534060000000000201e+01
1.418108899999999949e+03,5.532229999999999848e+01
1.418111300000000028e+03,5.518860000000000099e+01
1.418113800000000083e+03,5.504740000000000322e+01
1.418116199999999935e+03,5.498290000000000077e+01
1.418118699999999990e+03,5.500300000000000011e+01
1.418121100000000069e+03,5.506179999999999808e+01
1.418123499999999922e+03,5.510419999999999874e+01
1.418125999999999976e+03,5.509740000000000038e+01
1.418128400000000056e+03,5.505440000000000111e+01
1.418130900000000111e+03,5.502640000000000242e+01
1.418133299999999963e+03,5.505460000000000065e+01
1.418135700000000043e+03,5.513369999999999749e+01
1.418138200000000097e+03,5.523259999999999792e+01
1.418140599999999949e+03,5.532780000000000342e+01
1.418143100000000004e+03,5.539639999999999986e+01
1.418145500000000084e+03,5.539670000000000272e+01
1.418147899999999936e+03,5.529480000000000217e+01
1.418150399999999991e+03,5.510949999999999704e+01
1.418152800000000070e+03,5.490979999999999706e+01
1.418155299999999897e+03,5.475939999999999941e+01
1.418157699999999977e+03,5.468050000000000210e+01
1.418160200000000032e+03,5.466620000000000346e+01
1.418162600000000111e+03,5.470459999999999923e+01
1.418164999999999964e+03,5.478520000000000323e+01
1.418167500000000018e+03,5.489589999999999748e+01
1.418169900000000098e+03,5.501429999999999865e+01
1.418172399999999925e+03,5.510000000000000142e+01
1.418174800000000005e+03,5.511050000000000182e+01
1.418177200000000084e+03,5.503829999999999956e+01
1.418179699999999912e+03,5.492490000000000094e+01
1.418182099999999991e+03,5.483809999999999718e+01
1.418184600000000046e+03,5.484040000000000248e+01
1.418186999999999898e+03,5.495280000000000342e+01
1.418189499999999953e+03,5.512109999999999843e+01
1.418191900000000032e+03,5.523660000000000281e+01
1.418194300000000112e+03,5.522540000000000049e+01
1.418196799999999939e+03,5.510990000000000322e+01
1.418199200000000019e+03,5.497090000000000032e+01
1.418201700000000073e+03,5.487579999999999814e+01
1.418204099999999926e+03,5.485869999999999891e+01
1.418206500000000005e+03,5.491940000000000310e+01
1.418209000000000060e+03,5.499819999999999709e+01
1.418211399999999912e+03,5.499349999999999739e+01
1.418213899999999967e+03,5.486079999999999757e+01
1.418216300000000047e+03,5.467199999999999704e+01
1.418218800000000101e+03,5.454200000000000159e+01
1.418221199999999953e+03,5.452060000000000173e+01
1.418223600000000033e+03,5.458769999999999811e+01
1.418226100000000088e+03,5.471629999999999683e+01
1.418228499999999940e+03,5.488550000000000040e+01
1.418230999999999995e+03,5.504979999999999762e+01
1.418233400000000074e+03,5.515100000000000335e+01
1.418235799999999927e+03,5.516479999999999961e+01
1.418238299999999981e+03,5.511350000000000193e+01
1.418240700000000061e+03,5.503840000000000288e+01
1.418243199999999888e+03,5.496779999999999688e+01
1.418245599999999968e+03,5.489560000000000173e+01
1.418248000000000047e+03,5.478999999999999915e+01
1.418250500000000102e+03,5.463300000000000267e+01
1.418252899999999954e+03,5.445550000000000068e+01
1.418255400000000009e+03,5.433070000000000022e+01
1.418257800000000088e+03,5.433010000000000161e+01
1.418260299999999916e+03,5.447070000000000078e+01
1.418262699999999995e+03,5.469120000000000203e+01
1.418265100000000075e+03,5.488389999999999702e+01
1.418267599999999902e+03,5.496459999999999724e+01
1.418269999999999982e+03,5.491720000000000113e+01
1.418272500000000036e+03,5.478499999999999659e+01
1.418274899999999889e+03,5.464030000000000342e+01
1.418277299999999968e+03,5.456060000000000088e+01
1.418279800000000023e+03,5.459680000000000177e+01
1.418282200000000103e+03,5.474199999999999733e+01
1.418284699999999930e+03,5.494050000000000011e+01
1.418287100000000009e+03,5.512299999999999756e+01
1.418289600000000064e+03,5.522979999999999734e+01
1.418291999999999916e+03,5.521970000000000312e+01
1.418294399999999996e+03,5.509369999999999834e+01
1.418296900000000051e+03,5.491859999999999786e+01
1.418299299999999903e+03,5.480769999999999698e+01
1.418301799999999957e+03,5.484420000000000073e+01
1.418304200000000037e+03,5.500610000000000355e+01
1.418306599999999889e+03,5.517510000000000048e+01
1.418309099999999944e+03,5.522630000000000194e+01
1.418311500000000024e+03,5.511889999999999645e+01
1.418314000000000078e+03,5.491429999999999723e+01
1.418316399999999931e+03,5.472529999999999717e+01
1.418318800000000010e+03,5.464730000000000132e+01
1.418321300000000065e+03,5.470949999999999847e+01
1.418323699999999917e+03,5.486540000000000106e+01
1.418326199999999972e+03,5.502830000000000155e+01
1.418328600000000051e+03,5.512980000000000302e+01
1.418331100000000106e+03,5.515339999999999776e+01
1.418333499999999958e+03,5.512100000000000222e+01
1.418335900000000038e+03,5.506490000000000151e+01
1.418338400000000092e+03,5.501129999999999853e+01
1.418340799999999945e+03,5.497729999999999961e+01
1.418343299999999999e+03,5.496790000000000020e+01
1.418345700000000079e+03,5.497720000000000340e+01
1.418348099999999931e+03,5.498510000000000275e+01
1.418350599999999986e+03,5.495400000000000063e+01
1.418353000000000065e+03,5.484649999999999892e+01
1.418355499999999893e+03,5.466210000000000235e+01
1.418357899999999972e+03,5.445300000000000296e+01
1.418360400000000027e+03,5.429930000000000234e+01
1.418362800000000107e+03,5.426270000000000238e+01
1.418365199999999959e+03,5.434669999999999845e+01
1.418367700000000013e+03,5.449210000000000065e+01
1.418370100000000093e+03,5.461769999999999925e+01
1.418372599999999920e+03,5.466819999999999879e+01
1.418375000000000000e+03,5.463810000000000144e+01
1.418377400000000080e+03,5.456510000000000105e+01
1.418379899999999907e+03,5.449600000000000222e+01
1.418382299999999987e+03,5.444980000000000331e+01
1.418384800000000041e+03,5.441969999999999885e+01
1.418387199999999893e+03,5.440400000000000347e+01
1.418389599999999973e+03,5.441310000000000002e+01
1.418392100000000028e+03,5.445450000000000301e+01
1.418394500000000107e+03,5.452879999999999683e+01
1.418396999999999935e+03,5.463089999999999691e+01
1.418399400000000014e+03,5.473640000000000327e+01
1.418401900000000069e+03,5.480030000000000001e+01
1.418404299999999921e+03,5.479200000000000159e+01
1.418406700000000001e+03,5.473120000000000118e+01
1.418409200000000055e+03,5.467280000000000229e+01
1.418411599999999908e+03,5.465950000000000131e+01
1.418414099999999962e+03,5.469819999999999993e+01
1.418416500000000042e+03,5.477129999999999654e+01
1.418418899999999894e+03,5.484870000000000090e+01
1.418421399999999949e+03,5.487939999999999685e+01
1.418423800000000028e+03,5.480819999999999936e+01
1.418426300000000083e+03,5.464000000000000057e+01
1.418428699999999935e+03,5.446990000000000265e+01
1.418431199999999990e+03,5.440520000000000067e+01
1.418433600000000069e+03,5.446730000000000160e+01
1.418435999999999922e+03,5.459660000000000224e+01
1.418438499999999976e+03,5.473680000000000234e+01
1.418440900000000056e+03,5.488490000000000180e+01
1.418443400000000111e+03,5.506159999999999854e+01
1.418445799999999963e+03,5.525339999999999918e+01
1.418448200000000043e+03,5.539889999999999759e+01
1.418450700000000097e+03,5.543359999999999843e+01
1.418453099999999949e+03,5.533670000000000044e+01
1.418455600000000004e+03,5.513739999999999952e+01
1.418458000000000084e+03,5.489670000000000272e+01
1.418460399999999936e+03,5.468379999999999797e+01
1.418462899999999991e+03,5.454569999999999652e+01
1.418465300000000070e+03,5.448219999999999885e+01
1.418467799999999897e+03,5.445640000000000214e+01
1.418470199999999977e+03,5.443039999999999878e+01
1.418472700000000032e+03,5.438580000000000325e+01
1.418475100000000111e+03,5.432070000000000221e+01
1.418477499999999964e+03,5.425059999999999860e+01
1.418480000000000018e+03,5.421650000000000347e+01
1.418482400000000098e+03,5.426599999999999824e+01
1.418484899999999925e+03,5.440250000000000341e+01
1.418487300000000005e+03,5.456230000000000047e+01
1.418489700000000084e+03,5.466250000000000142e+01
1.418492199999999912e+03,5.467530000000000001e+01
1.418494599999999991e+03,5.464079999999999870e+01
1.418497100000000046e+03,5.460929999999999751e+01
1.418499499999999898e+03,5.459899999999999665e+01
1.418501999999999953e+03,5.462089999999999890e+01
1.418504400000000032e+03,5.470230000000000103e+01
1.418506800000000112e+03,5.484049999999999869e+01
1.418509299999999939e+03,5.495479999999999876e+01
1.418511700000000019e+03,5.493930000000000291e+01
1.418514200000000073e+03,5.477960000000000207e+01
1.418516599999999926e+03,5.458979999999999677e+01
1.418519000000000005e+03,5.451509999999999678e+01
1.418521500000000060e+03,5.459799999999999898e+01
1.418523899999999912e+03,5.474680000000000035e+01
1.418526399999999967e+03,5.483030000000000115e+01
1.418528800000000047e+03,5.478649999999999665e+01
1.418531199999999899e+03,5.464900000000000091e+01
1.418533699999999953e+03,5.449960000000000093e+01
1.418536100000000033e+03,5.440780000000000172e+01
1.418538600000000088e+03,5.439260000000000161e+01
1.418540999999999940e+03,5.442759999999999820e+01
1.418543499999999995e+03,5.447610000000000241e+01
1.418545900000000074e+03,5.451409999999999911e+01
1.418548299999999927e+03,5.452799999999999869e+01
1.418550799999999981e+03,5.451700000000000301e+01
1.418553200000000061e+03,5.449519999999999698e+01
1.418555699999999888e+03,5.447379999999999711e+01
1.418558099999999968e+03,5.444689999999999941e+01
1.418560500000000047e+03,5.441389999999999816e+01
1.418563000000000102e+03,5.439860000000000184e+01
1.418565399999999954e+03,5.442390000000000327e+01
1.418567900000000009e+03,5.448029999999999973e+01
1.418570300000000088e+03,5.454410000000000025e+01
1.418572799999999916e+03,5.461449999999999960e+01
1.418575199999999995e+03,5.470439999999999969e+01
1.418577600000000075e+03,5.479990000000000094e+01
1.418580099999999902e+03,5.485719999999999885e+01
1.418582499999999982e+03,5.484499999999999886e+01
1.418585000000000036e+03,5.477859999999999729e+01
1.418587399999999889e+03,5.471880000000000166e+01
1.418589799999999968e+03,5.473810000000000286e+01
1.418592300000000023e+03,5.486789999999999878e+01
1.418594700000000103e+03,5.506569999999999965e+01
1.418597199999999930e+03,5.523980000000000246e+01
1.418599600000000009e+03,5.531569999999999965e+01
1.418602100000000064e+03,5.527590000000000003e+01
1.418604499999999916e+03,5.514909999999999712e+01
1.418606899999999996e+03,5.498850000000000193e+01
1.418609400000000051e+03,5.486119999999999663e+01
1.418611799999999903e+03,5.481620000000000203e+01
1.418614299999999957e+03,5.484150000000000347e+01
1.418616700000000037e+03,5.487219999999999942e+01
1.418619099999999889e+03,5.484839999999999804e+01
1.418621599999999944e+03,5.475750000000000028e+01
1.418624000000000024e+03,5.463040000000000163e+01
1.418626500000000078e+03,5.451550000000000296e+01
1.418628899999999931e+03,5.446000000000000085e+01
1.418631300000000010e+03,5.450529999999999831e+01
1.418633800000000065e+03,5.467750000000000199e+01
1.418636199999999917e+03,5.495250000000000057e+01
1.418638699999999972e+03,5.523400000000000176e+01
1.418641100000000051e+03,5.540109999999999957e+01
1.418643600000000106e+03,5.539829999999999899e+01
1.418645999999999958e+03,5.526700000000000301e+01
1.418648400000000038e+03,5.509009999999999962e+01
1.418650900000000092e+03,5.492909999999999826e+01
1.418653299999999945e+03,5.480969999999999942e+01
1.418655799999999999e+03,5.474139999999999873e+01
1.418658200000000079e+03,5.473089999999999833e+01
1.418660599999999931e+03,5.476939999999999742e+01
1.418663099999999986e+03,5.481640000000000157e+01
1.418665500000000065e+03,5.482509999999999906e+01
1.418667999999999893e+03,5.479169999999999874e+01
1.418670399999999972e+03,5.475619999999999976e+01
1.418672900000000027e+03,5.474260000000000304e+01
1.418675300000000107e+03,5.472919999999999874e+01
1.418677699999999959e+03,5.469120000000000203e+01
1.418680200000000013e+03,5.464710000000000178e+01
1.418682600000000093e+03,5.463550000000000040e+01
1.418685099999999920e+03,5.466020000000000323e+01
1.418687500000000000e+03,5.468970000000000198e+01
1.418689900000000080e+03,5.470929999999999893e+01
1.418692399999999907e+03,5.474230000000000018e+01
1.418694799999999987e+03,5.480939999999999657e+01
1.418697300000000041e+03,5.489350000000000307e+01
1.418699699999999893e+03,5.495700000000000074e+01
1.418702099999999973e+03,5.497890000000000299e+01
1.418704600000000028e+03,5.496929999999999694e+01
1.418707000000000107e+03,5.496099999999999852e+01
1.418709499999999935e+03,5.498510000000000275e+01
1.418711900000000014e+03,5.503659999999999997e+01
1.418714400000000069e+03,5.506790000000000163e+01
1.418716799999999921e+03,5.503269999999999840e+01
1.418719200000000001e+03,5.492990000000000350e+01
1.418721700000000055e+03,5.478779999999999717e+01
1.418724099999999908e+03,5.462989999999999924e+01
1.418726599999999962e+03,5.448740000000000094e+01
1.418729000000000042e+03,5.442060000000000031e+01
1.418731399999999894e+03,5.447760000000000247e+01
1.418733899999999949e+03,5.464139999999999731e+01
1.418736300000000028e+03,5.485459999999999781e+01
1.418738800000000083e+03,5.508200000000000074e+01
1.418741199999999935e+03,5.531000000000000227e+01
1.418743699999999990e+03,5.549750000000000227e+01
1.418746100000000069e+03,5.557359999999999900e+01
1.418748499999999922e+03,5.549139999999999873e+01
1.418750999999999976e+03,5.526610000000000156e+01
1.418753400000000056e+03,5.496099999999999852e+01
1.418755900000000111e+03,5.465480000000000160e+01
1.418758299999999963e+03,5.442309999999999803e+01
1.418760700000000043e+03,5.432560000000000144e+01
1.418763200000000097e+03,5.438150000000000261e+01
1.418765599999999949e+03,5.455019999999999669e+01
1.418768100000000004e+03,5.475000000000000000e+01
1.418770500000000084e+03,5.490729999999999933e+01
1.418772899999999936e+03,5.499260000000000304e+01
1.418775399999999991e+03,5.502230000000000132e+01
1.418777800000000070e+03,5.503779999999999717e+01
1.418780299999999897e+03,5.507330000000000325e+01
1.418782699999999977e+03,5.512709999999999866e+01
1.418785200000000032e+03,5.516320000000000334e+01
1.418787600000000111e+03,5.513859999999999673e+01
1.418789999999999964e+03,5.502879999999999683e+01
1.418792500000000018e+03,5.484210000000000207e+01
1.418794900000000098e+03,5.462749999999999773e+01
1.418797399999999925e+03,5.446000000000000085e+01
1.418799800000000005e+03,5.439999999999999858e+01
1.418802200000000084e+03,5.446099999999999852e+01
1.418804699999999912e+03,5.461449999999999960e+01
1.418807099999999991e+03,5.481629999999999825e+01
1.418809600000000046e+03,5.502490000000000236e+01
1.418811999999999898e+03,5.520559999999999690e+01
1.418814499999999953e+03,5.533080000000000354e+01
1.418816900000000032e+03,5.538239999999999696e+01
1.418819300000000112e+03,5.536240000000000094e+01
1.418821799999999939e+03,5.530069999999999908e+01
1.418824200000000019e+03,5.524470000000000169e+01
1.418826700000000073e+03,5.522829999999999728e+01
1.418829099999999926e+03,5.524399999999999977e+01
1.418831500000000005e+03,5.525039999999999907e+01
1.418834000000000060e+03,5.521300000000000097e+01
1.418836399999999912e+03,5.513569999999999993e+01
1.418838899999999967e+03,5.505010000000000048e+01
1.418841300000000047e+03,5.497769999999999868e+01
1.418843800000000101e+03,5.490939999999999799e+01
1.418846199999999953e+03,5.482419999999999760e+01
1.418848600000000033e+03,5.472169999999999845e+01
1.418851100000000088e+03,5.462349999999999994e+01
1.418853499999999940e+03,5.454780000000000229e+01
1.418855999999999995e+03,5.449770000000000181e+01
1.418858400000000074e+03,5.447220000000000084e+01
1.418860799999999927e+03,5.446690000000000254e+01
1.418863299999999981e+03,5.447050000000000125e+01
1.418865700000000061e+03,5.448460000000000036e+01
1.418868199999999888e+03,5.454180000000000206e+01
1.418870599999999968e+03,5.467530000000000001e+01
1.418873000000000047e+03,5.485790000000000077e+01
1.418875500000000102e+03,5.499719999999999942e+01
1.418877899999999954e+03,5.500710000000000122e+01
1.418880400000000009e+03,5.487819999999999965e+01
1.418882800000000088e+03,5.468229999999999791e+01
1.418885299999999916e+03,5.451740000000000208e+01
1.418887699999999995e+03,5.444200000000000017e+01
1.418890100000000075e+03,5.444189999999999685e+01
1.418892599999999902e+03,5.445420000000000016e+01
1.418894999999999982e+03,5.441940000000000310e+01
1.418897500000000036e+03,5.431759999999999877e+01
1.418899899999999889e+03,5.417999999999999972e+01
1.418902299999999968e+03,5.408550000000000324e+01
1.418904800000000023e+03,5.412069999999999936e+01
1.418907200000000103e+03,5.430590000000000117e+01
1.418909699999999930e+03,5.455440000000000111e+01
1.418912100000000009e+03,5.472359999999999758e+01
1.418914600000000064e+03,5.472729999999999961e+01
1.418916999999999916e+03,5.459960000000000235e+01
1.418919399999999996e+03,5.444100000000000250e+01
1.418921900000000051e+03,5.431159999999999854e+01
1.418924299999999903e+03,5.419780000000000086e+01
1.418926799999999957e+03,5.407860000000000156e+01
1.418929200000000037e+03,5.399139999999999873e+01
1.418931599999999889e+03,5.400710000000000122e+01
1.418934099999999944e+03,5.414159999999999684e+01
1.418936500000000024e+03,5.431940000000000168e+01
1.418939000000000078e+03,5.444210000000000349e+01
1.418941399999999931e+03,5.448100000000000165e+01
1.418943800000000010e+03,5.448409999999999798e+01
1.418946300000000065e+03,5.450110000000000099e+01
1.418948699999999917e+03,5.453670000000000329e+01
1.418951199999999972e+03,5.458670000000000044e+01
1.418953600000000051e+03,5.468099999999999739e+01
1.418956100000000106e+03,5.485139999999999816e+01
1.418958499999999958e+03,5.506929999999999836e+01
1.418960900000000038e+03,5.525269999999999726e+01
1.418963400000000092e+03,5.532970000000000255e+01
1.418965799999999945e+03,5.527579999999999671e+01
1.418968299999999999e+03,5.510540000000000305e+01
1.418970700000000079e+03,5.486119999999999663e+01
1.418973099999999931e+03,5.460949999999999704e+01
1.418975599999999986e+03,5.442329999999999757e+01
1.418978000000000065e+03,5.435520000000000351e+01
1.418980499999999893e+03,5.441320000000000334e+01
1.418982899999999972e+03,5.454699999999999704e+01
1.418985400000000027e+03,5.466740000000000066e+01
1.418987800000000107e+03,5.470920000000000272e+01
1.418990199999999959e+03,5.468639999999999901e+01
1.418992700000000013e+03,5.467020000000000124e+01
1.418995100000000093e+03,5.471059999999999945e+01
1.418997599999999920e+03,5.479200000000000159e+01
1.419000000000000000e+03,5.486500000000000199e+01
1.419002400000000080e+03,5.489889999999999759e+01
1.419004899999999907e+03,5.489549999999999841e+01
1.419007299999999987e+03,5.486590000000000344e+01
1.419009800000000041e+03,5.481380000000000052e+01
1.419012199999999893e+03,5.474660000000000082e+01
1.419014599999999973e+03,5.469330000000000069e+01
1.419017100000000028e+03,5.469189999999999685e+01
1.419019500000000107e+03,5.474300000000000210e+01
1.419021999999999935e+03,5.478439999999999799e+01
1.419024400000000014e+03,5.474600000000000222e+01
1.419026900000000069e+03,5.463470000000000226e+01
1.419029299999999921e+03,5.454310000000000258e+01
1.419031700000000001e+03,5.456620000000000203e+01
1.419034200000000055e+03,5.472160000000000224e+01
1.419036599999999908e+03,5.495259999999999678e+01
1.419039099999999962e+03,5.518540000000000134e+01
1.419041500000000042e+03,5.537100000000000222e+01
1.419043899999999894e+03,5.548550000000000182e+01
1.419046399999999949e+03,5.552109999999999701e+01
1.419048800000000028e+03,5.548879999999999768e+01
1.419051300000000083e+03,5.542119999999999891e+01
1.419053699999999935e+03,5.536560000000000059e+01
1.419056199999999990e+03,5.536129999999999995e+01
1.419058600000000069e+03,5.541219999999999857e+01
1.419060999999999922e+03,5.548550000000000182e+01
1.419063499999999976e+03,5.554229999999999734e+01
1.419065900000000056e+03,5.556419999999999959e+01
1.419068400000000111e+03,5.555669999999999931e+01
1.419070799999999963e+03,5.553820000000000334e+01
1.419073200000000043e+03,5.553020000000000067e+01
1.419075700000000097e+03,5.554840000000000089e+01
1.419078099999999949e+03,5.559830000000000183e+01
1.419080600000000004e+03,5.567510000000000048e+01
1.419083000000000084e+03,5.576310000000000144e+01
1.419085399999999936e+03,5.583619999999999806e+01
1.419087899999999991e+03,5.586070000000000135e+01
1.419090300000000070e+03,5.580380000000000251e+01
1.419092799999999897e+03,5.565449999999999875e+01
1.419095199999999977e+03,5.544980000000000331e+01
1.419097700000000032e+03,5.527380000000000138e+01
1.419100100000000111e+03,5.520190000000000197e+01
1.419102499999999964e+03,5.522910000000000252e+01
1.419105000000000018e+03,5.527139999999999986e+01
1.419107400000000098e+03,5.525659999999999883e+01
1.419109899999999925e+03,5.519509999999999650e+01
1.419112300000000005e+03,5.514030000000000342e+01
1.419114700000000084e+03,5.510999999999999943e+01
1.419117199999999912e+03,5.507869999999999777e+01
1.419119599999999991e+03,5.502579999999999671e+01
1.419122100000000046e+03,5.495300000000000296e+01
1.419124499999999898e+03,5.486769999999999925e+01
1.419126999999999953e+03,5.478260000000000218e+01
1.419129400000000032e+03,5.473190000000000310e+01
1.419131800000000112e+03,5.475919999999999987e+01
1.419134299999999939e+03,5.487780000000000058e+01
1.419136700000000019e+03,5.504449999999999932e+01
1.419139200000000073e+03,5.517000000000000171e+01
1.419141599999999926e+03,5.516949999999999932e+01
1.419144000000000005e+03,5.502600000000000335e+01
1.419146500000000060e+03,5.481389999999999674e+01
1.419148899999999912e+03,5.465059999999999718e+01
1.419151399999999967e+03,5.460750000000000171e+01
1.419153800000000047e+03,5.465720000000000312e+01
1.419156199999999899e+03,5.470660000000000167e+01
1.419158699999999953e+03,5.468460000000000321e+01
1.419161100000000033e+03,5.460869999999999891e+01
1.419163600000000088e+03,5.456550000000000011e+01
1.419165999999999940e+03,5.462319999999999709e+01
1.419168499999999995e+03,5.477340000000000231e+01
1.419170900000000074e+03,5.496009999999999707e+01
1.419173299999999927e+03,5.513980000000000103e+01
1.419175799999999981e+03,5.528820000000000334e+01
1.419178200000000061e+03,5.536580000000000013e+01
1.419180699999999888e+03,5.531889999999999930e+01
1.419183099999999968e+03,5.513649999999999807e+01
1.419185500000000047e+03,5.489439999999999742e+01
1.419188000000000102e+03,5.471189999999999998e+01
1.419190399999999954e+03,5.465500000000000114e+01
1.419192900000000009e+03,5.468699999999999761e+01
1.419195300000000088e+03,5.472160000000000224e+01
1.419197799999999916e+03,5.472010000000000218e+01
1.419200199999999995e+03,5.472670000000000101e+01
1.419202600000000075e+03,5.480389999999999873e+01
1.419205099999999902e+03,5.494780000000000086e+01
1.419207499999999982e+03,5.508440000000000225e+01
1.419210000000000036e+03,5.514670000000000272e+01
1.419212399999999889e+03,5.514150000000000063e+01
1.419214799999999968e+03,5.513139999999999930e+01
1.419217300000000023e+03,5.516539999999999822e+01
1.419219700000000103e+03,5.524020000000000152e+01
1.419222199999999930e+03,5.532090000000000174e+01
1.419224600000000009e+03,5.536809999999999832e+01
1.419227100000000064e+03,5.533840000000000003e+01
1.419229499999999916e+03,5.519429999999999836e+01
1.419231899999999996e+03,5.494019999999999726e+01
1.419234400000000051e+03,5.463640000000000185e+01
1.419236799999999903e+03,5.436209999999999809e+01
1.419239299999999957e+03,5.416839999999999833e+01
1.419241700000000037e+03,5.407090000000000174e+01
1.419244099999999889e+03,5.407260000000000133e+01
1.419246599999999944e+03,5.417269999999999897e+01
1.419249000000000024e+03,5.435249999999999915e+01
1.419251500000000078e+03,5.456889999999999930e+01
1.419253899999999931e+03,5.477210000000000178e+01
1.419256300000000010e+03,5.493979999999999819e+01
1.419258800000000065e+03,5.509389999999999787e+01
1.419261199999999917e+03,5.527499999999999858e+01
1.419263699999999972e+03,5.548969999999999914e+01
1.419266100000000051e+03,5.568560000000000088e+01
1.419268600000000106e+03,5.578799999999999670e+01
1.419270999999999958e+03,5.576769999999999783e+01
1.419273400000000038e+03,5.566640000000000299e+01
1.419275900000000092e+03,5.555949999999999989e+01
1.419278299999999945e+03,5.550240000000000151e+01
1.419280799999999999e+03,5.551239999999999952e+01
1.419283200000000079e+03,5.558590000000000231e+01
1.419285599999999931e+03,5.570589999999999975e+01
1.419288099999999986e+03,5.583059999999999690e+01
1.419290500000000065e+03,5.589829999999999899e+01
1.419292999999999893e+03,5.587210000000000321e+01
1.419295399999999972e+03,5.577600000000000335e+01
1.419297900000000027e+03,5.567000000000000171e+01
1.419300300000000107e+03,5.558729999999999905e+01
1.419302699999999959e+03,5.550759999999999650e+01
1.419305200000000013e+03,5.539970000000000283e+01
1.419307600000000093e+03,5.527259999999999707e+01
1.419310099999999920e+03,5.516830000000000211e+01
1.419312500000000000e+03,5.511440000000000339e+01
1.419314900000000080e+03,5.510829999999999984e+01
1.419317399999999907e+03,5.513400000000000034e+01
1.419319799999999987e+03,5.517179999999999751e+01
1.419322300000000041e+03,5.520100000000000051e+01
1.419324699999999893e+03,5.521059999999999945e+01
1.419327099999999973e+03,5.520320000000000249e+01
1.419329600000000028e+03,5.518229999999999791e+01
1.419332000000000107e+03,5.515189999999999770e+01
1.419334499999999935e+03,5.512989999999999924e+01
1.419336900000000014e+03,5.514070000000000249e+01
1.419339400000000069e+03,5.519019999999999726e+01
1.419341799999999921e+03,5.525930000000000319e+01
1.419344200000000001e+03,5.531730000000000302e+01
1.419346700000000055e+03,5.533279999999999887e+01
1.419349099999999908e+03,5.528659999999999997e+01
1.419351599999999962e+03,5.519169999999999732e+01
1.419354000000000042e+03,5.509210000000000207e+01
1.419356399999999894e+03,5.502750000000000341e+01
1.419358899999999949e+03,5.499510000000000076e+01
1.419361300000000028e+03,5.495649999999999835e+01
1.419363800000000083e+03,5.488230000000000075e+01
1.419366199999999935e+03,5.477989999999999782e+01
1.419368699999999990e+03,5.468130000000000024e+01
1.419371100000000069e+03,5.461449999999999960e+01
1.419373499999999922e+03,5.458930000000000149e+01
1.419375999999999976e+03,5.460179999999999723e+01
1.419378400000000056e+03,5.464280000000000115e+01
1.419380900000000111e+03,5.470759999999999934e+01
1.419383299999999963e+03,5.480279999999999774e+01
1.419385700000000043e+03,5.493110000000000070e+01
1.419388200000000097e+03,5.505859999999999843e+01
1.419390599999999949e+03,5.512599999999999767e+01
1.419393100000000004e+03,5.511469999999999914e+01
1.419395500000000084e+03,5.507780000000000342e+01
1.419397899999999936e+03,5.507489999999999952e+01
1.419400399999999991e+03,5.510130000000000194e+01
1.419402800000000070e+03,5.511160000000000281e+01
1.419405299999999897e+03,5.508539999999999992e+01
1.419407699999999977e+03,5.503379999999999939e+01
1.419410200000000032e+03,5.496739999999999782e+01
1.419412600000000111e+03,5.490050000000000097e+01
1.419414999999999964e+03,5.487969999999999970e+01
1.419417500000000018e+03,5.496560000000000201e+01
1.419419900000000098e+03,5.516850000000000165e+01
1.419422399999999925e+03,5.541499999999999915e+01
1.419424800000000005e+03,5.559309999999999974e+01
1.419427200000000084e+03,5.564050000000000296e+01
1.419429699999999912e+03,5.558460000000000178e+01
1.419432099999999991e+03,5.548469999999999658e+01
1.419434600000000046e+03,5.535150000000000148e+01
1.419436999999999898e+03,5.515910000000000224e+01
1.419439499999999953e+03,5.493099999999999739e+01
1.419441900000000032e+03,5.476890000000000214e+01
1.419444300000000112e+03,5.477239999999999753e+01
1.419446799999999939e+03,5.494339999999999691e+01
1.419449200000000019e+03,5.518379999999999797e+01
1.419451700000000073e+03,5.537199999999999989e+01
1.419454099999999926e+03,5.543299999999999983e+01
1.419456500000000005e+03,5.535660000000000025e+01
1.419459000000000060e+03,5.518999999999999773e+01
1.419461399999999912e+03,5.502360000000000184e+01
1.419463899999999967e+03,5.495799999999999841e+01
1.419466300000000047e+03,5.504899999999999949e+01
1.419468800000000101e+03,5.526039999999999708e+01
1.419471199999999953e+03,5.547310000000000230e+01
1.419473600000000033e+03,5.556450000000000244e+01
1.419476100000000088e+03,5.549230000000000018e+01
1.419478499999999940e+03,5.531219999999999715e+01
1.419480999999999995e+03,5.512319999999999709e+01
1.419483400000000074e+03,5.499219999999999686e+01
1.419485799999999927e+03,5.492060000000000031e+01
1.419488299999999981e+03,5.487299999999999756e+01
1.419490700000000061e+03,5.482469999999999999e+01
1.419493199999999888e+03,5.477069999999999794e+01
1.419495599999999968e+03,5.471070000000000277e+01
1.419498000000000047e+03,5.465829999999999700e+01
1.419500500000000102e+03,5.465760000000000218e+01
1.419502899999999954e+03,5.475180000000000291e+01
1.419505400000000009e+03,5.492090000000000316e+01
1.419507800000000088e+03,5.507430000000000092e+01
1.419510299999999916e+03,5.513340000000000174e+01
1.419512699999999995e+03,5.510649999999999693e+01
1.419515100000000075e+03,5.506230000000000047e+01
1.419517599999999902e+03,5.503759999999999764e+01
1.419519999999999982e+03,5.500090000000000146e+01
1.419522500000000036e+03,5.490849999999999653e+01
1.419524899999999889e+03,5.477600000000000335e+01
1.419527299999999968e+03,5.467190000000000083e+01
1.419529800000000023e+03,5.464330000000000354e+01
1.419532200000000103e+03,5.466940000000000310e+01
1.419534699999999930e+03,5.470020000000000238e+01
1.419537100000000009e+03,5.472509999999999764e+01
1.419539600000000064e+03,5.478940000000000055e+01
1.419541999999999916e+03,5.494559999999999889e+01
1.419544399999999996e+03,5.519089999999999918e+01
1.419546900000000051e+03,5.544720000000000226e+01
1.419549299999999903e+03,5.561319999999999908e+01
1.419551799999999957e+03,5.564390000000000214e+01
1.419554200000000037e+03,5.556900000000000261e+01
1.419556599999999889e+03,5.543630000000000280e+01
1.419559099999999944e+03,5.527009999999999934e+01
1.419561500000000024e+03,5.509949999999999903e+01
1.419564000000000078e+03,5.498029999999999973e+01
1.419566399999999931e+03,5.495640000000000214e+01
1.419568800000000010e+03,5.501950000000000074e+01
1.419571300000000065e+03,5.512500000000000000e+01
1.419573699999999917e+03,5.522670000000000101e+01
1.419576199999999972e+03,5.528739999999999810e+01
1.419578600000000051e+03,5.529019999999999868e+01
1.419581100000000106e+03,5.525220000000000198e+01
1.419583499999999958e+03,5.521130000000000138e+01
1.419585900000000038e+03,5.519270000000000209e+01
1.419588400000000092e+03,5.519360000000000355e+01
1.419590799999999945e+03,5.519259999999999877e+01
1.419593299999999999e+03,5.517219999999999658e+01
1.419595700000000079e+03,5.514679999999999893e+01
1.419598099999999931e+03,5.515870000000000317e+01
1.419600599999999986e+03,5.522729999999999961e+01
1.419603000000000065e+03,5.530919999999999703e+01
1.419605499999999893e+03,5.532999999999999829e+01
1.419607899999999972e+03,5.525379999999999825e+01
1.419610400000000027e+03,5.511079999999999757e+01
1.419612800000000107e+03,5.496340000000000003e+01
1.419615199999999959e+03,5.486160000000000281e+01
1.419617700000000013e+03,5.482880000000000109e+01
1.419620100000000093e+03,5.486180000000000234e+01
1.419622599999999920e+03,5.492549999999999955e+01
1.419625000000000000e+03,5.497290000000000276e+01
1.419627400000000080e+03,5.499199999999999733e+01
1.419629899999999907e+03,5.501939999999999742e+01
1.419632299999999987e+03,5.509649999999999892e+01
1.419634800000000041e+03,5.522429999999999950e+01
1.419637199999999893e+03,5.537219999999999942e+01
1.419639599999999973e+03,5.551050000000000040e+01
1.419642100000000028e+03,5.562149999999999750e+01
1.419644500000000107e+03,5.568999999999999773e+01
1.419646999999999935e+03,5.570259999999999678e+01
1.419649400000000014e+03,5.565409999999999968e+01
1.419651900000000069e+03,5.554979999999999762e+01
1.419654299999999921e+03,5.541049999999999898e+01
1.419656700000000001e+03,5.527629999999999910e+01
1.419659200000000055e+03,5.518690000000000140e+01
1.419661599999999908e+03,5.514869999999999806e+01
1.419664099999999962e+03,5.513450000000000273e+01
1.419666500000000042e+03,5.511180000000000234e+01
1.419668899999999894e+03,5.506510000000000105e+01
1.419671399999999949e+03,5.500710000000000122e+01
1.419673800000000028e+03,5.498179999999999978e+01
1.419676300000000083e+03,5.503640000000000043e+01
1.419678699999999935e+03,5.517710000000000292e+01
1.419681199999999990e+03,5.535990000000000322e+01
1.419683600000000069e+03,5.552129999999999654e+01
1.419685999999999922e+03,5.561129999999999995e+01
1.419688499999999976e+03,5.561580000000000013e+01
1.419690900000000056e+03,5.556400000000000006e+01
1.419693400000000111e+03,5.550209999999999866e+01
1.419695799999999963e+03,5.545040000000000191e+01
1.419698200000000043e+03,5.539399999999999835e+01
1.419700700000000097e+03,5.531609999999999872e+01
1.419703099999999949e+03,5.522449999999999903e+01
1.419705600000000004e+03,5.513219999999999743e+01
1.419708000000000084e+03,5.502740000000000009e+01
1.419710399999999936e+03,5.488739999999999952e+01
1.419712899999999991e+03,5.472270000000000323e+01
1.419715300000000070e+03,5.457840000000000202e+01
1.419717799999999897e+03,5.449249999999999972e+01
1.419720199999999977e+03,5.447789999999999822e+01
1.419722700000000032e+03,5.454270000000000351e+01
1.419725100000000111e+03,5.468880000000000052e+01
1.419727499999999964e+03,5.487720000000000198e+01
1.419730000000000018e+03,5.502009999999999934e+01
1.419732400000000098e+03,5.502579999999999671e+01
1.419734899999999925e+03,5.486699999999999733e+01
1.419737300000000005e+03,5.462500000000000000e+01
1.419739700000000084e+03,5.445830000000000126e+01
1.419742199999999912e+03,5.448919999999999675e+01
1.419744599999999991e+03,5.470199999999999818e+01
1.419747100000000046e+03,5.496329999999999671e+01
1.419749499999999898e+03,5.514209999999999923e+01
1.419751999999999953e+03,5.520289999999999964e+01
1.419754400000000032e+03,5.519550000000000267e+01
1.419756800000000112e+03,5.518439999999999657e+01
1.419759299999999939e+03,5.520049999999999812e+01
1.419761700000000019e+03,5.524969999999999715e+01
1.419764200000000073e+03,5.533160000000000167e+01
1.419766599999999926e+03,5.543589999999999662e+01
1.419769000000000005e+03,5.553059999999999974e+01
1.419771500000000060e+03,5.556920000000000215e+01
1.419773899999999912e+03,5.552159999999999940e+01
1.419776399999999967e+03,5.540310000000000201e+01
1.419778800000000047e+03,5.526809999999999690e+01
1.419781199999999899e+03,5.516799999999999926e+01
1.419783699999999953e+03,5.511430000000000007e+01
1.419786100000000033e+03,5.508010000000000161e+01
1.419788600000000088e+03,5.503139999999999787e+01
1.419790999999999940e+03,5.496340000000000003e+01
1.419793499999999995e+03,5.491660000000000252e+01
1.419795900000000074e+03,5.495060000000000144e+01
1.419798299999999927e+03,5.508919999999999817e+01
1.419800799999999981e+03,5.528540000000000276e+01
1.419803200000000061e+03,5.544630000000000081e+01
1.419805699999999888e+03,5.549389999999999645e+01
1.419808099999999968e+03,5.540630000000000166e+01
1.419810500000000047e+03,5.521889999999999787e+01
1.419813000000000102e+03,5.500370000000000203e+01
1.419815399999999954e+03,5.484429999999999694e+01
1.419817900000000009e+03,5.479879999999999995e+01
1.419820300000000088e+03,5.486379999999999768e+01
1.419822799999999916e+03,5.497639999999999816e+01
1.419825199999999995e+03,5.506389999999999674e+01
1.419827600000000075e+03,5.509940000000000282e+01
1.419830099999999902e+03,5.510569999999999879e+01
1.419832499999999982e+03,5.511430000000000007e+01
1.419835000000000036e+03,5.514569999999999794e+01
1.419837399999999889e+03,5.522039999999999793e+01
1.419839799999999968e+03,5.534810000000000230e+01
1.419842300000000023e+03,5.549410000000000309e+01
1.419844700000000103e+03,5.559609999999999985e+01
1.419847199999999930e+03,5.563329999999999842e+01
1.419849600000000009e+03,5.565010000000000190e+01
1.419852100000000064e+03,5.569480000000000075e+01
1.419854499999999916e+03,5.576160000000000139e+01
1.419856899999999996e+03,5.581260000000000332e+01
1.419859400000000051e+03,5.583850000000000335e+01
1.419861799999999903e+03,5.586540000000000106e+01
1.419864299999999957e+03,5.590520000000000067e+01
1.419866700000000037e+03,5.592519999999999669e+01
1.419869099999999889e+03,5.587709999999999866e+01
1.419871599999999944e+03,5.574699999999999989e+01
1.419874000000000024e+03,5.557580000000000098e+01
1.419876500000000078e+03,5.543670000000000186e+01
1.419878899999999931e+03,5.538499999999999801e+01
1.419881300000000010e+03,5.541859999999999786e+01
1.419883800000000065e+03,5.548729999999999762e+01
1.419886199999999917e+03,5.554429999999999978e+01
1.419888699999999972e+03,5.557759999999999678e+01
1.419891100000000051e+03,5.558840000000000003e+01
1.419893600000000106e+03,5.556909999999999883e+01
1.419895999999999958e+03,5.552279999999999660e+01
1.419898400000000038e+03,5.547619999999999862e+01
1.419900900000000092e+03,5.545100000000000051e+01
1.419903299999999945e+03,5.544420000000000215e+01
1.419905799999999999e+03,5.545259999999999678e+01
1.419908200000000079e+03,5.548919999999999675e+01
1.419910599999999931e+03,5.556320000000000192e+01
1.419913099999999986e+03,5.565319999999999823e+01
1.419915500000000065e+03,5.571580000000000155e+01
1.419917999999999893e+03,5.572990000000000066e+01
1.419920399999999972e+03,5.572520000000000095e+01
1.419922900000000027e+03,5.574799999999999756e+01
1.419925300000000107e+03,5.580649999999999977e+01
1.419927699999999959e+03,5.587859999999999872e+01
1.419930200000000013e+03,5.596419999999999817e+01
1.419932600000000093e+03,5.609159999999999968e+01
1.419935099999999920e+03,5.626899999999999835e+01
1.419937500000000000e+03,5.645040000000000191e+01
1.419939900000000080e+03,5.656969999999999743e+01
1.419942399999999907e+03,5.660479999999999734e+01
1.419944799999999987e+03,5.660399999999999920e+01
1.419947300000000041e+03,5.665400000000000347e+01
1.419949699999999893e+03,5.681280000000000285e+01
1.419952099999999973e+03,5.704189999999999827e+01
1.419954600000000028e+03,5.720570000000000022e+01
1.419957000000000107e+03,5.717540000000000333e+01
1.419959499999999935e+03,5.694819999999999993e+01
1.419961900000000014e+03,5.664829999999999899e+01
1.419964400000000069e+03,5.641969999999999885e+01
1.419966799999999921e+03,5.634239999999999782e+01
1.419969200000000001e+03,5.642770000000000152e+01
1.419971700000000055e+03,5.665429999999999922e+01
1.419974099999999908e+03,5.699470000000000169e+01
1.419976599999999962e+03,5.740829999999999700e+01
1.419979000000000042e+03,5.780310000000000059e+01
1.419981399999999894e+03,5.803320000000000078e+01
1.419983899999999949e+03,5.798949999999999960e+01
1.419986300000000028e+03,5.771569999999999823e+01
1.419988800000000083e+03,5.740209999999999724e+01
1.419991199999999935e+03,5.724399999999999977e+01
1.419993699999999990e+03,5.731660000000000110e+01
1.419996100000000069e+03,5.757110000000000127e+01
1.419998499999999922e+03,5.790090000000000003e+01
1.420000999999999976e+03,5.818149999999999977e+01
1.420003400000000056e+03,5.829070000000000107e+01
1.420005900000000111e+03,5.816830000000000211e+01
1.420008299999999963e+03,5.788580000000000325e+01
1.420010700000000043e+03,5.762049999999999983e+01
1.420013200000000097e+03,5.751310000000000144e+01
1.420015599999999949e+03,5.754359999999999786e+01
1.420018100000000004e+03,5.757039999999999935e+01
1.420020500000000084e+03,5.748369999999999891e+01
1.420022899999999936e+03,5.729560000000000031e+01
1.420025399999999991e+03,5.709389999999999787e+01
1.420027800000000070e+03,5.694989999999999952e+01
1.420030299999999897e+03,5.687749999999999773e+01
1.420032699999999977e+03,5.685860000000000269e+01
1.420035200000000032e+03,5.689990000000000236e+01
1.420037600000000111e+03,5.705049999999999955e+01
1.420039999999999964e+03,5.732659999999999911e+01
1.420042500000000018e+03,5.761070000000000135e+01
1.420044900000000098e+03,5.769109999999999872e+01
1.420047399999999925e+03,5.745369999999999777e+01
1.420049800000000005e+03,5.700619999999999976e+01
1.420052200000000084e+03,5.657990000000000208e+01
1.420054699999999912e+03,5.633440000000000225e+01
1.420057099999999991e+03,5.627279999999999660e+01
1.420059600000000046e+03,5.630349999999999966e+01
1.420061999999999898e+03,5.633070000000000022e+01
1.420064499999999953e+03,5.629760000000000275e+01
1.420066900000000032e+03,5.619069999999999965e+01
1.420069300000000112e+03,5.603099999999999881e+01
1.420071799999999939e+03,5.585819999999999652e+01
1.420074200000000019e+03,5.570640000000000214e+01
1.420076700000000073e+03,5.558460000000000178e+01
1.420079099999999926e+03,5.548530000000000229e+01
1.420081500000000005e+03,5.541149999999999665e+01
1.420084000000000060e+03,5.538629999999999853e+01
1.420086399999999912e+03,5.542549999999999955e+01
1.420088899999999967e+03,5.551449999999999818e+01
1.420091300000000047e+03,5.562530000000000285e+01
1.420093800000000101e+03,5.574399999999999977e+01
1.420096199999999953e+03,5.586590000000000344e+01
1.420098600000000033e+03,5.597209999999999752e+01
1.420101100000000088e+03,5.602900000000000347e+01
1.420103499999999940e+03,5.601839999999999975e+01
1.420105999999999995e+03,5.595859999999999701e+01
1.420108400000000074e+03,5.588490000000000180e+01
1.420110799999999927e+03,5.580879999999999797e+01
1.420113299999999981e+03,5.570819999999999794e+01
1.420115700000000061e+03,5.556660000000000110e+01
1.420118199999999888e+03,5.540720000000000312e+01
1.420120599999999968e+03,5.527429999999999666e+01
1.420123000000000047e+03,5.518449999999999989e+01
1.420125500000000102e+03,5.510190000000000055e+01
1.420127899999999954e+03,5.496860000000000213e+01
1.420130400000000009e+03,5.477139999999999986e+01
1.420132800000000088e+03,5.458160000000000167e+01
1.420135299999999916e+03,5.450780000000000314e+01
1.420137699999999995e+03,5.459089999999999776e+01
1.420140100000000075e+03,5.475339999999999918e+01
1.420142599999999902e+03,5.486690000000000111e+01
1.420144999999999982e+03,5.486200000000000188e+01
1.420147500000000036e+03,5.476740000000000208e+01
1.420149899999999889e+03,5.465699999999999648e+01
1.420152299999999968e+03,5.458330000000000126e+01
1.420154800000000023e+03,5.456199999999999761e+01
1.420157200000000103e+03,5.460289999999999822e+01
1.420159699999999930e+03,5.473839999999999861e+01
1.420162100000000009e+03,5.500359999999999872e+01
1.420164600000000064e+03,5.537510000000000332e+01
1.420166999999999916e+03,5.574219999999999686e+01
1.420169399999999996e+03,5.596990000000000265e+01
1.420171900000000051e+03,5.600209999999999866e+01
1.420174299999999903e+03,5.589589999999999748e+01
1.420176799999999957e+03,5.575480000000000302e+01
1.420179200000000037e+03,5.564770000000000039e+01
1.420181599999999889e+03,5.559159999999999968e+01
1.420184099999999944e+03,5.557639999999999958e+01
1.420186500000000024e+03,5.558370000000000033e+01
1.420189000000000078e+03,5.559579999999999700e+01
1.420191399999999931e+03,5.560300000000000153e+01
1.420193800000000010e+03,5.560499999999999687e+01
1.420196300000000065e+03,5.561050000000000182e+01
1.420198699999999917e+03,5.563810000000000144e+01
1.420201199999999972e+03,5.570439999999999969e+01
1.420203600000000051e+03,5.580449999999999733e+01
1.420206100000000106e+03,5.591310000000000002e+01
1.420208499999999958e+03,5.599750000000000227e+01
1.420210900000000038e+03,5.602420000000000044e+01
1.420213400000000092e+03,5.596940000000000026e+01
1.420215799999999945e+03,5.584700000000000131e+01
1.420218299999999999e+03,5.570799999999999841e+01
1.420220700000000079e+03,5.558919999999999817e+01
1.420223099999999931e+03,5.547760000000000247e+01
1.420225599999999986e+03,5.534859999999999758e+01
1.420228000000000065e+03,5.522249999999999659e+01
1.420230499999999893e+03,5.515870000000000317e+01
1.420232899999999972e+03,5.519689999999999941e+01
1.420235400000000027e+03,5.531920000000000215e+01
1.420237800000000107e+03,5.546490000000000009e+01
1.420240199999999959e+03,5.557529999999999859e+01
1.420242700000000013e+03,5.562819999999999965e+01
1.420245100000000093e+03,5.564620000000000033e+01
1.420247599999999920e+03,5.567280000000000229e+01
1.420250000000000000e+03,5.573169999999999646e+01
1.420252400000000080e+03,5.580149999999999721e+01
1.420254899999999907e+03,5.582809999999999917e+01
1.420257299999999987e+03,5.576839999999999975e+01
1.420259800000000041e+03,5.563530000000000086e+01
1.420262199999999893e+03,5.549300000000000210e+01
1.420264599999999973e+03,5.540339999999999776e+01
1.420267100000000028e+03,5.538830000000000098e+01
1.420269500000000107e+03,5.544749999999999801e+01
1.420271999999999935e+03,5.558780000000000143e+01
1.420274400000000014e+03,5.580169999999999675e+01
1.420276900000000069e+03,5.602759999999999962e+01
1.420279299999999921e+03,5.616360000000000241e+01
1.420281700000000001e+03,5.614189999999999969e+01
1.420284200000000055e+03,5.598599999999999710e+01
1.420286599999999908e+03,5.579209999999999781e+01
1.420289099999999962e+03,5.565679999999999694e+01
1.420291500000000042e+03,5.562089999999999890e+01
1.420293899999999894e+03,5.566049999999999898e+01
1.420296399999999949e+03,5.571820000000000306e+01
1.420298800000000028e+03,5.574560000000000315e+01
1.420301300000000083e+03,5.572270000000000323e+01
1.420303699999999935e+03,5.565189999999999770e+01
1.420306199999999990e+03,5.555890000000000128e+01
1.420308600000000069e+03,5.549620000000000175e+01
1.420310999999999922e+03,5.551209999999999667e+01
1.420313499999999976e+03,5.559870000000000090e+01
1.420315900000000056e+03,5.568379999999999797e+01
1.420318400000000111e+03,5.568319999999999936e+01
1.420320799999999963e+03,5.556119999999999948e+01
1.420323200000000043e+03,5.535510000000000019e+01
1.420325700000000097e+03,5.514950000000000330e+01
1.420328099999999949e+03,5.502000000000000313e+01
1.420330600000000004e+03,5.500090000000000146e+01
1.420333000000000084e+03,5.510199999999999676e+01
1.420335399999999936e+03,5.532860000000000156e+01
1.420337899999999991e+03,5.566049999999999898e+01
1.420340300000000070e+03,5.602819999999999823e+01
1.420342799999999897e+03,5.633409999999999940e+01
1.420345199999999977e+03,5.650540000000000163e+01
1.420347700000000032e+03,5.652729999999999677e+01
1.420350100000000111e+03,5.644230000000000302e+01
1.420352499999999964e+03,5.632699999999999818e+01
1.420355000000000018e+03,5.625639999999999930e+01
1.420357400000000098e+03,5.626769999999999783e+01
1.420359899999999925e+03,5.635229999999999961e+01
1.420362300000000005e+03,5.648080000000000211e+01
1.420364700000000084e+03,5.662729999999999819e+01
1.420367199999999912e+03,5.677389999999999759e+01
1.420369599999999991e+03,5.690650000000000119e+01
1.420372100000000046e+03,5.701700000000000301e+01
1.420374499999999898e+03,5.710739999999999839e+01
1.420376999999999953e+03,5.718800000000000239e+01
1.420379400000000032e+03,5.726850000000000307e+01
1.420381800000000112e+03,5.735000000000000142e+01
1.420384299999999939e+03,5.742770000000000152e+01
1.420386700000000019e+03,5.750260000000000105e+01
1.420389200000000073e+03,5.758959999999999724e+01
1.420391599999999926e+03,5.770879999999999654e+01
1.420394000000000005e+03,5.786610000000000298e+01
1.420396500000000060e+03,5.803629999999999711e+01
1.420398899999999912e+03,5.816530000000000200e+01
1.420401399999999967e+03,5.819859999999999900e+01
1.420403800000000047e+03,5.812729999999999819e+01
1.420406199999999899e+03,5.801059999999999661e+01
1.420408699999999953e+03,5.794440000000000168e+01
1.420411100000000033e+03,5.800220000000000198e+01
1.420413600000000088e+03,5.819579999999999842e+01
1.420415999999999940e+03,5.848010000000000019e+01
1.420418499999999995e+03,5.879299999999999926e+01
1.420420900000000074e+03,5.909960000000000235e+01
1.420423299999999927e+03,5.940129999999999910e+01
1.420425799999999981e+03,5.970629999999999882e+01
1.420428200000000061e+03,6.000930000000000319e+01
1.420430699999999888e+03,6.030389999999999873e+01
1.420433099999999968e+03,6.059850000000000136e+01
1.420435500000000047e+03,6.089880000000000138e+01
1.420438000000000102e+03,6.118260000000000076e+01
1.420440399999999954e+03,6.140910000000000224e+01
1.420442900000000009e+03,6.155879999999999797e+01
1.420445300000000088e+03,6.166239999999999810e+01
1.420447799999999916e+03,6.180259999999999820e+01
1.420450199999999995e+03,6.208389999999999986e+01
1.420452600000000075e+03,6.256929999999999836e+01
1.420455099999999902e+03,6.321959999999999980e+01
1.420457499999999982e+03,6.391369999999999862e+01
1.420460000000000036e+03,6.455589999999999407e+01
1.420462399999999889e+03,6.515919999999999845e+01
1.420464799999999968e+03,6.580429999999999779e+01
1.420467300000000023e+03,6.653440000000000509e+01
1.420469700000000103e+03,6.732349999999999568e+01
1.420472199999999930e+03,6.813700000000000045e+01
1.420474600000000009e+03,6.899550000000000693e+01
1.420477100000000064e+03,6.996890000000000498e+01
1.420479499999999916e+03,7.111419999999999675e+01
1.420481899999999996e+03,7.242010000000000502e+01
1.420484400000000051e+03,7.381820000000000448e+01
1.420486799999999903e+03,7.524360000000000070e+01
1.420489299999999957e+03,7.666740000000000066e+01
1.420491700000000037e+03,7.808240000000000691e+01
1.420494099999999889e+03,7.948520000000000607e+01
1.420496599999999944e+03,8.088559999999999661e+01
1.420499000000000024e+03,8.231319999999999482e+01
1.420501500000000078e+03,8.379110000000000014e+01
1.420503899999999931e+03,8.529730000000000700e+01
1.420506300000000010e+03,8.675990000000000180e+01
1.420508800000000065e+03,8.809499999999999886e+01
1.420511199999999917e+03,8.925549999999999784e+01
1.420513699999999972e+03,9.026149999999999807e+01
1.420516100000000051e+03,9.118789999999999907e+01
1.420518600000000106e+03,9.209810000000000230e+01
1.420520999999999958e+03,9.297599999999999909e+01
1.420523400000000038e+03,9.373499999999999943e+01
1.420525900000000092e+03,9.429630000000000223e+01
1.420528299999999945e+03,9.464570000000000505e+01
1.420530799999999999e+03,9.482450000000000045e+01
1.420533200000000079e+03,9.488729999999999620e+01
1.420535599999999931e+03,9.487470000000000425e+01
1.420538099999999986e+03,9.480769999999999698e+01
1.420540500000000065e+03,9.468890000000000384e+01
1.420542999999999893e+03,9.450589999999999691e+01
1.420545399999999972e+03,9.424420000000000641e+01
1.420547900000000027e+03,9.390430000000000632e+01
1.420550300000000107e+03,9.349859999999999616e+01
1.420552699999999959e+03,9.302939999999999543e+01
1.420555200000000013e+03,9.248470000000000368e+01
1.420557600000000093e+03,9.186639999999999873e+01
1.420560099999999920e+03,9.120699999999999363e+01
1.420562500000000000e+03,9.055240000000000578e+01
1.420564900000000080e+03,8.993980000000000530e+01
1.420567399999999907e+03,8.939079999999999870e+01
1.420569799999999987e+03,8.890040000000000475e+01
1.420572300000000041e+03,8.842170000000000130e+01
1.420574699999999893e+03,8.788689999999999714e+01
1.420577099999999973e+03,8.725900000000000034e+01
1.420579600000000028e+03,8.654080000000000439e+01
1.420582000000000107e+03,8.572429999999999950e+01
1.420584499999999935e+03,8.477110000000000412e+01
1.420586900000000014e+03,8.367329999999999757e+01
1.420589400000000069e+03,8.250879999999999370e+01
1.420591799999999921e+03,8.139979999999999905e+01
1.420594200000000001e+03,8.042440000000000566e+01
1.420596700000000055e+03,7.958509999999999707e+01
1.420599099999999908e+03,7.884569999999999368e+01
1.420601599999999962e+03,7.817730000000000246e+01
1.420604000000000042e+03,7.757710000000000150e+01
1.420606399999999894e+03,7.704919999999999902e+01
1.420608899999999949e+03,7.656570000000000675e+01
1.420611300000000028e+03,7.606860000000000355e+01
1.420613800000000083e+03,7.552049999999999841e+01
1.420616199999999935e+03,7.491960000000000264e+01
1.420618699999999990e+03,7.426090000000000657e+01
1.420621100000000069e+03,7.352689999999999770e+01
1.420623499999999922e+03,7.272509999999999764e+01
1.420625999999999976e+03,7.189520000000000266e+01
1.420628400000000056e+03,7.107829999999999870e+01
1.420630900000000111e+03,7.029559999999999320e+01
1.420633299999999963e+03,6.955570000000000164e+01
1.420635700000000043e+03,6.887069999999999936e+01
1.420638200000000097e+03,6.826789999999999736e+01
1.420640599999999949e+03,6.776630000000000109e+01
1.420643100000000004e+03,6.733419999999999561e+01
1.420645500000000084e+03,6.690160000000000196e+01
1.420647899999999936e+03,6.643410000000000082e+01
1.420650399999999991e+03,6.596769999999999357e+01
1.420652800000000070e+03,6.555370000000000630e+01
1.420655299999999897e+03,6.519219999999999970e+01
1.420657699999999977e+03,6.483499999999999375e+01
1.420660200000000032e+03,6.443859999999999388e+01
1.420662600000000111e+03,6.400169999999999959e+01
1.420664999999999964e+03,6.356450000000000244e+01
1.420667500000000018e+03,6.319809999999999661e+01
1.420669900000000098e+03,6.298749999999999716e+01
1.420672399999999925e+03,6.299040000000000106e+01
1.420674800000000005e+03,6.317929999999999779e+01
1.420677200000000084e+03,6.343229999999999791e+01
1.420679699999999912e+03,6.360240000000000293e+01
1.420682099999999991e+03,6.361240000000000094e+01
1.420684600000000046e+03,6.348830000000000240e+01
1.420686999999999898e+03,6.331450000000000244e+01
1.420689499999999953e+03,6.316369999999999862e+01
1.420691900000000032e+03,6.306889999999999930e+01
1.420694300000000112e+03,6.304090000000000060e+01
1.420696799999999939e+03,6.308019999999999783e+01
1.420699200000000019e+03,6.316100000000000136e+01
1.420701700000000073e+03,6.323109999999999786e+01
1.420704099999999926e+03,6.326030000000000086e+01
1.420706500000000005e+03,6.328079999999999927e+01
1.420709000000000060e+03,6.334550000000000125e+01
1.420711399999999912e+03,6.345150000000000290e+01
1.420713899999999967e+03,6.354120000000000346e+01
1.420716300000000047e+03,6.358559999999999945e+01
1.420718800000000101e+03,6.362969999999999970e+01
1.420721199999999953e+03,6.373870000000000147e+01
1.420723600000000033e+03,6.392439999999999856e+01
1.420726100000000088e+03,6.414310000000000400e+01
1.420728499999999940e+03,6.435360000000000014e+01
1.420730999999999995e+03,6.455740000000000123e+01
1.420733400000000074e+03,6.477330000000000609e+01
1.420735799999999927e+03,6.498290000000000077e+01
1.420738299999999981e+03,6.512309999999999377e+01
1.420740700000000061e+03,6.514459999999999695e+01
1.420743199999999888e+03,6.506369999999999720e+01
1.420745599999999968e+03,6.494580000000000553e+01
1.420748000000000047e+03,6.483719999999999573e+01
1.420750500000000102e+03,6.472759999999999536e+01
1.420752899999999954e+03,6.458339999999999748e+01
1.420755400000000009e+03,6.440089999999999293e+01
1.420757800000000088e+03,6.421080000000000609e+01
1.420760299999999916e+03,6.404269999999999641e+01
1.420762699999999995e+03,6.390400000000000347e+01
1.420765100000000075e+03,6.379120000000000346e+01
1.420767599999999902e+03,6.370439999999999969e+01
1.420769999999999982e+03,6.364909999999999712e+01
1.420772500000000036e+03,6.363779999999999859e+01
1.420774899999999889e+03,6.368610000000000326e+01
1.420777299999999968e+03,6.377980000000000160e+01
1.420779800000000023e+03,6.384709999999999752e+01
1.420782200000000103e+03,6.380010000000000048e+01
1.420784699999999930e+03,6.361630000000000251e+01
1.420787100000000009e+03,6.335629999999999740e+01
1.420789600000000064e+03,6.310520000000000351e+01
1.420791999999999916e+03,6.291660000000000252e+01
1.420794399999999996e+03,6.280210000000000292e+01
1.420796900000000051e+03,6.274190000000000111e+01
1.420799299999999903e+03,6.269599999999999795e+01
1.420801799999999957e+03,6.262129999999999797e+01
1.420804200000000037e+03,6.249410000000000309e+01
1.420806599999999889e+03,6.232630000000000337e+01
1.420809099999999944e+03,6.216210000000000235e+01
1.420811500000000024e+03,6.205160000000000053e+01
1.420814000000000078e+03,6.201570000000000249e+01
1.420816399999999931e+03,6.203390000000000271e+01
1.420818800000000010e+03,6.206660000000000110e+01
1.420821300000000065e+03,6.208440000000000225e+01
1.420823699999999917e+03,6.208319999999999794e+01
1.420826199999999972e+03,6.209069999999999823e+01
1.420828600000000051e+03,6.214970000000000283e+01
1.420831100000000106e+03,6.227519999999999811e+01
1.420833499999999958e+03,6.243209999999999837e+01
1.420835900000000038e+03,6.256680000000000064e+01
1.420838400000000092e+03,6.265930000000000177e+01
1.420840799999999945e+03,6.274280000000000257e+01
1.420843299999999999e+03,6.286959999999999837e+01
1.420845700000000079e+03,6.304579999999999984e+01
1.420848099999999931e+03,6.320969999999999800e+01
1.420850599999999986e+03,6.329390000000000072e+01
1.420853000000000065e+03,6.330369999999999919e+01
1.420855499999999893e+03,6.331620000000000203e+01
1.420857899999999972e+03,6.341530000000000200e+01
1.420860400000000027e+03,6.364269999999999783e+01
1.420862800000000107e+03,6.398329999999999984e+01
1.420865199999999959e+03,6.436430000000000007e+01
1.420867700000000013e+03,6.468869999999999720e+01
1.420870100000000093e+03,6.491349999999999909e+01
1.420872599999999920e+03,6.509059999999999491e+01
1.420875000000000000e+03,6.530519999999999925e+01
1.420877400000000080e+03,6.557580000000000098e+01
1.420879899999999907e+03,6.582670000000000243e+01
1.420882299999999987e+03,6.594970000000000709e+01
1.420884800000000041e+03,6.589700000000000557e+01
1.420887199999999893e+03,6.572939999999999827e+01
1.420889599999999973e+03,6.557880000000000109e+01
1.420892100000000028e+03,6.554720000000000368e+01
1.420894500000000107e+03,6.562980000000000302e+01
1.420896999999999935e+03,6.573909999999999343e+01
1.420899400000000014e+03,6.580979999999999563e+01
1.420901900000000069e+03,6.587139999999999418e+01
1.420904299999999921e+03,6.600969999999999516e+01
1.420906700000000001e+03,6.626290000000000191e+01
1.420909200000000055e+03,6.656300000000000239e+01
1.420911599999999908e+03,6.676260000000000616e+01
1.420914099999999962e+03,6.672310000000000230e+01
1.420916500000000042e+03,6.641190000000000282e+01
1.420918899999999894e+03,6.594830000000000325e+01
1.420921399999999949e+03,6.553940000000000055e+01
1.420923800000000028e+03,6.533440000000000225e+01
1.420926300000000083e+03,6.532099999999999795e+01
1.420928699999999935e+03,6.535720000000000596e+01
1.420931199999999990e+03,6.529430000000000689e+01
1.420933600000000069e+03,6.508350000000000080e+01
1.420935999999999922e+03,6.478979999999999961e+01
1.420938499999999976e+03,6.452419999999999334e+01
1.420940900000000056e+03,6.436469999999999914e+01
1.420943400000000111e+03,6.431780000000000541e+01
1.420945799999999963e+03,6.432250000000000512e+01
1.420948200000000043e+03,6.428530000000000655e+01
1.420950700000000097e+03,6.414560000000000173e+01
1.420953099999999949e+03,6.392419999999999902e+01
1.420955600000000004e+03,6.369859999999999900e+01
1.420958000000000084e+03,6.352669999999999817e+01
1.420960399999999936e+03,6.340120000000000289e+01
1.420962899999999991e+03,6.327120000000000033e+01
1.420965300000000070e+03,6.309599999999999653e+01
1.420967799999999897e+03,6.288020000000000209e+01
1.420970199999999977e+03,6.265789999999999793e+01
1.420972700000000032e+03,6.244570000000000221e+01
1.420975100000000111e+03,6.222829999999999728e+01
1.420977499999999964e+03,6.200300000000000011e+01
1.420980000000000018e+03,6.181289999999999907e+01
1.420982400000000098e+03,6.170839999999999748e+01
1.420984899999999925e+03,6.168439999999999657e+01
1.420987300000000005e+03,6.167280000000000229e+01
1.420989700000000084e+03,6.159159999999999968e+01
1.420992199999999912e+03,6.140220000000000056e+01
1.420994599999999991e+03,6.114189999999999969e+01
1.420997100000000046e+03,6.090390000000000015e+01
1.420999499999999898e+03,6.076010000000000133e+01
1.421001999999999953e+03,6.070580000000000354e+01
1.421004400000000032e+03,6.068569999999999709e+01
1.421006800000000112e+03,6.065030000000000143e+01
1.421009299999999939e+03,6.057450000000000045e+01
1.421011700000000019e+03,6.044839999999999947e+01
1.421014200000000073e+03,6.027000000000000313e+01
1.421016599999999926e+03,6.003860000000000241e+01
1.421019000000000005e+03,5.975909999999999656e+01
1.421021500000000060e+03,5.946309999999999718e+01
1.421023899999999912e+03,5.920669999999999789e+01
1.421026399999999967e+03,5.902980000000000160e+01
1.421028800000000047e+03,5.892069999999999652e+01
1.421031199999999899e+03,5.882620000000000005e+01
1.421033699999999953e+03,5.869169999999999732e+01
1.421036100000000033e+03,5.849110000000000298e+01
1.421038600000000088e+03,5.823400000000000176e+01
1.421040999999999940e+03,5.796540000000000248e+01
1.421043499999999995e+03,5.776350000000000051e+01
1.421045900000000074e+03,5.771099999999999852e+01
1.421048299999999927e+03,5.782780000000000342e+01
1.421050799999999981e+03,5.803170000000000073e+01
1.421053200000000061e+03,5.819700000000000273e+01
1.421055699999999888e+03,5.825739999999999696e+01
1.421058099999999968e+03,5.823669999999999902e+01
1.421060500000000047e+03,5.819369999999999976e+01
1.421063000000000102e+03,5.816270000000000095e+01
1.421065399999999954e+03,5.814079999999999870e+01
1.421067900000000009e+03,5.810990000000000322e+01
1.421070300000000088e+03,5.806510000000000105e+01
1.421072799999999916e+03,5.802360000000000184e+01
1.421075199999999995e+03,5.800260000000000105e+01
1.421077600000000075e+03,5.799620000000000175e+01
1.421080099999999902e+03,5.798299999999999699e+01
1.421082499999999982e+03,5.795530000000000115e+01
1.421085000000000036e+03,5.792999999999999972e+01
1.421087399999999889e+03,5.792470000000000141e+01
1.421089799999999968e+03,5.793959999999999866e+01
1.421092300000000023e+03,5.796820000000000306e+01
1.421094700000000103e+03,5.800829999999999842e+01
1.421097199999999930e+03,5.805109999999999815e+01
1.421099600000000009e+03,5.807359999999999900e+01
1.421102100000000064e+03,5.805120000000000147e+01
1.421104499999999916e+03,5.796840000000000259e+01
1.421106899999999996e+03,5.782000000000000028e+01
1.421109400000000051e+03,5.762480000000000047e+01
1.421111799999999903e+03,5.743280000000000030e+01
1.421114299999999957e+03,5.728320000000000078e+01
1.421116700000000037e+03,5.715259999999999962e+01
1.421119099999999889e+03,5.698619999999999663e+01
1.421121599999999944e+03,5.678509999999999991e+01
1.421124000000000024e+03,5.662019999999999698e+01
1.421126500000000078e+03,5.654769999999999897e+01
1.421128899999999931e+03,5.654999999999999716e+01
1.421131300000000010e+03,5.657439999999999714e+01
1.421133800000000065e+03,5.659899999999999665e+01
1.421136199999999917e+03,5.663089999999999691e+01
1.421138699999999972e+03,5.665870000000000317e+01
1.421141100000000051e+03,5.664300000000000068e+01
1.421143600000000106e+03,5.656099999999999994e+01
1.421145999999999958e+03,5.644440000000000168e+01
1.421148400000000038e+03,5.635909999999999798e+01
1.421150900000000092e+03,5.634890000000000043e+01
1.421153299999999945e+03,5.640079999999999671e+01
1.421155799999999999e+03,5.646589999999999776e+01
1.421158200000000079e+03,5.650780000000000314e+01
1.421160599999999931e+03,5.652689999999999770e+01
1.421163099999999986e+03,5.654469999999999885e+01
1.421165500000000065e+03,5.657300000000000040e+01
1.421167999999999893e+03,5.660150000000000148e+01
1.421170399999999972e+03,5.660909999999999798e+01
1.421172900000000027e+03,5.658270000000000266e+01
1.421175300000000107e+03,5.652609999999999957e+01
1.421177699999999959e+03,5.645479999999999876e+01
1.421180200000000013e+03,5.639200000000000301e+01
1.421182600000000093e+03,5.636359999999999815e+01
1.421185099999999920e+03,5.638530000000000086e+01
1.421187500000000000e+03,5.644350000000000023e+01
1.421189900000000080e+03,5.649960000000000093e+01
1.421192399999999907e+03,5.652750000000000341e+01
1.421194799999999987e+03,5.653499999999999659e+01
1.421197300000000041e+03,5.653450000000000131e+01
1.421199699999999893e+03,5.651389999999999958e+01
1.421202099999999973e+03,5.645490000000000208e+01
1.421204600000000028e+03,5.636769999999999925e+01
1.421207000000000107e+03,5.628699999999999903e+01
1.421209499999999935e+03,5.623810000000000286e+01
1.421211900000000014e+03,5.621500000000000341e+01
1.421214400000000069e+03,5.619230000000000302e+01
1.421216799999999921e+03,5.614900000000000091e+01
1.421219200000000001e+03,5.608859999999999957e+01
1.421221700000000055e+03,5.603929999999999723e+01
1.421224099999999908e+03,5.602590000000000003e+01
1.421226599999999962e+03,5.603670000000000329e+01
1.421229000000000042e+03,5.603289999999999793e+01
1.421231399999999894e+03,5.599640000000000128e+01
1.421233899999999949e+03,5.594850000000000279e+01
1.421236300000000028e+03,5.591960000000000264e+01
1.421238800000000083e+03,5.592450000000000188e+01
1.421241199999999935e+03,5.597079999999999700e+01
1.421243699999999990e+03,5.606130000000000280e+01
1.421246100000000069e+03,5.617660000000000053e+01
1.421248499999999922e+03,5.626279999999999859e+01
1.421250999999999976e+03,5.625439999999999685e+01
1.421253400000000056e+03,5.613250000000000028e+01
1.421255900000000111e+03,5.596340000000000003e+01
1.421258299999999963e+03,5.586509999999999820e+01
1.421260700000000043e+03,5.592150000000000176e+01
1.421263200000000097e+03,5.611869999999999692e+01
1.421265599999999949e+03,5.634879999999999711e+01
1.421268100000000004e+03,5.647639999999999816e+01
1.421270500000000084e+03,5.642199999999999704e+01
1.421272899999999936e+03,5.621719999999999828e+01
1.421275399999999991e+03,5.599589999999999890e+01
1.421277800000000070e+03,5.590890000000000271e+01
1.421280299999999897e+03,5.601129999999999853e+01
1.421282699999999977e+03,5.622500000000000142e+01
1.421285200000000032e+03,5.640959999999999752e+01
1.421287600000000111e+03,5.647670000000000101e+01
1.421289999999999964e+03,5.644109999999999872e+01
1.421292500000000018e+03,5.637830000000000297e+01
1.421294900000000098e+03,5.634720000000000084e+01
1.421297399999999925e+03,5.635600000000000165e+01
1.421299800000000005e+03,5.638459999999999894e+01
1.421302200000000084e+03,5.641349999999999909e+01
1.421304699999999912e+03,5.642240000000000322e+01
1.421307099999999991e+03,5.638629999999999853e+01
1.421309600000000046e+03,5.630049999999999955e+01
1.421311999999999898e+03,5.620490000000000208e+01
1.421314499999999953e+03,5.615189999999999770e+01
1.421316900000000032e+03,5.614159999999999684e+01
1.421319300000000112e+03,5.611350000000000193e+01
1.421321799999999939e+03,5.600939999999999941e+01
1.421324200000000019e+03,5.582289999999999708e+01
1.421326700000000073e+03,5.558780000000000143e+01
1.421329099999999926e+03,5.535260000000000247e+01
1.421331500000000005e+03,5.517860000000000298e+01
1.421334000000000060e+03,5.511860000000000070e+01
1.421336399999999912e+03,5.517320000000000135e+01
1.421338899999999967e+03,5.529140000000000299e+01
1.421341300000000047e+03,5.542690000000000339e+01
1.421343800000000101e+03,5.556680000000000064e+01
1.421346199999999953e+03,5.569980000000000331e+01
1.421348600000000033e+03,5.580199999999999960e+01
1.421351100000000088e+03,5.587030000000000030e+01
1.421353499999999940e+03,5.593739999999999668e+01
1.421355999999999995e+03,5.603249999999999886e+01
1.421358400000000074e+03,5.614889999999999759e+01
1.421360799999999927e+03,5.625820000000000221e+01
1.421363299999999981e+03,5.633200000000000074e+01
1.421365700000000061e+03,5.633800000000000097e+01
1.421368199999999888e+03,5.624580000000000268e+01
1.421370599999999968e+03,5.606499999999999773e+01
1.421373000000000047e+03,5.586679999999999779e+01
1.421375500000000102e+03,5.573510000000000275e+01
1.421377899999999954e+03,5.569579999999999842e+01
1.421380400000000009e+03,5.570969999999999800e+01
1.421382800000000088e+03,5.573219999999999885e+01
1.421385299999999916e+03,5.575480000000000302e+01
1.421387699999999995e+03,5.578940000000000055e+01
1.421390100000000075e+03,5.583019999999999783e+01
1.421392599999999902e+03,5.584839999999999804e+01
1.421394999999999982e+03,5.582840000000000202e+01
1.421397500000000036e+03,5.580789999999999651e+01
1.421399899999999889e+03,5.585889999999999844e+01
1.421402299999999968e+03,5.601189999999999714e+01
1.421404800000000023e+03,5.620729999999999649e+01
1.421407200000000103e+03,5.634609999999999985e+01
1.421409699999999930e+03,5.638750000000000284e+01
1.421412100000000009e+03,5.637669999999999959e+01
1.421414600000000064e+03,5.638580000000000325e+01
1.421416999999999916e+03,5.645409999999999684e+01
1.421419399999999996e+03,5.657419999999999760e+01
1.421421900000000051e+03,5.669819999999999993e+01
1.421424299999999903e+03,5.676409999999999911e+01
1.421426799999999957e+03,5.674360000000000070e+01
1.421429200000000037e+03,5.666960000000000264e+01
1.421431599999999889e+03,5.659559999999999746e+01
1.421434099999999944e+03,5.653269999999999840e+01
1.421436500000000024e+03,5.645210000000000150e+01
1.421439000000000078e+03,5.635309999999999775e+01
1.421441399999999931e+03,5.628649999999999665e+01
1.421443800000000010e+03,5.629339999999999833e+01
1.421446300000000065e+03,5.635070000000000334e+01
1.421448699999999917e+03,5.639600000000000080e+01
1.421451199999999972e+03,5.638040000000000163e+01
1.421453600000000051e+03,5.629789999999999850e+01
1.421456100000000106e+03,5.618630000000000280e+01
1.421458499999999958e+03,5.610589999999999833e+01
1.421460900000000038e+03,5.610360000000000014e+01
1.421463400000000092e+03,5.619570000000000221e+01
1.421465799999999945e+03,5.637570000000000192e+01
1.421468299999999999e+03,5.661800000000000210e+01
1.421470700000000079e+03,5.686330000000000240e+01
1.421473099999999931e+03,5.701769999999999783e+01
1.421475599999999986e+03,5.699880000000000280e+01
1.421478000000000065e+03,5.680740000000000123e+01
1.421480499999999893e+03,5.654910000000000281e+01
1.421482899999999972e+03,5.636789999999999878e+01
1.421485400000000027e+03,5.634499999999999886e+01
1.421487800000000107e+03,5.644809999999999661e+01
1.421490199999999959e+03,5.656830000000000069e+01
1.421492700000000013e+03,5.661119999999999663e+01
1.421495100000000093e+03,5.655859999999999843e+01
1.421497599999999920e+03,5.645580000000000354e+01
1.421500000000000000e+03,5.636260000000000048e+01
1.421502400000000080e+03,5.632580000000000098e+01
1.421504899999999907e+03,5.637539999999999907e+01
1.421507299999999987e+03,5.651370000000000005e+01
1.421509800000000041e+03,5.670479999999999876e+01
1.421512199999999893e+03,5.688389999999999702e+01
1.421514599999999973e+03,5.698449999999999704e+01
1.421517100000000028e+03,5.697090000000000032e+01
1.421519500000000107e+03,5.685889999999999844e+01
1.421521999999999935e+03,5.670879999999999654e+01
1.421524400000000014e+03,5.658709999999999951e+01
1.421526900000000069e+03,5.652230000000000132e+01
1.421529299999999921e+03,5.648960000000000292e+01
1.421531700000000001e+03,5.644019999999999726e+01
1.421534200000000055e+03,5.635229999999999961e+01
1.421536599999999908e+03,5.625540000000000163e+01
1.421539099999999962e+03,5.620029999999999859e+01
1.421541500000000042e+03,5.620519999999999783e+01
1.421543899999999894e+03,5.623049999999999926e+01
1.421546399999999949e+03,5.620770000000000266e+01
1.421548800000000028e+03,5.610520000000000351e+01
1.421551300000000083e+03,5.597240000000000038e+01
1.421553699999999935e+03,5.591159999999999997e+01
1.421556199999999990e+03,5.598780000000000001e+01
1.421558600000000069e+03,5.616049999999999898e+01
1.421560999999999922e+03,5.630760000000000076e+01
1.421563499999999976e+03,5.632439999999999714e+01
1.421565900000000056e+03,5.620329999999999870e+01
1.421568400000000111e+03,5.602320000000000277e+01
1.421570799999999963e+03,5.588080000000000069e+01
1.421573200000000043e+03,5.584830000000000183e+01
1.421575700000000097e+03,5.596719999999999828e+01
1.421578099999999949e+03,5.623799999999999955e+01
1.421580600000000004e+03,5.659839999999999804e+01
1.421583000000000084e+03,5.693469999999999942e+01
1.421585399999999936e+03,5.713600000000000279e+01
1.421587899999999991e+03,5.715299999999999869e+01
1.421590300000000070e+03,5.701630000000000109e+01
1.421592799999999897e+03,5.680530000000000257e+01
1.421595199999999977e+03,5.659770000000000323e+01
1.421597700000000032e+03,5.643820000000000192e+01
1.421600100000000111e+03,5.633599999999999852e+01
1.421602499999999964e+03,5.627649999999999864e+01
1.421605000000000018e+03,5.623499999999999943e+01
1.421607400000000098e+03,5.618769999999999953e+01
1.421609899999999925e+03,5.612369999999999948e+01
1.421612300000000005e+03,5.604379999999999740e+01
1.421614700000000084e+03,5.594749999999999801e+01
1.421617199999999912e+03,5.583189999999999742e+01
1.421619599999999991e+03,5.571949999999999648e+01
1.421622100000000046e+03,5.567620000000000147e+01
1.421624499999999898e+03,5.577559999999999718e+01
1.421626999999999953e+03,5.602190000000000225e+01
1.421629400000000032e+03,5.632269999999999754e+01
1.421631800000000112e+03,5.656320000000000192e+01
1.421634299999999939e+03,5.670259999999999678e+01
1.421636700000000019e+03,5.677309999999999945e+01
1.421639200000000073e+03,5.680760000000000076e+01
1.421641599999999926e+03,5.680499999999999972e+01
1.421644000000000005e+03,5.675769999999999982e+01
1.421646500000000060e+03,5.667710000000000292e+01
1.421648899999999912e+03,5.658520000000000039e+01
1.421651399999999967e+03,5.649329999999999785e+01
1.421653800000000047e+03,5.640149999999999864e+01
1.421656199999999899e+03,5.631400000000000006e+01
1.421658699999999953e+03,5.624139999999999873e+01
1.421661100000000033e+03,5.618750000000000000e+01
1.421663600000000088e+03,5.614509999999999934e+01
1.421665999999999940e+03,5.611569999999999681e+01
1.421668499999999995e+03,5.611939999999999884e+01
1.421670900000000074e+03,5.617170000000000130e+01
1.421673299999999927e+03,5.625359999999999872e+01
1.421675799999999981e+03,5.631159999999999854e+01
1.421678200000000061e+03,5.629120000000000346e+01
1.421680699999999888e+03,5.618139999999999645e+01
1.421683099999999968e+03,5.603719999999999857e+01
1.421685500000000047e+03,5.595320000000000249e+01
1.421688000000000102e+03,5.599699999999999989e+01
1.421690399999999954e+03,5.615449999999999875e+01
1.421692900000000009e+03,5.634989999999999810e+01
1.421695300000000088e+03,5.652870000000000061e+01
1.421697799999999916e+03,5.669930000000000092e+01
1.421700199999999995e+03,5.687769999999999726e+01
1.421702600000000075e+03,5.703190000000000026e+01
1.421705099999999902e+03,5.712030000000000030e+01
1.421707499999999982e+03,5.714889999999999759e+01
1.421710000000000036e+03,5.714929999999999666e+01
1.421712399999999889e+03,5.711789999999999878e+01
1.421714799999999968e+03,5.701400000000000290e+01
1.421717300000000023e+03,5.680960000000000321e+01
1.421719700000000103e+03,5.652219999999999800e+01
1.421722199999999930e+03,5.621139999999999759e+01
1.421724600000000009e+03,5.596170000000000044e+01
1.421727100000000064e+03,5.584150000000000347e+01
1.421729499999999916e+03,5.584920000000000329e+01
1.421731899999999996e+03,5.591720000000000113e+01
1.421734400000000051e+03,5.599219999999999686e+01
1.421736799999999903e+03,5.608539999999999992e+01
1.421739299999999957e+03,5.621820000000000306e+01
1.421741700000000037e+03,5.635269999999999868e+01
1.421744099999999889e+03,5.642240000000000322e+01
1.421746599999999944e+03,5.641790000000000305e+01
1.421749000000000024e+03,5.640030000000000143e+01
1.421751500000000078e+03,5.642349999999999710e+01
1.421753899999999931e+03,5.646999999999999886e+01
1.421756300000000010e+03,5.647180000000000177e+01
1.421758800000000065e+03,5.638349999999999795e+01
1.421761199999999917e+03,5.622429999999999950e+01
1.421763699999999972e+03,5.605120000000000147e+01
1.421766100000000051e+03,5.592040000000000077e+01
1.421768600000000106e+03,5.588609999999999900e+01
1.421770999999999958e+03,5.599779999999999802e+01
1.421773400000000038e+03,5.625079999999999814e+01
1.421775900000000092e+03,5.654639999999999844e+01
1.421778299999999945e+03,5.675160000000000338e+01
1.421780799999999999e+03,5.681450000000000244e+01
1.421783200000000079e+03,5.680270000000000152e+01
1.421785599999999931e+03,5.682209999999999894e+01
1.421788099999999986e+03,5.692159999999999798e+01
1.421790500000000065e+03,5.707139999999999702e+01
1.421792999999999893e+03,5.719870000000000232e+01
1.421795399999999972e+03,5.724119999999999919e+01
1.421797900000000027e+03,5.719709999999999894e+01
1.421800300000000107e+03,5.712919999999999732e+01
1.421802699999999959e+03,5.710130000000000194e+01
1.421805200000000013e+03,5.711740000000000350e+01
1.421807600000000093e+03,5.712230000000000274e+01
1.421810099999999920e+03,5.704189999999999827e+01
1.421812500000000000e+03,5.682039999999999935e+01
1.421814900000000080e+03,5.646300000000000097e+01
1.421817399999999907e+03,5.606889999999999930e+01
1.421819799999999987e+03,5.579820000000000135e+01
1.421822300000000041e+03,5.577400000000000091e+01
1.421824699999999893e+03,5.600039999999999907e+01
1.421827099999999973e+03,5.636149999999999949e+01
1.421829600000000028e+03,5.668820000000000192e+01
1.421832000000000107e+03,5.685280000000000200e+01
1.421834499999999935e+03,5.684250000000000114e+01
1.421836900000000014e+03,5.675560000000000116e+01
1.421839400000000069e+03,5.670750000000000313e+01
1.421841799999999921e+03,5.673109999999999786e+01
1.421844200000000001e+03,5.677420000000000044e+01
1.421846700000000055e+03,5.678309999999999746e+01
1.421849099999999908e+03,5.676380000000000337e+01
1.421851599999999962e+03,5.675630000000000308e+01
1.421854000000000042e+03,5.676959999999999695e+01
1.421856399999999894e+03,5.677759999999999962e+01
1.421858899999999949e+03,5.678240000000000265e+01
1.421861300000000028e+03,5.683870000000000289e+01
1.421863800000000083e+03,5.697990000000000066e+01
1.421866199999999935e+03,5.714150000000000063e+01
1.421868699999999990e+03,5.719890000000000185e+01
1.421871100000000069e+03,5.708740000000000236e+01
1.421873499999999922e+03,5.686350000000000193e+01
1.421875999999999976e+03,5.664939999999999998e+01
1.421878400000000056e+03,5.653419999999999845e+01
1.421880900000000111e+03,5.652600000000000335e+01
1.421883299999999963e+03,5.656799999999999784e+01
1.421885700000000043e+03,5.659490000000000265e+01
1.421888200000000097e+03,5.659000000000000341e+01
1.421890599999999949e+03,5.658910000000000196e+01
1.421893100000000004e+03,5.661390000000000100e+01
1.421895500000000084e+03,5.663069999999999737e+01
1.421897899999999936e+03,5.660750000000000171e+01
1.421900399999999991e+03,5.658039999999999736e+01
1.421902800000000070e+03,5.661630000000000251e+01
1.421905299999999897e+03,5.672079999999999700e+01
1.421907699999999977e+03,5.682200000000000273e+01
1.421910200000000032e+03,5.685130000000000194e+01
1.421912600000000111e+03,5.681289999999999907e+01
1.421914999999999964e+03,5.676189999999999714e+01
1.421917500000000018e+03,5.673140000000000072e+01
1.421919900000000098e+03,5.669939999999999714e+01
1.421922399999999925e+03,5.662480000000000047e+01
1.421924800000000005e+03,5.649960000000000093e+01
1.421927200000000084e+03,5.636269999999999669e+01
1.421929699999999912e+03,5.627219999999999800e+01
1.421932099999999991e+03,5.626489999999999725e+01
1.421934600000000046e+03,5.633689999999999998e+01
1.421936999999999898e+03,5.645729999999999649e+01
1.421939499999999953e+03,5.659499999999999886e+01
1.421941900000000032e+03,5.673010000000000019e+01
1.421944300000000112e+03,5.684870000000000090e+01
1.421946799999999939e+03,5.694030000000000058e+01
1.421949200000000019e+03,5.699609999999999843e+01
1.421951700000000073e+03,5.700580000000000069e+01
1.421954099999999926e+03,5.696659999999999968e+01
1.421956500000000005e+03,5.688920000000000243e+01
1.421959000000000060e+03,5.678940000000000055e+01
1.421961399999999912e+03,5.667860000000000298e+01
1.421963899999999967e+03,5.656969999999999743e+01
1.421966300000000047e+03,5.648720000000000141e+01
1.421968800000000101e+03,5.645920000000000272e+01
1.421971199999999953e+03,5.649040000000000106e+01
1.421973600000000033e+03,5.655169999999999675e+01
1.421976100000000088e+03,5.660190000000000055e+01
1.421978499999999940e+03,5.661889999999999645e+01
1.421980999999999995e+03,5.660199999999999676e+01
1.421983400000000074e+03,5.656060000000000088e+01
1.421985799999999927e+03,5.651480000000000103e+01
1.421988299999999981e+03,5.649080000000000013e+01
1.421990700000000061e+03,5.650200000000000244e+01
1.421993199999999888e+03,5.654270000000000351e+01
1.421995599999999968e+03,5.659899999999999665e+01
1.421998000000000047e+03,5.665460000000000207e+01
1.422000500000000102e+03,5.668959999999999866e+01
1.422002899999999954e+03,5.668130000000000024e+01
1.422005400000000009e+03,5.661169999999999902e+01
1.422007800000000088e+03,5.649139999999999873e+01
1.422010299999999916e+03,5.637769999999999726e+01
1.422012699999999995e+03,5.633979999999999677e+01
1.422015100000000075e+03,5.639249999999999829e+01
1.422017599999999902e+03,5.648479999999999990e+01
1.422019999999999982e+03,5.655380000000000251e+01
1.422022500000000036e+03,5.656550000000000011e+01
1.422024899999999889e+03,5.651530000000000342e+01
1.422027299999999968e+03,5.643449999999999989e+01
1.422029800000000023e+03,5.639419999999999789e+01
1.422032200000000103e+03,5.645660000000000167e+01
1.422034699999999930e+03,5.661240000000000094e+01
1.422037100000000009e+03,5.678179999999999694e+01
1.422039600000000064e+03,5.687519999999999953e+01
1.422041999999999916e+03,5.684850000000000136e+01
1.422044399999999996e+03,5.671880000000000166e+01
1.422046900000000051e+03,5.654540000000000077e+01
1.422049299999999903e+03,5.639600000000000080e+01
1.422051799999999957e+03,5.631909999999999883e+01
1.422054200000000037e+03,5.633120000000000260e+01
1.422056599999999889e+03,5.642029999999999745e+01
1.422059099999999944e+03,5.656479999999999819e+01
1.422061500000000024e+03,5.674620000000000175e+01
1.422064000000000078e+03,5.694339999999999691e+01
1.422066399999999931e+03,5.711950000000000216e+01
1.422068800000000010e+03,5.722070000000000078e+01
1.422071300000000065e+03,5.719709999999999894e+01
1.422073699999999917e+03,5.703810000000000002e+01
1.422076199999999972e+03,5.678970000000000340e+01
1.422078600000000051e+03,5.653790000000000049e+01
1.422081100000000106e+03,5.636749999999999972e+01
1.422083499999999958e+03,5.632319999999999993e+01
1.422085900000000038e+03,5.639699999999999847e+01
1.422088400000000092e+03,5.654500000000000171e+01
1.422090799999999945e+03,5.671119999999999806e+01
1.422093299999999999e+03,5.684340000000000259e+01
1.422095700000000079e+03,5.691140000000000043e+01
1.422098099999999931e+03,5.692349999999999710e+01
1.422100599999999986e+03,5.690930000000000177e+01
1.422103000000000065e+03,5.688669999999999760e+01
1.422105499999999893e+03,5.686500000000000199e+01
1.422107899999999972e+03,5.686869999999999692e+01
1.422110400000000027e+03,5.692159999999999798e+01
1.422112800000000107e+03,5.699739999999999895e+01
1.422115199999999959e+03,5.701950000000000074e+01
1.422117700000000013e+03,5.693130000000000024e+01
1.422120100000000093e+03,5.675130000000000052e+01
1.422122599999999920e+03,5.654729999999999990e+01
1.422125000000000000e+03,5.637169999999999703e+01
1.422127400000000080e+03,5.623890000000000100e+01
1.422129899999999907e+03,5.615910000000000224e+01
1.422132299999999987e+03,5.616109999999999758e+01
1.422134800000000041e+03,5.625480000000000302e+01
1.422137199999999893e+03,5.638960000000000150e+01
1.422139599999999973e+03,5.648859999999999815e+01
1.422142100000000028e+03,5.652170000000000272e+01
1.422144500000000107e+03,5.652170000000000272e+01
1.422146999999999935e+03,5.653199999999999648e+01
1.422149400000000014e+03,5.655340000000000344e+01
1.422151900000000069e+03,5.654090000000000060e+01
1.422154299999999921e+03,5.645420000000000016e+01
1.422156700000000001e+03,5.632410000000000139e+01
1.422159200000000055e+03,5.625110000000000099e+01
1.422161599999999908e+03,5.631260000000000332e+01
1.422164099999999962e+03,5.648040000000000305e+01
1.422166500000000042e+03,5.665140000000000242e+01
1.422168899999999894e+03,5.674640000000000128e+01
1.422171399999999949e+03,5.676200000000000045e+01
1.422173800000000028e+03,5.673490000000000322e+01
1.422176300000000083e+03,5.667999999999999972e+01
1.422178699999999935e+03,5.657289999999999708e+01
1.422181199999999990e+03,5.639800000000000324e+01
1.422183600000000069e+03,5.619830000000000325e+01
1.422185999999999922e+03,5.605310000000000059e+01
1.422188499999999976e+03,5.600710000000000122e+01
1.422190900000000056e+03,5.603750000000000142e+01
1.422193400000000111e+03,5.608559999999999945e+01
1.422195799999999963e+03,5.610649999999999693e+01
1.422198200000000043e+03,5.609830000000000183e+01
1.422200700000000097e+03,5.609239999999999782e+01
1.422203099999999949e+03,5.610520000000000351e+01
1.422205600000000004e+03,5.610450000000000159e+01
1.422208000000000084e+03,5.604719999999999658e+01
1.422210399999999936e+03,5.595029999999999859e+01
1.422212899999999991e+03,5.589759999999999707e+01
1.422215300000000070e+03,5.596260000000000190e+01
1.422217799999999897e+03,5.613660000000000139e+01
1.422220199999999977e+03,5.633850000000000335e+01
1.422222700000000032e+03,5.648850000000000193e+01
1.422225100000000111e+03,5.656909999999999883e+01
1.422227499999999964e+03,5.661290000000000333e+01
1.422230000000000018e+03,5.663389999999999702e+01
1.422232400000000098e+03,5.659510000000000218e+01
1.422234899999999925e+03,5.647030000000000172e+01
1.422237300000000005e+03,5.631110000000000326e+01
1.422239700000000084e+03,5.620790000000000219e+01
1.422242199999999912e+03,5.619850000000000279e+01
1.422244599999999991e+03,5.625289999999999679e+01
1.422247100000000046e+03,5.632690000000000197e+01
1.422249499999999898e+03,5.639450000000000074e+01
1.422251999999999953e+03,5.644769999999999754e+01
1.422254400000000032e+03,5.648879999999999768e+01
1.422256800000000112e+03,5.651570000000000249e+01
1.422259299999999939e+03,5.651109999999999900e+01
1.422261700000000019e+03,5.645479999999999876e+01
1.422264200000000073e+03,5.634409999999999741e+01
1.422266599999999926e+03,5.619109999999999872e+01
1.422269000000000005e+03,5.600840000000000174e+01
1.422271500000000060e+03,5.581139999999999901e+01
1.422273899999999912e+03,5.562800000000000011e+01
1.422276399999999967e+03,5.549280000000000257e+01
1.422278800000000047e+03,5.542920000000000158e+01
1.422281199999999899e+03,5.543800000000000239e+01
1.422283699999999953e+03,5.549860000000000326e+01
1.422286100000000033e+03,5.558039999999999736e+01
1.422288600000000088e+03,5.566879999999999740e+01
1.422290999999999940e+03,5.578359999999999985e+01
1.422293499999999995e+03,5.595150000000000290e+01
1.422295900000000074e+03,5.614659999999999940e+01
1.422298299999999927e+03,5.628659999999999997e+01
1.422300799999999981e+03,5.631669999999999732e+01
1.422303200000000061e+03,5.627559999999999718e+01
1.422305699999999888e+03,5.624600000000000222e+01
1.422308099999999968e+03,5.626039999999999708e+01
1.422310500000000047e+03,5.628970000000000340e+01
1.422313000000000102e+03,5.631049999999999756e+01
1.422315399999999954e+03,5.633910000000000196e+01
1.422317900000000009e+03,5.639390000000000214e+01
1.422320300000000088e+03,5.645309999999999917e+01
1.422322799999999916e+03,5.646679999999999922e+01
1.422325199999999995e+03,5.640789999999999793e+01
1.422327600000000075e+03,5.631450000000000244e+01
1.422330099999999902e+03,5.627550000000000097e+01
1.422332499999999982e+03,5.635229999999999961e+01
1.422335000000000036e+03,5.651729999999999876e+01
1.422337399999999889e+03,5.668050000000000210e+01
1.422339799999999968e+03,5.676729999999999876e+01
1.422342300000000023e+03,5.675589999999999691e+01
1.422344700000000103e+03,5.665890000000000271e+01
1.422347199999999930e+03,5.649790000000000134e+01
1.422349600000000009e+03,5.629740000000000322e+01
1.422352100000000064e+03,5.607840000000000202e+01
1.422354499999999916e+03,5.585629999999999740e+01
1.422356899999999996e+03,5.566329999999999956e+01
1.422359400000000051e+03,5.556430000000000291e+01
1.422361799999999903e+03,5.561529999999999774e+01
1.422364299999999957e+03,5.580599999999999739e+01
1.422366700000000037e+03,5.607229999999999848e+01
1.422369099999999889e+03,5.635349999999999682e+01
1.422371599999999944e+03,5.661180000000000234e+01
1.422374000000000024e+03,5.680550000000000210e+01
1.422376500000000078e+03,5.688629999999999853e+01
1.422378899999999931e+03,5.683539999999999992e+01
1.422381300000000010e+03,5.669369999999999976e+01
1.422383800000000065e+03,5.654229999999999734e+01
1.422386199999999917e+03,5.644879999999999853e+01
1.422388699999999972e+03,5.642629999999999768e+01
1.422391100000000051e+03,5.644509999999999650e+01
1.422393600000000106e+03,5.647919999999999874e+01
1.422395999999999958e+03,5.652609999999999957e+01
1.422398400000000038e+03,5.657650000000000290e+01
1.422400900000000092e+03,5.659499999999999886e+01
1.422403299999999945e+03,5.655539999999999878e+01
1.422405799999999999e+03,5.648190000000000310e+01
1.422408200000000079e+03,5.643079999999999785e+01
1.422410599999999931e+03,5.643430000000000035e+01
1.422413099999999986e+03,5.647420000000000329e+01
1.422415500000000065e+03,5.651500000000000057e+01
1.422417999999999893e+03,5.654379999999999740e+01
1.422420399999999972e+03,5.656250000000000000e+01
1.422422900000000027e+03,5.656340000000000146e+01
1.422425300000000107e+03,5.654039999999999822e+01
1.422427699999999959e+03,5.650990000000000180e+01
1.422430200000000013e+03,5.649929999999999808e+01
1.422432600000000093e+03,5.651959999999999695e+01
1.422435099999999920e+03,5.655910000000000082e+01
1.422437500000000000e+03,5.659830000000000183e+01
1.422439900000000080e+03,5.662819999999999965e+01
1.422442399999999907e+03,5.665200000000000102e+01
1.422444799999999987e+03,5.666460000000000008e+01
1.422447300000000041e+03,5.664180000000000348e+01
1.422449699999999893e+03,5.656419999999999959e+01
1.422452099999999973e+03,5.644870000000000232e+01
1.422454600000000028e+03,5.634940000000000282e+01
1.422457000000000107e+03,5.632529999999999859e+01
1.422459499999999935e+03,5.639829999999999899e+01
1.422461900000000014e+03,5.653490000000000038e+01
1.422464400000000069e+03,5.666980000000000217e+01
1.422466799999999921e+03,5.675350000000000250e+01
1.422469200000000001e+03,5.678199999999999648e+01
1.422471700000000055e+03,5.678620000000000090e+01
1.422474099999999908e+03,5.679249999999999687e+01
1.422476599999999962e+03,5.679160000000000252e+01
1.422479000000000042e+03,5.674549999999999983e+01
1.422481399999999894e+03,5.663400000000000034e+01
1.422483899999999949e+03,5.648570000000000135e+01
1.422486300000000028e+03,5.634749999999999659e+01
1.422488800000000083e+03,5.623910000000000053e+01
1.422491199999999935e+03,5.616470000000000340e+01
1.422493699999999990e+03,5.615050000000000097e+01
1.422496100000000069e+03,5.622460000000000235e+01
1.422498499999999922e+03,5.635640000000000072e+01
1.422500999999999976e+03,5.644919999999999760e+01
1.422503400000000056e+03,5.641559999999999775e+01
1.422505900000000111e+03,5.625580000000000069e+01
1.422508299999999963e+03,5.605579999999999785e+01
1.422510700000000043e+03,5.591700000000000159e+01
1.422513200000000097e+03,5.588719999999999999e+01
1.422515599999999949e+03,5.594109999999999872e+01
1.422518100000000004e+03,5.601209999999999667e+01
1.422520500000000084e+03,5.604789999999999850e+01
1.422522899999999936e+03,5.605259999999999820e+01
1.422525399999999991e+03,5.608599999999999852e+01
1.422527800000000070e+03,5.621309999999999718e+01
1.422530299999999897e+03,5.644350000000000023e+01
1.422532699999999977e+03,5.671410000000000196e+01
1.422535200000000032e+03,5.693439999999999657e+01
1.422537600000000111e+03,5.705069999999999908e+01
1.422539999999999964e+03,5.707600000000000051e+01
1.422542500000000018e+03,5.706410000000000338e+01
1.422544900000000098e+03,5.705259999999999820e+01
1.422547399999999925e+03,5.702259999999999707e+01
1.422549800000000005e+03,5.692179999999999751e+01
1.422552200000000084e+03,5.673819999999999908e+01
1.422554699999999912e+03,5.654019999999999868e+01
1.422557099999999991e+03,5.643030000000000257e+01
1.422559600000000046e+03,5.646529999999999916e+01
1.422561999999999898e+03,5.662049999999999983e+01
1.422564499999999953e+03,5.682240000000000180e+01
1.422566900000000032e+03,5.699960000000000093e+01
1.422569300000000112e+03,5.710510000000000019e+01
1.422571799999999939e+03,5.711370000000000147e+01
1.422574200000000019e+03,5.702680000000000149e+01
1.422576700000000073e+03,5.687919999999999732e+01
1.422579099999999926e+03,5.672500000000000142e+01
1.422581500000000005e+03,5.660900000000000176e+01
1.422584000000000060e+03,5.654690000000000083e+01
1.422586399999999912e+03,5.652620000000000289e+01
1.422588899999999967e+03,5.651989999999999981e+01
1.422591300000000047e+03,5.650339999999999918e+01
1.422593800000000101e+03,5.645790000000000219e+01
1.422596199999999953e+03,5.636740000000000350e+01
1.422598600000000033e+03,5.623590000000000089e+01
1.422601100000000088e+03,5.611019999999999897e+01
1.422603499999999940e+03,5.606260000000000332e+01
1.422605999999999995e+03,5.613470000000000226e+01
1.422608400000000074e+03,5.630709999999999837e+01
1.422610799999999927e+03,5.652380000000000138e+01
1.422613299999999981e+03,5.673429999999999751e+01
1.422615700000000061e+03,5.690789999999999793e+01
1.422618199999999888e+03,5.702109999999999701e+01
1.422620599999999968e+03,5.705169999999999675e+01
1.422623000000000047e+03,5.699790000000000134e+01
1.422625500000000102e+03,5.689540000000000219e+01
1.422627899999999954e+03,5.680319999999999681e+01
1.422630400000000009e+03,5.675529999999999831e+01
1.422632800000000088e+03,5.672999999999999687e+01
1.422635299999999916e+03,5.668319999999999936e+01
1.422637699999999995e+03,5.661370000000000147e+01
1.422640100000000075e+03,5.657289999999999708e+01
1.422642599999999902e+03,5.660549999999999926e+01
1.422644999999999982e+03,5.670100000000000051e+01
1.422647500000000036e+03,5.681569999999999965e+01
1.422649899999999889e+03,5.691960000000000264e+01
1.422652299999999968e+03,5.700769999999999982e+01
1.422654800000000023e+03,5.707780000000000342e+01
1.422657200000000103e+03,5.712140000000000128e+01
1.422659699999999930e+03,5.713459999999999894e+01
1.422662100000000009e+03,5.711619999999999919e+01
1.422664600000000064e+03,5.705799999999999983e+01
1.422666999999999916e+03,5.694890000000000185e+01
1.422669399999999996e+03,5.679569999999999652e+01
1.422671900000000051e+03,5.663629999999999853e+01
1.422674299999999903e+03,5.652799999999999869e+01
1.422676799999999957e+03,5.651019999999999754e+01
1.422679200000000037e+03,5.657659999999999911e+01
1.422681599999999889e+03,5.669019999999999726e+01
1.422684099999999944e+03,5.681439999999999912e+01
1.422686500000000024e+03,5.691210000000000235e+01
1.422689000000000078e+03,5.694299999999999784e+01
1.422691399999999931e+03,5.689540000000000219e+01
1.422693800000000010e+03,5.680749999999999744e+01
1.422696300000000065e+03,5.673930000000000007e+01
1.422698699999999917e+03,5.673539999999999850e+01
1.422701199999999972e+03,5.681089999999999662e+01
1.422703600000000051e+03,5.694539999999999935e+01
1.422706100000000106e+03,5.708330000000000126e+01
1.422708499999999958e+03,5.715460000000000207e+01
1.422710900000000038e+03,5.710810000000000031e+01
1.422713400000000092e+03,5.693739999999999668e+01
1.422715799999999945e+03,5.668439999999999657e+01
1.422718299999999999e+03,5.641799999999999926e+01
1.422720700000000079e+03,5.620949999999999847e+01
1.422723099999999931e+03,5.610990000000000322e+01
1.422725599999999986e+03,5.612460000000000093e+01
1.422728000000000065e+03,5.620909999999999940e+01
1.422730499999999893e+03,5.630810000000000315e+01
1.422732899999999972e+03,5.639809999999999945e+01
1.422735400000000027e+03,5.648160000000000025e+01
1.422737800000000107e+03,5.655380000000000251e+01
1.422740199999999959e+03,5.658970000000000056e+01
1.422742700000000013e+03,5.656490000000000151e+01
1.422745100000000093e+03,5.648100000000000165e+01
1.422747599999999920e+03,5.637850000000000250e+01
1.422750000000000000e+03,5.631530000000000058e+01
1.422752400000000080e+03,5.631980000000000075e+01
1.422754899999999907e+03,5.637500000000000000e+01
1.422757299999999987e+03,5.645510000000000161e+01
1.422759800000000041e+03,5.656159999999999854e+01
1.422762199999999893e+03,5.670720000000000027e+01
1.422764599999999973e+03,5.687760000000000105e+01
1.422767100000000028e+03,5.702819999999999823e+01
1.422769500000000107e+03,5.711789999999999878e+01
1.422771999999999935e+03,5.713660000000000139e+01
1.422774400000000014e+03,5.709449999999999648e+01
1.422776900000000069e+03,5.699589999999999890e+01
1.422779299999999921e+03,5.684499999999999886e+01
1.422781700000000001e+03,5.668090000000000117e+01
1.422784200000000055e+03,5.657450000000000045e+01
1.422786599999999908e+03,5.656710000000000349e+01
1.422789099999999962e+03,5.662530000000000285e+01
1.422791500000000042e+03,5.668269999999999698e+01
1.422793899999999894e+03,5.670949999999999847e+01
1.422796399999999949e+03,5.671779999999999688e+01
1.422798800000000028e+03,5.671809999999999974e+01
1.422801300000000083e+03,5.670349999999999824e+01
1.422803699999999935e+03,5.667519999999999669e+01
1.422806199999999990e+03,5.665690000000000026e+01
1.422808600000000069e+03,5.667499999999999716e+01
1.422810999999999922e+03,5.673469999999999658e+01
1.422813499999999976e+03,5.682330000000000325e+01
1.422815900000000056e+03,5.692289999999999850e+01
1.422818400000000111e+03,5.700390000000000157e+01
1.422820799999999963e+03,5.702429999999999666e+01
1.422823200000000043e+03,5.695389999999999731e+01
1.422825700000000097e+03,5.679410000000000025e+01
1.422828099999999949e+03,5.657719999999999771e+01
1.422830600000000004e+03,5.636630000000000251e+01
1.422833000000000084e+03,5.624360000000000070e+01
1.422835399999999936e+03,5.625419999999999732e+01
1.422837899999999991e+03,5.635070000000000334e+01
1.422840300000000070e+03,5.643119999999999692e+01
1.422842799999999897e+03,5.644230000000000302e+01
1.422845199999999977e+03,5.641680000000000206e+01
1.422847700000000032e+03,5.640160000000000196e+01
1.422850100000000111e+03,5.638589999999999947e+01
1.422852499999999964e+03,5.633010000000000161e+01
1.422855000000000018e+03,5.624900000000000233e+01
1.422857400000000098e+03,5.622780000000000200e+01
1.422859899999999925e+03,5.634230000000000160e+01
1.422862300000000005e+03,5.657000000000000028e+01
1.422864700000000084e+03,5.679079999999999728e+01
1.422867199999999912e+03,5.687980000000000302e+01
1.422869599999999991e+03,5.680559999999999832e+01
1.422872100000000046e+03,5.664589999999999748e+01
1.422874499999999898e+03,5.652230000000000132e+01
1.422876999999999953e+03,5.651680000000000348e+01
1.422879400000000032e+03,5.662859999999999872e+01
1.422881800000000112e+03,5.679350000000000165e+01
1.422884299999999939e+03,5.694630000000000081e+01
1.422886700000000019e+03,5.706459999999999866e+01
1.422889200000000073e+03,5.715650000000000119e+01
1.422891599999999926e+03,5.721759999999999735e+01
1.422894000000000005e+03,5.721159999999999712e+01
1.422896500000000060e+03,5.710520000000000351e+01
1.422898899999999912e+03,5.692580000000000240e+01
1.422901399999999967e+03,5.676380000000000337e+01
1.422903800000000047e+03,5.669169999999999732e+01
1.422906199999999899e+03,5.669519999999999982e+01
1.422908699999999953e+03,5.670270000000000010e+01
1.422911100000000033e+03,5.667309999999999803e+01
1.422913600000000088e+03,5.663409999999999656e+01
1.422915999999999940e+03,5.663490000000000180e+01
1.422918499999999995e+03,5.667439999999999856e+01
1.422920900000000074e+03,5.669109999999999872e+01
1.422923299999999927e+03,5.662219999999999942e+01
1.422925799999999981e+03,5.646399999999999864e+01
1.422928200000000061e+03,5.627049999999999841e+01
1.422930699999999888e+03,5.610360000000000014e+01
1.422933099999999968e+03,5.599349999999999739e+01
1.422935500000000047e+03,5.595130000000000337e+01
1.422938000000000102e+03,5.599320000000000164e+01
1.422940399999999954e+03,5.612720000000000198e+01
1.422942900000000009e+03,5.631960000000000122e+01
1.422945300000000088e+03,5.650359999999999872e+01
1.422947799999999916e+03,5.662819999999999965e+01
1.422950199999999995e+03,5.668639999999999901e+01
1.422952600000000075e+03,5.670069999999999766e+01
1.422955099999999902e+03,5.669700000000000273e+01
1.422957499999999982e+03,5.669420000000000215e+01
1.422960000000000036e+03,5.669859999999999900e+01
1.422962399999999889e+03,5.669919999999999760e+01
1.422964799999999968e+03,5.667860000000000298e+01
1.422967300000000023e+03,5.662890000000000157e+01
1.422969700000000103e+03,5.654449999999999932e+01
1.422972199999999930e+03,5.641870000000000118e+01
1.422974600000000009e+03,5.627879999999999683e+01
1.422977100000000064e+03,5.620759999999999934e+01
1.422979499999999916e+03,5.628770000000000095e+01
1.422981899999999996e+03,5.651639999999999731e+01
1.422984400000000051e+03,5.679760000000000275e+01
1.422986799999999903e+03,5.702369999999999806e+01
1.422989299999999957e+03,5.715840000000000032e+01
1.422991700000000037e+03,5.724660000000000082e+01
1.422994099999999889e+03,5.735439999999999827e+01
1.422996599999999944e+03,5.750460000000000349e+01
1.422999000000000024e+03,0.000000000000000000e+00
1.423001500000000078e+03,0.000000000000000000e+00
1.423003899999999931e+03,0.000000000000000000e+00
1.423006300000000010e+03,0.000000000000000000e+00
1.423008800000000065e+03,0.000000000000000000e+00
1.423011199999999917e+03,0.000000000000000000e+00
1.423013699999999972e+03,0.000000000000000000e+00
1.423016100000000051e+03,0.000000000000000000e+00
1.423018600000000106e+03,0.000000000000000000e+00
1.423020999999999958e+03,0.000000000000000000e+00
1.423023400000000038e+03,0.000000000000000000e+00
1.423025900000000092e+03,0.000000000000000000e+00
1.423028299999999945e+03,0.000000000000000000e+00
1.423030799999999999e+03,0.000000000000000000e+00
1.423033200000000079e+03,0.000000000000000000e+00
1.423035599999999931e+03,0.000000000000000000e+00
1.423038099999999986e+03,0.000000000000000000e+00
1.423040500000000065e+03,0.000000000000000000e+00
1.423042999999999893e+03,0.000000000000000000e+00
1.423045399999999972e+03,0.000000000000000000e+00
1.423047900000000027e+03,0.000000000000000000e+00
1.423050300000000107e+03,0.000000000000000000e+00
1.423052699999999959e+03,0.000000000000000000e+00
1.423055200000000013e+03,0.000000000000000000e+00
1.423057600000000093e+03,0.000000000000000000e+00
1.423060099999999920e+03,0.000000000000000000e+00
1.423062500000000000e+03,0.000000000000000000e+00
1.423064900000000080e+03,0.000000000000000000e+00
1.423067399999999907e+03,0.000000000000000000e+00
1.423069799999999987e+03,0.000000000000000000e+00
1.423072300000000041e+03,0.000000000000000000e+00
1.423074699999999893e+03,0.000000000000000000e+00
1.423077099999999973e+03,0.000000000000000000e+00
1.423079600000000028e+03,0.000000000000000000e+00
1.423082000000000107e+03,0.000000000000000000e+00
1.423084499999999935e+03,0.000000000000000000e+00
1.423086900000000014e+03,0.000000000000000000e+00
1.423089400000000069e+03,0.000000000000000000e+00
1.423091799999999921e+03,0.000000000000000000e+00
1.423094200000000001e+03,0.000000000000000000e+00
1.423096700000000055e+03,0.000000000000000000e+00
1.423099099999999908e+03,0.000000000000000000e+00
1.423101599999999962e+03,0.000000000000000000e+00
1.423104000000000042e+03,0.000000000000000000e+00
1.423106399999999894e+03,0.000000000000000000e+00
1.423108899999999949e+03,0.000000000000000000e+00
1.423111300000000028e+03,0.000000000000000000e+00
1.423113800000000083e+03,0.000000000000000000e+00
1.423116199999999935e+03,0.000000000000000000e+00
1.423118699999999990e+03,0.000000000000000000e+00
1.423121100000000069e+03,0.000000000000000000e+00
1.423123499999999922e+03,0.000000000000000000e+00
1.423125999999999976e+03,0.000000000000000000e+00
1.423128400000000056e+03,0.000000000000000000e+00
1.423130900000000111e+03,0.000000000000000000e+00
1.423133299999999963e+03,0.000000000000000000e+00
1.423135700000000043e+03,0.000000000000000000e+00
1.423138200000000097e+03,0.000000000000000000e+00
1.423140599999999949e+03,0.000000000000000000e+00
1.423143100000000004e+03,0.000000000000000000e+00
1.423145500000000084e+03,0.000000000000000000e+00
1.423147899999999936e+03,0.000000000000000000e+00
1.423150399999999991e+03,0.000000000000000000e+00
1.423152800000000070e+03,0.000000000000000000e+00
1.423155299999999897e+03,0.000000000000000000e+00
1.423157699999999977e+03,0.000000000000000000e+00
1.423160200000000032e+03,0.000000000000000000e+00
1.423162600000000111e+03,0.000000000000000000e+00
1.423164999999999964e+03,0.000000000000000000e+00
1.423167500000000018e+03,0.000000000000000000e+00
1.423169900000000098e+03,0.000000000000000000e+00
1.423172399999999925e+03,0.000000000000000000e+00
1.423174800000000005e+03,0.000000000000000000e+00
1.423177200000000084e+03,0.000000000000000000e+00
1.423179699999999912e+03,0.000000000000000000e+00
1.423182099999999991e+03,0.000000000000000000e+00
1.423184600000000046e+03,0.000000000000000000e+00
1.423186999999999898e+03,0.000000000000000000e+00
1.423189499999999953e+03,0.000000000000000000e+00
1.423191900000000032e+03,0.000000000000000000e+00
1.423194300000000112e+03,0.000000000000000000e+00
1.423196799999999939e+03,0.000000000000000000e+00
1.423199200000000019e+03,0.000000000000000000e+00
1.423201700000000073e+03,0.000000000000000000e+00
1.423204099999999926e+03,0.000000000000000000e+00
1.423206500000000005e+03,0.000000000000000000e+00
1.423209000000000060e+03,0.000000000000000000e+00
1.423211399999999912e+03,0.000000000000000000e+00
1.423213899999999967e+03,0.000000000000000000e+00
1.423216300000000047e+03,0.000000000000000000e+00
1.423218800000000101e+03,0.000000000000000000e+00
1.423221199999999953e+03,0.000000000000000000e+00
1.423223600000000033e+03,0.000000000000000000e+00
1.423226100000000088e+03,0.000000000000000000e+00
1.423228499999999940e+03,0.000000000000000000e+00
1.423230999999999995e+03,0.000000000000000000e+00
1.423233400000000074e+03,0.000000000000000000e+00
1.423235799999999927e+03,0.000000000000000000e+00
1.423238299999999981e+03,0.000000000000000000e+00
1.423240700000000061e+03,0.000000000000000000e+00
1.423243199999999888e+03,0.000000000000000000e+00
1.423245599999999968e+03,0.000000000000000000e+00
1.423248000000000047e+03,0.000000000000000000e+00
1.423250500000000102e+03,0.000000000000000000e+00
1.423252899999999954e+03,0.000000000000000000e+00
1.423255400000000009e+03,0.000000000000000000e+00
1.423257800000000088e+03,0.000000000000000000e+00
1.423260299999999916e+03,0.000000000000000000e+00
1.423262699999999995e+03,0.000000000000000000e+00
1.423265100000000075e+03,0.000000000000000000e+00
1.423267599999999902e+03,0.000000000000000000e+00
1.423269999999999982e+03,0.000000000000000000e+00
1.423272500000000036e+03,0.000000000000000000e+00
1.423274899999999889e+03,0.000000000000000000e+00
1.423277299999999968e+03,0.000000000000000000e+00
1.423279800000000023e+03,0.000000000000000000e+00
1.423282200000000103e+03,0.000000000000000000e+00
1.423284699999999930e+03,0.000000000000000000e+00
1.423287100000000009e+03,0.000000000000000000e+00
1.423289600000000064e+03,0.000000000000000000e+00
1.423291999999999916e+03,0.000000000000000000e+00
1.423294399999999996e+03,0.000000000000000000e+00
1.423296900000000051e+03,0.000000000000000000e+00
1.423299299999999903e+03,0.000000000000000000e+00
1.423301799999999957e+03,0.000000000000000000e+00
1.423304200000000037e+03,0.000000000000000000e+00
1.423306599999999889e+03,0.000000000000000000e+00
1.423309099999999944e+03,0.000000000000000000e+00
1.423311500000000024e+03,0.000000000000000000e+00
1.423314000000000078e+03,0.000000000000000000e+00
1.423316399999999931e+03,0.000000000000000000e+00
1.423318800000000010e+03,0.000000000000000000e+00
1.423321300000000065e+03,0.000000000000000000e+00
1.423323699999999917e+03,0.000000000000000000e+00
1.423326199999999972e+03,0.000000000000000000e+00
1.423328600000000051e+03,0.000000000000000000e+00
1.423331100000000106e+03,0.000000000000000000e+00
1.423333499999999958e+03,0.000000000000000000e+00
1.423335900000000038e+03,0.000000000000000000e+00
1.423338400000000092e+03,0.000000000000000000e+00
1.423340799999999945e+03,0.000000000000000000e+00
1.423343299999999999e+03,0.000000000000000000e+00
1.423345700000000079e+03,0.000000000000000000e+00
1.423348099999999931e+03,0.000000000000000000e+00
1.423350599999999986e+03,0.000000000000000000e+00
1.423353000000000065e+03,0.000000000000000000e+00
1.423355499999999893e+03,0.000000000000000000e+00
1.423357899999999972e+03,0.000000000000000000e+00
1.423360400000000027e+03,0.000000000000000000e+00
1.423362800000000107e+03,0.000000000000000000e+00
1.423365199999999959e+03,0.000000000000000000e+00
1.423367700000000013e+03,0.000000000000000000e+00
1.423370100000000093e+03,0.000000000000000000e+00
1.423372599999999920e+03,0.000000000000000000e+00
1.423375000000000000e+03,0.000000000000000000e+00
1.423377400000000080e+03,0.000000000000000000e+00
1.423379899999999907e+03,0.000000000000000000e+00
1.423382299999999987e+03,0.000000000000000000e+00
1.423384800000000041e+03,0.000000000000000000e+00
1.423387199999999893e+03,0.000000000000000000e+00
1.423389599999999973e+03,0.000000000000000000e+00
1.423392100000000028e+03,0.000000000000000000e+00
1.423394500000000107e+03,0.000000000000000000e+00
1.423396999999999935e+03,0.000000000000000000e+00
1.423399400000000014e+03,0.000000000000000000e+00
1.423401900000000069e+03,0.000000000000000000e+00
1.423404299999999921e+03,0.000000000000000000e+00
1.423406700000000001e+03,0.000000000000000000e+00
1.423409200000000055e+03,0.000000000000000000e+00
1.423411599999999908e+03,0.000000000000000000e+00
1.423414099999999962e+03,0.000000000000000000e+00
1.423416500000000042e+03,0.000000000000000000e+00
1.423418899999999894e+03,0.000000000000000000e+00
1.423421399999999949e+03,0.000000000000000000e+00
1.423423800000000028e+03,0.000000000000000000e+00
1.423426300000000083e+03,0.000000000000000000e+00
1.423428699999999935e+03,0.000000000000000000e+00
1.423431199999999990e+03,0.000000000000000000e+00
1.423433600000000069e+03,0.000000000000000000e+00
1.423435999999999922e+03,0.000000000000000000e+00
1.423438499999999976e+03,0.000000000000000000e+00
1.423440900000000056e+03,0.000000000000000000e+00
1.423443400000000111e+03,0.000000000000000000e+00
1.423445799999999963e+03,0.000000000000000000e+00
1.423448200000000043e+03,0.000000000000000000e+00
1.423450700000000097e+03,0.000000000000000000e+00
1.423453099999999949e+03,0.000000000000000000e+00
1.423455600000000004e+03,0.000000000000000000e+00
1.423458000000000084e+03,0.000000000000000000e+00
1.423460399999999936e+03,0.000000000000000000e+00
1.423462899999999991e+03,0.000000000000000000e+00
1.423465300000000070e+03,0.000000000000000000e+00
1.423467799999999897e+03,0.000000000000000000e+00
1.423470199999999977e+03,0.000000000000000000e+00
1.423472700000000032e+03,0.000000000000000000e+00
1.423475100000000111e+03,0.000000000000000000e+00
1.423477499999999964e+03,0.000000000000000000e+00
1.423480000000000018e+03,0.000000000000000000e+00
1.423482400000000098e+03,0.000000000000000000e+00
1.423484899999999925e+03,0.000000000000000000e+00
1.423487300000000005e+03,0.000000000000000000e+00
1.423489700000000084e+03,0.000000000000000000e+00
1.423492199999999912e+03,0.000000000000000000e+00
1.423494599999999991e+03,0.000000000000000000e+00
1.423497100000000046e+03,0.000000000000000000e+00
1.423499499999999898e+03,0.000000000000000000e+00
1.423501999999999953e+03,0.000000000000000000e+00
1.423504400000000032e+03,0.000000000000000000e+00
1.423506800000000112e+03,0.000000000000000000e+00
1.423509299999999939e+03,0.000000000000000000e+00
1.423511700000000019e+03,0.000000000000000000e+00
1.423514200000000073e+03,0.000000000000000000e+00
1.423516599999999926e+03,0.000000000000000000e+00
1.423519000000000005e+03,0.000000000000000000e+00
1.423521500000000060e+03,0.000000000000000000e+00
1.423523899999999912e+03,0.000000000000000000e+00
1.423526399999999967e+03,0.000000000000000000e+00
1.423528800000000047e+03,0.000000000000000000e+00
1.423531199999999899e+03,0.000000000000000000e+00
1.423533699999999953e+03,0.000000000000000000e+00
1.423536100000000033e+03,0.000000000000000000e+00
1.423538600000000088e+03,0.000000000000000000e+00
1.423540999999999940e+03,0.000000000000000000e+00
1.423543499999999995e+03,0.000000000000000000e+00
1.423545900000000074e+03,0.000000000000000000e+00
1.423548299999999927e+03,0.000000000000000000e+00
1.423550799999999981e+03,0.000000000000000000e+00
1.423553200000000061e+03,0.000000000000000000e+00
1.423555699999999888e+03,0.000000000000000000e+00
1.423558099999999968e+03,0.000000000000000000e+00
1.423560500000000047e+03,0.000000000000000000e+00
1.423563000000000102e+03,0.000000000000000000e+00
1.423565399999999954e+03,0.000000000000000000e+00
1.423567900000000009e+03,0.000000000000000000e+00
1.423570300000000088e+03,0.000000000000000000e+00
1.423572799999999916e+03,0.000000000000000000e+00
1.423575199999999995e+03,0.000000000000000000e+00
1.423577600000000075e+03,0.000000000000000000e+00
1.423580099999999902e+03,0.000000000000000000e+00
1.423582499999999982e+03,0.000000000000000000e+00
1.423585000000000036e+03,0.000000000000000000e+00
1.423587399999999889e+03,0.000000000000000000e+00
1.423589799999999968e+03,0.000000000000000000e+00
1.423592300000000023e+03,0.000000000000000000e+00
1.423594700000000103e+03,0.000000000000000000e+00
1.423597199999999930e+03,0.000000000000000000e+00
1.423599600000000009e+03,0.000000000000000000e+00
1.423602100000000064e+03,0.000000000000000000e+00
1.423604499999999916e+03,0.000000000000000000e+00
1.423606899999999996e+03,0.000000000000000000e+00
1.423609400000000051e+03,0.000000000000000000e+00
1.423611799999999903e+03,0.000000000000000000e+00
1.423614299999999957e+03,0.000000000000000000e+00
1.423616700000000037e+03,0.000000000000000000e+00
1.423619099999999889e+03,0.000000000000000000e+00
1.423621599999999944e+03,0.000000000000000000e+00
1.423624000000000024e+03,0.000000000000000000e+00
1.423626500000000078e+03,0.000000000000000000e+00
1.423628899999999931e+03,0.000000000000000000e+00
1.423631300000000010e+03,0.000000000000000000e+00
1.423633800000000065e+03,0.000000000000000000e+00
1.423636199999999917e+03,0.000000000000000000e+00
1.423638699999999972e+03,0.000000000000000000e+00
1.423641100000000051e+03,0.000000000000000000e+00
1.423643600000000106e+03,0.000000000000000000e+00
1.423645999999999958e+03,0.000000000000000000e+00
1.423648400000000038e+03,0.000000000000000000e+00
1.423650900000000092e+03,0.000000000000000000e+00
1.423653299999999945e+03,0.000000000000000000e+00
1.423655799999999999e+03,0.000000000000000000e+00
1.423658200000000079e+03,0.000000000000000000e+00
1.423660599999999931e+03,0.000000000000000000e+00
1.423663099999999986e+03,0.000000000000000000e+00
1.423665500000000065e+03,0.000000000000000000e+00
1.423667999999999893e+03,0.000000000000000000e+00
1.423670399999999972e+03,0.000000000000000000e+00
1.423672900000000027e+03,0.000000000000000000e+00
1.423675300000000107e+03,0.000000000000000000e+00
1.423677699999999959e+03,0.000000000000000000e+00
1.423680200000000013e+03,0.000000000000000000e+00
1.423682600000000093e+03,0.000000000000000000e+00
1.423685099999999920e+03,0.000000000000000000e+00
1.423687500000000000e+03,0.000000000000000000e+00
1.423689900000000080e+03,0.000000000000000000e+00
1.423692399999999907e+03,0.000000000000000000e+00
1.423694799999999987e+03,0.000000000000000000e+00
1.423697300000000041e+03,0.000000000000000000e+00
1.423699699999999893e+03,0.000000000000000000e+00
1.423702099999999973e+03,0.000000000000000000e+00
1.423704600000000028e+03,0.000000000000000000e+00
1.423707000000000107e+03,0.000000000000000000e+00
1.423709499999999935e+03,0.000000000000000000e+00
1.423711900000000014e+03,0.000000000000000000e+00
1.423714400000000069e+03,0.000000000000000000e+00
1.423716799999999921e+03,0.000000000000000000e+00
1.423719200000000001e+03,0.000000000000000000e+00
1.423721700000000055e+03,0.000000000000000000e+00
1.423724099999999908e+03,0.000000000000000000e+00
1.423726599999999962e+03,0.000000000000000000e+00
1.423729000000000042e+03,0.000000000000000000e+00
1.423731399999999894e+03,0.000000000000000000e+00
1.423733899999999949e+03,0.000000000000000000e+00
1.423736300000000028e+03,0.000000000000000000e+00
1.423738800000000083e+03,0.000000000000000000e+00
1.423741199999999935e+03,0.000000000000000000e+00
1.423743699999999990e+03,0.000000000000000000e+00
1.423746100000000069e+03,0.000000000000000000e+00
1.423748499999999922e+03,0.000000000000000000e+00
1.423750999999999976e+03,0.000000000000000000e+00
1.423753400000000056e+03,0.000000000000000000e+00
1.423755900000000111e+03,0.000000000000000000e+00
1.423758299999999963e+03,0.000000000000000000e+00
1.423760700000000043e+03,0.000000000000000000e+00
1.423763200000000097e+03,0.000000000000000000e+00
1.423765599999999949e+03,0.000000000000000000e+00
1.423768100000000004e+03,0.000000000000000000e+00
1.423770500000000084e+03,0.000000000000000000e+00
1.423772899999999936e+03,0.000000000000000000e+00
1.423775399999999991e+03,0.000000000000000000e+00
1.423777800000000070e+03,0.000000000000000000e+00
1.423780299999999897e+03,0.000000000000000000e+00
1.423782699999999977e+03,0.000000000000000000e+00
1.423785200000000032e+03,0.000000000000000000e+00
1.423787600000000111e+03,0.000000000000000000e+00
1.423789999999999964e+03,0.000000000000000000e+00
1.423792500000000018e+03,0.000000000000000000e+00
1.423794900000000098e+03,0.000000000000000000e+00
1.423797399999999925e+03,0.000000000000000000e+00
1.423799800000000005e+03,0.000000000000000000e+00
1.423802200000000084e+03,0.000000000000000000e+00
1.423804699999999912e+03,0.000000000000000000e+00
1.423807099999999991e+03,0.000000000000000000e+00
1.423809600000000046e+03,0.000000000000000000e+00
1.423811999999999898e+03,0.000000000000000000e+00
1.423814499999999953e+03,0.000000000000000000e+00
1.423816900000000032e+03,0.000000000000000000e+00
1.423819300000000112e+03,0.000000000000000000e+00
1.423821799999999939e+03,0.000000000000000000e+00
1.423824200000000019e+03,0.000000000000000000e+00
1.423826700000000073e+03,0.000000000000000000e+00
1.423829099999999926e+03,0.000000000000000000e+00
1.423831500000000005e+03,0.000000000000000000e+00
1.423834000000000060e+03,0.000000000000000000e+00
1.423836399999999912e+03,0.000000000000000000e+00
1.423838899999999967e+03,0.000000000000000000e+00
1.423841300000000047e+03,0.000000000000000000e+00
1.423843800000000101e+03,0.000000000000000000e+00
1.423846199999999953e+03,0.000000000000000000e+00
1.423848600000000033e+03,0.000000000000000000e+00
1.423851100000000088e+03,0.000000000000000000e+00
1.423853499999999940e+03,0.000000000000000000e+00
1.423855999999999995e+03,0.000000000000000000e+00
1.423858400000000074e+03,0.000000000000000000e+00
1.423860799999999927e+03,0.000000000000000000e+00
1.423863299999999981e+03,0.000000000000000000e+00
1.423865700000000061e+03,0.000000000000000000e+00
1.423868199999999888e+03,0.000000000000000000e+00
1.423870599999999968e+03,0.000000000000000000e+00
1.423873000000000047e+03,0.000000000000000000e+00
1.423875500000000102e+03,0.000000000000000000e+00
1.423877899999999954e+03,0.000000000000000000e+00
1.423880400000000009e+03,0.000000000000000000e+00
1.423882800000000088e+03,0.000000000000000000e+00
1.423885299999999916e+03,0.000000000000000000e+00
1.423887699999999995e+03,0.000000000000000000e+00
1.423890100000000075e+03,0.000000000000000000e+00
1.423892599999999902e+03,0.000000000000000000e+00
1.423894999999999982e+03,0.000000000000000000e+00
1.423897500000000036e+03,0.000000000000000000e+00
1.423899899999999889e+03,0.000000000000000000e+00
1.423902299999999968e+03,0.000000000000000000e+00
1.423904800000000023e+03,0.000000000000000000e+00
1.423907200000000103e+03,0.000000000000000000e+00
1.423909699999999930e+03,0.000000000000000000e+00
1.423912100000000009e+03,0.000000000000000000e+00
1.423914600000000064e+03,0.000000000000000000e+00
1.423916999999999916e+03,0.000000000000000000e+00
1.423919399999999996e+03,0.000000000000000000e+00
1.423921900000000051e+03,0.000000000000000000e+00
1.423924299999999903e+03,0.000000000000000000e+00
1.423926799999999957e+03,0.000000000000000000e+00
1.423929200000000037e+03,0.000000000000000000e+00
1.423931599999999889e+03,0.000000000000000000e+00
1.423934099999999944e+03,0.000000000000000000e+00
1.423936500000000024e+03,0.000000000000000000e+00
1.423939000000000078e+03,0.000000000000000000e+00
1.423941399999999931e+03,0.000000000000000000e+00
1.423943800000000010e+03,0.000000000000000000e+00
1.423946300000000065e+03,0.000000000000000000e+00
1.423948699999999917e+03,0.000000000000000000e+00
1.423951199999999972e+03,0.000000000000000000e+00
1.423953600000000051e+03,0.000000000000000000e+00
1.423956100000000106e+03,0.000000000000000000e+00
1.423958499999999958e+03,0.000000000000000000e+00
1.423960900000000038e+03,0.000000000000000000e+00
1.423963400000000092e+03,0.000000000000000000e+00
1.423965799999999945e+03,0.000000000000000000e+00
1.423968299999999999e+03,0.000000000000000000e+00
1.423970700000000079e+03,0.000000000000000000e+00
1.423973099999999931e+03,0.000000000000000000e+00
1.423975599999999986e+03,0.000000000000000000e+00
1.423978000000000065e+03,0.000000000000000000e+00
1.423980499999999893e+03,0.000000000000000000e+00
1.423982899999999972e+03,0.000000000000000000e+00
1.423985400000000027e+03,0.000000000000000000e+00
1.423987800000000107e+03,0.000000000000000000e+00
1.423990199999999959e+03,0.000000000000000000e+00
1.423992700000000013e+03,0.000000000000000000e+00
1.423995100000000093e+03,0.000000000000000000e+00
1.423997599999999920e+03,0.000000000000000000e+00
