1.414000000000000000e+03,0.000000000000000000e+00
1.414002400000000080e+03,0.000000000000000000e+00
1.414004899999999907e+03,0.000000000000000000e+00
1.414007299999999987e+03,0.000000000000000000e+00
1.414009800000000041e+03,0.000000000000000000e+00
1.414012199999999893e+03,0.000000000000000000e+00
1.414014599999999973e+03,0.000000000000000000e+00
1.414017100000000028e+03,0.000000000000000000e+00
1.414019500000000107e+03,0.000000000000000000e+00
1.414021999999999935e+03,0.000000000000000000e+00
1.414024400000000014e+03,0.000000000000000000e+00
1.414026900000000069e+03,0.000000000000000000e+00
1.414029299999999921e+03,0.000000000000000000e+00
1.414031700000000001e+03,0.000000000000000000e+00
1.414034200000000055e+03,0.000000000000000000e+00
1.414036599999999908e+03,0.000000000000000000e+00
1.414039099999999962e+03,0.000000000000000000e+00
1.414041500000000042e+03,0.000000000000000000e+00
1.414043899999999894e+03,0.000000000000000000e+00
1.414046399999999949e+03,0.000000000000000000e+00
1.414048800000000028e+03,0.000000000000000000e+00
1.414051300000000083e+03,0.000000000000000000e+00
1.414053699999999935e+03,0.000000000000000000e+00
1.414056199999999990e+03,0.000000000000000000e+00
1.414058600000000069e+03,0.000000000000000000e+00
1.414060999999999922e+03,0.000000000000000000e+00
1.414063499999999976e+03,0.000000000000000000e+00
1.414065900000000056e+03,0.000000000000000000e+00
1.414068400000000111e+03,0.000000000000000000e+00
1.414070799999999963e+03,0.000000000000000000e+00
1.414073200000000043e+03,0.000000000000000000e+00
1.414075700000000097e+03,0.000000000000000000e+00
1.414078099999999949e+03,0.000000000000000000e+00
1.414080600000000004e+03,0.000000000000000000e+00
1.414083000000000084e+03,0.000000000000000000e+00
1.414085399999999936e+03,0.000000000000000000e+00
1.414087899999999991e+03,0.000000000000000000e+00
1.414090300000000070e+03,0.000000000000000000e+00
1.414092799999999897e+03,0.000000000000000000e+00
1.414095199999999977e+03,0.000000000000000000e+00
1.414097700000000032e+03,0.000000000000000000e+00
1.414100100000000111e+03,0.000000000000000000e+00
1.414102499999999964e+03,0.000000000000000000e+00
1.414105000000000018e+03,0.000000000000000000e+00
1.414107400000000098e+03,0.000000000000000000e+00
1.414109899999999925e+03,0.000000000000000000e+00
1.414112300000000005e+03,0.000000000000000000e+00
1.414114700000000084e+03,0.000000000000000000e+00
1.414117199999999912e+03,0.000000000000000000e+00
1.414119599999999991e+03,0.000000000000000000e+00
1.414122100000000046e+03,0.000000000000000000e+00
1.414124499999999898e+03,0.000000000000000000e+00
1.414126999999999953e+03,0.000000000000000000e+00
1.414129400000000032e+03,0.000000000000000000e+00
1.414131800000000112e+03,0.000000000000000000e+00
1.414134299999999939e+03,0.000000000000000000e+00
1.414136700000000019e+03,0.000000000000000000e+00
1.414139200000000073e+03,0.000000000000000000e+00
1.414141599999999926e+03,0.000000000000000000e+00
1.414144000000000005e+03,0.000000000000000000e+00
1.414146500000000060e+03,0.000000000000000000e+00
1.414148899999999912e+03,0.000000000000000000e+00
1.414151399999999967e+03,0.000000000000000000e+00
1.414153800000000047e+03,0.000000000000000000e+00
1.414156199999999899e+03,0.000000000000000000e+00
1.414158699999999953e+03,0.000000000000000000e+00
1.414161100000000033e+03,0.000000000000000000e+00
1.414163600000000088e+03,0.000000000000000000e+00
1.414165999999999940e+03,0.000000000000000000e+00
1.414168499999999995e+03,0.000000000000000000e+00
1.414170900000000074e+03,0.000000000000000000e+00
1.414173299999999927e+03,0.000000000000000000e+00
1.414175799999999981e+03,0.000000000000000000e+00
1.414178200000000061e+03,0.000000000000000000e+00
1.414180699999999888e+03,0.000000000000000000e+00
1.414183099999999968e+03,0.000000000000000000e+00
1.414185500000000047e+03,0.000000000000000000e+00
1.414188000000000102e+03,0.000000000000000000e+00
1.414190399999999954e+03,0.000000000000000000e+00
1.414192900000000009e+03,0.000000000000000000e+00
1.414195300000000088e+03,0.000000000000000000e+00
1.414197799999999916e+03,0.000000000000000000e+00
1.414200199999999995e+03,0.000000000000000000e+00
1.414202600000000075e+03,0.000000000000000000e+00
1.414205099999999902e+03,0.000000000000000000e+00
1.414207499999999982e+03,0.000000000000000000e+00
1.414210000000000036e+03,0.000000000000000000e+00
1.414212399999999889e+03,0.000000000000000000e+00
1.414214799999999968e+03,0.000000000000000000e+00
1.414217300000000023e+03,0.000000000000000000e+00
1.414219700000000103e+03,0.000000000000000000e+00
1.414222199999999930e+03,0.000000000000000000e+00
1.414224600000000009e+03,0.000000000000000000e+00
1.414227100000000064e+03,0.000000000000000000e+00
1.414229499999999916e+03,0.000000000000000000e+00
1.414231899999999996e+03,0.000000000000000000e+00
1.414234400000000051e+03,0.000000000000000000e+00
1.414236799999999903e+03,0.000000000000000000e+00
1.414239299999999957e+03,0.000000000000000000e+00
1.414241700000000037e+03,0.000000000000000000e+00
1.414244099999999889e+03,0.000000000000000000e+00
1.414246599999999944e+03,0.000000000000000000e+00
1.414249000000000024e+03,0.000000000000000000e+00
1.414251500000000078e+03,0.000000000000000000e+00
1.414253899999999931e+03,0.000000000000000000e+00
1.414256300000000010e+03,0.000000000000000000e+00
1.414258800000000065e+03,0.000000000000000000e+00
1.414261199999999917e+03,0.000000000000000000e+00
1.414263699999999972e+03,0.000000000000000000e+00
1.414266100000000051e+03,0.000000000000000000e+00
1.414268600000000106e+03,0.000000000000000000e+00
1.414270999999999958e+03,0.000000000000000000e+00
1.414273400000000038e+03,0.000000000000000000e+00
1.414275900000000092e+03,0.000000000000000000e+00
1.414278299999999945e+03,0.000000000000000000e+00
1.414280799999999999e+03,0.000000000000000000e+00
1.414283200000000079e+03,0.000000000000000000e+00
1.414285599999999931e+03,0.000000000000000000e+00
1.414288099999999986e+03,0.000000000000000000e+00
1.414290500000000065e+03,0.000000000000000000e+00
1.414292999999999893e+03,0.000000000000000000e+00
1.414295399999999972e+03,0.000000000000000000e+00
1.414297900000000027e+03,0.000000000000000000e+00
1.414300300000000107e+03,0.000000000000000000e+00
1.414302699999999959e+03,0.000000000000000000e+00
1.414305200000000013e+03,0.000000000000000000e+00
1.414307600000000093e+03,0.000000000000000000e+00
1.414310099999999920e+03,0.000000000000000000e+00
1.414312500000000000e+03,0.000000000000000000e+00
1.414314900000000080e+03,0.000000000000000000e+00
1.414317399999999907e+03,0.000000000000000000e+00
1.414319799999999987e+03,0.000000000000000000e+00
1.414322300000000041e+03,0.000000000000000000e+00
1.414324699999999893e+03,0.000000000000000000e+00
1.414327099999999973e+03,0.000000000000000000e+00
1.414329600000000028e+03,0.000000000000000000e+00
1.414332000000000107e+03,0.000000000000000000e+00
1.414334499999999935e+03,0.000000000000000000e+00
1.414336900000000014e+03,0.000000000000000000e+00
1.414339400000000069e+03,0.000000000000000000e+00
1.414341799999999921e+03,0.000000000000000000e+00
1.414344200000000001e+03,0.000000000000000000e+00
1.414346700000000055e+03,0.000000000000000000e+00
1.414349099999999908e+03,0.000000000000000000e+00
1.414351599999999962e+03,0.000000000000000000e+00
1.414354000000000042e+03,0.000000000000000000e+00
1.414356399999999894e+03,0.000000000000000000e+00
1.414358899999999949e+03,0.000000000000000000e+00
1.414361300000000028e+03,0.000000000000000000e+00
1.414363800000000083e+03,0.000000000000000000e+00
1.414366199999999935e+03,0.000000000000000000e+00
1.414368699999999990e+03,0.000000000000000000e+00
1.414371100000000069e+03,0.000000000000000000e+00
1.414373499999999922e+03,0.000000000000000000e+00
1.414375999999999976e+03,0.000000000000000000e+00
1.414378400000000056e+03,0.000000000000000000e+00
1.414380900000000111e+03,0.000000000000000000e+00
1.414383299999999963e+03,0.000000000000000000e+00
1.414385700000000043e+03,0.000000000000000000e+00
1.414388200000000097e+03,0.000000000000000000e+00
1.414390599999999949e+03,0.000000000000000000e+00
1.414393100000000004e+03,0.000000000000000000e+00
1.414395500000000084e+03,0.000000000000000000e+00
1.414397899999999936e+03,0.000000000000000000e+00
1.414400399999999991e+03,0.000000000000000000e+00
1.414402800000000070e+03,0.000000000000000000e+00
1.414405299999999897e+03,0.000000000000000000e+00
1.414407699999999977e+03,0.000000000000000000e+00
1.414410200000000032e+03,0.000000000000000000e+00
1.414412600000000111e+03,0.000000000000000000e+00
1.414414999999999964e+03,0.000000000000000000e+00
1.414417500000000018e+03,0.000000000000000000e+00
1.414419900000000098e+03,0.000000000000000000e+00
1.414422399999999925e+03,0.000000000000000000e+00
1.414424800000000005e+03,0.000000000000000000e+00
1.414427200000000084e+03,0.000000000000000000e+00
1.414429699999999912e+03,0.000000000000000000e+00
1.414432099999999991e+03,0.000000000000000000e+00
1.414434600000000046e+03,0.000000000000000000e+00
1.414436999999999898e+03,0.000000000000000000e+00
1.414439499999999953e+03,0.000000000000000000e+00
1.414441900000000032e+03,0.000000000000000000e+00
1.414444300000000112e+03,0.000000000000000000e+00
1.414446799999999939e+03,0.000000000000000000e+00
1.414449200000000019e+03,0.000000000000000000e+00
1.414451700000000073e+03,0.000000000000000000e+00
1.414454099999999926e+03,0.000000000000000000e+00
1.414456500000000005e+03,0.000000000000000000e+00
1.414459000000000060e+03,0.000000000000000000e+00
1.414461399999999912e+03,0.000000000000000000e+00
1.414463899999999967e+03,0.000000000000000000e+00
1.414466300000000047e+03,0.000000000000000000e+00
1.414468800000000101e+03,0.000000000000000000e+00
1.414471199999999953e+03,0.000000000000000000e+00
1.414473600000000033e+03,0.000000000000000000e+00
1.414476100000000088e+03,0.000000000000000000e+00
1.414478499999999940e+03,0.000000000000000000e+00
1.414480999999999995e+03,0.000000000000000000e+00
1.414483400000000074e+03,0.000000000000000000e+00
1.414485799999999927e+03,0.000000000000000000e+00
1.414488299999999981e+03,0.000000000000000000e+00
1.414490700000000061e+03,0.000000000000000000e+00
1.414493199999999888e+03,0.000000000000000000e+00
1.414495599999999968e+03,0.000000000000000000e+00
1.414498000000000047e+03,0.000000000000000000e+00
1.414500500000000102e+03,0.000000000000000000e+00
1.414502899999999954e+03,0.000000000000000000e+00
1.414505400000000009e+03,0.000000000000000000e+00
1.414507800000000088e+03,0.000000000000000000e+00
1.414510299999999916e+03,0.000000000000000000e+00
1.414512699999999995e+03,0.000000000000000000e+00
1.414515100000000075e+03,0.000000000000000000e+00
1.414517599999999902e+03,0.000000000000000000e+00
1.414519999999999982e+03,0.000000000000000000e+00
1.414522500000000036e+03,0.000000000000000000e+00
1.414524899999999889e+03,0.000000000000000000e+00
1.414527299999999968e+03,0.000000000000000000e+00
1.414529800000000023e+03,0.000000000000000000e+00
1.414532200000000103e+03,0.000000000000000000e+00
1.414534699999999930e+03,0.000000000000000000e+00
1.414537100000000009e+03,0.000000000000000000e+00
1.414539600000000064e+03,0.000000000000000000e+00
1.414541999999999916e+03,0.000000000000000000e+00
1.414544399999999996e+03,0.000000000000000000e+00
1.414546900000000051e+03,0.000000000000000000e+00
1.414549299999999903e+03,0.000000000000000000e+00
1.414551799999999957e+03,0.000000000000000000e+00
1.414554200000000037e+03,0.000000000000000000e+00
1.414556599999999889e+03,0.000000000000000000e+00
1.414559099999999944e+03,0.000000000000000000e+00
1.414561500000000024e+03,0.000000000000000000e+00
1.414564000000000078e+03,0.000000000000000000e+00
1.414566399999999931e+03,0.000000000000000000e+00
1.414568800000000010e+03,0.000000000000000000e+00
1.414571300000000065e+03,0.000000000000000000e+00
1.414573699999999917e+03,0.000000000000000000e+00
1.414576199999999972e+03,0.000000000000000000e+00
1.414578600000000051e+03,0.000000000000000000e+00
1.414581100000000106e+03,0.000000000000000000e+00
1.414583499999999958e+03,0.000000000000000000e+00
1.414585900000000038e+03,0.000000000000000000e+00
1.414588400000000092e+03,0.000000000000000000e+00
1.414590799999999945e+03,0.000000000000000000e+00
1.414593299999999999e+03,0.000000000000000000e+00
1.414595700000000079e+03,0.000000000000000000e+00
1.414598099999999931e+03,0.000000000000000000e+00
1.414600599999999986e+03,0.000000000000000000e+00
1.414603000000000065e+03,0.000000000000000000e+00
1.414605499999999893e+03,0.000000000000000000e+00
1.414607899999999972e+03,0.000000000000000000e+00
1.414610400000000027e+03,0.000000000000000000e+00
1.414612800000000107e+03,0.000000000000000000e+00
1.414615199999999959e+03,0.000000000000000000e+00
1.414617700000000013e+03,0.000000000000000000e+00
1.414620100000000093e+03,0.000000000000000000e+00
1.414622599999999920e+03,0.000000000000000000e+00
1.414625000000000000e+03,0.000000000000000000e+00
1.414627400000000080e+03,0.000000000000000000e+00
1.414629899999999907e+03,0.000000000000000000e+00
1.414632299999999987e+03,0.000000000000000000e+00
1.414634800000000041e+03,0.000000000000000000e+00
1.414637199999999893e+03,0.000000000000000000e+00
1.414639599999999973e+03,0.000000000000000000e+00
1.414642100000000028e+03,0.000000000000000000e+00
1.414644500000000107e+03,0.000000000000000000e+00
1.414646999999999935e+03,0.000000000000000000e+00
1.414649400000000014e+03,0.000000000000000000e+00
1.414651900000000069e+03,0.000000000000000000e+00
1.414654299999999921e+03,0.000000000000000000e+00
1.414656700000000001e+03,0.000000000000000000e+00
1.414659200000000055e+03,0.000000000000000000e+00
1.414661599999999908e+03,0.000000000000000000e+00
1.414664099999999962e+03,0.000000000000000000e+00
1.414666500000000042e+03,0.000000000000000000e+00
1.414668899999999894e+03,0.000000000000000000e+00
1.414671399999999949e+03,0.000000000000000000e+00
1.414673800000000028e+03,0.000000000000000000e+00
1.414676300000000083e+03,0.000000000000000000e+00
1.414678699999999935e+03,0.000000000000000000e+00
1.414681199999999990e+03,0.000000000000000000e+00
1.414683600000000069e+03,0.000000000000000000e+00
1.414685999999999922e+03,0.000000000000000000e+00
1.414688499999999976e+03,0.000000000000000000e+00
1.414690900000000056e+03,0.000000000000000000e+00
1.414693400000000111e+03,0.000000000000000000e+00
1.414695799999999963e+03,0.000000000000000000e+00
1.414698200000000043e+03,0.000000000000000000e+00
1.414700700000000097e+03,0.000000000000000000e+00
1.414703099999999949e+03,0.000000000000000000e+00
1.414705600000000004e+03,0.000000000000000000e+00
1.414708000000000084e+03,0.000000000000000000e+00
1.414710399999999936e+03,0.000000000000000000e+00
1.414712899999999991e+03,0.000000000000000000e+00
1.414715300000000070e+03,0.000000000000000000e+00
1.414717799999999897e+03,0.000000000000000000e+00
1.414720199999999977e+03,0.000000000000000000e+00
1.414722700000000032e+03,0.000000000000000000e+00
1.414725100000000111e+03,0.000000000000000000e+00
1.414727499999999964e+03,0.000000000000000000e+00
1.414730000000000018e+03,0.000000000000000000e+00
1.414732400000000098e+03,0.000000000000000000e+00
1.414734899999999925e+03,0.000000000000000000e+00
1.414737300000000005e+03,0.000000000000000000e+00
1.414739700000000084e+03,0.000000000000000000e+00
1.414742199999999912e+03,0.000000000000000000e+00
1.414744599999999991e+03,0.000000000000000000e+00
1.414747100000000046e+03,0.000000000000000000e+00
1.414749499999999898e+03,0.000000000000000000e+00
1.414751999999999953e+03,0.000000000000000000e+00
1.414754400000000032e+03,0.000000000000000000e+00
1.414756800000000112e+03,0.000000000000000000e+00
1.414759299999999939e+03,0.000000000000000000e+00
1.414761700000000019e+03,0.000000000000000000e+00
1.414764200000000073e+03,0.000000000000000000e+00
1.414766599999999926e+03,0.000000000000000000e+00
1.414769000000000005e+03,0.000000000000000000e+00
1.414771500000000060e+03,0.000000000000000000e+00
1.414773899999999912e+03,0.000000000000000000e+00
1.414776399999999967e+03,0.000000000000000000e+00
1.414778800000000047e+03,0.000000000000000000e+00
1.414781199999999899e+03,0.000000000000000000e+00
1.414783699999999953e+03,0.000000000000000000e+00
1.414786100000000033e+03,0.000000000000000000e+00
1.414788600000000088e+03,0.000000000000000000e+00
1.414790999999999940e+03,0.000000000000000000e+00
1.414793499999999995e+03,0.000000000000000000e+00
1.414795900000000074e+03,0.000000000000000000e+00
1.414798299999999927e+03,0.000000000000000000e+00
1.414800799999999981e+03,0.000000000000000000e+00
1.414803200000000061e+03,0.000000000000000000e+00
1.414805699999999888e+03,0.000000000000000000e+00
1.414808099999999968e+03,0.000000000000000000e+00
1.414810500000000047e+03,0.000000000000000000e+00
1.414813000000000102e+03,0.000000000000000000e+00
1.414815399999999954e+03,0.000000000000000000e+00
1.414817900000000009e+03,0.000000000000000000e+00
1.414820300000000088e+03,0.000000000000000000e+00
1.414822799999999916e+03,0.000000000000000000e+00
1.414825199999999995e+03,0.000000000000000000e+00
1.414827600000000075e+03,0.000000000000000000e+00
1.414830099999999902e+03,0.000000000000000000e+00
1.414832499999999982e+03,0.000000000000000000e+00
1.414835000000000036e+03,0.000000000000000000e+00
1.414837399999999889e+03,0.000000000000000000e+00
1.414839799999999968e+03,0.000000000000000000e+00
1.414842300000000023e+03,0.000000000000000000e+00
1.414844700000000103e+03,0.000000000000000000e+00
1.414847199999999930e+03,0.000000000000000000e+00
1.414849600000000009e+03,0.000000000000000000e+00
1.414852100000000064e+03,0.000000000000000000e+00
1.414854499999999916e+03,0.000000000000000000e+00
1.414856899999999996e+03,0.000000000000000000e+00
1.414859400000000051e+03,0.000000000000000000e+00
1.414861799999999903e+03,0.000000000000000000e+00
1.414864299999999957e+03,0.000000000000000000e+00
1.414866700000000037e+03,0.000000000000000000e+00
1.414869099999999889e+03,0.000000000000000000e+00
1.414871599999999944e+03,0.000000000000000000e+00
1.414874000000000024e+03,0.000000000000000000e+00
1.414876500000000078e+03,0.000000000000000000e+00
1.414878899999999931e+03,0.000000000000000000e+00
1.414881300000000010e+03,0.000000000000000000e+00
1.414883800000000065e+03,0.000000000000000000e+00
1.414886199999999917e+03,0.000000000000000000e+00
1.414888699999999972e+03,0.000000000000000000e+00
1.414891100000000051e+03,0.000000000000000000e+00
1.414893600000000106e+03,0.000000000000000000e+00
1.414895999999999958e+03,0.000000000000000000e+00
1.414898400000000038e+03,0.000000000000000000e+00
1.414900900000000092e+03,0.000000000000000000e+00
1.414903299999999945e+03,0.000000000000000000e+00
1.414905799999999999e+03,0.000000000000000000e+00
1.414908200000000079e+03,0.000000000000000000e+00
1.414910599999999931e+03,0.000000000000000000e+00
1.414913099999999986e+03,0.000000000000000000e+00
1.414915500000000065e+03,0.000000000000000000e+00
1.414917999999999893e+03,0.000000000000000000e+00
1.414920399999999972e+03,0.000000000000000000e+00
1.414922900000000027e+03,0.000000000000000000e+00
1.414925300000000107e+03,0.000000000000000000e+00
1.414927699999999959e+03,0.000000000000000000e+00
1.414930200000000013e+03,0.000000000000000000e+00
1.414932600000000093e+03,0.000000000000000000e+00
1.414935099999999920e+03,0.000000000000000000e+00
1.414937500000000000e+03,0.000000000000000000e+00
1.414939900000000080e+03,0.000000000000000000e+00
1.414942399999999907e+03,0.000000000000000000e+00
1.414944799999999987e+03,0.000000000000000000e+00
1.414947300000000041e+03,0.000000000000000000e+00
1.414949699999999893e+03,0.000000000000000000e+00
1.414952099999999973e+03,0.000000000000000000e+00
1.414954600000000028e+03,0.000000000000000000e+00
1.414957000000000107e+03,0.000000000000000000e+00
1.414959499999999935e+03,0.000000000000000000e+00
1.414961900000000014e+03,0.000000000000000000e+00
1.414964400000000069e+03,0.000000000000000000e+00
1.414966799999999921e+03,0.000000000000000000e+00
1.414969200000000001e+03,0.000000000000000000e+00
1.414971700000000055e+03,0.000000000000000000e+00
1.414974099999999908e+03,0.000000000000000000e+00
1.414976599999999962e+03,0.000000000000000000e+00
1.414979000000000042e+03,0.000000000000000000e+00
1.414981399999999894e+03,0.000000000000000000e+00
1.414983899999999949e+03,0.000000000000000000e+00
1.414986300000000028e+03,0.000000000000000000e+00
1.414988800000000083e+03,0.000000000000000000e+00
1.414991199999999935e+03,0.000000000000000000e+00
1.414993699999999990e+03,0.000000000000000000e+00
1.414996100000000069e+03,0.000000000000000000e+00
1.414998499999999922e+03,0.000000000000000000e+00
1.415000999999999976e+03,1.055090000000000039e+01
1.415003400000000056e+03,1.038209999999999944e+01
1.415005900000000111e+03,1.008670000000000044e+01
1.415008299999999963e+03,9.810999999999999943e+00
1.415010700000000043e+03,9.657700000000000173e+00
1.415013200000000097e+03,9.632500000000000284e+00
1.415015599999999949e+03,9.661400000000000432e+00
1.415018100000000004e+03,9.654799999999999827e+00
1.415020500000000084e+03,9.577999999999999403e+00
1.415022899999999936e+03,9.471000000000000085e+00
1.415025399999999991e+03,9.397700000000000387e+00
1.415027800000000070e+03,9.380300000000000082e+00
1.415030299999999897e+03,9.390700000000000713e+00
1.415032699999999977e+03,9.396900000000000475e+00
1.415035200000000032e+03,9.404700000000000060e+00
1.415037600000000111e+03,9.443300000000000693e+00
1.415039999999999964e+03,9.519299999999999429e+00
1.415042500000000018e+03,9.589999999999999858e+00
1.415044900000000098e+03,9.590999999999999304e+00
1.415047399999999925e+03,9.490700000000000358e+00
1.415049800000000005e+03,9.324699999999999989e+00
1.415052200000000084e+03,9.174300000000000566e+00
1.415054699999999912e+03,9.105999999999999872e+00
1.415057099999999991e+03,9.127100000000000435e+00
1.415059600000000046e+03,9.192800000000000082e+00
1.415061999999999898e+03,9.249700000000000699e+00
1.415064499999999953e+03,9.272500000000000853e+00
1.415066900000000032e+03,9.266500000000000625e+00
1.415069300000000112e+03,9.243700000000000472e+00
1.415071799999999939e+03,9.209199999999999164e+00
1.415074200000000019e+03,9.172599999999999199e+00
1.415076700000000073e+03,9.152400000000000091e+00
1.415079099999999926e+03,9.151999999999999247e+00
1.415081500000000005e+03,9.139300000000000423e+00
1.415084000000000060e+03,9.077099999999999724e+00
1.415086399999999912e+03,8.975799999999999557e+00
1.415088899999999967e+03,8.904400000000000759e+00
1.415091300000000047e+03,8.930699999999999861e+00
1.415093800000000101e+03,9.048199999999999577e+00
1.415096199999999953e+03,9.173000000000000043e+00
1.415098600000000033e+03,9.218500000000000583e+00
1.415101100000000088e+03,9.173199999999999577e+00
1.415103499999999940e+03,9.103099999999999525e+00
1.415105999999999995e+03,9.085900000000000531e+00
1.415108400000000074e+03,9.141700000000000159e+00
1.415110799999999927e+03,9.221899999999999764e+00
1.415113299999999981e+03,9.259399999999999409e+00
1.415115700000000061e+03,9.228899999999999437e+00
1.415118199999999888e+03,9.164899999999999380e+00
1.415120599999999968e+03,9.126500000000000057e+00
1.415123000000000047e+03,9.139599999999999724e+00
1.415125500000000102e+03,9.172100000000000364e+00
1.415127899999999954e+03,9.167500000000000426e+00
1.415130400000000009e+03,9.103699999999999903e+00
1.415132800000000088e+03,9.010099999999999554e+00
1.415135299999999916e+03,8.927400000000000446e+00
1.415137699999999995e+03,8.864000000000000767e+00
1.415140100000000075e+03,8.800399999999999778e+00
1.415142599999999902e+03,8.731199999999999406e+00
1.415144999999999982e+03,8.692700000000000315e+00
1.415147500000000036e+03,8.734799999999999898e+00
1.415149899999999889e+03,8.860799999999999343e+00
1.415152299999999968e+03,9.003600000000000492e+00
1.415154800000000023e+03,9.074799999999999756e+00
1.415157200000000103e+03,9.039899999999999380e+00
1.415159699999999930e+03,8.948199999999999932e+00
1.415162100000000009e+03,8.893599999999999284e+00
1.415164600000000064e+03,8.944100000000000605e+00
1.415166999999999916e+03,9.093299999999999272e+00
1.415169399999999996e+03,9.268599999999999284e+00
1.415171900000000051e+03,9.391199999999999548e+00
1.415174299999999903e+03,9.433500000000000441e+00
1.415176799999999957e+03,9.422100000000000364e+00
1.415179200000000037e+03,9.393399999999999750e+00
1.415181599999999889e+03,9.361100000000000421e+00
1.415184099999999944e+03,9.326599999999999113e+00
1.415186500000000024e+03,9.298099999999999810e+00
1.415189000000000078e+03,9.289500000000000313e+00
1.415191399999999931e+03,9.303000000000000824e+00
1.415193800000000010e+03,9.322100000000000719e+00
1.415196300000000065e+03,9.323999999999999844e+00
1.415198699999999917e+03,9.304100000000000037e+00
1.415201199999999972e+03,9.281100000000000350e+00
1.415203600000000051e+03,9.269999999999999574e+00
1.415206100000000106e+03,9.251899999999999125e+00
1.415208499999999958e+03,9.190799999999999415e+00
1.415210900000000038e+03,9.085900000000000531e+00
1.415213400000000092e+03,8.983599999999999142e+00
1.415215799999999945e+03,8.921499999999999986e+00
1.415218299999999999e+03,8.884700000000000486e+00
1.415220700000000079e+03,8.839600000000000790e+00
1.415223099999999931e+03,8.791600000000000747e+00
1.415225599999999986e+03,8.779899999999999594e+00
1.415228000000000065e+03,8.826299999999999812e+00
1.415230499999999893e+03,8.913899999999999935e+00
1.415232899999999972e+03,9.007600000000000051e+00
1.415235400000000027e+03,9.074600000000000222e+00
1.415237800000000107e+03,9.088300000000000267e+00
1.415240199999999959e+03,9.033899999999999153e+00
1.415242700000000013e+03,8.921300000000000452e+00
1.415245100000000093e+03,8.790800000000000836e+00
1.415247599999999920e+03,8.697900000000000631e+00
1.415250000000000000e+03,8.680999999999999162e+00
1.415252400000000080e+03,8.730999999999999872e+00
1.415254899999999907e+03,8.801600000000000534e+00
1.415257299999999987e+03,8.858700000000000685e+00
1.415259800000000041e+03,8.907899999999999707e+00
1.415262199999999893e+03,8.961899999999999977e+00
1.415264599999999973e+03,9.008800000000000807e+00
1.415267100000000028e+03,9.038399999999999324e+00
1.415269500000000107e+03,9.078099999999999170e+00
1.415271999999999935e+03,9.165800000000000836e+00
1.415274400000000014e+03,9.294100000000000250e+00
1.415276900000000069e+03,9.409100000000000463e+00
1.415279299999999921e+03,9.462500000000000355e+00
1.415281700000000001e+03,9.445100000000000051e+00
1.415284200000000055e+03,9.377399999999999736e+00
1.415286599999999908e+03,9.288199999999999790e+00
1.415289099999999962e+03,9.202500000000000568e+00
1.415291500000000042e+03,9.132099999999999440e+00
1.415293899999999894e+03,9.068599999999999994e+00
1.415296399999999949e+03,8.989800000000000679e+00
1.415298800000000028e+03,8.882799999999999585e+00
1.415301300000000083e+03,8.762999999999999901e+00
1.415303699999999935e+03,8.670299999999999230e+00
1.415306199999999990e+03,8.644800000000000040e+00
1.415308600000000069e+03,8.698499999999999233e+00
1.415310999999999922e+03,8.807199999999999918e+00
1.415313499999999976e+03,8.925499999999999545e+00
1.415315900000000056e+03,9.008399999999999963e+00
1.415318400000000111e+03,9.027400000000000091e+00
1.415320799999999963e+03,8.983399999999999608e+00
1.415323200000000043e+03,8.908500000000000085e+00
1.415325700000000097e+03,8.839399999999999480e+00
1.415328099999999949e+03,8.788899999999999935e+00
1.415330600000000004e+03,8.755300000000000082e+00
1.415333000000000084e+03,8.750299999999999301e+00
1.415335399999999936e+03,8.787599999999999412e+00
1.415337899999999991e+03,8.852399999999999380e+00
1.415340300000000070e+03,8.907099999999999795e+00
1.415342799999999897e+03,8.927300000000000679e+00
1.415345199999999977e+03,8.918699999999999406e+00
1.415347700000000032e+03,8.903800000000000381e+00
1.415350100000000111e+03,8.896599999999999397e+00
1.415352499999999964e+03,8.888099999999999667e+00
1.415355000000000018e+03,8.858100000000000307e+00
1.415357400000000098e+03,8.805199999999999250e+00
1.415359899999999925e+03,8.762000000000000455e+00
1.415362300000000005e+03,8.770699999999999719e+00
1.415364700000000084e+03,8.844599999999999795e+00
1.415367199999999912e+03,8.956400000000000361e+00
1.415369599999999991e+03,9.060700000000000642e+00
1.415372100000000046e+03,9.122500000000000497e+00
1.415374499999999898e+03,9.134999999999999787e+00
1.415376999999999953e+03,9.125099999999999767e+00
1.415379400000000032e+03,9.138700000000000045e+00
1.415381800000000112e+03,9.200799999999999201e+00
1.415384299999999939e+03,9.287499999999999645e+00
1.415386700000000019e+03,9.344699999999999562e+00
1.415389200000000073e+03,9.334400000000000475e+00
1.415391599999999926e+03,9.255399999999999849e+00
1.415394000000000005e+03,9.129799999999999471e+00
1.415396500000000060e+03,8.984400000000000830e+00
1.415398899999999912e+03,8.843400000000000816e+00
1.415401399999999967e+03,8.724700000000000344e+00
1.415403800000000047e+03,8.635999999999999233e+00
1.415406199999999899e+03,8.579200000000000159e+00
1.415408699999999953e+03,8.556400000000000006e+00
1.415411100000000033e+03,8.569499999999999673e+00
1.415413600000000088e+03,8.623499999999999943e+00
1.415415999999999940e+03,8.730600000000000804e+00
1.415418499999999995e+03,8.891700000000000159e+00
1.415420900000000074e+03,9.063499999999999446e+00
1.415423299999999927e+03,9.167199999999999349e+00
1.415425799999999981e+03,9.152400000000000091e+00
1.415428200000000061e+03,9.048400000000000887e+00
1.415430699999999888e+03,8.941900000000000404e+00
1.415433099999999968e+03,8.905499999999999972e+00
1.415435500000000047e+03,8.951200000000000045e+00
1.415438000000000102e+03,9.036400000000000432e+00
1.415440399999999954e+03,9.101300000000000168e+00
1.415442900000000009e+03,9.104400000000000048e+00
1.415445300000000088e+03,9.040699999999999292e+00
1.415447799999999916e+03,8.934499999999999886e+00
1.415450199999999995e+03,8.817800000000000082e+00
1.415452600000000075e+03,8.719200000000000728e+00
1.415455099999999902e+03,8.659499999999999531e+00
1.415457499999999982e+03,8.637499999999999289e+00
1.415460000000000036e+03,8.624299999999999855e+00
1.415462399999999889e+03,8.595599999999999241e+00
1.415464799999999968e+03,8.575900000000000745e+00
1.415467300000000023e+03,8.628999999999999559e+00
1.415469700000000103e+03,8.789799999999999613e+00
1.415472199999999930e+03,9.011799999999999145e+00
1.415474600000000009e+03,9.193899999999999295e+00
1.415477100000000064e+03,9.261499999999999844e+00
1.415479499999999916e+03,9.223000000000000753e+00
1.415481899999999996e+03,9.154899999999999594e+00
1.415484400000000051e+03,9.133900000000000574e+00
1.415486799999999903e+03,9.173000000000000043e+00
1.415489299999999957e+03,9.217000000000000526e+00
1.415491700000000037e+03,9.201100000000000279e+00
1.415494099999999889e+03,9.109700000000000131e+00
1.415496599999999944e+03,8.978600000000000136e+00
1.415499000000000024e+03,8.851599999999999469e+00
1.415501500000000078e+03,8.747099999999999653e+00
1.415503899999999931e+03,8.659100000000000463e+00
1.415506300000000010e+03,8.579599999999999227e+00
1.415508800000000065e+03,8.516899999999999693e+00
1.415511199999999917e+03,8.499499999999999389e+00
1.415513699999999972e+03,8.557199999999999918e+00
1.415516100000000051e+03,8.692600000000000549e+00
1.415518600000000106e+03,8.867300000000000182e+00
1.415520999999999958e+03,9.018700000000000827e+00
1.415523400000000038e+03,9.095800000000000551e+00
1.415525900000000092e+03,9.088300000000000267e+00
1.415528299999999945e+03,9.028000000000000469e+00
1.415530799999999999e+03,8.966100000000000847e+00
1.415533200000000079e+03,8.940799999999999415e+00
1.415535599999999931e+03,8.958199999999999719e+00
1.415538099999999986e+03,8.994500000000000384e+00
1.415540500000000065e+03,9.019000000000000128e+00
1.415542999999999893e+03,9.011499999999999844e+00
1.415545399999999972e+03,8.960499999999999687e+00
1.415547900000000027e+03,8.859600000000000364e+00
1.415550300000000107e+03,8.726200000000000401e+00
1.415552699999999959e+03,8.615000000000000213e+00
1.415555200000000013e+03,8.583099999999999952e+00
1.415557600000000093e+03,8.636100000000000776e+00
1.415560099999999920e+03,8.721899999999999764e+00
1.415562500000000000e+03,8.779400000000000759e+00
1.415564900000000080e+03,8.785199999999999676e+00
1.415567399999999907e+03,8.766400000000000858e+00
1.415569799999999987e+03,8.781700000000000728e+00
1.415572300000000041e+03,8.884100000000000108e+00
1.415574699999999893e+03,9.082300000000000040e+00
1.415577099999999973e+03,9.336199999999999832e+00
1.415579600000000028e+03,9.591100000000000847e+00
1.415582000000000107e+03,9.815300000000000580e+00
1.415584499999999935e+03,1.000680000000000014e+01
1.415586900000000014e+03,1.016920000000000002e+01
1.415589400000000069e+03,1.027839999999999954e+01
1.415591799999999921e+03,1.028030000000000044e+01
1.415594200000000001e+03,1.013349999999999973e+01
1.415596700000000055e+03,9.855999999999999872e+00
1.415599099999999908e+03,9.530300000000000438e+00
1.415601599999999962e+03,9.260099999999999554e+00
1.415604000000000042e+03,9.110699999999999577e+00
1.415606399999999894e+03,9.077999999999999403e+00
1.415608899999999949e+03,9.105700000000000571e+00
1.415611300000000028e+03,9.127599999999999270e+00
1.415613800000000083e+03,9.098000000000000753e+00
1.415616199999999935e+03,9.010999999999999233e+00
1.415618699999999990e+03,8.908899999999999153e+00
1.415621100000000069e+03,8.853500000000000369e+00
1.415623499999999922e+03,8.862800000000000011e+00
1.415625999999999976e+03,8.880399999999999849e+00
1.415628400000000056e+03,8.829200000000000159e+00
1.415630900000000111e+03,8.693300000000000693e+00
1.415633299999999963e+03,8.526400000000000645e+00
1.415635700000000043e+03,8.385300000000000864e+00
1.415638200000000097e+03,8.287699999999999179e+00
1.415640599999999949e+03,8.236299999999999955e+00
1.415643100000000004e+03,8.239499999999999602e+00
1.415645500000000084e+03,8.291499999999999204e+00
1.415647899999999936e+03,8.362099999999999866e+00
1.415650399999999991e+03,8.425499999999999545e+00
1.415652800000000070e+03,8.476200000000000401e+00
1.415655299999999897e+03,8.508200000000000429e+00
1.415657699999999977e+03,8.500600000000000378e+00
1.415660200000000032e+03,8.435399999999999565e+00
1.415662600000000111e+03,8.326200000000000045e+00
1.415664999999999964e+03,8.227199999999999847e+00
1.415667500000000018e+03,8.208600000000000563e+00
1.415669900000000098e+03,8.310399999999999565e+00
1.415672399999999925e+03,8.510799999999999699e+00
1.415674800000000005e+03,8.734999999999999432e+00
1.415677200000000084e+03,8.898400000000000531e+00
1.415679699999999912e+03,8.956400000000000361e+00
1.415682099999999991e+03,8.926999999999999602e+00
1.415684600000000046e+03,8.862000000000000099e+00
1.415686999999999898e+03,8.794100000000000250e+00
1.415689499999999953e+03,8.720299999999999940e+00
1.415691900000000032e+03,8.631500000000000838e+00
1.415694300000000112e+03,8.544600000000000861e+00
1.415696799999999939e+03,8.502900000000000347e+00
1.415699200000000019e+03,8.546599999999999753e+00
1.415701700000000073e+03,8.674300000000000566e+00
1.415704099999999926e+03,8.832300000000000040e+00
1.415706500000000005e+03,8.943699999999999761e+00
1.415709000000000060e+03,8.951299999999999812e+00
1.415711399999999912e+03,8.842800000000000438e+00
1.415713899999999967e+03,8.658099999999999241e+00
1.415716300000000047e+03,8.483900000000000219e+00
1.415718800000000101e+03,8.419499999999999318e+00
1.415721199999999953e+03,8.511900000000000688e+00
1.415723600000000033e+03,8.711199999999999832e+00
1.415726100000000088e+03,8.907400000000000873e+00
1.415728499999999940e+03,9.020799999999999486e+00
1.415730999999999995e+03,9.047399999999999665e+00
1.415733400000000074e+03,9.023099999999999454e+00
1.415735799999999927e+03,8.979100000000000747e+00
1.415738299999999981e+03,8.939799999999999969e+00
1.415740700000000061e+03,8.929299999999999571e+00
1.415743199999999888e+03,8.959300000000000708e+00
1.415745599999999968e+03,9.027499999999999858e+00
1.415748000000000047e+03,9.127100000000000435e+00
1.415750500000000102e+03,9.235300000000000509e+00
1.415752899999999954e+03,9.298099999999999810e+00
1.415755400000000009e+03,9.260300000000000864e+00
1.415757800000000088e+03,9.120699999999999363e+00
1.415760299999999916e+03,8.944800000000000750e+00
1.415762699999999995e+03,8.813800000000000523e+00
1.415765100000000075e+03,8.763400000000000745e+00
1.415767599999999902e+03,8.774800000000000821e+00
1.415769999999999982e+03,8.811799999999999855e+00
1.415772500000000036e+03,8.851100000000000634e+00
1.415774899999999889e+03,8.881000000000000227e+00
1.415777299999999968e+03,8.894299999999999429e+00
1.415779800000000023e+03,8.896499999999999631e+00
1.415782200000000103e+03,8.920600000000000307e+00
1.415784699999999930e+03,9.012399999999999523e+00
1.415787100000000009e+03,9.183099999999999596e+00
1.415789600000000064e+03,9.388700000000000045e+00
1.415791999999999916e+03,9.570399999999999352e+00
1.415794399999999996e+03,9.699799999999999756e+00
1.415796900000000051e+03,9.768000000000000682e+00
1.415799299999999903e+03,9.753600000000000492e+00
1.415801799999999957e+03,9.631399999999999295e+00
1.415804200000000037e+03,9.412800000000000722e+00
1.415806599999999889e+03,9.156299999999999883e+00
1.415809099999999944e+03,8.930799999999999628e+00
1.415811500000000024e+03,8.773799999999999599e+00
1.415814000000000078e+03,8.685700000000000642e+00
1.415816399999999931e+03,8.645799999999999486e+00
1.415818800000000010e+03,8.627800000000000580e+00
1.415821300000000065e+03,8.614100000000000534e+00
1.415823699999999917e+03,8.614000000000000767e+00
1.415826199999999972e+03,8.662100000000000577e+00
1.415828600000000051e+03,8.786699999999999733e+00
1.415831100000000106e+03,8.973900000000000432e+00
1.415833499999999958e+03,9.169900000000000162e+00
1.415835900000000038e+03,9.317000000000000171e+00
1.415838400000000092e+03,9.380900000000000460e+00
1.415840799999999945e+03,9.347099999999999298e+00
1.415843299999999999e+03,9.210599999999999454e+00
1.415845700000000079e+03,8.987399999999999167e+00
1.415848099999999931e+03,8.729499999999999815e+00
1.415850599999999986e+03,8.509399999999999409e+00
1.415853000000000065e+03,8.379899999999999238e+00
1.415855499999999893e+03,8.351100000000000634e+00
1.415857899999999972e+03,8.400499999999999190e+00
1.415860400000000027e+03,8.492499999999999716e+00
1.415862800000000107e+03,8.593500000000000583e+00
1.415865199999999959e+03,8.677699999999999747e+00
1.415867700000000013e+03,8.733499999999999375e+00
1.415870100000000093e+03,8.762499999999999289e+00
1.415872599999999920e+03,8.772199999999999775e+00
1.415875000000000000e+03,8.763799999999999812e+00
1.415877400000000080e+03,8.731199999999999406e+00
1.415879899999999907e+03,8.674899999999999167e+00
1.415882299999999987e+03,8.610500000000000043e+00
1.415884800000000041e+03,8.558600000000000207e+00
1.415887199999999893e+03,8.539099999999999469e+00
1.415889599999999973e+03,8.584699999999999775e+00
1.415892100000000028e+03,8.744199999999999307e+00
1.415894500000000107e+03,9.038000000000000256e+00
1.415896999999999935e+03,9.394299999999999429e+00
1.415899400000000014e+03,9.657999999999999474e+00
1.415901900000000069e+03,9.703900000000000858e+00
1.415904299999999921e+03,9.539699999999999847e+00
1.415906700000000001e+03,9.282199999999999562e+00
1.415909200000000055e+03,9.054000000000000270e+00
1.415911599999999908e+03,8.919600000000000861e+00
1.415914099999999962e+03,8.877100000000000435e+00
1.415916500000000042e+03,8.868700000000000472e+00
1.415918899999999894e+03,8.813000000000000611e+00
1.415921399999999949e+03,8.661300000000000665e+00
1.415923800000000028e+03,8.435499999999999332e+00
1.415926300000000083e+03,8.215999999999999304e+00
1.415928699999999935e+03,8.092000000000000526e+00
1.415931199999999990e+03,8.103999999999999204e+00
1.415933600000000069e+03,8.216200000000000614e+00
1.415935999999999922e+03,8.340600000000000236e+00
1.415938499999999976e+03,8.395099999999999341e+00
1.415940900000000056e+03,8.347599999999999909e+00
1.415943400000000111e+03,8.222300000000000608e+00
1.415945799999999963e+03,8.072599999999999554e+00
1.415948200000000043e+03,7.942099999999999937e+00
1.415950700000000097e+03,7.843300000000000161e+00
1.415953099999999949e+03,7.767599999999999838e+00
1.415955600000000004e+03,7.705300000000000260e+00
1.415958000000000084e+03,7.654700000000000060e+00
1.415960399999999936e+03,7.616799999999999571e+00
1.415962899999999991e+03,7.583999999999999631e+00
1.415965300000000070e+03,7.537799999999999834e+00
1.415967799999999897e+03,7.469500000000000028e+00
1.415970199999999977e+03,7.401399999999999757e+00
1.415972700000000032e+03,7.377100000000000435e+00
1.415975100000000111e+03,7.430200000000000138e+00
1.415977499999999964e+03,7.556899999999999729e+00
1.415980000000000018e+03,7.708599999999999675e+00
1.415982400000000098e+03,7.816900000000000404e+00
1.415984899999999925e+03,7.848399999999999821e+00
1.415987300000000005e+03,7.852400000000000269e+00
1.415989700000000084e+03,7.955499999999999794e+00
1.415992199999999912e+03,8.287499999999999645e+00
1.415994599999999991e+03,8.848499999999999588e+00
1.415997100000000046e+03,9.421900000000000830e+00
1.415999499999999898e+03,9.691800000000000637e+00
1.416001999999999953e+03,9.522500000000000853e+00
1.416004400000000032e+03,9.086499999999999133e+00
1.416006800000000112e+03,8.681599999999999540e+00
1.416009299999999939e+03,8.480399999999999494e+00
1.416011700000000019e+03,8.471199999999999619e+00
1.416014200000000073e+03,8.549400000000000333e+00
1.416016599999999926e+03,8.612399999999999167e+00
1.416019000000000005e+03,8.608100000000000307e+00
1.416021500000000060e+03,8.549099999999999255e+00
1.416023899999999912e+03,8.495799999999999130e+00
1.416026399999999967e+03,8.514300000000000423e+00
1.416028800000000047e+03,8.635799999999999699e+00
1.416031199999999899e+03,8.839600000000000790e+00
1.416033699999999953e+03,9.069000000000000838e+00
1.416036100000000033e+03,9.262199999999999989e+00
1.416038600000000088e+03,9.379200000000000870e+00
1.416040999999999940e+03,9.414099999999999469e+00
1.416043499999999995e+03,9.391400000000000858e+00
1.416045900000000074e+03,9.353400000000000603e+00
1.416048299999999927e+03,9.345800000000000551e+00
1.416050799999999981e+03,9.397299999999999542e+00
1.416053200000000061e+03,9.498699999999999477e+00
1.416055699999999888e+03,9.604200000000000514e+00
1.416058099999999968e+03,9.671900000000000830e+00
1.416060500000000047e+03,9.708999999999999631e+00
1.416063000000000102e+03,9.768900000000000361e+00
1.416065399999999954e+03,9.893000000000000682e+00
1.416067900000000009e+03,1.006320000000000014e+01
1.416070300000000088e+03,1.021649999999999991e+01
1.416072799999999916e+03,1.030080000000000062e+01
1.416075199999999995e+03,1.031029999999999980e+01
1.416077600000000075e+03,1.028059999999999974e+01
1.416080099999999902e+03,1.025869999999999926e+01
1.416082499999999982e+03,1.027519999999999989e+01
1.416085000000000036e+03,1.033159999999999989e+01
1.416087399999999889e+03,1.041319999999999979e+01
1.416089799999999968e+03,1.051839999999999975e+01
1.416092300000000023e+03,1.066060000000000052e+01
1.416094700000000103e+03,1.083409999999999940e+01
1.416097199999999930e+03,1.100539999999999985e+01
1.416099600000000009e+03,1.115210000000000079e+01
1.416102100000000064e+03,1.128999999999999915e+01
1.416104499999999916e+03,1.145759999999999934e+01
1.416106899999999996e+03,1.169640000000000057e+01
1.416109400000000051e+03,1.204940000000000033e+01
1.416111799999999903e+03,1.255480000000000018e+01
1.416114299999999957e+03,1.321490000000000009e+01
1.416116700000000037e+03,1.396209999999999951e+01
1.416119099999999889e+03,1.463690000000000069e+01
1.416121599999999944e+03,1.501169999999999938e+01
1.416124000000000024e+03,1.490440000000000076e+01
1.416126500000000078e+03,1.432740000000000080e+01
1.416128899999999931e+03,1.351149999999999984e+01
1.416131300000000010e+03,1.274559999999999960e+01
1.416133800000000065e+03,1.218979999999999997e+01
1.416136199999999917e+03,1.183559999999999945e+01
1.416138699999999972e+03,1.159970000000000034e+01
1.416141100000000051e+03,1.141200000000000081e+01
1.416143600000000106e+03,1.122780000000000022e+01
1.416145999999999958e+03,1.101939999999999920e+01
1.416148400000000038e+03,1.079529999999999923e+01
1.416150900000000092e+03,1.060929999999999929e+01
1.416153299999999945e+03,1.052820000000000000e+01
1.416155799999999999e+03,1.058239999999999981e+01
1.416158200000000079e+03,1.073259999999999970e+01
1.416160599999999931e+03,1.088349999999999973e+01
1.416163099999999986e+03,1.095229999999999926e+01
1.416165500000000065e+03,1.092689999999999984e+01
1.416167999999999893e+03,1.084779999999999944e+01
1.416170399999999972e+03,1.075019999999999953e+01
1.416172900000000027e+03,1.064250000000000007e+01
1.416175300000000107e+03,1.052740000000000009e+01
1.416177699999999959e+03,1.041380000000000017e+01
1.416180200000000013e+03,1.031240000000000023e+01
1.416182600000000093e+03,1.023910000000000053e+01
1.416185099999999920e+03,1.021589999999999954e+01
1.416187500000000000e+03,1.024520000000000053e+01
1.416189900000000080e+03,1.028989999999999938e+01
1.416192399999999907e+03,1.030480000000000018e+01
1.416194799999999987e+03,1.028739999999999988e+01
1.416197300000000041e+03,1.027529999999999966e+01
1.416199699999999893e+03,1.029410000000000025e+01
1.416202099999999973e+03,1.032520000000000060e+01
1.416204600000000028e+03,1.032440000000000069e+01
1.416207000000000107e+03,1.026370000000000005e+01
1.416209499999999935e+03,1.015559999999999974e+01
1.416211900000000014e+03,1.003940000000000055e+01
1.416214400000000069e+03,9.954399999999999693e+00
1.416216799999999921e+03,9.933099999999999596e+00
1.416219200000000001e+03,1.000120000000000076e+01
1.416221700000000055e+03,1.014939999999999998e+01
1.416224099999999908e+03,1.030640000000000001e+01
1.416226599999999962e+03,1.037679999999999936e+01
1.416229000000000042e+03,1.032760000000000034e+01
1.416231399999999894e+03,1.022230000000000061e+01
1.416233899999999949e+03,1.015489999999999959e+01
1.416236300000000028e+03,1.016169999999999973e+01
1.416238800000000083e+03,1.020770000000000088e+01
1.416241199999999935e+03,1.023770000000000024e+01
1.416243699999999990e+03,1.021630000000000038e+01
1.416246100000000069e+03,1.012870000000000026e+01
1.416248499999999922e+03,9.977399999999999380e+00
1.416250999999999976e+03,9.791600000000000747e+00
1.416253400000000056e+03,9.624299999999999855e+00
1.416255900000000111e+03,9.525900000000000034e+00
1.416258299999999963e+03,9.509499999999999176e+00
1.416260700000000043e+03,9.535700000000000287e+00
1.416263200000000097e+03,9.542199999999999349e+00
1.416265599999999949e+03,9.503999999999999559e+00
1.416268100000000004e+03,9.458999999999999631e+00
1.416270500000000084e+03,9.459300000000000708e+00
1.416272899999999936e+03,9.499200000000000088e+00
1.416275399999999991e+03,9.506899999999999906e+00
1.416277800000000070e+03,9.412000000000000810e+00
1.416280299999999897e+03,9.217200000000000060e+00
1.416282699999999977e+03,9.003899999999999793e+00
1.416285200000000032e+03,8.873599999999999710e+00
1.416287600000000111e+03,8.878399999999999181e+00
1.416289999999999964e+03,8.992200000000000415e+00
1.416292500000000018e+03,9.144099999999999895e+00
1.416294900000000098e+03,9.288899999999999935e+00
1.416297399999999925e+03,9.439299999999999358e+00
1.416299800000000005e+03,9.621199999999999974e+00
1.416302200000000084e+03,9.809699999999999420e+00
1.416304699999999912e+03,9.928699999999999193e+00
1.416307099999999991e+03,9.914699999999999847e+00
1.416309600000000046e+03,9.774499999999999744e+00
1.416311999999999898e+03,9.580700000000000216e+00
1.416314499999999953e+03,9.413000000000000256e+00
1.416316900000000032e+03,9.305199999999999250e+00
1.416319300000000112e+03,9.249800000000000466e+00
1.416321799999999939e+03,9.239300000000000068e+00
1.416324200000000019e+03,9.274699999999999278e+00
1.416326700000000073e+03,9.338699999999999335e+00
1.416329099999999926e+03,9.383800000000000807e+00
1.416331500000000005e+03,9.365500000000000824e+00
1.416334000000000060e+03,9.284200000000000230e+00
1.416336399999999912e+03,9.194900000000000517e+00
1.416338899999999967e+03,9.166199999999999903e+00
1.416341300000000047e+03,9.219799999999999329e+00
1.416343800000000101e+03,9.310499999999999332e+00
1.416346199999999953e+03,9.368900000000000006e+00
1.416348600000000033e+03,9.361200000000000188e+00
1.416351100000000088e+03,9.310800000000000409e+00
1.416353499999999940e+03,9.263899999999999579e+00
1.416355999999999995e+03,9.243399999999999395e+00
1.416358400000000074e+03,9.240800000000000125e+00
1.416360799999999927e+03,9.246299999999999741e+00
1.416363299999999981e+03,9.266600000000000392e+00
1.416365700000000061e+03,9.306800000000000850e+00
1.416368199999999888e+03,9.349199999999999733e+00
1.416370599999999968e+03,9.362099999999999866e+00
1.416373000000000047e+03,9.326399999999999579e+00
1.416375500000000102e+03,9.254300000000000637e+00
1.416377899999999954e+03,9.179999999999999716e+00
1.416380400000000009e+03,9.131099999999999994e+00
1.416382800000000088e+03,9.105000000000000426e+00
1.416385299999999916e+03,9.073199999999999932e+00
1.416387699999999995e+03,9.012000000000000455e+00
1.416390100000000075e+03,8.932499999999999218e+00
1.416392599999999902e+03,8.883599999999999497e+00
1.416394999999999982e+03,8.918300000000000338e+00
1.416397500000000036e+03,9.052400000000000446e+00
1.416399899999999889e+03,9.248400000000000176e+00
1.416402299999999968e+03,9.429999999999999716e+00
1.416404800000000023e+03,9.520899999999999253e+00
1.416407200000000103e+03,9.497700000000000031e+00
1.416409699999999930e+03,9.418599999999999639e+00
1.416412100000000009e+03,9.375799999999999912e+00
1.416414600000000064e+03,9.400399999999999423e+00
1.416416999999999916e+03,9.423799999999999955e+00
1.416419399999999996e+03,9.350099999999999412e+00
1.416421900000000051e+03,9.161300000000000665e+00
1.416424299999999903e+03,8.939500000000000668e+00
1.416426799999999957e+03,8.790499999999999758e+00
1.416429200000000037e+03,8.754500000000000171e+00
1.416431599999999889e+03,8.789600000000000080e+00
1.416434099999999944e+03,8.822800000000000864e+00
1.416436500000000024e+03,8.807999999999999829e+00
1.416439000000000078e+03,8.745900000000000674e+00
1.416441399999999931e+03,8.671799999999999287e+00
1.416443800000000010e+03,8.630300000000000082e+00
1.416446300000000065e+03,8.653200000000000003e+00
1.416448699999999917e+03,8.748699999999999477e+00
1.416451199999999972e+03,8.896800000000000708e+00
1.416453600000000051e+03,9.057800000000000296e+00
1.416456100000000106e+03,9.199099999999999611e+00
1.416458499999999958e+03,9.311500000000000554e+00
1.416460900000000038e+03,9.388199999999999434e+00
1.416463400000000092e+03,9.404999999999999361e+00
1.416465799999999945e+03,9.343400000000000816e+00
1.416468299999999999e+03,9.225300000000000722e+00
1.416470700000000079e+03,9.108999999999999986e+00
1.416473099999999931e+03,9.054199999999999804e+00
1.416475599999999986e+03,9.090899999999999537e+00
1.416478000000000065e+03,9.195800000000000196e+00
1.416480499999999893e+03,9.287399999999999878e+00
1.416482899999999972e+03,9.281599999999999184e+00
1.416485400000000027e+03,9.172800000000000509e+00
1.416487800000000107e+03,9.042199999999999349e+00
1.416490199999999959e+03,8.980900000000000105e+00
1.416492700000000013e+03,9.028200000000000003e+00
1.416495100000000093e+03,9.179600000000000648e+00
1.416497599999999920e+03,9.410999999999999588e+00
1.416500000000000000e+03,9.677500000000000213e+00
1.416502400000000080e+03,9.914099999999999469e+00
1.416504899999999907e+03,1.006969999999999921e+01
1.416507299999999987e+03,1.014189999999999969e+01
1.416509800000000041e+03,1.016580000000000084e+01
1.416512199999999893e+03,1.016580000000000084e+01
1.416514599999999973e+03,1.012410000000000032e+01
1.416517100000000028e+03,9.995400000000000063e+00
1.416519500000000107e+03,9.757400000000000517e+00
1.416521999999999935e+03,9.458899999999999864e+00
1.416524400000000014e+03,9.205999999999999517e+00
1.416526900000000069e+03,9.079100000000000392e+00
1.416529299999999921e+03,9.067700000000000315e+00
1.416531700000000001e+03,9.107599999999999696e+00
1.416534200000000055e+03,9.162399999999999878e+00
1.416536599999999908e+03,9.235699999999999577e+00
1.416539099999999962e+03,9.313299999999999912e+00
1.416541500000000042e+03,9.340799999999999770e+00
1.416543899999999894e+03,9.277799999999999159e+00
1.416546399999999949e+03,9.154400000000000759e+00
1.416548800000000028e+03,9.047399999999999665e+00
1.416551300000000083e+03,8.995400000000000063e+00
1.416553699999999935e+03,8.958000000000000185e+00
1.416556199999999990e+03,8.873499999999999943e+00
1.416558600000000069e+03,8.746700000000000585e+00
1.416560999999999922e+03,8.659800000000000608e+00
1.416563499999999976e+03,8.697100000000000719e+00
1.416565900000000056e+03,8.867800000000000793e+00
1.416568400000000111e+03,9.100600000000000023e+00
1.416570799999999963e+03,9.300200000000000244e+00
1.416573200000000043e+03,9.407000000000000028e+00
1.416575700000000097e+03,9.415599999999999525e+00
1.416578099999999949e+03,9.356400000000000716e+00
1.416580600000000004e+03,9.271499999999999631e+00
1.416583000000000084e+03,9.200699999999999434e+00
1.416585399999999936e+03,9.169399999999999551e+00
1.416587899999999991e+03,9.176000000000000156e+00
1.416590300000000070e+03,9.194699999999999207e+00
1.416592799999999897e+03,9.198800000000000310e+00
1.416595199999999977e+03,9.182399999999999451e+00
1.416597700000000032e+03,9.158799999999999386e+00
1.416600100000000111e+03,9.141999999999999460e+00
1.416602499999999964e+03,9.130599999999999383e+00
1.416605000000000018e+03,9.109999999999999432e+00
1.416607400000000098e+03,9.072100000000000719e+00
1.416609899999999925e+03,9.033699999999999619e+00
1.416612300000000005e+03,9.032700000000000173e+00
1.416614700000000084e+03,9.095900000000000318e+00
1.416617199999999912e+03,9.206099999999999284e+00
1.416619599999999991e+03,9.304199999999999804e+00
1.416622100000000046e+03,9.336999999999999744e+00
1.416624499999999898e+03,9.301399999999999224e+00
1.416626999999999953e+03,9.230900000000000105e+00
1.416629400000000032e+03,9.148199999999999221e+00
1.416631800000000112e+03,9.048400000000000887e+00
1.416634299999999939e+03,8.918900000000000716e+00
1.416636700000000019e+03,8.753700000000000259e+00
1.416639200000000073e+03,8.561600000000000321e+00
1.416641599999999926e+03,8.374499999999999389e+00
1.416644000000000005e+03,8.237399999999999167e+00
1.416646500000000060e+03,8.170600000000000307e+00
1.416648899999999912e+03,8.144999999999999574e+00
1.416651399999999967e+03,8.105100000000000193e+00
1.416653800000000047e+03,8.018000000000000682e+00
1.416656199999999899e+03,7.899499999999999744e+00
1.416658699999999953e+03,7.790300000000000225e+00
1.416661100000000033e+03,7.708499999999999908e+00
1.416663600000000088e+03,7.634800000000000253e+00
1.416665999999999940e+03,7.541299999999999670e+00
1.416668499999999995e+03,7.418899999999999828e+00
1.416670900000000074e+03,7.270500000000000185e+00
1.416673299999999927e+03,7.096400000000000041e+00
1.416675799999999981e+03,6.905199999999999783e+00
1.416678200000000061e+03,6.722900000000000098e+00
1.416680699999999888e+03,6.570700000000000429e+00
1.416683099999999968e+03,6.452600000000000335e+00
1.416685500000000047e+03,6.405899999999999928e+00
1.416688000000000102e+03,6.566600000000000215e+00
1.416690399999999954e+03,7.114200000000000301e+00
1.416692900000000009e+03,8.054600000000000648e+00
1.416695300000000088e+03,9.035700000000000287e+00
1.416697799999999916e+03,9.504400000000000404e+00
1.416700199999999995e+03,9.173400000000000887e+00
1.416702600000000075e+03,8.293200000000000571e+00
1.416705099999999902e+03,7.390600000000000058e+00
1.416707499999999982e+03,6.815299999999999692e+00
1.416710000000000036e+03,6.589199999999999946e+00
1.416712399999999889e+03,6.568800000000000416e+00
1.416714799999999968e+03,6.627399999999999736e+00
1.416717300000000023e+03,6.713899999999999757e+00
1.416719700000000103e+03,6.832600000000000229e+00
1.416722199999999930e+03,7.001999999999999780e+00
1.416724600000000009e+03,7.213400000000000034e+00
1.416727100000000064e+03,7.421000000000000263e+00
1.416729499999999916e+03,7.579699999999999882e+00
1.416731899999999996e+03,7.689600000000000435e+00
1.416734400000000051e+03,7.788400000000000212e+00
1.416736799999999903e+03,7.904799999999999827e+00
1.416739299999999957e+03,8.030099999999999127e+00
1.416741700000000037e+03,8.136799999999999145e+00
1.416744099999999889e+03,8.214199999999999946e+00
1.416746599999999944e+03,8.272100000000000009e+00
1.416749000000000024e+03,8.311099999999999710e+00
1.416751500000000078e+03,8.308999999999999275e+00
1.416753899999999931e+03,8.250299999999999301e+00
1.416756300000000010e+03,8.166800000000000281e+00
1.416758800000000065e+03,8.133800000000000807e+00
1.416761199999999917e+03,8.212799999999999656e+00
1.416763699999999972e+03,8.395799999999999486e+00
1.416766100000000051e+03,8.619500000000000384e+00
1.416768600000000106e+03,8.828300000000000480e+00
1.416770999999999958e+03,9.004300000000000637e+00
1.416773400000000038e+03,9.144199999999999662e+00
1.416775900000000092e+03,9.241500000000000270e+00
1.416778299999999945e+03,9.297399999999999665e+00
1.416780799999999999e+03,9.328300000000000480e+00
1.416783200000000079e+03,9.358700000000000685e+00
1.416785599999999931e+03,9.408699999999999619e+00
1.416788099999999986e+03,9.478999999999999204e+00
1.416790500000000065e+03,9.542299999999999116e+00
1.416792999999999893e+03,9.558600000000000207e+00
1.416795399999999972e+03,9.509399999999999409e+00
1.416797900000000027e+03,9.409499999999999531e+00
1.416800300000000107e+03,9.285999999999999588e+00
1.416802699999999959e+03,9.169499999999999318e+00
1.416805200000000013e+03,9.102800000000000225e+00
1.416807600000000093e+03,9.122400000000000730e+00
1.416810099999999920e+03,9.217900000000000205e+00
1.416812500000000000e+03,9.335599999999999454e+00
1.416814900000000080e+03,9.430899999999999395e+00
1.416817399999999907e+03,9.503999999999999559e+00
1.416819799999999987e+03,9.576700000000000657e+00
1.416822300000000041e+03,9.648300000000000765e+00
1.416824699999999893e+03,9.688499999999999446e+00
1.416827099999999973e+03,9.676999999999999602e+00
1.416829600000000028e+03,9.633100000000000662e+00
1.416832000000000107e+03,9.598499999999999588e+00
1.416834499999999935e+03,9.591400000000000148e+00
1.416836900000000014e+03,9.582000000000000739e+00
1.416839400000000069e+03,9.520500000000000185e+00
1.416841799999999921e+03,9.391700000000000159e+00
1.416844200000000001e+03,9.238099999999999312e+00
1.416846700000000055e+03,9.125199999999999534e+00
1.416849099999999908e+03,9.083399999999999253e+00
1.416851599999999962e+03,9.087300000000000821e+00
1.416854000000000042e+03,9.089100000000000179e+00
1.416856399999999894e+03,9.057299999999999685e+00
1.416858899999999949e+03,8.977999999999999758e+00
1.416861300000000028e+03,8.849000000000000199e+00
1.416863800000000083e+03,8.705999999999999517e+00
1.416866199999999935e+03,8.634299999999999642e+00
1.416868699999999990e+03,8.708999999999999631e+00
1.416871100000000069e+03,8.923799999999999955e+00
1.416873499999999922e+03,9.202500000000000568e+00
1.416875999999999976e+03,9.465700000000000003e+00
1.416878400000000056e+03,9.652200000000000557e+00
1.416880900000000111e+03,9.702700000000000102e+00
1.416883299999999963e+03,9.583700000000000330e+00
1.416885700000000043e+03,9.340199999999999392e+00
1.416888200000000097e+03,9.084899999999999309e+00
1.416890599999999949e+03,8.915200000000000458e+00
1.416893100000000004e+03,8.851900000000000546e+00
1.416895500000000084e+03,8.854400000000000048e+00
1.416897899999999936e+03,8.869899999999999451e+00
1.416900399999999991e+03,8.870799999999999130e+00
1.416902800000000070e+03,8.870200000000000529e+00
1.416905299999999897e+03,8.905799999999999272e+00
1.416907699999999977e+03,8.998599999999999710e+00
1.416910200000000032e+03,9.120599999999999596e+00
1.416912600000000111e+03,9.212999999999999190e+00
1.416914999999999964e+03,9.238899999999999224e+00
1.416917500000000018e+03,9.209600000000000009e+00
1.416919900000000098e+03,9.155599999999999739e+00
1.416922399999999925e+03,9.081599999999999895e+00
1.416924800000000005e+03,8.964900000000000091e+00
1.416927200000000084e+03,8.801000000000000156e+00
1.416929699999999912e+03,8.633100000000000662e+00
1.416932099999999991e+03,8.526799999999999713e+00
1.416934600000000046e+03,8.516400000000000858e+00
1.416936999999999898e+03,8.584099999999999397e+00
1.416939499999999953e+03,8.688399999999999679e+00
1.416941900000000032e+03,8.798400000000000887e+00
1.416944300000000112e+03,8.896399999999999864e+00
1.416946799999999939e+03,8.964900000000000091e+00
1.416949200000000019e+03,8.995499999999999829e+00
1.416951700000000073e+03,9.015000000000000568e+00
1.416954099999999926e+03,9.072100000000000719e+00
1.416956500000000005e+03,9.189299999999999358e+00
1.416959000000000060e+03,9.339499999999999247e+00
1.416961399999999912e+03,9.463499999999999801e+00
1.416963899999999967e+03,9.495300000000000296e+00
1.416966300000000047e+03,9.388700000000000045e+00
1.416968800000000101e+03,9.157600000000000406e+00
1.416971199999999953e+03,8.890299999999999869e+00
1.416973600000000033e+03,8.700699999999999434e+00
1.416976100000000088e+03,8.651099999999999568e+00
1.416978499999999940e+03,8.713499999999999801e+00
1.416980999999999995e+03,8.799699999999999633e+00
1.416983400000000074e+03,8.841699999999999449e+00
1.416985799999999927e+03,8.846600000000000463e+00
1.416988299999999981e+03,8.869600000000000151e+00
1.416990700000000061e+03,8.945399999999999352e+00
1.416993199999999888e+03,9.058099999999999596e+00
1.416995599999999968e+03,9.168599999999999639e+00
1.416998000000000047e+03,9.249599999999999156e+00
1.417000500000000102e+03,9.295600000000000307e+00
1.417002899999999954e+03,9.315099999999999270e+00
1.417005400000000009e+03,9.321600000000000108e+00
1.417007800000000088e+03,9.326700000000000657e+00
1.417010299999999916e+03,9.331799999999999429e+00
1.417012699999999995e+03,9.322400000000000020e+00
1.417015100000000075e+03,9.277100000000000790e+00
1.417017599999999902e+03,9.193400000000000460e+00
1.417019999999999982e+03,9.100300000000000722e+00
1.417022500000000036e+03,9.041199999999999903e+00
1.417024899999999889e+03,9.048199999999999577e+00
1.417027299999999968e+03,9.130800000000000693e+00
1.417029800000000023e+03,9.272800000000000153e+00
1.417032200000000103e+03,9.429999999999999716e+00
1.417034699999999930e+03,9.547599999999999199e+00
1.417037100000000009e+03,9.602100000000000080e+00
1.417039600000000064e+03,9.617800000000000793e+00
1.417041999999999916e+03,9.624900000000000233e+00
1.417044399999999996e+03,9.609500000000000597e+00
1.417046900000000051e+03,9.528600000000000847e+00
1.417049299999999903e+03,9.374800000000000466e+00
1.417051799999999957e+03,9.198199999999999932e+00
1.417054200000000037e+03,9.059300000000000352e+00
1.417056599999999889e+03,8.982699999999999463e+00
1.417059099999999944e+03,8.963699999999999335e+00
1.417061500000000024e+03,8.991300000000000736e+00
1.417064000000000078e+03,9.051099999999999923e+00
1.417066399999999931e+03,9.121000000000000441e+00
1.417068800000000010e+03,9.176600000000000534e+00
1.417071300000000065e+03,9.188200000000000145e+00
1.417073699999999917e+03,9.122299999999999187e+00
1.417076199999999972e+03,8.983299999999999841e+00
1.417078600000000051e+03,8.851599999999999469e+00
1.417081100000000106e+03,8.835300000000000153e+00
1.417083499999999958e+03,8.958000000000000185e+00
1.417085900000000038e+03,9.121800000000000352e+00
1.417088400000000092e+03,9.204100000000000392e+00
1.417090799999999945e+03,9.175200000000000244e+00
1.417093299999999999e+03,9.106799999999999784e+00
1.417095700000000079e+03,9.084799999999999542e+00
1.417098099999999931e+03,9.135799999999999699e+00
1.417100599999999986e+03,9.227199999999999847e+00
1.417103000000000065e+03,9.307399999999999451e+00
1.417105499999999893e+03,9.343199999999999505e+00
1.417107899999999972e+03,9.339600000000000790e+00
1.417110400000000027e+03,9.333700000000000330e+00
1.417112800000000107e+03,9.358900000000000219e+00
1.417115199999999959e+03,9.406200000000000117e+00
1.417117700000000013e+03,9.436199999999999477e+00
1.417120100000000093e+03,9.428499999999999659e+00
1.417122599999999920e+03,9.401400000000000645e+00
1.417125000000000000e+03,9.378999999999999559e+00
1.417127400000000080e+03,9.355000000000000426e+00
1.417129899999999907e+03,9.303399999999999892e+00
1.417132299999999987e+03,9.215700000000000003e+00
1.417134800000000041e+03,9.116400000000000503e+00
1.417137199999999893e+03,9.042799999999999727e+00
1.417139599999999973e+03,9.007600000000000051e+00
1.417142100000000028e+03,8.980800000000000338e+00
1.417144500000000107e+03,8.914400000000000546e+00
1.417146999999999935e+03,8.795799999999999841e+00
1.417149400000000014e+03,8.673400000000000887e+00
1.417151900000000069e+03,8.626699999999999591e+00
1.417154299999999921e+03,8.709199999999999164e+00
1.417156700000000001e+03,8.910299999999999443e+00
1.417159200000000055e+03,9.153900000000000148e+00
1.417161599999999908e+03,9.337699999999999889e+00
1.417164099999999962e+03,9.395899999999999253e+00
1.417166500000000042e+03,9.337199999999999278e+00
1.417168899999999894e+03,9.216799999999999216e+00
1.417171399999999949e+03,9.074299999999999145e+00
1.417173800000000028e+03,8.917799999999999727e+00
1.417176300000000083e+03,8.765100000000000335e+00
1.417178699999999935e+03,8.662499999999999645e+00
1.417181199999999990e+03,8.645500000000000185e+00
1.417183600000000069e+03,8.698100000000000165e+00
1.417185999999999922e+03,8.775100000000000122e+00
1.417188499999999976e+03,8.857599999999999696e+00
1.417190900000000056e+03,8.962400000000000588e+00
1.417193400000000111e+03,9.086399999999999366e+00
1.417195799999999963e+03,9.166900000000000048e+00
1.417198200000000043e+03,9.129400000000000404e+00
1.417200700000000097e+03,8.966200000000000614e+00
1.417203099999999949e+03,8.745400000000000063e+00
1.417205600000000004e+03,8.547599999999999199e+00
1.417208000000000084e+03,8.421300000000000452e+00
1.417210399999999936e+03,8.391600000000000392e+00
1.417212899999999991e+03,8.474199999999999733e+00
1.417215300000000070e+03,8.651999999999999247e+00
1.417217799999999897e+03,8.849899999999999878e+00
1.417220199999999977e+03,8.962699999999999889e+00
1.417222700000000032e+03,8.930400000000000560e+00
1.417225100000000111e+03,8.790900000000000603e+00
1.417227499999999964e+03,8.651699999999999946e+00
1.417230000000000018e+03,8.604699999999999349e+00
1.417232400000000098e+03,8.667699999999999960e+00
1.417234899999999925e+03,8.794999999999999929e+00
1.417237300000000005e+03,8.921799999999999287e+00
1.417239700000000084e+03,8.996199999999999974e+00
1.417242199999999912e+03,8.996999999999999886e+00
1.417244599999999991e+03,8.942099999999999937e+00
1.417247100000000046e+03,8.871700000000000585e+00
1.417249499999999898e+03,8.810499999999999332e+00
1.417251999999999953e+03,8.750099999999999767e+00
1.417254400000000032e+03,8.671499999999999986e+00
1.417256800000000112e+03,8.572499999999999787e+00
1.417259299999999939e+03,8.463400000000000034e+00
1.417261700000000019e+03,8.355399999999999494e+00
1.417264200000000073e+03,8.267500000000000071e+00
1.417266599999999926e+03,8.230900000000000105e+00
1.417269000000000005e+03,8.261100000000000776e+00
1.417271500000000060e+03,8.326999999999999957e+00
1.417273899999999912e+03,8.373799999999999244e+00
1.417276399999999967e+03,8.384000000000000341e+00
1.417278800000000047e+03,8.400800000000000267e+00
1.417281199999999899e+03,8.475199999999999179e+00
1.417283699999999953e+03,8.604499999999999815e+00
1.417286100000000033e+03,8.743199999999999861e+00
1.417288600000000088e+03,8.866300000000000736e+00
1.417290999999999940e+03,8.990199999999999747e+00
1.417293499999999995e+03,9.131299999999999528e+00
1.417295900000000074e+03,9.269600000000000506e+00
1.417298299999999927e+03,9.360200000000000742e+00
1.417300799999999981e+03,9.368999999999999773e+00
1.417303200000000061e+03,9.294499999999999318e+00
1.417305699999999888e+03,9.168699999999999406e+00
1.417308099999999968e+03,9.044900000000000162e+00
1.417310500000000047e+03,8.973399999999999821e+00
1.417313000000000102e+03,8.973200000000000287e+00
1.417315399999999954e+03,9.028200000000000003e+00
1.417317900000000009e+03,9.110099999999999199e+00
1.417320300000000088e+03,9.195999999999999730e+00
1.417322799999999916e+03,9.268399999999999750e+00
1.417325199999999995e+03,9.310100000000000264e+00
1.417327600000000075e+03,9.302500000000000213e+00
1.417330099999999902e+03,9.231899999999999551e+00
1.417332499999999982e+03,9.115800000000000125e+00
1.417335000000000036e+03,9.013700000000000045e+00
1.417337399999999889e+03,8.977100000000000080e+00
1.417339799999999968e+03,8.985699999999999577e+00
1.417342300000000023e+03,8.961199999999999832e+00
1.417344700000000103e+03,8.854300000000000281e+00
1.417347199999999930e+03,8.702899999999999636e+00
1.417349600000000009e+03,8.596899999999999764e+00
1.417352100000000064e+03,8.595599999999999241e+00
1.417354499999999916e+03,8.682700000000000529e+00
1.417356899999999996e+03,8.787100000000000577e+00
1.417359400000000051e+03,8.833299999999999486e+00
1.417361799999999903e+03,8.782799999999999940e+00
1.417364299999999957e+03,8.655599999999999739e+00
1.417366700000000037e+03,8.516000000000000014e+00
1.417369099999999889e+03,8.422200000000000131e+00
1.417371599999999944e+03,8.378299999999999415e+00
1.417374000000000024e+03,8.348699999999999122e+00
1.417376500000000078e+03,8.326399999999999579e+00
1.417378899999999931e+03,8.360099999999999199e+00
1.417381300000000010e+03,8.490099999999999980e+00
1.417383800000000065e+03,8.679800000000000182e+00
1.417386199999999917e+03,8.843500000000000583e+00
1.417388699999999972e+03,8.929299999999999571e+00
1.417391100000000051e+03,8.948700000000000543e+00
1.417393600000000106e+03,8.932000000000000384e+00
1.417395999999999958e+03,8.879400000000000404e+00
1.417398400000000038e+03,8.776400000000000645e+00
1.417400900000000092e+03,8.648199999999999221e+00
1.417403299999999945e+03,8.565099999999999270e+00
1.417405799999999999e+03,8.580600000000000449e+00
1.417408200000000079e+03,8.682900000000000063e+00
1.417410599999999931e+03,8.817099999999999937e+00
1.417413099999999986e+03,8.935900000000000176e+00
1.417415500000000065e+03,9.021100000000000563e+00
1.417417999999999893e+03,9.082599999999999341e+00
1.417420399999999972e+03,9.150299999999999656e+00
1.417422900000000027e+03,9.242599999999999483e+00
1.417425300000000107e+03,9.331099999999999284e+00
1.417427699999999959e+03,9.356400000000000716e+00
1.417430200000000013e+03,9.285500000000000753e+00
1.417432600000000093e+03,9.149399999999999977e+00
1.417435099999999920e+03,9.025000000000000355e+00
1.417437500000000000e+03,8.975199999999999179e+00
1.417439900000000080e+03,8.997600000000000264e+00
1.417442399999999907e+03,9.032999999999999474e+00
1.417444799999999987e+03,9.026099999999999568e+00
1.417447300000000041e+03,8.973599999999999355e+00
1.417449699999999893e+03,8.914899999999999380e+00
1.417452099999999973e+03,8.894500000000000739e+00
1.417454600000000028e+03,8.928399999999999892e+00
1.417457000000000107e+03,8.990399999999999281e+00
1.417459499999999935e+03,9.033899999999999153e+00
1.417461900000000014e+03,9.041299999999999670e+00
1.417464400000000069e+03,9.046300000000000452e+00
1.417466799999999921e+03,9.096600000000000463e+00
1.417469200000000001e+03,9.205399999999999139e+00
1.417471700000000055e+03,9.345599999999999241e+00
1.417474099999999908e+03,9.474299999999999500e+00
1.417476599999999962e+03,9.553200000000000358e+00
1.417479000000000042e+03,9.567700000000000315e+00
1.417481399999999894e+03,9.536500000000000199e+00
1.417483899999999949e+03,9.490099999999999980e+00
1.417486300000000028e+03,9.437799999999999301e+00
1.417488800000000083e+03,9.375000000000000000e+00
1.417491199999999935e+03,9.318099999999999383e+00
1.417493699999999990e+03,9.301800000000000068e+00
1.417496100000000069e+03,9.331699999999999662e+00
1.417498499999999922e+03,9.367499999999999716e+00
1.417500999999999976e+03,9.362700000000000244e+00
1.417503400000000056e+03,9.307299999999999685e+00
1.417505900000000111e+03,9.225199999999999179e+00
1.417508299999999963e+03,9.146599999999999397e+00
1.417510700000000043e+03,9.089800000000000324e+00
1.417513200000000097e+03,9.058400000000000674e+00
1.417515599999999949e+03,9.048500000000000654e+00
1.417518100000000004e+03,9.056100000000000705e+00
1.417520500000000084e+03,9.075699999999999434e+00
1.417522899999999936e+03,9.091699999999999449e+00
1.417525399999999991e+03,9.082700000000000884e+00
1.417527800000000070e+03,9.035299999999999443e+00
1.417530299999999897e+03,8.955600000000000449e+00
1.417532699999999977e+03,8.877100000000000435e+00
1.417535200000000032e+03,8.855100000000000193e+00
1.417537600000000111e+03,8.930400000000000560e+00
1.417539999999999964e+03,9.082000000000000739e+00
1.417542500000000018e+03,9.227399999999999380e+00
1.417544900000000098e+03,9.281000000000000583e+00
1.417547399999999925e+03,9.208700000000000330e+00
1.417549800000000005e+03,9.037599999999999412e+00
1.417552200000000084e+03,8.836100000000000065e+00
1.417554699999999912e+03,8.688700000000000756e+00
1.417557099999999991e+03,8.659399999999999764e+00
1.417559600000000046e+03,8.752299999999999969e+00
1.417561999999999898e+03,8.905400000000000205e+00
1.417564499999999953e+03,9.033500000000000085e+00
1.417566900000000032e+03,9.086899999999999977e+00
1.417569300000000112e+03,9.072499999999999787e+00
1.417571799999999939e+03,9.035399999999999210e+00
1.417574200000000019e+03,9.031200000000000117e+00
1.417576700000000073e+03,9.098300000000000054e+00
1.417579099999999926e+03,9.230900000000000105e+00
1.417581500000000005e+03,9.378700000000000259e+00
1.417584000000000060e+03,9.487299999999999400e+00
1.417586399999999912e+03,9.539099999999999469e+00
1.417588899999999967e+03,9.551000000000000156e+00
1.417591300000000047e+03,9.539600000000000080e+00
1.417593800000000101e+03,9.501200000000000756e+00
1.417596199999999953e+03,9.431200000000000472e+00
1.417598600000000033e+03,9.354900000000000659e+00
1.417601100000000088e+03,9.312699999999999534e+00
1.417603499999999940e+03,9.308899999999999508e+00
1.417605999999999995e+03,9.293900000000000716e+00
1.417608400000000074e+03,9.213300000000000267e+00
1.417610799999999927e+03,9.064799999999999969e+00
1.417613299999999981e+03,8.900000000000000355e+00
1.417615700000000061e+03,8.783699999999999619e+00
1.417618199999999888e+03,8.753399999999999181e+00
1.417620599999999968e+03,8.797200000000000131e+00
1.417623000000000047e+03,8.862899999999999778e+00
1.417625500000000102e+03,8.901699999999999946e+00
1.417627899999999954e+03,8.905200000000000671e+00
1.417630400000000009e+03,8.893599999999999284e+00
1.417632800000000088e+03,8.889200000000000657e+00
1.417635299999999916e+03,8.916800000000000281e+00
1.417637699999999995e+03,9.007099999999999440e+00
1.417640100000000075e+03,9.169100000000000250e+00
1.417642599999999902e+03,9.357699999999999463e+00
1.417644999999999982e+03,9.488799999999999457e+00
1.417647500000000036e+03,9.496999999999999886e+00
1.417649899999999889e+03,9.382799999999999585e+00
1.417652299999999968e+03,9.209400000000000475e+00
1.417654800000000023e+03,9.056499999999999773e+00
1.417657200000000103e+03,8.969099999999999184e+00
1.417659699999999930e+03,8.942500000000000782e+00
1.417662100000000009e+03,8.952600000000000335e+00
1.417664600000000064e+03,8.989300000000000068e+00
1.417666999999999916e+03,9.053399999999999892e+00
1.417669399999999996e+03,9.133599999999999497e+00
1.417671900000000051e+03,9.207599999999999341e+00
1.417674299999999903e+03,9.264099999999999113e+00
1.417676799999999957e+03,9.307199999999999918e+00
1.417679200000000037e+03,9.337699999999999889e+00
1.417681599999999889e+03,9.342000000000000526e+00
1.417684099999999944e+03,9.308999999999999275e+00
1.417686500000000024e+03,9.251899999999999125e+00
1.417689000000000078e+03,9.203400000000000247e+00
1.417691399999999931e+03,9.181400000000000006e+00
1.417693800000000010e+03,9.170600000000000307e+00
1.417696300000000065e+03,9.146599999999999397e+00
1.417698699999999917e+03,9.109400000000000830e+00
1.417701199999999972e+03,9.084799999999999542e+00
1.417703600000000051e+03,9.096199999999999619e+00
1.417706100000000106e+03,9.138500000000000512e+00
1.417708499999999958e+03,9.180500000000000327e+00
1.417710900000000038e+03,9.194599999999999440e+00
1.417713400000000092e+03,9.181400000000000006e+00
1.417715799999999945e+03,9.163399999999999324e+00
1.417718299999999999e+03,9.162699999999999179e+00
1.417720700000000079e+03,9.193500000000000227e+00
1.417723099999999931e+03,9.259900000000000020e+00
1.417725599999999986e+03,9.344500000000000028e+00
1.417728000000000065e+03,9.407600000000000406e+00
1.417730499999999893e+03,9.413800000000000168e+00
1.417732899999999972e+03,9.361299999999999955e+00
1.417735400000000027e+03,9.281000000000000583e+00
1.417737800000000107e+03,9.208099999999999952e+00
1.417740199999999959e+03,9.151500000000000412e+00
1.417742700000000013e+03,9.092599999999999127e+00
1.417745100000000093e+03,9.017200000000000770e+00
1.417747599999999920e+03,8.942000000000000171e+00
1.417750000000000000e+03,8.893599999999999284e+00
1.417752400000000080e+03,8.875999999999999446e+00
1.417754899999999907e+03,8.875799999999999912e+00
1.417757299999999987e+03,8.887700000000000600e+00
1.417759800000000041e+03,8.919800000000000395e+00
1.417762199999999893e+03,8.981600000000000250e+00
1.417764599999999973e+03,9.073199999999999932e+00
1.417767100000000028e+03,9.175800000000000622e+00
1.417769500000000107e+03,9.257300000000000750e+00
1.417771999999999935e+03,9.301700000000000301e+00
1.417774400000000014e+03,9.329299999999999926e+00
1.417776900000000069e+03,9.371700000000000585e+00
1.417779299999999921e+03,9.434100000000000819e+00
1.417781700000000001e+03,9.490099999999999980e+00
1.417784200000000055e+03,9.507999999999999119e+00
1.417786599999999908e+03,9.472500000000000142e+00
1.417789099999999962e+03,9.386799999999999145e+00
1.417791500000000042e+03,9.265000000000000568e+00
1.417793899999999894e+03,9.128299999999999415e+00
1.417796399999999949e+03,9.002900000000000347e+00
1.417798800000000028e+03,8.913899999999999935e+00
1.417801300000000083e+03,8.872700000000000031e+00
1.417803699999999935e+03,8.868199999999999861e+00
1.417806199999999990e+03,8.874499999999999389e+00
1.417808600000000069e+03,8.867699999999999250e+00
1.417810999999999922e+03,8.833700000000000330e+00
1.417813499999999976e+03,8.775600000000000733e+00
1.417815900000000056e+03,8.718999999999999417e+00
1.417818400000000111e+03,8.690599999999999881e+00
1.417820799999999963e+03,8.685999999999999943e+00
1.417823200000000043e+03,8.681900000000000617e+00
1.417825700000000097e+03,8.676899999999999835e+00
1.417828099999999949e+03,8.692399999999999238e+00
1.417830600000000004e+03,8.736700000000000799e+00
1.417833000000000084e+03,8.793300000000000338e+00
1.417835399999999936e+03,8.844500000000000028e+00
1.417837899999999991e+03,8.887999999999999901e+00
1.417840300000000070e+03,8.928699999999999193e+00
1.417842799999999897e+03,8.960100000000000620e+00
1.417845199999999977e+03,8.965899999999999537e+00
1.417847700000000032e+03,8.950499999999999901e+00
1.417850100000000111e+03,8.952899999999999636e+00
1.417852499999999964e+03,9.004599999999999937e+00
1.417855000000000018e+03,9.085699999999999221e+00
1.417857400000000098e+03,9.150100000000000122e+00
1.417859899999999925e+03,9.178800000000000736e+00
1.417862300000000005e+03,9.183299999999999130e+00
1.417864700000000084e+03,9.175499999999999545e+00
1.417867199999999912e+03,9.159599999999999298e+00
1.417869599999999991e+03,9.136900000000000688e+00
1.417872100000000046e+03,9.095399999999999707e+00
1.417874499999999898e+03,9.016299999999999315e+00
1.417876999999999953e+03,8.912699999999999179e+00
1.417879400000000032e+03,8.840700000000000003e+00
1.417881800000000112e+03,8.849999999999999645e+00
1.417884299999999939e+03,8.936199999999999477e+00
1.417886700000000019e+03,9.056400000000000006e+00
1.417889200000000073e+03,9.166499999999999204e+00
1.417891599999999926e+03,9.227999999999999758e+00
1.417894000000000005e+03,9.211299999999999599e+00
1.417896500000000060e+03,9.122099999999999653e+00
1.417898899999999912e+03,9.009299999999999642e+00
1.417901399999999967e+03,8.925399999999999778e+00
1.417903800000000047e+03,8.885899999999999466e+00
1.417906199999999899e+03,8.874299999999999855e+00
1.417908699999999953e+03,8.874100000000000321e+00
1.417911100000000033e+03,8.888299999999999201e+00
1.417913600000000088e+03,8.931599999999999540e+00
1.417915999999999940e+03,9.003600000000000492e+00
1.417918499999999995e+03,9.070999999999999730e+00
1.417920900000000074e+03,9.092900000000000205e+00
1.417923299999999927e+03,9.064500000000000668e+00
1.417925799999999981e+03,9.017699999999999605e+00
1.417928200000000061e+03,8.980199999999999960e+00
1.417930699999999888e+03,8.956099999999999284e+00
1.417933099999999968e+03,8.936799999999999855e+00
1.417935500000000047e+03,8.910000000000000142e+00
1.417938000000000102e+03,8.868999999999999773e+00
1.417940399999999954e+03,8.828400000000000247e+00
1.417942900000000009e+03,8.822800000000000864e+00
1.417945300000000088e+03,8.882400000000000517e+00
1.417947799999999916e+03,9.007999999999999119e+00
1.417950199999999995e+03,9.166299999999999670e+00
1.417952600000000075e+03,9.306100000000000705e+00
1.417955099999999902e+03,9.380900000000000460e+00
1.417957499999999982e+03,9.365199999999999747e+00
1.417960000000000036e+03,9.270500000000000185e+00
1.417962399999999889e+03,9.152200000000000557e+00
1.417964799999999968e+03,9.082499999999999574e+00
1.417967300000000023e+03,9.097099999999999298e+00
1.417969700000000103e+03,9.168699999999999406e+00
1.417972199999999930e+03,9.232499999999999929e+00
1.417974600000000009e+03,9.230600000000000804e+00
1.417977100000000064e+03,9.138099999999999667e+00
1.417979499999999916e+03,8.974099999999999966e+00
1.417981899999999996e+03,8.803599999999999426e+00
1.417984400000000051e+03,8.708099999999999952e+00
1.417986799999999903e+03,8.726300000000000168e+00
1.417989299999999957e+03,8.826599999999999113e+00
1.417991700000000037e+03,8.949299999999999145e+00
1.417994099999999889e+03,9.067399999999999238e+00
1.417996599999999944e+03,9.199199999999999378e+00
1.417999000000000024e+03,9.365199999999999747e+00
1.418001500000000078e+03,9.541100000000000136e+00
1.418003899999999931e+03,9.656299999999999883e+00
1.418006300000000010e+03,9.651199999999999335e+00
1.418008800000000065e+03,9.538700000000000401e+00
1.418011199999999917e+03,9.399100000000000676e+00
1.418013699999999972e+03,9.309100000000000819e+00
1.418016100000000051e+03,9.287800000000000722e+00
1.418018600000000106e+03,9.314999999999999503e+00
1.418020999999999958e+03,9.382600000000000051e+00
1.418023400000000038e+03,9.505200000000000315e+00
1.418025900000000092e+03,9.680300000000000793e+00
1.418028299999999945e+03,9.856299999999999173e+00
1.418030799999999999e+03,9.957200000000000273e+00
1.418033200000000079e+03,9.940099999999999270e+00
1.418035599999999931e+03,9.823700000000000543e+00
1.418038099999999986e+03,9.668400000000000105e+00
1.418040500000000065e+03,9.534000000000000696e+00
1.418042999999999893e+03,9.450400000000000134e+00
1.418045399999999972e+03,9.421799999999999287e+00
1.418047900000000027e+03,9.448399999999999466e+00
1.418050300000000107e+03,9.529099999999999682e+00
1.418052699999999959e+03,9.640100000000000335e+00
1.418055200000000013e+03,9.737000000000000099e+00
1.418057600000000093e+03,9.791399999999999437e+00
1.418060099999999920e+03,9.817800000000000082e+00
1.418062500000000000e+03,9.858599999999999142e+00
1.418064900000000080e+03,9.945199999999999818e+00
1.418067399999999907e+03,1.006649999999999956e+01
1.418069799999999987e+03,1.016370000000000040e+01
1.418072300000000041e+03,1.016879999999999917e+01
1.418074699999999893e+03,1.006489999999999974e+01
1.418077099999999973e+03,9.900199999999999889e+00
1.418079600000000028e+03,9.735599999999999810e+00
1.418082000000000107e+03,9.592800000000000438e+00
1.418084499999999935e+03,9.462899999999999423e+00
1.418086900000000014e+03,9.349199999999999733e+00
1.418089400000000069e+03,9.280200000000000671e+00
1.418091799999999921e+03,9.276899999999999480e+00
1.418094200000000001e+03,9.317600000000000549e+00
1.418096700000000055e+03,9.353999999999999204e+00
1.418099099999999908e+03,9.357499999999999929e+00
1.418101599999999962e+03,9.343299999999999272e+00
1.418104000000000042e+03,9.354200000000000514e+00
1.418106399999999894e+03,9.418900000000000716e+00
1.418108899999999949e+03,9.513600000000000279e+00
1.418111300000000028e+03,9.569100000000000605e+00
1.418113800000000083e+03,9.535600000000000520e+00
1.418116199999999935e+03,9.441000000000000725e+00
1.418118699999999990e+03,9.371499999999999275e+00
1.418121100000000069e+03,9.396599999999999397e+00
1.418123499999999922e+03,9.513899999999999579e+00
1.418125999999999976e+03,9.657000000000000028e+00
1.418128400000000056e+03,9.754500000000000171e+00
1.418130900000000111e+03,9.784299999999999997e+00
1.418133299999999963e+03,9.774900000000000588e+00
1.418135700000000043e+03,9.760500000000000398e+00
1.418138200000000097e+03,9.746399999999999508e+00
1.418140599999999949e+03,9.713900000000000645e+00
1.418143100000000004e+03,9.647500000000000853e+00
1.418145500000000084e+03,9.559400000000000119e+00
1.418147899999999936e+03,9.490899999999999892e+00
1.418150399999999991e+03,9.473699999999999122e+00
1.418152800000000070e+03,9.492699999999999250e+00
1.418155299999999897e+03,9.500199999999999534e+00
1.418157699999999977e+03,9.470700000000000784e+00
1.418160200000000032e+03,9.427799999999999514e+00
1.418162600000000111e+03,9.412900000000000489e+00
1.418164999999999964e+03,9.434499999999999886e+00
1.418167500000000018e+03,9.455000000000000071e+00
1.418169900000000098e+03,9.430099999999999483e+00
1.418172399999999925e+03,9.351000000000000867e+00
1.418174800000000005e+03,9.241600000000000037e+00
1.418177200000000084e+03,9.125000000000000000e+00
1.418179699999999912e+03,9.009000000000000341e+00
1.418182099999999991e+03,8.898999999999999133e+00
1.418184600000000046e+03,8.807399999999999451e+00
1.418186999999999898e+03,8.747999999999999332e+00
1.418189499999999953e+03,8.733499999999999375e+00
1.418191900000000032e+03,8.775499999999999190e+00
1.418194300000000112e+03,8.874200000000000088e+00
1.418196799999999939e+03,9.010199999999999321e+00
1.418199200000000019e+03,9.154999999999999361e+00
1.418201700000000073e+03,9.288700000000000401e+00
1.418204099999999926e+03,9.409900000000000375e+00
1.418206500000000005e+03,9.531700000000000728e+00
1.418209000000000060e+03,9.655300000000000438e+00
1.418211399999999912e+03,9.741699999999999804e+00
1.418213899999999967e+03,9.733599999999999142e+00
1.418216300000000047e+03,9.620799999999999130e+00
1.418218800000000101e+03,9.459799999999999542e+00
1.418221199999999953e+03,9.316499999999999559e+00
1.418223600000000033e+03,9.215600000000000236e+00
1.418226100000000088e+03,9.156499999999999417e+00
1.418228499999999940e+03,9.143700000000000827e+00
1.418230999999999995e+03,9.173000000000000043e+00
1.418233400000000074e+03,9.211199999999999832e+00
1.418235799999999927e+03,9.215299999999999159e+00
1.418238299999999981e+03,9.172100000000000364e+00
1.418240700000000061e+03,9.111100000000000421e+00
1.418243199999999888e+03,9.081500000000000128e+00
1.418245599999999968e+03,9.114499999999999602e+00
1.418248000000000047e+03,9.199899999999999523e+00
1.418250500000000102e+03,9.294800000000000395e+00
1.418252899999999954e+03,9.360200000000000742e+00
1.418255400000000009e+03,9.386100000000000776e+00
1.418257800000000088e+03,9.387000000000000455e+00
1.418260299999999916e+03,9.381000000000000227e+00
1.418262699999999995e+03,9.371800000000000352e+00
1.418265100000000075e+03,9.342200000000000060e+00
1.418267599999999902e+03,9.268800000000000594e+00
1.418269999999999982e+03,9.157000000000000028e+00
1.418272500000000036e+03,9.060399999999999565e+00
1.418274899999999889e+03,9.046300000000000452e+00
1.418277299999999968e+03,9.130100000000000549e+00
1.418279800000000023e+03,9.252000000000000668e+00
1.418282200000000103e+03,9.327700000000000102e+00
1.418284699999999930e+03,9.319399999999999906e+00
1.418287100000000009e+03,9.254200000000000870e+00
1.418289600000000064e+03,9.187099999999999156e+00
1.418291999999999916e+03,9.157600000000000406e+00
1.418294399999999996e+03,9.176800000000000068e+00
1.418296900000000051e+03,9.237299999999999400e+00
1.418299299999999903e+03,9.323900000000000077e+00
1.418301799999999957e+03,9.414699999999999847e+00
1.418304200000000037e+03,9.477299999999999613e+00
1.418306599999999889e+03,9.480499999999999261e+00
1.418309099999999944e+03,9.420799999999999841e+00
1.418311500000000024e+03,9.340600000000000236e+00
1.418314000000000078e+03,9.305199999999999250e+00
1.418316399999999931e+03,9.343899999999999650e+00
1.418318800000000010e+03,9.417299999999999116e+00
1.418321300000000065e+03,9.460699999999999221e+00
1.418323699999999917e+03,9.448399999999999466e+00
1.418326199999999972e+03,9.399499999999999744e+00
1.418328600000000051e+03,9.335499999999999687e+00
1.418331100000000106e+03,9.262299999999999756e+00
1.418333499999999958e+03,9.188900000000000290e+00
1.418335900000000038e+03,9.139900000000000801e+00
1.418338400000000092e+03,9.134800000000000253e+00
1.418340799999999945e+03,9.161500000000000199e+00
1.418343299999999999e+03,9.189299999999999358e+00
1.418345700000000079e+03,9.204299999999999926e+00
1.418348099999999931e+03,9.220499999999999474e+00
1.418350599999999986e+03,9.253999999999999559e+00
1.418353000000000065e+03,9.294100000000000250e+00
1.418355499999999893e+03,9.299799999999999400e+00
1.418357899999999972e+03,9.233299999999999841e+00
1.418360400000000027e+03,9.102899999999999991e+00
1.418362800000000107e+03,8.959699999999999775e+00
1.418365199999999959e+03,8.843600000000000350e+00
1.418367700000000013e+03,8.751699999999999591e+00
1.418370100000000093e+03,8.668499999999999872e+00
1.418372599999999920e+03,8.597200000000000841e+00
1.418375000000000000e+03,8.545099999999999696e+00
1.418377400000000080e+03,8.498599999999999710e+00
1.418379899999999907e+03,8.436999999999999389e+00
1.418382299999999987e+03,8.368600000000000705e+00
1.418384800000000041e+03,8.345399999999999707e+00
1.418387199999999893e+03,8.433500000000000441e+00
1.418389599999999973e+03,8.653399999999999537e+00
1.418392100000000028e+03,8.939099999999999824e+00
1.418394500000000107e+03,9.170700000000000074e+00
1.418396999999999935e+03,9.267599999999999838e+00
1.418399400000000014e+03,9.257899999999999352e+00
1.418401900000000069e+03,9.253099999999999881e+00
1.418404299999999921e+03,9.354799999999999116e+00
1.418406700000000001e+03,9.574600000000000222e+00
1.418409200000000055e+03,9.829900000000000304e+00
1.418411599999999908e+03,1.000569999999999915e+01
1.418414099999999962e+03,1.002890000000000015e+01
1.418416500000000042e+03,9.903900000000000148e+00
1.418418899999999894e+03,9.699999999999999289e+00
1.418421399999999949e+03,9.509199999999999875e+00
1.418423800000000028e+03,9.398999999999999133e+00
1.418426300000000083e+03,9.384299999999999642e+00
1.418428699999999935e+03,9.428800000000000736e+00
1.418431199999999990e+03,9.467800000000000438e+00
1.418433600000000069e+03,9.442299999999999471e+00
1.418435999999999922e+03,9.338100000000000733e+00
1.418438499999999976e+03,9.201100000000000279e+00
1.418440900000000056e+03,9.105000000000000426e+00
1.418443400000000111e+03,9.096000000000000085e+00
1.418445799999999963e+03,9.161699999999999733e+00
1.418448200000000043e+03,9.237199999999999633e+00
1.418450700000000097e+03,9.244099999999999540e+00
1.418453099999999949e+03,9.148400000000000531e+00
1.418455600000000004e+03,8.994199999999999307e+00
1.418458000000000084e+03,8.867599999999999483e+00
1.418460399999999936e+03,8.816700000000000870e+00
1.418462899999999991e+03,8.814500000000000668e+00
1.418465300000000070e+03,8.804299999999999571e+00
1.418467799999999897e+03,8.768900000000000361e+00
1.418470199999999977e+03,8.745400000000000063e+00
1.418472700000000032e+03,8.779600000000000293e+00
1.418475100000000111e+03,8.871900000000000119e+00
1.418477499999999964e+03,8.972300000000000608e+00
1.418480000000000018e+03,9.027499999999999858e+00
1.418482400000000098e+03,9.030799999999999272e+00
1.418484899999999925e+03,9.017300000000000537e+00
1.418487300000000005e+03,9.019700000000000273e+00
1.418489700000000084e+03,9.043200000000000571e+00
1.418492199999999912e+03,9.076700000000000657e+00
1.418494599999999991e+03,9.111900000000000333e+00
1.418497100000000046e+03,9.143399999999999750e+00
1.418499499999999898e+03,9.159900000000000375e+00
1.418501999999999953e+03,9.145200000000000884e+00
1.418504400000000032e+03,9.093899999999999650e+00
1.418506800000000112e+03,9.018399999999999750e+00
1.418509299999999939e+03,8.934900000000000730e+00
1.418511700000000019e+03,8.848900000000000432e+00
1.418514200000000073e+03,8.768700000000000827e+00
1.418516599999999926e+03,8.720399999999999707e+00
1.418519000000000005e+03,8.726900000000000546e+00
1.418521500000000060e+03,8.776300000000000878e+00
1.418523899999999912e+03,8.833199999999999719e+00
1.418526399999999967e+03,8.879200000000000870e+00
1.418528800000000047e+03,8.925599999999999312e+00
1.418531199999999899e+03,8.987299999999999400e+00
1.418533699999999953e+03,9.060200000000000031e+00
1.418536100000000033e+03,9.129599999999999937e+00
1.418538600000000088e+03,9.193799999999999528e+00
1.418540999999999940e+03,9.277400000000000091e+00
1.418543499999999995e+03,9.420799999999999841e+00
1.418545900000000074e+03,9.641999999999999460e+00
1.418548299999999927e+03,9.896900000000000475e+00
1.418550799999999981e+03,1.008479999999999954e+01
1.418553200000000061e+03,1.011369999999999969e+01
1.418555699999999888e+03,9.972099999999999298e+00
1.418558099999999968e+03,9.736700000000000799e+00
1.418560500000000047e+03,9.512600000000000833e+00
1.418563000000000102e+03,9.367100000000000648e+00
1.418565399999999954e+03,9.307299999999999685e+00
1.418567900000000009e+03,9.306200000000000472e+00
1.418570300000000088e+03,9.341699999999999449e+00
1.418572799999999916e+03,9.408799999999999386e+00
1.418575199999999995e+03,9.496000000000000441e+00
1.418577600000000075e+03,9.569699999999999207e+00
1.418580099999999902e+03,9.597200000000000841e+00
1.418582499999999982e+03,9.573999999999999844e+00
1.418585000000000036e+03,9.511900000000000688e+00
1.418587399999999889e+03,9.407600000000000406e+00
1.418589799999999968e+03,9.244699999999999918e+00
1.418592300000000023e+03,9.034100000000000463e+00
1.418594700000000103e+03,8.836899999999999977e+00
1.418597199999999930e+03,8.724199999999999733e+00
1.418599600000000009e+03,8.713599999999999568e+00
1.418602100000000064e+03,8.760899999999999466e+00
1.418604499999999916e+03,8.811999999999999389e+00
1.418606899999999996e+03,8.846000000000000085e+00
1.418609400000000051e+03,8.872799999999999798e+00
1.418611799999999903e+03,8.909100000000000463e+00
1.418614299999999957e+03,8.964800000000000324e+00
1.418616700000000037e+03,9.034100000000000463e+00
1.418619099999999889e+03,9.093299999999999272e+00
1.418621599999999944e+03,9.118700000000000472e+00
1.418624000000000024e+03,9.112399999999999167e+00
1.418626500000000078e+03,9.100400000000000489e+00
1.418628899999999931e+03,9.102600000000000691e+00
1.418631300000000010e+03,9.119199999999999307e+00
1.418633800000000065e+03,9.146599999999999397e+00
1.418636199999999917e+03,9.194000000000000838e+00
1.418638699999999972e+03,9.268700000000000827e+00
1.418641100000000051e+03,9.351599999999999469e+00
1.418643600000000106e+03,9.410199999999999676e+00
1.418645999999999958e+03,9.437500000000000000e+00
1.418648400000000038e+03,9.458199999999999719e+00
1.418650900000000092e+03,9.484199999999999520e+00
1.418653299999999945e+03,9.483000000000000540e+00
1.418655799999999999e+03,9.409200000000000230e+00
1.418658200000000079e+03,9.264799999999999258e+00
1.418660599999999931e+03,9.106400000000000716e+00
1.418663099999999986e+03,8.990899999999999892e+00
1.418665500000000065e+03,8.928399999999999892e+00
1.418667999999999893e+03,8.893800000000000594e+00
1.418670399999999972e+03,8.866300000000000736e+00
1.418672900000000027e+03,8.848399999999999821e+00
1.418675300000000107e+03,8.855499999999999261e+00
1.418677699999999959e+03,8.894399999999999196e+00
1.418680200000000013e+03,8.945899999999999963e+00
1.418682600000000093e+03,8.969900000000000873e+00
1.418685099999999920e+03,8.934900000000000730e+00
1.418687500000000000e+03,8.841799999999999216e+00
1.418689900000000080e+03,8.723300000000000054e+00
1.418692399999999907e+03,8.621499999999999275e+00
1.418694799999999987e+03,8.558999999999999275e+00
1.418697300000000041e+03,8.534000000000000696e+00
1.418699699999999893e+03,8.550300000000000011e+00
1.418702099999999973e+03,8.632699999999999818e+00
1.418704600000000028e+03,8.796699999999999520e+00
1.418707000000000107e+03,9.012399999999999523e+00
1.418709499999999935e+03,9.216599999999999682e+00
1.418711900000000014e+03,9.356199999999999406e+00
1.418714400000000069e+03,9.410899999999999821e+00
1.418716799999999921e+03,9.386799999999999145e+00
1.418719200000000001e+03,9.307700000000000529e+00
1.418721700000000055e+03,9.215199999999999392e+00
1.418724099999999908e+03,9.150999999999999801e+00
1.418726599999999962e+03,9.125700000000000145e+00
1.418729000000000042e+03,9.114200000000000301e+00
1.418731399999999894e+03,9.085599999999999454e+00
1.418733899999999949e+03,9.026500000000000412e+00
1.418736300000000028e+03,8.947100000000000719e+00
1.418738800000000083e+03,8.876300000000000523e+00
1.418741199999999935e+03,8.846099999999999852e+00
1.418743699999999990e+03,8.867699999999999250e+00
1.418746100000000069e+03,8.922399999999999665e+00
1.418748499999999922e+03,8.971399999999999153e+00
1.418750999999999976e+03,8.973800000000000665e+00
1.418753400000000056e+03,8.917199999999999349e+00
1.418755900000000111e+03,8.836899999999999977e+00
1.418758299999999963e+03,8.792600000000000193e+00
1.418760700000000043e+03,8.825100000000000833e+00
1.418763200000000097e+03,8.940400000000000347e+00
1.418765599999999949e+03,9.118199999999999861e+00
1.418768100000000004e+03,9.313800000000000523e+00
1.418770500000000084e+03,9.462500000000000355e+00
1.418772899999999936e+03,9.509299999999999642e+00
1.418775399999999991e+03,9.447699999999999321e+00
1.418777800000000070e+03,9.324899999999999523e+00
1.418780299999999897e+03,9.207200000000000273e+00
1.418782699999999977e+03,9.134299999999999642e+00
1.418785200000000032e+03,9.094500000000000028e+00
1.418787600000000111e+03,9.043799999999999173e+00
1.418789999999999964e+03,8.958399999999999253e+00
1.418792500000000018e+03,8.869300000000000850e+00
1.418794900000000098e+03,8.832499999999999574e+00
1.418797399999999925e+03,8.865199999999999747e+00
1.418799800000000005e+03,8.926199999999999690e+00
1.418802200000000084e+03,8.960900000000000531e+00
1.418804699999999912e+03,8.949099999999999611e+00
1.418807099999999991e+03,8.904899999999999594e+00
1.418809600000000046e+03,8.848499999999999588e+00
1.418811999999999898e+03,8.790900000000000603e+00
1.418814499999999953e+03,8.742800000000000793e+00
1.418816900000000032e+03,8.721099999999999852e+00
1.418819300000000112e+03,8.739900000000000446e+00
1.418821799999999939e+03,8.799599999999999866e+00
1.418824200000000019e+03,8.885300000000000864e+00
1.418826700000000073e+03,8.977100000000000080e+00
1.418829099999999926e+03,9.064799999999999969e+00
1.418831500000000005e+03,9.149300000000000210e+00
1.418834000000000060e+03,9.225199999999999179e+00
1.418836399999999912e+03,9.271900000000000475e+00
1.418838899999999967e+03,9.275800000000000267e+00
1.418841300000000047e+03,9.252700000000000813e+00
1.418843800000000101e+03,9.233100000000000307e+00
1.418846199999999953e+03,9.225500000000000256e+00
1.418848600000000033e+03,9.211499999999999133e+00
1.418851100000000088e+03,9.180600000000000094e+00
1.418853499999999940e+03,9.153700000000000614e+00
1.418855999999999995e+03,9.153200000000000003e+00
1.418858400000000074e+03,9.159800000000000608e+00
1.418860799999999927e+03,9.125500000000000611e+00
1.418863299999999981e+03,9.025999999999999801e+00
1.418865700000000061e+03,8.878700000000000259e+00
1.418868199999999888e+03,8.716200000000000614e+00
1.418870599999999968e+03,8.569800000000000750e+00
1.418873000000000047e+03,8.474899999999999878e+00
1.418875500000000102e+03,8.461199999999999832e+00
1.418877899999999954e+03,8.526500000000000412e+00
1.418880400000000009e+03,8.635099999999999554e+00
1.418882800000000088e+03,8.749599999999999156e+00
1.418885299999999916e+03,8.861200000000000188e+00
1.418887699999999995e+03,8.986499999999999488e+00
1.418890100000000075e+03,9.134499999999999176e+00
1.418892599999999902e+03,9.277499999999999858e+00
1.418894999999999982e+03,9.361900000000000333e+00
1.418897500000000036e+03,9.358800000000000452e+00
1.418899899999999889e+03,9.296599999999999753e+00
1.418902299999999968e+03,9.231899999999999551e+00
1.418904800000000023e+03,9.194699999999999207e+00
1.418907200000000103e+03,9.167199999999999349e+00
1.418909699999999930e+03,9.110799999999999343e+00
1.418912100000000009e+03,9.011300000000000310e+00
1.418914600000000064e+03,8.904700000000000060e+00
1.418916999999999916e+03,8.851800000000000779e+00
1.418919399999999996e+03,8.881399999999999295e+00
1.418921900000000051e+03,8.962799999999999656e+00
1.418924299999999903e+03,9.034900000000000375e+00
1.418926799999999957e+03,9.056200000000000472e+00
1.418929200000000037e+03,9.026600000000000179e+00
1.418931599999999889e+03,8.971799999999999997e+00
1.418934099999999944e+03,8.916999999999999815e+00
1.418936500000000024e+03,8.883699999999999264e+00
1.418939000000000078e+03,8.900700000000000500e+00
1.418941399999999931e+03,8.989399999999999835e+00
1.418943800000000010e+03,9.128999999999999559e+00
1.418946300000000065e+03,9.260699999999999932e+00
1.418948699999999917e+03,9.344900000000000873e+00
1.418951199999999972e+03,9.392099999999999227e+00
1.418953600000000051e+03,9.426899999999999835e+00
1.418956100000000106e+03,9.442600000000000549e+00
1.418958499999999958e+03,9.407899999999999707e+00
1.418960900000000038e+03,9.305400000000000560e+00
1.418963400000000092e+03,9.157899999999999707e+00
1.418965799999999945e+03,9.025499999999999190e+00
1.418968299999999999e+03,8.973200000000000287e+00
1.418970700000000079e+03,9.028700000000000614e+00
1.418973099999999931e+03,9.168699999999999406e+00
1.418975599999999986e+03,9.340999999999999304e+00
1.418978000000000065e+03,9.484899999999999665e+00
1.418980499999999893e+03,9.543100000000000804e+00
1.418982899999999972e+03,9.487399999999999167e+00
1.418985400000000027e+03,9.347599999999999909e+00
1.418987800000000107e+03,9.199999999999999289e+00
1.418990199999999959e+03,9.115600000000000591e+00
1.418992700000000013e+03,9.115000000000000213e+00
1.418995100000000093e+03,9.165599999999999525e+00
1.418997599999999920e+03,9.216300000000000381e+00
1.419000000000000000e+03,9.239499999999999602e+00
1.419002400000000080e+03,9.243000000000000327e+00
1.419004899999999907e+03,9.243700000000000472e+00
1.419007299999999987e+03,9.241099999999999426e+00
1.419009800000000041e+03,9.227100000000000080e+00
1.419012199999999893e+03,9.210200000000000387e+00
1.419014599999999973e+03,9.208399999999999253e+00
1.419017100000000028e+03,9.226699999999999235e+00
1.419019500000000107e+03,9.256199999999999761e+00
1.419021999999999935e+03,9.286300000000000665e+00
1.419024400000000014e+03,9.306699999999999307e+00
1.419026900000000069e+03,9.304800000000000182e+00
1.419029299999999921e+03,9.274699999999999278e+00
1.419031700000000001e+03,9.220900000000000318e+00
1.419034200000000055e+03,9.154700000000000060e+00
1.419036599999999908e+03,9.094699999999999562e+00
1.419039099999999962e+03,9.065200000000000813e+00
1.419041500000000042e+03,9.073800000000000310e+00
1.419043899999999894e+03,9.090899999999999537e+00
1.419046399999999949e+03,9.071699999999999875e+00
1.419048800000000028e+03,9.003099999999999881e+00
1.419051300000000083e+03,8.918900000000000716e+00
1.419053699999999935e+03,8.869199999999999307e+00
1.419056199999999990e+03,8.884900000000000020e+00
1.419058600000000069e+03,8.962300000000000821e+00
1.419060999999999922e+03,9.063900000000000290e+00
1.419063499999999976e+03,9.140499999999999403e+00
1.419065900000000056e+03,9.172499999999999432e+00
1.419068400000000111e+03,9.194499999999999673e+00
1.419070799999999963e+03,9.271499999999999631e+00
1.419073200000000043e+03,9.437699999999999534e+00
1.419075700000000097e+03,9.657199999999999562e+00
1.419078099999999949e+03,9.846700000000000230e+00
1.419080600000000004e+03,9.933500000000000441e+00
1.419083000000000084e+03,9.892899999999999139e+00
1.419085399999999936e+03,9.742499999999999716e+00
1.419087899999999991e+03,9.523099999999999454e+00
1.419090300000000070e+03,9.288299999999999557e+00
1.419092799999999897e+03,9.093500000000000583e+00
1.419095199999999977e+03,8.970800000000000551e+00
1.419097700000000032e+03,8.913199999999999790e+00
1.419100100000000111e+03,8.891500000000000625e+00
1.419102499999999964e+03,8.889400000000000190e+00
1.419105000000000018e+03,8.920400000000000773e+00
1.419107400000000098e+03,9.004599999999999937e+00
1.419109899999999925e+03,9.133900000000000574e+00
1.419112300000000005e+03,9.270200000000000884e+00
1.419114700000000084e+03,9.377100000000000435e+00
1.419117199999999912e+03,9.439899999999999736e+00
1.419119599999999991e+03,9.457200000000000273e+00
1.419122100000000046e+03,9.429199999999999804e+00
1.419124499999999898e+03,9.364300000000000068e+00
1.419126999999999953e+03,9.289199999999999235e+00
1.419129400000000032e+03,9.235300000000000509e+00
1.419131800000000112e+03,9.209600000000000009e+00
1.419134299999999939e+03,9.193300000000000693e+00
1.419136700000000019e+03,9.178699999999999193e+00
1.419139200000000073e+03,9.187599999999999767e+00
1.419141599999999926e+03,9.236399999999999721e+00
1.419144000000000005e+03,9.290599999999999525e+00
1.419146500000000060e+03,9.284000000000000696e+00
1.419148899999999912e+03,9.190200000000000813e+00
1.419151399999999967e+03,9.062200000000000699e+00
1.419153800000000047e+03,8.980999999999999872e+00
1.419156199999999899e+03,8.971199999999999619e+00
1.419158699999999953e+03,8.983399999999999608e+00
1.419161100000000033e+03,8.959300000000000708e+00
1.419163600000000088e+03,8.893399999999999750e+00
1.419165999999999940e+03,8.828500000000000014e+00
1.419168499999999995e+03,8.804299999999999571e+00
1.419170900000000074e+03,8.822200000000000486e+00
1.419173299999999927e+03,8.855700000000000571e+00
1.419175799999999981e+03,8.882899999999999352e+00
1.419178200000000061e+03,8.899800000000000821e+00
1.419180699999999888e+03,8.911199999999999122e+00
1.419183099999999968e+03,8.919100000000000250e+00
1.419185500000000047e+03,8.922299999999999898e+00
1.419188000000000102e+03,8.916499999999999204e+00
1.419190399999999954e+03,8.894500000000000739e+00
1.419192900000000009e+03,8.855399999999999494e+00
1.419195300000000088e+03,8.813399999999999679e+00
1.419197799999999916e+03,8.789500000000000313e+00
1.419200199999999995e+03,8.795899999999999608e+00
1.419202600000000075e+03,8.831699999999999662e+00
1.419205099999999902e+03,8.885500000000000398e+00
1.419207499999999982e+03,8.936099999999999710e+00
1.419210000000000036e+03,8.960000000000000853e+00
1.419212399999999889e+03,8.958700000000000330e+00
1.419214799999999968e+03,8.971199999999999619e+00
1.419217300000000023e+03,9.036300000000000665e+00
1.419219700000000103e+03,9.145300000000000651e+00
1.419222199999999930e+03,9.254899999999999238e+00
1.419224600000000009e+03,9.345100000000000406e+00
1.419227100000000064e+03,9.432900000000000063e+00
1.419229499999999916e+03,9.522399999999999309e+00
1.419231899999999996e+03,9.574600000000000222e+00
1.419234400000000051e+03,9.540599999999999525e+00
1.419236799999999903e+03,9.413500000000000867e+00
1.419239299999999957e+03,9.240500000000000824e+00
1.419241700000000037e+03,9.096099999999999852e+00
1.419244099999999889e+03,9.044499999999999318e+00
1.419246599999999944e+03,9.112999999999999545e+00
1.419249000000000024e+03,9.282299999999999329e+00
1.419251500000000078e+03,9.493199999999999861e+00
1.419253899999999931e+03,9.662200000000000344e+00
1.419256300000000010e+03,9.705099999999999838e+00
1.419258800000000065e+03,9.577500000000000568e+00
1.419261199999999917e+03,9.318599999999999994e+00
1.419263699999999972e+03,9.054299999999999571e+00
1.419266100000000051e+03,8.922000000000000597e+00
1.419268600000000106e+03,8.968099999999999739e+00
1.419270999999999958e+03,9.115500000000000824e+00
1.419273400000000038e+03,9.234999999999999432e+00
1.419275900000000092e+03,9.240399999999999281e+00
1.419278299999999945e+03,9.128399999999999181e+00
1.419280799999999999e+03,8.959300000000000708e+00
1.419283200000000079e+03,8.810900000000000176e+00
1.419285599999999931e+03,8.731600000000000250e+00
1.419288099999999986e+03,8.726200000000000401e+00
1.419290500000000065e+03,8.780300000000000438e+00
1.419292999999999893e+03,8.881999999999999673e+00
1.419295399999999972e+03,9.012100000000000222e+00
1.419297900000000027e+03,9.133499999999999730e+00
1.419300300000000107e+03,9.212099999999999511e+00
1.419302699999999959e+03,9.239699999999999136e+00
1.419305200000000013e+03,9.225199999999999179e+00
1.419307600000000093e+03,9.172499999999999432e+00
1.419310099999999920e+03,9.086100000000000065e+00
1.419312500000000000e+03,8.991699999999999804e+00
1.419314900000000080e+03,8.929899999999999949e+00
1.419317399999999907e+03,8.923400000000000887e+00
1.419319799999999987e+03,8.964399999999999480e+00
1.419322300000000041e+03,9.036899999999999267e+00
1.419324699999999893e+03,9.134999999999999787e+00
1.419327099999999973e+03,9.251500000000000057e+00
1.419329600000000028e+03,9.365099999999999980e+00
1.419332000000000107e+03,9.450100000000000833e+00
1.419334499999999935e+03,9.495799999999999130e+00
1.419336900000000014e+03,9.513199999999999434e+00
1.419339400000000069e+03,9.525499999999999190e+00
1.419341799999999921e+03,9.545799999999999841e+00
1.419344200000000001e+03,9.556900000000000617e+00
1.419346700000000055e+03,9.515800000000000480e+00
1.419349099999999908e+03,9.391199999999999548e+00
1.419351599999999962e+03,9.208199999999999719e+00
1.419354000000000042e+03,9.050300000000000011e+00
1.419356399999999894e+03,9.000700000000000145e+00
1.419358899999999949e+03,9.071699999999999875e+00
1.419361300000000028e+03,9.189999999999999503e+00
1.419363800000000083e+03,9.254400000000000404e+00
1.419366199999999935e+03,9.212799999999999656e+00
1.419368699999999990e+03,9.094599999999999795e+00
1.419371100000000069e+03,8.972799999999999443e+00
1.419373499999999922e+03,8.897700000000000387e+00
1.419375999999999976e+03,8.868800000000000239e+00
1.419378400000000056e+03,8.865299999999999514e+00
1.419380900000000111e+03,8.882199999999999207e+00
1.419383299999999963e+03,8.928000000000000824e+00
1.419385700000000043e+03,8.999100000000000321e+00
1.419388200000000097e+03,9.070899999999999963e+00
1.419390599999999949e+03,9.111700000000000799e+00
1.419393100000000004e+03,9.104900000000000659e+00
1.419395500000000084e+03,9.064199999999999591e+00
1.419397899999999936e+03,9.023999999999999133e+00
1.419400399999999991e+03,9.007300000000000750e+00
1.419402800000000070e+03,9.008100000000000662e+00
1.419405299999999897e+03,9.009000000000000341e+00
1.419407699999999977e+03,9.002700000000000813e+00
1.419410200000000032e+03,8.993999999999999773e+00
1.419412600000000111e+03,8.998400000000000176e+00
1.419414999999999964e+03,9.040499999999999758e+00
1.419417500000000018e+03,9.128199999999999648e+00
1.419419900000000098e+03,9.222099999999999298e+00
1.419422399999999925e+03,9.258300000000000196e+00
1.419424800000000005e+03,9.214600000000000790e+00
1.419427200000000084e+03,9.131500000000000838e+00
1.419429699999999912e+03,9.055400000000000560e+00
1.419432099999999991e+03,8.987000000000000099e+00
1.419434600000000046e+03,8.899200000000000443e+00
1.419436999999999898e+03,8.787599999999999412e+00
1.419439499999999953e+03,8.679199999999999804e+00
1.419441900000000032e+03,8.603600000000000136e+00
1.419444300000000112e+03,8.570000000000000284e+00
1.419446799999999939e+03,8.574299999999999145e+00
1.419449200000000019e+03,8.615700000000000358e+00
1.419451700000000073e+03,8.689999999999999503e+00
1.419454099999999926e+03,8.770400000000000418e+00
1.419456500000000005e+03,8.818099999999999383e+00
1.419459000000000060e+03,8.820100000000000051e+00
1.419461399999999912e+03,8.800499999999999545e+00
1.419463899999999967e+03,8.792400000000000659e+00
1.419466300000000047e+03,8.810000000000000497e+00
1.419468800000000101e+03,8.846799999999999997e+00
1.419471199999999953e+03,8.886300000000000310e+00
1.419473600000000033e+03,8.915300000000000225e+00
1.419476100000000088e+03,8.938200000000000145e+00
1.419478499999999940e+03,8.973900000000000432e+00
1.419480999999999995e+03,9.029700000000000060e+00
1.419483400000000074e+03,9.080700000000000216e+00
1.419485799999999927e+03,9.082100000000000506e+00
1.419488299999999981e+03,9.011300000000000310e+00
1.419490700000000061e+03,8.898500000000000298e+00
1.419493199999999888e+03,8.807900000000000063e+00
1.419495599999999968e+03,8.789699999999999847e+00
1.419498000000000047e+03,8.855600000000000804e+00
1.419500500000000102e+03,8.990000000000000213e+00
1.419502899999999954e+03,9.154799999999999827e+00
1.419505400000000009e+03,9.282700000000000173e+00
1.419507800000000088e+03,9.299500000000000099e+00
1.419510299999999916e+03,9.181900000000000617e+00
1.419512699999999995e+03,8.983399999999999608e+00
1.419515100000000075e+03,8.788199999999999790e+00
1.419517599999999902e+03,8.646399999999999864e+00
1.419519999999999982e+03,8.562900000000000844e+00
1.419522500000000036e+03,8.530799999999999272e+00
1.419524899999999889e+03,8.547700000000000742e+00
1.419527299999999968e+03,8.602299999999999613e+00
1.419529800000000023e+03,8.667400000000000659e+00
1.419532200000000103e+03,8.712199999999999278e+00
1.419534699999999930e+03,8.721600000000000463e+00
1.419537100000000009e+03,8.711000000000000298e+00
1.419539600000000064e+03,8.721399999999999153e+00
1.419541999999999916e+03,8.788800000000000168e+00
1.419544399999999996e+03,8.910800000000000054e+00
1.419546900000000051e+03,9.042699999999999960e+00
1.419549299999999903e+03,9.124700000000000699e+00
1.419551799999999957e+03,9.121600000000000819e+00
1.419554200000000037e+03,9.048400000000000887e+00
1.419556599999999889e+03,8.959500000000000242e+00
1.419559099999999944e+03,8.911500000000000199e+00
1.419561500000000024e+03,8.930799999999999628e+00
1.419564000000000078e+03,9.000899999999999679e+00
1.419566399999999931e+03,9.062099999999999156e+00
1.419568800000000010e+03,9.038800000000000168e+00
1.419571300000000065e+03,8.899599999999999511e+00
1.419573699999999917e+03,8.695399999999999352e+00
1.419576199999999972e+03,8.525299999999999656e+00
1.419578600000000051e+03,8.461299999999999599e+00
1.419581100000000106e+03,8.506800000000000139e+00
1.419583499999999958e+03,8.614599999999999369e+00
1.419585900000000038e+03,8.731099999999999639e+00
1.419588400000000092e+03,8.823999999999999844e+00
1.419590799999999945e+03,8.881099999999999994e+00
1.419593299999999999e+03,8.891299999999999315e+00
1.419595700000000079e+03,8.837400000000000588e+00
1.419598099999999931e+03,8.715299999999999159e+00
1.419600599999999986e+03,8.556100000000000705e+00
1.419603000000000065e+03,8.414999999999999147e+00
1.419605499999999893e+03,8.335100000000000620e+00
1.419607899999999972e+03,8.327999999999999403e+00
1.419610400000000027e+03,8.382899999999999352e+00
1.419612800000000107e+03,8.479300000000000281e+00
1.419615199999999959e+03,8.589100000000000179e+00
1.419617700000000013e+03,8.682499999999999218e+00
1.419620100000000093e+03,8.746299999999999741e+00
1.419622599999999920e+03,8.796900000000000830e+00
1.419625000000000000e+03,8.863899999999999224e+00
1.419627400000000080e+03,8.951499999999999346e+00
1.419629899999999907e+03,9.026999999999999247e+00
1.419632299999999987e+03,9.057499999999999218e+00
1.419634800000000041e+03,9.052500000000000213e+00
1.419637199999999893e+03,9.054000000000000270e+00
1.419639599999999973e+03,9.086199999999999832e+00
1.419642100000000028e+03,9.133699999999999264e+00
1.419644500000000107e+03,9.169399999999999551e+00
1.419646999999999935e+03,9.184400000000000119e+00
1.419649400000000014e+03,9.189500000000000668e+00
1.419651900000000069e+03,9.208099999999999952e+00
1.419654299999999921e+03,9.265299999999999869e+00
1.419656700000000001e+03,9.357400000000000162e+00
1.419659200000000055e+03,9.437900000000000844e+00
1.419661599999999908e+03,9.457700000000000884e+00
1.419664099999999962e+03,9.416800000000000281e+00
1.419666500000000042e+03,9.355100000000000193e+00
1.419668899999999894e+03,9.298000000000000043e+00
1.419671399999999949e+03,9.229599999999999582e+00
1.419673800000000028e+03,9.124599999999999156e+00
1.419676300000000083e+03,8.992200000000000415e+00
1.419678699999999935e+03,8.882400000000000517e+00
1.419681199999999990e+03,8.856899999999999551e+00
1.419683600000000069e+03,8.950400000000000134e+00
1.419685999999999922e+03,9.144199999999999662e+00
1.419688499999999976e+03,9.364399999999999835e+00
1.419690900000000056e+03,9.515599999999999170e+00
1.419693400000000111e+03,9.537800000000000722e+00
1.419695799999999963e+03,9.441200000000000259e+00
1.419698200000000043e+03,9.294299999999999784e+00
1.419700700000000097e+03,9.182100000000000151e+00
1.419703099999999949e+03,9.159100000000000463e+00
1.419705600000000004e+03,9.212500000000000355e+00
1.419708000000000084e+03,9.271399999999999864e+00
1.419710399999999936e+03,9.266199999999999548e+00
1.419712899999999991e+03,9.185900000000000176e+00
1.419715300000000070e+03,9.076200000000000045e+00
1.419717799999999897e+03,9.002399999999999736e+00
1.419720199999999977e+03,9.010699999999999932e+00
1.419722700000000032e+03,9.092299999999999827e+00
1.419725100000000111e+03,9.178900000000000503e+00
1.419727499999999964e+03,9.192600000000000549e+00
1.419730000000000018e+03,9.111800000000000566e+00
1.419732400000000098e+03,8.976599999999999469e+00
1.419734899999999925e+03,8.846399999999999153e+00
1.419737300000000005e+03,8.766700000000000159e+00
1.419739700000000084e+03,8.757999999999999119e+00
1.419742199999999912e+03,8.804299999999999571e+00
1.419744599999999991e+03,8.857300000000000395e+00
1.419747100000000046e+03,8.870599999999999596e+00
1.419749499999999898e+03,8.837999999999999190e+00
1.419751999999999953e+03,8.802400000000000446e+00
1.419754400000000032e+03,8.823999999999999844e+00
1.419756800000000112e+03,8.923899999999999721e+00
1.419759299999999939e+03,9.051999999999999602e+00
1.419761700000000019e+03,9.131600000000000605e+00
1.419764200000000073e+03,9.140700000000000713e+00
1.419766599999999926e+03,9.125799999999999912e+00
1.419769000000000005e+03,9.133100000000000662e+00
1.419771500000000060e+03,9.155400000000000205e+00
1.419773899999999912e+03,9.152900000000000702e+00
1.419776399999999967e+03,9.099600000000000577e+00
1.419778800000000047e+03,9.003299999999999415e+00
1.419781199999999899e+03,8.894500000000000739e+00
1.419783699999999953e+03,8.804999999999999716e+00
1.419786100000000033e+03,8.742100000000000648e+00
1.419788600000000088e+03,8.681599999999999540e+00
1.419790999999999940e+03,8.601200000000000401e+00
1.419793499999999995e+03,8.523799999999999599e+00
1.419795900000000074e+03,8.506000000000000227e+00
1.419798299999999927e+03,8.580600000000000449e+00
1.419800799999999981e+03,8.724000000000000199e+00
1.419803200000000061e+03,8.880399999999999849e+00
1.419805699999999888e+03,9.001899999999999125e+00
1.419808099999999968e+03,9.066700000000000870e+00
1.419810500000000047e+03,9.077799999999999869e+00
1.419813000000000102e+03,9.058199999999999363e+00
1.419815399999999954e+03,9.036899999999999267e+00
1.419817900000000009e+03,9.023799999999999599e+00
1.419820300000000088e+03,8.998400000000000176e+00
1.419822799999999916e+03,8.935700000000000642e+00
1.419825199999999995e+03,8.842299999999999827e+00
1.419827600000000075e+03,8.755800000000000693e+00
1.419830099999999902e+03,8.701900000000000190e+00
1.419832499999999982e+03,8.668300000000000338e+00
1.419835000000000036e+03,8.627200000000000202e+00
1.419837399999999889e+03,8.571500000000000341e+00
1.419839799999999968e+03,8.523799999999999599e+00
1.419842300000000023e+03,8.512999999999999901e+00
1.419844700000000103e+03,8.547700000000000742e+00
1.419847199999999930e+03,8.606500000000000483e+00
1.419849600000000009e+03,8.651899999999999480e+00
1.419852100000000064e+03,8.658500000000000085e+00
1.419854499999999916e+03,8.637199999999999989e+00
1.419856899999999996e+03,8.628199999999999648e+00
1.419859400000000051e+03,8.661199999999999122e+00
1.419861799999999903e+03,8.727999999999999758e+00
1.419864299999999957e+03,8.802400000000000446e+00
1.419866700000000037e+03,8.874800000000000466e+00
1.419869099999999889e+03,8.948600000000000776e+00
1.419871599999999944e+03,9.010199999999999321e+00
1.419874000000000024e+03,9.029600000000000293e+00
1.419876500000000078e+03,8.998799999999999244e+00
1.419878899999999931e+03,8.952099999999999724e+00
1.419881300000000010e+03,8.932700000000000529e+00
1.419883800000000065e+03,8.948399999999999466e+00
1.419886199999999917e+03,8.971899999999999764e+00
1.419888699999999972e+03,8.979599999999999582e+00
1.419891100000000051e+03,8.976300000000000168e+00
1.419893600000000106e+03,8.979699999999999349e+00
1.419895999999999958e+03,8.998400000000000176e+00
1.419898400000000038e+03,9.031299999999999883e+00
1.419900900000000092e+03,9.075300000000000367e+00
1.419903299999999945e+03,9.127499999999999503e+00
1.419905799999999999e+03,9.180999999999999162e+00
1.419908200000000079e+03,9.223499999999999588e+00
1.419910599999999931e+03,9.240299999999999514e+00
1.419913099999999986e+03,9.227999999999999758e+00
1.419915500000000065e+03,9.205500000000000682e+00
1.419917999999999893e+03,9.205899999999999750e+00
1.419920399999999972e+03,9.248400000000000176e+00
1.419922900000000027e+03,9.316100000000000492e+00
1.419925300000000107e+03,9.364900000000000446e+00
1.419927699999999959e+03,9.364300000000000068e+00
1.419930200000000013e+03,9.330700000000000216e+00
1.419932600000000093e+03,9.317600000000000549e+00
1.419935099999999920e+03,9.372500000000000497e+00
1.419937500000000000e+03,9.503399999999999181e+00
1.419939900000000080e+03,9.679999999999999716e+00
1.419942399999999907e+03,9.871700000000000585e+00
1.419944799999999987e+03,1.010130000000000017e+01
1.419947300000000041e+03,1.045659999999999989e+01
1.419949699999999893e+03,1.100229999999999997e+01
1.419952099999999973e+03,1.164700000000000024e+01
1.419954600000000028e+03,1.214150000000000063e+01
1.419957000000000107e+03,1.226890000000000036e+01
1.419959499999999935e+03,1.203299999999999947e+01
1.419961900000000014e+03,1.163109999999999999e+01
1.419964400000000069e+03,1.126829999999999998e+01
1.419966799999999921e+03,1.103009999999999913e+01
1.419969200000000001e+03,1.089719999999999978e+01
1.419971700000000055e+03,1.082460000000000022e+01
1.419974099999999908e+03,1.078999999999999915e+01
1.419976599999999962e+03,1.077979999999999983e+01
1.419979000000000042e+03,1.076009999999999955e+01
1.419981399999999894e+03,1.068870000000000076e+01
1.419983899999999949e+03,1.056310000000000038e+01
1.419986300000000028e+03,1.043360000000000021e+01
1.419988800000000083e+03,1.036589999999999989e+01
1.419991199999999935e+03,1.040559999999999974e+01
1.419993699999999990e+03,1.058009999999999984e+01
1.419996100000000069e+03,1.091169999999999973e+01
1.419998499999999922e+03,1.139869999999999983e+01
1.420000999999999976e+03,1.196219999999999928e+01
1.420003400000000056e+03,1.242910000000000004e+01
1.420005900000000111e+03,1.261379999999999946e+01
1.420008299999999963e+03,1.244749999999999979e+01
1.420010700000000043e+03,1.203030000000000044e+01
1.420013200000000097e+03,1.155150000000000077e+01
1.420015599999999949e+03,1.115830000000000055e+01
1.420018100000000004e+03,1.089070000000000071e+01
1.420020500000000084e+03,1.071959999999999980e+01
1.420022899999999936e+03,1.061209999999999987e+01
1.420025399999999991e+03,1.055289999999999928e+01
1.420027800000000070e+03,1.053129999999999988e+01
1.420030299999999897e+03,1.054039999999999999e+01
1.420032699999999977e+03,1.059539999999999971e+01
1.420035200000000032e+03,1.075210000000000043e+01
1.420037600000000111e+03,1.108300000000000018e+01
1.420039999999999964e+03,1.157620000000000005e+01
1.420042500000000018e+03,1.203480000000000061e+01
1.420044900000000098e+03,1.215349999999999930e+01
1.420047399999999925e+03,1.177679999999999971e+01
1.420049800000000005e+03,1.105719999999999992e+01
1.420052200000000084e+03,1.031770000000000032e+01
1.420054699999999912e+03,9.793300000000000338e+00
1.420057099999999991e+03,9.527599999999999625e+00
1.420059600000000046e+03,9.444499999999999673e+00
1.420061999999999898e+03,9.447100000000000719e+00
1.420064499999999953e+03,9.460599999999999454e+00
1.420066900000000032e+03,9.441900000000000404e+00
1.420069300000000112e+03,9.383300000000000196e+00
1.420071799999999939e+03,9.302199999999999136e+00
1.420074200000000019e+03,9.216799999999999216e+00
1.420076700000000073e+03,9.132500000000000284e+00
1.420079099999999926e+03,9.051500000000000767e+00
1.420081500000000005e+03,8.985799999999999343e+00
1.420084000000000060e+03,8.956699999999999662e+00
1.420086399999999912e+03,8.982499999999999929e+00
1.420088899999999967e+03,9.057900000000000063e+00
1.420091300000000047e+03,9.146699999999999164e+00
1.420093800000000101e+03,9.206200000000000827e+00
1.420096199999999953e+03,9.219500000000000028e+00
1.420098600000000033e+03,9.198199999999999932e+00
1.420101100000000088e+03,9.156800000000000495e+00
1.420103499999999940e+03,9.099000000000000199e+00
1.420105999999999995e+03,9.021900000000000475e+00
1.420108400000000074e+03,8.925599999999999312e+00
1.420110799999999927e+03,8.827299999999999258e+00
1.420113299999999981e+03,8.766199999999999548e+00
1.420115700000000061e+03,8.775100000000000122e+00
1.420118199999999888e+03,8.836800000000000210e+00
1.420120599999999968e+03,8.886599999999999611e+00
1.420123000000000047e+03,8.868399999999999395e+00
1.420125500000000102e+03,8.782700000000000173e+00
1.420127899999999954e+03,8.682999999999999829e+00
1.420130400000000009e+03,8.633699999999999264e+00
1.420132800000000088e+03,8.667500000000000426e+00
1.420135299999999916e+03,8.765499999999999403e+00
1.420137699999999995e+03,8.872500000000000497e+00
1.420140100000000075e+03,8.937699999999999534e+00
1.420142599999999902e+03,8.950200000000000600e+00
1.420144999999999982e+03,8.936700000000000088e+00
1.420147500000000036e+03,8.926000000000000156e+00
1.420149899999999889e+03,8.919800000000000395e+00
1.420152299999999968e+03,8.904099999999999682e+00
1.420154800000000023e+03,8.884600000000000719e+00
1.420157200000000103e+03,8.893499999999999517e+00
1.420159699999999930e+03,8.949600000000000222e+00
1.420162100000000009e+03,9.027699999999999392e+00
1.420164600000000064e+03,9.083399999999999253e+00
1.420166999999999916e+03,9.102600000000000691e+00
1.420169399999999996e+03,9.105800000000000338e+00
1.420171900000000051e+03,9.107200000000000628e+00
1.420174299999999903e+03,9.088100000000000733e+00
1.420176799999999957e+03,9.025900000000000034e+00
1.420179200000000037e+03,8.940699999999999648e+00
1.420181599999999889e+03,8.891799999999999926e+00
1.420184099999999944e+03,8.922200000000000131e+00
1.420186500000000024e+03,9.016500000000000625e+00
1.420189000000000078e+03,9.116699999999999804e+00
1.420191399999999931e+03,9.169999999999999929e+00
1.420193800000000010e+03,9.160600000000000520e+00
1.420196300000000065e+03,9.110099999999999199e+00
1.420198699999999917e+03,9.052199999999999136e+00
1.420201199999999972e+03,9.003899999999999793e+00
1.420203600000000051e+03,8.952500000000000568e+00
1.420206100000000106e+03,8.875299999999999301e+00
1.420208499999999958e+03,8.779799999999999827e+00
1.420210900000000038e+03,8.717999999999999972e+00
1.420213400000000092e+03,8.740999999999999659e+00
1.420215799999999945e+03,8.833899999999999864e+00
1.420218299999999999e+03,8.909499999999999531e+00
1.420220700000000079e+03,8.874700000000000699e+00
1.420223099999999931e+03,8.703599999999999781e+00
1.420225599999999986e+03,8.457499999999999574e+00
1.420228000000000065e+03,8.242200000000000415e+00
1.420230499999999893e+03,8.139400000000000190e+00
1.420232899999999972e+03,8.166399999999999437e+00
1.420235400000000027e+03,8.285700000000000287e+00
1.420237800000000107e+03,8.441200000000000259e+00
1.420240199999999959e+03,8.581099999999999284e+00
1.420242700000000013e+03,8.663999999999999702e+00
1.420245100000000093e+03,8.669100000000000250e+00
1.420247599999999920e+03,8.608299999999999841e+00
1.420250000000000000e+03,8.516299999999999315e+00
1.420252400000000080e+03,8.423400000000000887e+00
1.420254899999999907e+03,8.348100000000000520e+00
1.420257299999999987e+03,8.307999999999999829e+00
1.420259800000000041e+03,8.315400000000000347e+00
1.420262199999999893e+03,8.355499999999999261e+00
1.420264599999999973e+03,8.384199999999999875e+00
1.420267100000000028e+03,8.356700000000000017e+00
1.420269500000000107e+03,8.263099999999999667e+00
1.420271999999999935e+03,8.140200000000000102e+00
1.420274400000000014e+03,8.047000000000000597e+00
1.420276900000000069e+03,8.025399999999999423e+00
1.420279299999999921e+03,8.078900000000000858e+00
1.420281700000000001e+03,8.179999999999999716e+00
1.420284200000000055e+03,8.283400000000000318e+00
1.420286599999999908e+03,8.343999999999999417e+00
1.420289099999999962e+03,8.343899999999999650e+00
1.420291500000000042e+03,8.304500000000000881e+00
1.420293899999999894e+03,8.267699999999999605e+00
1.420296399999999949e+03,8.271000000000000796e+00
1.420298800000000028e+03,8.339499999999999247e+00
1.420301300000000083e+03,8.475199999999999179e+00
1.420303699999999935e+03,8.638999999999999346e+00
1.420306199999999990e+03,8.761100000000000776e+00
1.420308600000000069e+03,8.786199999999999122e+00
1.420310999999999922e+03,8.704299999999999926e+00
1.420313499999999976e+03,8.544000000000000483e+00
1.420315900000000056e+03,8.358599999999999142e+00
1.420318400000000111e+03,8.216799999999999216e+00
1.420320799999999963e+03,8.177400000000000446e+00
1.420323200000000043e+03,8.251099999999999213e+00
1.420325700000000097e+03,8.386799999999999145e+00
1.420328099999999949e+03,8.505100000000000549e+00
1.420330600000000004e+03,8.553399999999999892e+00
1.420333000000000084e+03,8.536500000000000199e+00
1.420335399999999936e+03,8.501599999999999824e+00
1.420337899999999991e+03,8.491400000000000503e+00
1.420340300000000070e+03,8.511599999999999611e+00
1.420342799999999897e+03,8.546300000000000452e+00
1.420345199999999977e+03,8.596700000000000230e+00
1.420347700000000032e+03,8.681599999999999540e+00
1.420350100000000111e+03,8.796499999999999986e+00
1.420352499999999964e+03,8.899900000000000588e+00
1.420355000000000018e+03,8.952999999999999403e+00
1.420357400000000098e+03,8.953300000000000480e+00
1.420359899999999925e+03,8.919200000000000017e+00
1.420362300000000005e+03,8.863799999999999457e+00
1.420364700000000084e+03,8.799699999999999633e+00
1.420367199999999912e+03,8.751699999999999591e+00
1.420369599999999991e+03,8.753700000000000259e+00
1.420372100000000046e+03,8.830799999999999983e+00
1.420374499999999898e+03,8.972099999999999298e+00
1.420376999999999953e+03,9.115500000000000824e+00
1.420379400000000032e+03,9.176800000000000068e+00
1.420381800000000112e+03,9.111599999999999255e+00
1.420384299999999939e+03,8.949500000000000455e+00
1.420386700000000019e+03,8.771399999999999864e+00
1.420389200000000073e+03,8.663000000000000256e+00
1.420391599999999926e+03,8.676800000000000068e+00
1.420394000000000005e+03,8.810399999999999565e+00
1.420396500000000060e+03,9.009000000000000341e+00
1.420398899999999912e+03,9.200900000000000745e+00
1.420401399999999967e+03,9.344799999999999329e+00
1.420403800000000047e+03,9.446699999999999875e+00
1.420406199999999899e+03,9.536099999999999355e+00
1.420408699999999953e+03,9.636100000000000776e+00
1.420411100000000033e+03,9.759199999999999875e+00
1.420413600000000088e+03,9.914199999999999235e+00
1.420415999999999940e+03,1.009290000000000020e+01
1.420418499999999995e+03,1.025420000000000087e+01
1.420420900000000074e+03,1.035379999999999967e+01
1.420423299999999927e+03,1.040370000000000061e+01
1.420425799999999981e+03,1.047889999999999944e+01
1.420428200000000061e+03,1.065499999999999936e+01
1.420430699999999888e+03,1.095090000000000074e+01
1.420433099999999968e+03,1.133140000000000036e+01
1.420435500000000047e+03,1.173830000000000062e+01
1.420438000000000102e+03,1.211289999999999978e+01
1.420440399999999954e+03,1.242259999999999920e+01
1.420442900000000009e+03,1.268740000000000023e+01
1.420445300000000088e+03,1.296230000000000082e+01
1.420447799999999916e+03,1.328720000000000034e+01
1.420450199999999995e+03,1.366960000000000086e+01
1.420452600000000075e+03,1.411420000000000030e+01
1.420455099999999902e+03,1.464020000000000010e+01
1.420457499999999982e+03,1.526040000000000063e+01
1.420460000000000036e+03,1.596160000000000068e+01
1.420462399999999889e+03,1.672429999999999950e+01
1.420464799999999968e+03,1.756080000000000041e+01
1.420467300000000023e+03,1.851749999999999829e+01
1.420469700000000103e+03,1.962969999999999970e+01
1.420472199999999930e+03,2.088639999999999830e+01
1.420474600000000009e+03,2.224739999999999895e+01
1.420477100000000064e+03,2.367889999999999873e+01
1.420479499999999916e+03,2.516009999999999991e+01
1.420481899999999996e+03,2.667340000000000089e+01
1.420484400000000051e+03,2.821999999999999886e+01
1.420486799999999903e+03,2.984789999999999921e+01
1.420489299999999957e+03,3.163070000000000093e+01
1.420491700000000037e+03,3.359199999999999875e+01
1.420494099999999889e+03,3.565520000000000067e+01
1.420496599999999944e+03,3.769449999999999790e+01
1.420499000000000024e+03,3.964039999999999964e+01
1.420501500000000078e+03,4.151489999999999725e+01
1.420503899999999931e+03,4.336990000000000123e+01
1.420506300000000010e+03,4.521959999999999980e+01
1.420508800000000065e+03,4.703139999999999787e+01
1.420511199999999917e+03,4.874360000000000070e+01
1.420513699999999972e+03,5.027640000000000242e+01
1.420516100000000051e+03,5.154990000000000094e+01
1.420518600000000106e+03,5.251939999999999742e+01
1.420520999999999958e+03,5.319899999999999807e+01
1.420523400000000038e+03,5.364840000000000231e+01
1.420525900000000092e+03,5.394100000000000250e+01
1.420528299999999945e+03,5.413980000000000103e+01
1.420530799999999999e+03,5.428349999999999653e+01
1.420533200000000079e+03,5.438069999999999737e+01
1.420535599999999931e+03,5.440550000000000352e+01
1.420538099999999986e+03,5.430259999999999820e+01
1.420540500000000065e+03,5.400959999999999894e+01
1.420542999999999893e+03,5.349539999999999651e+01
1.420545399999999972e+03,5.278240000000000265e+01
1.420547900000000027e+03,5.192349999999999710e+01
1.420550300000000107e+03,5.095219999999999771e+01
1.420552699999999959e+03,4.986560000000000059e+01
1.420555200000000013e+03,4.866089999999999804e+01
1.420557600000000093e+03,4.738040000000000163e+01
1.420560099999999920e+03,4.610220000000000340e+01
1.420562500000000000e+03,4.487910000000000110e+01
1.420564900000000080e+03,4.369129999999999825e+01
1.420567399999999907e+03,4.247910000000000252e+01
1.420569799999999987e+03,4.123219999999999885e+01
1.420572300000000041e+03,4.002049999999999841e+01
1.420574699999999893e+03,3.890820000000000078e+01
1.420577099999999973e+03,3.786749999999999972e+01
1.420579600000000028e+03,3.681439999999999912e+01
1.420582000000000107e+03,3.570900000000000318e+01
1.420584499999999935e+03,3.458409999999999940e+01
1.420586900000000014e+03,3.348720000000000141e+01
1.420589400000000069e+03,3.244030000000000058e+01
1.420591799999999921e+03,3.146030000000000015e+01
1.420594200000000001e+03,3.058389999999999986e+01
1.420596700000000055e+03,2.985000000000000142e+01
1.420599099999999908e+03,2.927139999999999986e+01
1.420601599999999962e+03,2.882740000000000080e+01
1.420604000000000042e+03,2.847019999999999840e+01
1.420606399999999894e+03,2.813139999999999930e+01
1.420608899999999949e+03,2.774869999999999948e+01
1.420611300000000028e+03,2.730900000000000105e+01
1.420613800000000083e+03,2.686299999999999955e+01
1.420616199999999935e+03,2.647680000000000078e+01
1.420618699999999990e+03,2.616250000000000142e+01
1.420621100000000069e+03,2.586830000000000140e+01
1.420623499999999922e+03,2.553709999999999880e+01
1.420625999999999976e+03,2.516019999999999968e+01
1.420628400000000056e+03,2.476910000000000167e+01
1.420630900000000111e+03,2.439130000000000109e+01
1.420633299999999963e+03,2.402420000000000044e+01
1.420635700000000043e+03,2.363990000000000080e+01
1.420638200000000097e+03,2.321320000000000050e+01
1.420640599999999949e+03,2.275440000000000040e+01
1.420643100000000004e+03,2.232179999999999964e+01
1.420645500000000084e+03,2.198920000000000030e+01
1.420647899999999936e+03,2.178869999999999862e+01
1.420650399999999991e+03,2.167790000000000106e+01
1.420652800000000070e+03,2.156030000000000157e+01
1.420655299999999897e+03,2.135129999999999839e+01
1.420657699999999977e+03,2.105099999999999838e+01
1.420660200000000032e+03,2.075880000000000081e+01
1.420662600000000111e+03,2.060010000000000119e+01
1.420664999999999964e+03,2.062290000000000134e+01
1.420667500000000018e+03,2.076460000000000150e+01
1.420669900000000098e+03,2.091359999999999886e+01
1.420672399999999925e+03,2.100179999999999936e+01
1.420674800000000005e+03,2.103679999999999950e+01
1.420677200000000084e+03,2.105770000000000053e+01
1.420679699999999912e+03,2.108320000000000149e+01
1.420682099999999991e+03,2.110810000000000031e+01
1.420684600000000046e+03,2.112790000000000035e+01
1.420686999999999898e+03,2.115540000000000020e+01
1.420689499999999953e+03,2.121679999999999922e+01
1.420691900000000032e+03,2.132880000000000109e+01
1.420694300000000112e+03,2.147830000000000084e+01
1.420696799999999939e+03,2.163579999999999970e+01
1.420699200000000019e+03,2.179269999999999996e+01
1.420701700000000073e+03,2.196509999999999962e+01
1.420704099999999926e+03,2.215050000000000097e+01
1.420706500000000005e+03,2.230189999999999984e+01
1.420709000000000060e+03,2.236990000000000123e+01
1.420711399999999912e+03,2.236779999999999902e+01
1.420713899999999967e+03,2.236420000000000030e+01
1.420716300000000047e+03,2.239440000000000097e+01
1.420718800000000101e+03,2.241489999999999938e+01
1.420721199999999953e+03,2.236970000000000169e+01
1.420723600000000033e+03,2.227080000000000126e+01
1.420726100000000088e+03,2.218290000000000006e+01
1.420728499999999940e+03,2.215759999999999863e+01
1.420730999999999995e+03,2.220629999999999882e+01
1.420733400000000074e+03,2.230890000000000128e+01
1.420735799999999927e+03,2.241799999999999926e+01
1.420738299999999981e+03,2.247409999999999997e+01
1.420740700000000061e+03,2.245060000000000144e+01
1.420743199999999888e+03,2.238060000000000116e+01
1.420745599999999968e+03,2.232019999999999982e+01
1.420748000000000047e+03,2.228430000000000177e+01
1.420750500000000102e+03,2.223379999999999868e+01
1.420752899999999954e+03,2.212470000000000070e+01
1.420755400000000009e+03,2.195769999999999911e+01
1.420757800000000088e+03,2.177840000000000131e+01
1.420760299999999916e+03,2.164079999999999870e+01
1.420762699999999995e+03,2.157270000000000110e+01
1.420765100000000075e+03,2.156449999999999889e+01
1.420767599999999902e+03,2.158259999999999934e+01
1.420769999999999982e+03,2.160160000000000124e+01
1.420772500000000036e+03,2.162940000000000040e+01
1.420774899999999889e+03,2.169350000000000023e+01
1.420777299999999968e+03,2.179820000000000135e+01
1.420779800000000023e+03,2.190709999999999980e+01
1.420782200000000103e+03,2.196750000000000114e+01
1.420784699999999930e+03,2.194359999999999999e+01
1.420787100000000009e+03,2.182740000000000080e+01
1.420789600000000064e+03,2.163159999999999883e+01
1.420791999999999916e+03,2.138040000000000163e+01
1.420794399999999996e+03,2.110950000000000060e+01
1.420796900000000051e+03,2.086220000000000141e+01
1.420799299999999903e+03,2.066860000000000142e+01
1.420801799999999957e+03,2.053569999999999851e+01
1.420804200000000037e+03,2.046539999999999893e+01
1.420806599999999889e+03,2.046359999999999957e+01
1.420809099999999944e+03,2.051679999999999993e+01
1.420811500000000024e+03,2.057779999999999987e+01
1.420814000000000078e+03,2.059619999999999962e+01
1.420816399999999931e+03,2.056119999999999948e+01
1.420818800000000010e+03,2.050390000000000157e+01
1.420821300000000065e+03,2.045319999999999894e+01
1.420823699999999917e+03,2.039610000000000056e+01
1.420826199999999972e+03,2.029570000000000007e+01
1.420828600000000051e+03,2.014939999999999998e+01
1.420831100000000106e+03,2.000590000000000046e+01
1.420833499999999958e+03,1.991700000000000159e+01
1.420835900000000038e+03,1.988710000000000022e+01
1.420838400000000092e+03,1.988269999999999982e+01
1.420840799999999945e+03,1.987059999999999960e+01
1.420843299999999999e+03,1.982509999999999906e+01
1.420845700000000079e+03,1.971359999999999957e+01
1.420848099999999931e+03,1.950730000000000075e+01
1.420850599999999986e+03,1.921290000000000120e+01
1.420853000000000065e+03,1.888169999999999860e+01
1.420855499999999893e+03,1.858099999999999952e+01
1.420857899999999972e+03,1.835879999999999868e+01
1.420860400000000027e+03,1.822479999999999833e+01
1.420862800000000107e+03,1.814649999999999963e+01
1.420865199999999959e+03,1.806080000000000041e+01
1.420867700000000013e+03,1.790739999999999910e+01
1.420870100000000093e+03,1.767109999999999914e+01
1.420872599999999920e+03,1.738889999999999958e+01
1.420875000000000000e+03,1.711540000000000106e+01
1.420877400000000080e+03,1.688779999999999859e+01
1.420879899999999907e+03,1.671770000000000067e+01
1.420882299999999987e+03,1.659059999999999846e+01
1.420884800000000041e+03,1.646649999999999991e+01
1.420887199999999893e+03,1.630679999999999907e+01
1.420889599999999973e+03,1.611510000000000176e+01
1.420892100000000028e+03,1.593960000000000043e+01
1.420894500000000107e+03,1.583489999999999931e+01
1.420896999999999935e+03,1.582499999999999929e+01
1.420899400000000014e+03,1.589569999999999972e+01
1.420901900000000069e+03,1.600740000000000052e+01
1.420904299999999921e+03,1.611949999999999861e+01
1.420906700000000001e+03,1.620489999999999853e+01
1.420909200000000055e+03,1.624490000000000123e+01
1.420911599999999908e+03,1.622609999999999886e+01
1.420914099999999962e+03,1.615530000000000044e+01
1.420916500000000042e+03,1.606919999999999860e+01
1.420918899999999894e+03,1.600519999999999854e+01
1.420921399999999949e+03,1.595170000000000066e+01
1.420923800000000028e+03,1.584329999999999927e+01
1.420926300000000083e+03,1.562720000000000020e+01
1.420928699999999935e+03,1.533559999999999945e+01
1.420931199999999990e+03,1.506780000000000008e+01
1.420933600000000069e+03,1.489409999999999989e+01
1.420935999999999922e+03,1.479909999999999926e+01
1.420938499999999976e+03,1.473090000000000011e+01
1.420940900000000056e+03,1.468050000000000033e+01
1.420943400000000111e+03,1.469130000000000003e+01
1.420945799999999963e+03,1.480279999999999951e+01
1.420948200000000043e+03,1.500900000000000034e+01
1.420950700000000097e+03,1.526299999999999990e+01
1.420953099999999949e+03,1.550179999999999936e+01
1.420955600000000004e+03,1.567089999999999961e+01
1.420958000000000084e+03,1.574080000000000013e+01
1.420960399999999936e+03,1.571679999999999922e+01
1.420962899999999991e+03,1.563349999999999973e+01
1.420965300000000070e+03,1.553509999999999991e+01
1.420967799999999897e+03,1.545079999999999920e+01
1.420970199999999977e+03,1.538879999999999981e+01
1.420972700000000032e+03,1.535599999999999987e+01
1.420975100000000111e+03,1.536320000000000086e+01
1.420977499999999964e+03,1.540140000000000065e+01
1.420980000000000018e+03,1.543440000000000012e+01
1.420982400000000098e+03,1.542900000000000027e+01
1.420984899999999925e+03,1.537190000000000012e+01
1.420987300000000005e+03,1.525249999999999950e+01
1.420989700000000084e+03,1.506240000000000023e+01
1.420992199999999912e+03,1.482900000000000063e+01
1.420994599999999991e+03,1.462529999999999930e+01
1.420997100000000046e+03,1.452210000000000001e+01
1.420999499999999898e+03,1.451939999999999920e+01
1.421001999999999953e+03,1.452549999999999919e+01
1.421004400000000032e+03,1.441939999999999955e+01
1.421006800000000112e+03,1.415499999999999936e+01
1.421009299999999939e+03,1.380330000000000013e+01
1.421011700000000019e+03,1.348370000000000068e+01
1.421014200000000073e+03,1.325830000000000020e+01
1.421016599999999926e+03,1.310699999999999932e+01
1.421019000000000005e+03,1.298409999999999975e+01
1.421021500000000060e+03,1.286599999999999966e+01
1.421023899999999912e+03,1.274530000000000030e+01
1.421026399999999967e+03,1.261819999999999986e+01
1.421028800000000047e+03,1.249150000000000027e+01
1.421031199999999899e+03,1.238349999999999973e+01
1.421033699999999953e+03,1.230659999999999954e+01
1.421036100000000033e+03,1.225220000000000020e+01
1.421038600000000088e+03,1.219759999999999955e+01
1.421040999999999940e+03,1.212420000000000009e+01
1.421043499999999995e+03,1.202609999999999957e+01
1.421045900000000074e+03,1.190380000000000038e+01
1.421048299999999927e+03,1.175779999999999959e+01
1.421050799999999981e+03,1.158960000000000079e+01
1.421053200000000061e+03,1.140910000000000046e+01
1.421055699999999888e+03,1.123789999999999978e+01
1.421058099999999968e+03,1.110060000000000002e+01
1.421060500000000047e+03,1.100730000000000075e+01
1.421063000000000102e+03,1.095120000000000005e+01
1.421065399999999954e+03,1.092590000000000039e+01
1.421067900000000009e+03,1.093449999999999989e+01
1.421070300000000088e+03,1.097470000000000034e+01
1.421072799999999916e+03,1.102130000000000010e+01
1.421075199999999995e+03,1.103400000000000070e+01
1.421077600000000075e+03,1.098450000000000060e+01
1.421080099999999902e+03,1.087449999999999939e+01
1.421082499999999982e+03,1.072680000000000078e+01
1.421085000000000036e+03,1.056520000000000081e+01
1.421087399999999889e+03,1.040600000000000058e+01
1.421089799999999968e+03,1.026500000000000057e+01
1.421092300000000023e+03,1.015690000000000026e+01
1.421094700000000103e+03,1.008489999999999931e+01
1.421097199999999930e+03,1.004250000000000043e+01
1.421099600000000009e+03,1.002999999999999936e+01
1.421102100000000064e+03,1.005540000000000056e+01
1.421104499999999916e+03,1.011509999999999998e+01
1.421106899999999996e+03,1.018200000000000038e+01
1.421109400000000051e+03,1.021739999999999959e+01
1.421111799999999903e+03,1.019379999999999953e+01
1.421114299999999957e+03,1.011299999999999955e+01
1.421116700000000037e+03,1.000500000000000078e+01
1.421119099999999889e+03,9.900499999999999190e+00
1.421121599999999944e+03,9.800399999999999778e+00
1.421124000000000024e+03,9.678800000000000736e+00
1.421126500000000078e+03,9.526400000000000645e+00
1.421128899999999931e+03,9.382699999999999818e+00
1.421131300000000010e+03,9.310700000000000642e+00
1.421133800000000065e+03,9.332900000000000418e+00
1.421136199999999917e+03,9.400199999999999889e+00
1.421138699999999972e+03,9.432199999999999918e+00
1.421141100000000051e+03,9.393499999999999517e+00
1.421143600000000106e+03,9.325799999999999201e+00
1.421145999999999958e+03,9.304199999999999804e+00
1.421148400000000038e+03,9.356700000000000017e+00
1.421150900000000092e+03,9.430199999999999250e+00
1.421153299999999945e+03,9.440300000000000580e+00
1.421155799999999999e+03,9.348800000000000665e+00
1.421158200000000079e+03,9.185100000000000264e+00
1.421160599999999931e+03,9.011499999999999844e+00
1.421163099999999986e+03,8.888199999999999434e+00
1.421165500000000065e+03,8.855199999999999960e+00
1.421167999999999893e+03,8.912499999999999645e+00
1.421170399999999972e+03,9.010400000000000631e+00
1.421172900000000027e+03,9.074899999999999523e+00
1.421175300000000107e+03,9.053900000000000503e+00
1.421177699999999959e+03,8.946699999999999875e+00
1.421180200000000013e+03,8.795700000000000074e+00
1.421182600000000093e+03,8.654799999999999827e+00
1.421185099999999920e+03,8.563900000000000290e+00
1.421187500000000000e+03,8.549400000000000333e+00
1.421189900000000080e+03,8.624800000000000466e+00
1.421192399999999907e+03,8.772600000000000620e+00
1.421194799999999987e+03,8.936500000000000554e+00
1.421197300000000041e+03,9.047700000000000742e+00
1.421199699999999893e+03,9.063499999999999446e+00
1.421202099999999973e+03,8.982300000000000395e+00
1.421204600000000028e+03,8.835499999999999687e+00
1.421207000000000107e+03,8.675399999999999778e+00
1.421209499999999935e+03,8.566300000000000026e+00
1.421211900000000014e+03,8.566000000000000725e+00
1.421214400000000069e+03,8.694499999999999673e+00
1.421216799999999921e+03,8.901699999999999946e+00
1.421219200000000001e+03,9.073900000000000077e+00
1.421221700000000055e+03,9.104799999999999116e+00
1.421224099999999908e+03,8.977700000000000458e+00
1.421226599999999962e+03,8.777200000000000557e+00
1.421229000000000042e+03,8.618999999999999773e+00
1.421231399999999894e+03,8.565899999999999181e+00
1.421233899999999949e+03,8.591900000000000759e+00
1.421236300000000028e+03,8.614399999999999835e+00
1.421238800000000083e+03,8.560600000000000875e+00
1.421241199999999935e+03,8.418599999999999639e+00
1.421243699999999990e+03,8.244300000000000850e+00
1.421246100000000069e+03,8.125000000000000000e+00
1.421248499999999922e+03,8.118800000000000239e+00
1.421250999999999976e+03,8.213300000000000267e+00
1.421253400000000056e+03,8.342000000000000526e+00
1.421255900000000111e+03,8.438700000000000756e+00
1.421258299999999963e+03,8.475500000000000256e+00
1.421260700000000043e+03,8.466300000000000381e+00
1.421263200000000097e+03,8.444100000000000605e+00
1.421265599999999949e+03,8.432600000000000762e+00
1.421268100000000004e+03,8.435399999999999565e+00
1.421270500000000084e+03,8.452999999999999403e+00
1.421272899999999936e+03,8.497500000000000497e+00
1.421275399999999991e+03,8.576900000000000190e+00
1.421277800000000070e+03,8.675200000000000244e+00
1.421280299999999897e+03,8.753199999999999648e+00
1.421282699999999977e+03,8.774499999999999744e+00
1.421285200000000032e+03,8.739900000000000446e+00
1.421287600000000111e+03,8.699299999999999145e+00
1.421289999999999964e+03,8.710900000000000531e+00
1.421292500000000018e+03,8.784200000000000230e+00
1.421294900000000098e+03,8.874700000000000699e+00
1.421297399999999925e+03,8.938200000000000145e+00
1.421299800000000005e+03,8.975799999999999557e+00
1.421302200000000084e+03,9.014599999999999724e+00
1.421304699999999912e+03,9.054800000000000182e+00
1.421307099999999991e+03,9.054800000000000182e+00
1.421309600000000046e+03,8.971500000000000696e+00
1.421311999999999898e+03,8.805999999999999162e+00
1.421314499999999953e+03,8.605299999999999727e+00
1.421316900000000032e+03,8.423600000000000421e+00
1.421319300000000112e+03,8.289199999999999235e+00
1.421321799999999939e+03,8.210800000000000765e+00
1.421324200000000019e+03,8.201200000000000045e+00
1.421326700000000073e+03,8.276600000000000179e+00
1.421329099999999926e+03,8.427199999999999136e+00
1.421331500000000005e+03,8.608100000000000307e+00
1.421334000000000060e+03,8.758900000000000574e+00
1.421336399999999912e+03,8.823800000000000310e+00
1.421338899999999967e+03,8.775999999999999801e+00
1.421341300000000047e+03,8.650900000000000034e+00
1.421343800000000101e+03,8.538399999999999324e+00
1.421346199999999953e+03,8.513299999999999201e+00
1.421348600000000033e+03,8.577700000000000102e+00
1.421351100000000088e+03,8.679999999999999716e+00
1.421353499999999940e+03,8.770899999999999253e+00
1.421355999999999995e+03,8.827600000000000335e+00
1.421358400000000074e+03,8.844400000000000261e+00
1.421360799999999927e+03,8.828099999999999170e+00
1.421363299999999981e+03,8.801999999999999602e+00
1.421365700000000061e+03,8.797800000000000509e+00
1.421368199999999888e+03,8.827400000000000801e+00
1.421370599999999968e+03,8.865000000000000213e+00
1.421373000000000047e+03,8.868199999999999861e+00
1.421375500000000102e+03,8.819000000000000838e+00
1.421377899999999954e+03,8.739699999999999136e+00
1.421380400000000009e+03,8.670799999999999841e+00
1.421382800000000088e+03,8.638999999999999346e+00
1.421385299999999916e+03,8.645400000000000418e+00
1.421387699999999995e+03,8.676999999999999602e+00
1.421390100000000075e+03,8.718299999999999272e+00
1.421392599999999902e+03,8.751400000000000290e+00
1.421394999999999982e+03,8.760899999999999466e+00
1.421397500000000036e+03,8.745599999999999596e+00
1.421399899999999889e+03,8.718299999999999272e+00
1.421402299999999968e+03,8.693199999999999150e+00
1.421404800000000023e+03,8.677400000000000446e+00
1.421407200000000103e+03,8.667999999999999261e+00
1.421409699999999930e+03,8.644899999999999807e+00
1.421412100000000009e+03,8.577199999999999491e+00
1.421414600000000064e+03,8.456099999999999284e+00
1.421416999999999916e+03,8.326800000000000423e+00
1.421419399999999996e+03,8.264499999999999957e+00
1.421421900000000051e+03,8.303900000000000503e+00
1.421424299999999903e+03,8.399300000000000210e+00
1.421426799999999957e+03,8.464000000000000412e+00
1.421429200000000037e+03,8.442399999999999238e+00
1.421431599999999889e+03,8.343199999999999505e+00
1.421434099999999944e+03,8.221500000000000696e+00
1.421436500000000024e+03,8.146300000000000097e+00
1.421439000000000078e+03,8.168699999999999406e+00
1.421441399999999931e+03,8.300399999999999778e+00
1.421443800000000010e+03,8.506199999999999761e+00
1.421446300000000065e+03,8.720599999999999241e+00
1.421448699999999917e+03,8.879799999999999471e+00
1.421451199999999972e+03,8.946300000000000807e+00
1.421453600000000051e+03,8.913800000000000168e+00
1.421456100000000106e+03,8.807999999999999829e+00
1.421458499999999958e+03,8.684599999999999653e+00
1.421460900000000038e+03,8.602100000000000080e+00
1.421463400000000092e+03,8.578900000000000858e+00
1.421465799999999945e+03,8.586299999999999599e+00
1.421468299999999999e+03,8.588900000000000645e+00
1.421470700000000079e+03,8.586299999999999599e+00
1.421473099999999931e+03,8.611100000000000421e+00
1.421475599999999986e+03,8.685900000000000176e+00
1.421478000000000065e+03,8.788700000000000401e+00
1.421480499999999893e+03,8.870799999999999130e+00
1.421482899999999972e+03,8.902300000000000324e+00
1.421485400000000027e+03,8.890599999999999170e+00
1.421487800000000107e+03,8.860200000000000742e+00
1.421490199999999959e+03,8.827899999999999636e+00
1.421492700000000013e+03,8.791299999999999670e+00
1.421495100000000093e+03,8.738699999999999690e+00
1.421497599999999920e+03,8.680899999999999395e+00
1.421500000000000000e+03,8.662300000000000111e+00
1.421502400000000080e+03,8.715099999999999625e+00
1.421504899999999907e+03,8.807600000000000762e+00
1.421507299999999987e+03,8.870699999999999363e+00
1.421509800000000041e+03,8.874399999999999622e+00
1.421512199999999893e+03,8.851599999999999469e+00
1.421514599999999973e+03,8.849299999999999500e+00
1.421517100000000028e+03,8.882699999999999818e+00
1.421519500000000107e+03,8.926500000000000767e+00
1.421521999999999935e+03,8.930699999999999861e+00
1.421524400000000014e+03,8.857400000000000162e+00
1.421526900000000069e+03,8.726300000000000168e+00
1.421529299999999921e+03,8.618399999999999395e+00
1.421531700000000001e+03,8.618100000000000094e+00
1.421534200000000055e+03,8.745100000000000762e+00
1.421536599999999908e+03,8.935299999999999798e+00
1.421539099999999962e+03,9.082499999999999574e+00
1.421541500000000042e+03,9.114200000000000301e+00
1.421543899999999894e+03,9.038600000000000634e+00
1.421546399999999949e+03,8.927500000000000213e+00
1.421548800000000028e+03,8.856099999999999639e+00
1.421551300000000083e+03,8.848200000000000287e+00
1.421553699999999935e+03,8.862199999999999633e+00
1.421556199999999990e+03,8.840299999999999159e+00
1.421558600000000069e+03,8.772999999999999687e+00
1.421560999999999922e+03,8.698399999999999466e+00
1.421563499999999976e+03,8.639099999999999113e+00
1.421565900000000056e+03,8.570299999999999585e+00
1.421568400000000111e+03,8.459300000000000708e+00
1.421570799999999963e+03,8.316700000000000870e+00
1.421573200000000043e+03,8.189399999999999125e+00
1.421575700000000097e+03,8.113799999999999457e+00
1.421578099999999949e+03,8.089299999999999713e+00
1.421580600000000004e+03,8.096600000000000463e+00
1.421583000000000084e+03,8.124000000000000554e+00
1.421585399999999936e+03,8.167600000000000193e+00
1.421587899999999991e+03,8.221899999999999764e+00
1.421590300000000070e+03,8.280799999999999272e+00
1.421592799999999897e+03,8.337300000000000821e+00
1.421595199999999977e+03,8.372099999999999653e+00
1.421597700000000032e+03,8.361399999999999721e+00
1.421600100000000111e+03,8.307000000000000384e+00
1.421602499999999964e+03,8.243100000000000094e+00
1.421605000000000018e+03,8.208399999999999253e+00
1.421607400000000098e+03,8.224199999999999733e+00
1.421609899999999925e+03,8.290800000000000836e+00
1.421612300000000005e+03,8.379099999999999326e+00
1.421614700000000084e+03,8.429199999999999804e+00
1.421617199999999912e+03,8.393599999999999284e+00
1.421619599999999991e+03,8.290499999999999758e+00
1.421622100000000046e+03,8.189399999999999125e+00
1.421624499999999898e+03,8.143299999999999983e+00
1.421626999999999953e+03,8.156700000000000728e+00
1.421629400000000032e+03,8.211700000000000443e+00
1.421631800000000112e+03,8.285000000000000142e+00
1.421634299999999939e+03,8.334400000000000475e+00
1.421636700000000019e+03,8.314099999999999824e+00
1.421639200000000073e+03,8.230399999999999494e+00
1.421641599999999926e+03,8.157299999999999329e+00
1.421644000000000005e+03,8.173000000000000043e+00
1.421646500000000060e+03,8.286599999999999966e+00
1.421648899999999912e+03,8.442299999999999471e+00
1.421651399999999967e+03,8.578500000000000014e+00
1.421653800000000047e+03,8.660700000000000287e+00
1.421656199999999899e+03,8.671099999999999142e+00
1.421658699999999953e+03,8.607499999999999929e+00
1.421661100000000033e+03,8.502100000000000435e+00
1.421663600000000088e+03,8.412599999999999412e+00
1.421665999999999940e+03,8.380499999999999616e+00
1.421668499999999995e+03,8.402699999999999392e+00
1.421670900000000074e+03,8.438399999999999679e+00
1.421673299999999927e+03,8.438299999999999912e+00
1.421675799999999981e+03,8.380000000000000782e+00
1.421678200000000061e+03,8.286199999999999122e+00
1.421680699999999888e+03,8.203200000000000713e+00
1.421683099999999968e+03,8.168300000000000338e+00
1.421685500000000047e+03,8.202600000000000335e+00
1.421688000000000102e+03,8.309799999999999187e+00
1.421690399999999954e+03,8.458399999999999253e+00
1.421692900000000009e+03,8.585499999999999687e+00
1.421695300000000088e+03,8.640299999999999869e+00
1.421697799999999916e+03,8.623200000000000642e+00
1.421700199999999995e+03,8.576900000000000190e+00
1.421702600000000075e+03,8.541700000000000514e+00
1.421705099999999902e+03,8.515200000000000102e+00
1.421707499999999982e+03,8.457300000000000040e+00
1.421710000000000036e+03,8.343799999999999883e+00
1.421712399999999889e+03,8.203400000000000247e+00
1.421714799999999968e+03,8.090999999999999304e+00
1.421717300000000023e+03,8.042099999999999582e+00
1.421719700000000103e+03,8.063000000000000611e+00
1.421722199999999930e+03,8.139300000000000423e+00
1.421724600000000009e+03,8.243000000000000327e+00
1.421727100000000064e+03,8.346199999999999619e+00
1.421729499999999916e+03,8.430500000000000327e+00
1.421731899999999996e+03,8.482599999999999696e+00
1.421734400000000051e+03,8.496900000000000119e+00
1.421736799999999903e+03,8.489499999999999602e+00
1.421739299999999957e+03,8.492599999999999483e+00
1.421741700000000037e+03,8.528000000000000469e+00
1.421744099999999889e+03,8.592100000000000293e+00
1.421746599999999944e+03,8.664500000000000313e+00
1.421749000000000024e+03,8.719500000000000028e+00
1.421751500000000078e+03,8.733399999999999608e+00
1.421753899999999931e+03,8.700400000000000134e+00
1.421756300000000010e+03,8.646900000000000475e+00
1.421758800000000065e+03,8.612800000000000011e+00
1.421761199999999917e+03,8.606999999999999318e+00
1.421763699999999972e+03,8.593799999999999883e+00
1.421766100000000051e+03,8.527599999999999625e+00
1.421768600000000106e+03,8.397000000000000242e+00
1.421770999999999958e+03,8.233100000000000307e+00
1.421773400000000038e+03,8.082800000000000651e+00
1.421775900000000092e+03,7.977699999999999569e+00
1.421778299999999945e+03,7.922500000000000320e+00
1.421780799999999999e+03,7.911299999999999777e+00
1.421783200000000079e+03,7.945199999999999818e+00
1.421785599999999931e+03,8.025700000000000500e+00
1.421788099999999986e+03,8.133800000000000807e+00
1.421790500000000065e+03,8.231099999999999639e+00
1.421792999999999893e+03,8.294499999999999318e+00
1.421795399999999972e+03,8.342700000000000671e+00
1.421797900000000027e+03,8.417899999999999494e+00
1.421800300000000107e+03,8.541199999999999903e+00
1.421802699999999959e+03,8.689999999999999503e+00
1.421805200000000013e+03,8.810399999999999565e+00
1.421807600000000093e+03,8.847699999999999676e+00
1.421810099999999920e+03,8.782400000000000873e+00
1.421812500000000000e+03,8.656700000000000728e+00
1.421814900000000080e+03,8.561600000000000321e+00
1.421817399999999907e+03,8.578900000000000858e+00
1.421819799999999987e+03,8.727199999999999847e+00
1.421822300000000041e+03,8.957399999999999807e+00
1.421824699999999893e+03,9.189700000000000202e+00
1.421827099999999973e+03,9.352899999999999991e+00
1.421829600000000028e+03,9.403499999999999304e+00
1.421832000000000107e+03,9.331799999999999429e+00
1.421834499999999935e+03,9.169399999999999551e+00
1.421836900000000014e+03,8.983200000000000074e+00
1.421839400000000069e+03,8.837899999999999423e+00
1.421841799999999921e+03,8.757199999999999207e+00
1.421844200000000001e+03,8.727199999999999847e+00
1.421846700000000055e+03,8.724500000000000810e+00
1.421849099999999908e+03,8.723300000000000054e+00
1.421851599999999962e+03,8.688399999999999679e+00
1.421854000000000042e+03,8.591400000000000148e+00
1.421856399999999894e+03,8.451800000000000423e+00
1.421858899999999949e+03,8.347099999999999298e+00
1.421861300000000028e+03,8.359400000000000830e+00
1.421863800000000083e+03,8.497700000000000031e+00
1.421866199999999935e+03,8.680699999999999861e+00
1.421868699999999990e+03,8.802300000000000679e+00
1.421871100000000069e+03,8.811999999999999389e+00
1.421873499999999922e+03,8.731500000000000483e+00
1.421875999999999976e+03,8.607100000000000861e+00
1.421878400000000056e+03,8.471000000000000085e+00
1.421880900000000111e+03,8.353099999999999525e+00
1.421883299999999963e+03,8.300200000000000244e+00
1.421885700000000043e+03,8.346299999999999386e+00
1.421888200000000097e+03,8.463100000000000733e+00
1.421890599999999949e+03,8.570299999999999585e+00
1.421893100000000004e+03,8.602399999999999380e+00
1.421895500000000084e+03,8.551800000000000068e+00
1.421897899999999936e+03,8.455000000000000071e+00
1.421900399999999991e+03,8.367800000000000793e+00
1.421902800000000070e+03,8.352199999999999847e+00
1.421905299999999897e+03,8.449799999999999756e+00
1.421907699999999977e+03,8.645799999999999486e+00
1.421910200000000032e+03,8.868499999999999162e+00
1.421912600000000111e+03,9.033899999999999153e+00
1.421914999999999964e+03,9.088400000000000034e+00
1.421917500000000018e+03,9.023699999999999832e+00
1.421919900000000098e+03,8.873300000000000409e+00
1.421922399999999925e+03,8.695800000000000196e+00
1.421924800000000005e+03,8.555799999999999628e+00
1.421927200000000084e+03,8.503500000000000725e+00
1.421929699999999912e+03,8.550700000000000855e+00
1.421932099999999991e+03,8.654899999999999594e+00
1.421934600000000046e+03,8.739800000000000679e+00
1.421936999999999898e+03,8.745699999999999363e+00
1.421939499999999953e+03,8.667199999999999349e+00
1.421941900000000032e+03,8.553100000000000591e+00
1.421944300000000112e+03,8.469099999999999184e+00
1.421946799999999939e+03,8.449199999999999378e+00
1.421949200000000019e+03,8.473499999999999588e+00
1.421951700000000073e+03,8.495900000000000674e+00
1.421954099999999926e+03,8.492100000000000648e+00
1.421956500000000005e+03,8.470900000000000318e+00
1.421959000000000060e+03,8.444499999999999673e+00
1.421961399999999912e+03,8.414999999999999147e+00
1.421963899999999967e+03,8.396699999999999164e+00
1.421966300000000047e+03,8.420799999999999841e+00
1.421968800000000101e+03,8.496000000000000441e+00
1.421971199999999953e+03,8.585200000000000387e+00
1.421973600000000033e+03,8.646100000000000563e+00
1.421976100000000088e+03,8.674699999999999633e+00
1.421978499999999940e+03,8.687200000000000699e+00
1.421980999999999995e+03,8.676399999999999224e+00
1.421983400000000074e+03,8.617000000000000881e+00
1.421985799999999927e+03,8.508599999999999497e+00
1.421988299999999981e+03,8.387100000000000222e+00
1.421990700000000061e+03,8.280900000000000816e+00
1.421993199999999888e+03,8.181800000000000850e+00
1.421995599999999968e+03,8.076299999999999812e+00
1.421998000000000047e+03,7.989099999999999646e+00
1.422000500000000102e+03,7.975900000000000212e+00
1.422002899999999954e+03,8.074699999999999989e+00
1.422005400000000009e+03,8.268900000000000361e+00
1.422007800000000088e+03,8.489499999999999602e+00
1.422010299999999916e+03,8.654299999999999216e+00
1.422012699999999995e+03,8.711800000000000210e+00
1.422015100000000075e+03,8.653700000000000614e+00
1.422017599999999902e+03,8.495200000000000529e+00
1.422019999999999982e+03,8.264599999999999724e+00
1.422022500000000036e+03,8.020799999999999486e+00
1.422024899999999889e+03,7.851300000000000168e+00
1.422027299999999968e+03,7.823900000000000077e+00
1.422029800000000023e+03,7.933900000000000396e+00
1.422032200000000103e+03,8.102399999999999380e+00
1.422034699999999930e+03,8.227399999999999380e+00
1.422037100000000009e+03,8.247099999999999653e+00
1.422039600000000064e+03,8.169600000000000861e+00
1.422041999999999916e+03,8.052899999999999281e+00
1.422044399999999996e+03,7.956900000000000084e+00
1.422046900000000051e+03,7.910800000000000054e+00
1.422049299999999903e+03,7.920300000000000118e+00
1.422051799999999957e+03,7.989399999999999835e+00
1.422054200000000037e+03,8.121000000000000441e+00
1.422056599999999889e+03,8.296300000000000452e+00
1.422059099999999944e+03,8.464600000000000790e+00
1.422061500000000024e+03,8.565200000000000813e+00
1.422064000000000078e+03,8.572100000000000719e+00
1.422066399999999931e+03,8.516799999999999926e+00
1.422068800000000010e+03,8.459099999999999397e+00
1.422071300000000065e+03,8.429299999999999571e+00
1.422073699999999917e+03,8.410000000000000142e+00
1.422076199999999972e+03,8.382099999999999440e+00
1.422078600000000051e+03,8.370900000000000674e+00
1.422081100000000106e+03,8.418699999999999406e+00
1.422083499999999958e+03,8.514099999999999113e+00
1.422085900000000038e+03,8.582800000000000651e+00
1.422088400000000092e+03,8.564700000000000202e+00
1.422090799999999945e+03,8.479200000000000514e+00
1.422093299999999999e+03,8.402900000000000702e+00
1.422095700000000079e+03,8.395899999999999253e+00
1.422098099999999931e+03,8.456500000000000128e+00
1.422100599999999986e+03,8.535299999999999443e+00
1.422103000000000065e+03,8.582499999999999574e+00
1.422105499999999893e+03,8.586700000000000443e+00
1.422107899999999972e+03,8.569699999999999207e+00
1.422110400000000027e+03,8.553000000000000824e+00
1.422112800000000107e+03,8.540699999999999292e+00
1.422115199999999959e+03,8.525999999999999801e+00
1.422117700000000013e+03,8.505300000000000082e+00
1.422120100000000093e+03,8.486399999999999721e+00
1.422122599999999920e+03,8.487000000000000099e+00
1.422125000000000000e+03,8.518499999999999517e+00
1.422127400000000080e+03,8.564099999999999824e+00
1.422129899999999907e+03,8.579900000000000304e+00
1.422132299999999987e+03,8.532600000000000406e+00
1.422134800000000041e+03,8.443099999999999383e+00
1.422137199999999893e+03,8.380000000000000782e+00
1.422139599999999973e+03,8.398400000000000531e+00
1.422142100000000028e+03,8.489599999999999369e+00
1.422144500000000107e+03,8.597400000000000375e+00
1.422146999999999935e+03,8.673700000000000188e+00
1.422149400000000014e+03,8.710000000000000853e+00
1.422151900000000069e+03,8.722300000000000608e+00
1.422154299999999921e+03,8.726800000000000779e+00
1.422156700000000001e+03,8.732499999999999929e+00
1.422159200000000055e+03,8.740999999999999659e+00
1.422161599999999908e+03,8.745599999999999596e+00
1.422164099999999962e+03,8.741300000000000736e+00
1.422166500000000042e+03,8.741199999999999193e+00
1.422168899999999894e+03,8.772899999999999920e+00
1.422171399999999949e+03,8.849299999999999500e+00
1.422173800000000028e+03,8.944699999999999207e+00
1.422176300000000083e+03,8.996999999999999886e+00
1.422178699999999935e+03,8.940699999999999648e+00
1.422181199999999990e+03,8.757400000000000517e+00
1.422183600000000069e+03,8.506899999999999906e+00
1.422185999999999922e+03,8.293699999999999406e+00
1.422188499999999976e+03,8.190599999999999881e+00
1.422190900000000056e+03,8.191300000000000026e+00
1.422193400000000111e+03,8.232599999999999696e+00
1.422195799999999963e+03,8.257799999999999585e+00
1.422198200000000043e+03,8.257199999999999207e+00
1.422200700000000097e+03,8.254899999999999238e+00
1.422203099999999949e+03,8.268000000000000682e+00
1.422205600000000004e+03,8.283300000000000551e+00
1.422208000000000084e+03,8.272399999999999309e+00
1.422210399999999936e+03,8.224800000000000111e+00
1.422212899999999991e+03,8.162000000000000810e+00
1.422215300000000070e+03,8.113300000000000622e+00
1.422217799999999897e+03,8.083299999999999486e+00
1.422220199999999977e+03,8.053699999999999193e+00
1.422222700000000032e+03,8.012000000000000455e+00
1.422225100000000111e+03,7.969500000000000028e+00
1.422227499999999964e+03,7.953800000000000203e+00
1.422230000000000018e+03,7.992399999999999949e+00
1.422232400000000098e+03,8.100400000000000489e+00
1.422234899999999925e+03,8.268700000000000827e+00
1.422237300000000005e+03,8.460300000000000153e+00
1.422239700000000084e+03,8.623300000000000409e+00
1.422242199999999912e+03,8.713900000000000645e+00
1.422244599999999991e+03,8.712400000000000588e+00
1.422247100000000046e+03,8.627700000000000813e+00
1.422249499999999898e+03,8.489499999999999602e+00
1.422251999999999953e+03,8.330899999999999750e+00
1.422254400000000032e+03,8.177899999999999281e+00
1.422256800000000112e+03,8.056800000000000850e+00
1.422259299999999939e+03,7.992600000000000371e+00
1.422261700000000019e+03,7.984700000000000131e+00
1.422264200000000073e+03,7.996100000000000207e+00
1.422266599999999926e+03,7.989499999999999602e+00
1.422269000000000005e+03,7.966899999999999871e+00
1.422271500000000060e+03,7.957900000000000418e+00
1.422273899999999912e+03,7.976300000000000168e+00
1.422276399999999967e+03,8.005000000000000782e+00
1.422278800000000047e+03,8.019299999999999429e+00
1.422281199999999899e+03,8.015399999999999636e+00
1.422283699999999953e+03,8.015900000000000247e+00
1.422286100000000033e+03,8.048099999999999810e+00
1.422288600000000088e+03,8.113200000000000855e+00
1.422290999999999940e+03,8.174300000000000566e+00
1.422293499999999995e+03,8.182000000000000384e+00
1.422295900000000074e+03,8.113099999999999312e+00
1.422298299999999927e+03,7.989200000000000301e+00
1.422300799999999981e+03,7.866399999999999615e+00
1.422303200000000061e+03,7.809899999999999842e+00
1.422305699999999888e+03,7.857899999999999885e+00
1.422308099999999968e+03,7.988999999999999879e+00
1.422310500000000047e+03,8.130399999999999849e+00
1.422313000000000102e+03,8.205600000000000449e+00
1.422315399999999954e+03,8.183400000000000674e+00
1.422317900000000009e+03,8.089199999999999946e+00
1.422320300000000088e+03,7.980000000000000426e+00
1.422322799999999916e+03,7.903100000000000236e+00
1.422325199999999995e+03,7.866699999999999804e+00
1.422327600000000075e+03,7.845500000000000362e+00
1.422330099999999902e+03,7.805799999999999628e+00
1.422332499999999982e+03,7.720799999999999663e+00
1.422335000000000036e+03,7.576999999999999957e+00
1.422337399999999889e+03,7.397700000000000387e+00
1.422339799999999968e+03,7.250300000000000189e+00
1.422342300000000023e+03,7.205199999999999605e+00
1.422344700000000103e+03,7.283699999999999619e+00
1.422347199999999930e+03,7.456800000000000317e+00
1.422349600000000009e+03,7.681899999999999729e+00
1.422352100000000064e+03,7.920499999999999652e+00
1.422354499999999916e+03,8.131299999999999528e+00
1.422356899999999996e+03,8.270400000000000418e+00
1.422359400000000051e+03,8.311099999999999710e+00
1.422361799999999903e+03,8.256500000000000838e+00
1.422364299999999957e+03,8.128999999999999559e+00
1.422366700000000037e+03,7.955400000000000027e+00
1.422369099999999889e+03,7.772499999999999964e+00
1.422371599999999944e+03,7.635500000000000398e+00
1.422374000000000024e+03,7.592600000000000016e+00
1.422376500000000078e+03,7.643500000000000405e+00
1.422378899999999931e+03,7.737000000000000099e+00
1.422381300000000010e+03,7.819200000000000372e+00
1.422383800000000065e+03,7.878800000000000026e+00
1.422386199999999917e+03,7.944200000000000372e+00
1.422388699999999972e+03,8.048799999999999955e+00
1.422391100000000051e+03,8.202299999999999258e+00
1.422393600000000106e+03,8.384499999999999176e+00
1.422395999999999958e+03,8.556599999999999540e+00
1.422398400000000038e+03,8.682399999999999451e+00
1.422400900000000092e+03,8.746399999999999508e+00
1.422403299999999945e+03,8.748499999999999943e+00
1.422405799999999999e+03,8.687500000000000000e+00
1.422408200000000079e+03,8.567299999999999471e+00
1.422410599999999931e+03,8.420999999999999375e+00
1.422413099999999986e+03,8.304700000000000415e+00
1.422415500000000065e+03,8.252599999999999270e+00
1.422417999999999893e+03,8.249200000000000088e+00
1.422420399999999972e+03,8.253800000000000026e+00
1.422422900000000027e+03,8.243600000000000705e+00
1.422425300000000107e+03,8.227199999999999847e+00
1.422427699999999959e+03,8.226699999999999235e+00
1.422430200000000013e+03,8.259399999999999409e+00
1.422432600000000093e+03,8.325400000000000134e+00
1.422435099999999920e+03,8.391500000000000625e+00
1.422437500000000000e+03,8.388899999999999579e+00
1.422439900000000080e+03,8.259999999999999787e+00
1.422442399999999907e+03,8.029099999999999682e+00
1.422444799999999987e+03,7.806400000000000006e+00
1.422447300000000041e+03,7.705300000000000260e+00
1.422449699999999893e+03,7.761400000000000077e+00
1.422452099999999973e+03,7.928600000000000314e+00
1.422454600000000028e+03,8.130900000000000460e+00
1.422457000000000107e+03,8.301099999999999923e+00
1.422459499999999935e+03,8.390700000000000713e+00
1.422461900000000014e+03,8.378399999999999181e+00
1.422464400000000069e+03,8.288100000000000023e+00
1.422466799999999921e+03,8.188700000000000756e+00
1.422469200000000001e+03,8.155900000000000816e+00
1.422471700000000055e+03,8.218899999999999650e+00
1.422474099999999908e+03,8.343999999999999417e+00
1.422476599999999962e+03,8.464700000000000557e+00
1.422479000000000042e+03,8.538700000000000401e+00
1.422481399999999894e+03,8.578300000000000480e+00
1.422483899999999949e+03,8.619799999999999685e+00
1.422486300000000028e+03,8.669800000000000395e+00
1.422488800000000083e+03,8.700599999999999667e+00
1.422491199999999935e+03,8.696899999999999409e+00
1.422493699999999990e+03,8.686600000000000321e+00
1.422496100000000069e+03,8.710800000000000765e+00
1.422498499999999922e+03,8.767300000000000537e+00
1.422500999999999976e+03,8.806200000000000472e+00
1.422503400000000056e+03,8.790800000000000836e+00
1.422505900000000111e+03,8.741400000000000503e+00
1.422508299999999963e+03,8.699099999999999611e+00
1.422510700000000043e+03,8.668799999999999173e+00
1.422513200000000097e+03,8.620499999999999829e+00
1.422515599999999949e+03,8.529899999999999594e+00
1.422518100000000004e+03,8.400900000000000034e+00
1.422520500000000084e+03,8.262399999999999523e+00
1.422522899999999936e+03,8.162100000000000577e+00
1.422525399999999991e+03,8.148600000000000065e+00
1.422527800000000070e+03,8.233999999999999986e+00
1.422530299999999897e+03,8.371999999999999886e+00
1.422532699999999977e+03,8.488099999999999312e+00
1.422535200000000032e+03,8.537900000000000489e+00
1.422537600000000111e+03,8.526799999999999713e+00
1.422539999999999964e+03,8.480600000000000804e+00
1.422542500000000018e+03,8.419000000000000483e+00
1.422544900000000098e+03,8.362899999999999778e+00
1.422547399999999925e+03,8.339399999999999480e+00
1.422549800000000005e+03,8.365800000000000125e+00
1.422552200000000084e+03,8.430199999999999250e+00
1.422554699999999912e+03,8.495699999999999363e+00
1.422557099999999991e+03,8.523099999999999454e+00
1.422559600000000046e+03,8.492000000000000881e+00
1.422561999999999898e+03,8.408799999999999386e+00
1.422564499999999953e+03,8.303900000000000503e+00
1.422566900000000032e+03,8.218600000000000350e+00
1.422569300000000112e+03,8.184599999999999653e+00
1.422571799999999939e+03,8.199199999999999378e+00
1.422574200000000019e+03,8.226699999999999235e+00
1.422576700000000073e+03,8.237199999999999633e+00
1.422579099999999926e+03,8.240800000000000125e+00
1.422581500000000005e+03,8.269399999999999196e+00
1.422584000000000060e+03,8.333199999999999719e+00
1.422586399999999912e+03,8.413500000000000867e+00
1.422588899999999967e+03,8.493199999999999861e+00
1.422591300000000047e+03,8.571400000000000574e+00
1.422593800000000101e+03,8.647899999999999920e+00
1.422596199999999953e+03,8.711600000000000676e+00
1.422598600000000033e+03,8.750899999999999679e+00
1.422601100000000088e+03,8.758599999999999497e+00
1.422603499999999940e+03,8.717000000000000526e+00
1.422605999999999995e+03,8.591900000000000759e+00
1.422608400000000074e+03,8.367800000000000793e+00
1.422610799999999927e+03,8.090199999999999392e+00
1.422613299999999981e+03,7.854700000000000237e+00
1.422615700000000061e+03,7.743800000000000239e+00
1.422618199999999888e+03,7.777999999999999581e+00
1.422620599999999968e+03,7.919599999999999973e+00
1.422623000000000047e+03,8.110500000000000043e+00
1.422625500000000102e+03,8.300300000000000011e+00
1.422627899999999954e+03,8.451399999999999579e+00
1.422630400000000009e+03,8.540699999999999292e+00
1.422632800000000088e+03,8.563700000000000756e+00
1.422635299999999916e+03,8.533500000000000085e+00
1.422637699999999995e+03,8.472300000000000608e+00
1.422640100000000075e+03,8.409399999999999764e+00
1.422642599999999902e+03,8.380499999999999616e+00
1.422644999999999982e+03,8.414699999999999847e+00
1.422647500000000036e+03,8.516700000000000159e+00
1.422649899999999889e+03,8.657999999999999474e+00
1.422652299999999968e+03,8.788500000000000867e+00
1.422654800000000023e+03,8.861499999999999488e+00
1.422657200000000103e+03,8.853400000000000603e+00
1.422659699999999930e+03,8.766400000000000858e+00
1.422662100000000009e+03,8.628500000000000725e+00
1.422664600000000064e+03,8.490299999999999514e+00
1.422666999999999916e+03,8.402900000000000702e+00
1.422669399999999996e+03,8.386100000000000776e+00
1.422671900000000051e+03,8.416499999999999204e+00
1.422674299999999903e+03,8.450200000000000600e+00
1.422676799999999957e+03,8.455799999999999983e+00
1.422679200000000037e+03,8.432700000000000529e+00
1.422681599999999889e+03,8.402699999999999392e+00
1.422684099999999944e+03,8.380900000000000460e+00
1.422686500000000024e+03,8.357100000000000861e+00
1.422689000000000078e+03,8.313599999999999213e+00
1.422691399999999931e+03,8.259399999999999409e+00
1.422693800000000010e+03,8.229900000000000659e+00
1.422696300000000065e+03,8.248100000000000875e+00
1.422698699999999917e+03,8.299300000000000566e+00
1.422701199999999972e+03,8.363599999999999923e+00
1.422703600000000051e+03,8.469599999999999795e+00
1.422706100000000106e+03,8.679000000000000270e+00
1.422708499999999958e+03,8.989499999999999602e+00
1.422710900000000038e+03,9.278499999999999304e+00
1.422713400000000092e+03,9.389799999999999258e+00
1.422715799999999945e+03,9.273899999999999366e+00
1.422718299999999999e+03,9.010500000000000398e+00
1.422720700000000079e+03,8.712199999999999278e+00
1.422723099999999931e+03,8.444300000000000139e+00
1.422725599999999986e+03,8.232300000000000395e+00
1.422728000000000065e+03,8.101800000000000779e+00
1.422730499999999893e+03,8.080799999999999983e+00
1.422732899999999972e+03,8.161699999999999733e+00
1.422735400000000027e+03,8.282099999999999795e+00
1.422737800000000107e+03,8.366199999999999193e+00
1.422740199999999959e+03,8.386300000000000310e+00
1.422742700000000013e+03,8.369400000000000617e+00
1.422745100000000093e+03,8.345800000000000551e+00
1.422747599999999920e+03,8.313599999999999213e+00
1.422750000000000000e+03,8.256899999999999906e+00
1.422752400000000080e+03,8.183999999999999275e+00
1.422754899999999907e+03,8.136200000000000543e+00
1.422757299999999987e+03,8.149599999999999511e+00
1.422759800000000041e+03,8.206500000000000128e+00
1.422762199999999893e+03,8.239100000000000534e+00
1.422764599999999973e+03,8.195700000000000429e+00
1.422767100000000028e+03,8.095900000000000318e+00
1.422769500000000107e+03,8.006800000000000139e+00
1.422771999999999935e+03,7.976499999999999702e+00
1.422774400000000014e+03,8.002499999999999503e+00
1.422776900000000069e+03,8.048899999999999721e+00
1.422779299999999921e+03,8.079000000000000625e+00
1.422781700000000001e+03,8.075699999999999434e+00
1.422784200000000055e+03,8.048799999999999955e+00
1.422786599999999908e+03,8.024300000000000210e+00
1.422789099999999962e+03,8.022199999999999775e+00
1.422791500000000042e+03,8.044299999999999784e+00
1.422793899999999894e+03,8.084199999999999164e+00
1.422796399999999949e+03,8.139699999999999491e+00
1.422798800000000028e+03,8.210699999999999221e+00
1.422801300000000083e+03,8.288299999999999557e+00
1.422803699999999935e+03,8.356500000000000483e+00
1.422806199999999990e+03,8.403200000000000003e+00
1.422808600000000069e+03,8.419900000000000162e+00
1.422810999999999922e+03,8.394800000000000040e+00
1.422813499999999976e+03,8.330299999999999372e+00
1.422815900000000056e+03,8.262900000000000134e+00
1.422818400000000111e+03,8.239200000000000301e+00
1.422820799999999963e+03,8.272000000000000242e+00
1.422823200000000043e+03,8.337199999999999278e+00
1.422825700000000097e+03,8.407600000000000406e+00
1.422828099999999949e+03,8.470700000000000784e+00
1.422830600000000004e+03,8.519899999999999807e+00
1.422833000000000084e+03,8.539999999999999147e+00
1.422835399999999936e+03,8.500500000000000611e+00
1.422837899999999991e+03,8.372799999999999798e+00
1.422840300000000070e+03,8.172100000000000364e+00
1.422842799999999897e+03,7.980500000000000149e+00
1.422845199999999977e+03,7.901399999999999757e+00
1.422847700000000032e+03,7.977000000000000313e+00
1.422850100000000111e+03,8.154700000000000060e+00
1.422852499999999964e+03,8.335499999999999687e+00
1.422855000000000018e+03,8.445899999999999963e+00
1.422857400000000098e+03,8.466699999999999449e+00
1.422859899999999925e+03,8.423500000000000654e+00
1.422862300000000005e+03,8.359999999999999432e+00
1.422864700000000084e+03,8.305099999999999483e+00
1.422867199999999912e+03,8.256299999999999528e+00
1.422869599999999991e+03,8.200799999999999201e+00
1.422872100000000046e+03,8.143299999999999983e+00
1.422874499999999898e+03,8.102700000000000458e+00
1.422876999999999953e+03,8.091200000000000614e+00
1.422879400000000032e+03,8.106500000000000483e+00
1.422881800000000112e+03,8.137999999999999901e+00
1.422884299999999939e+03,8.167899999999999494e+00
1.422886700000000019e+03,8.173500000000000654e+00
1.422889200000000073e+03,8.145599999999999952e+00
1.422891599999999926e+03,8.109999999999999432e+00
1.422894000000000005e+03,8.115399999999999281e+00
1.422896500000000060e+03,8.191100000000000492e+00
1.422898899999999912e+03,8.316800000000000637e+00
1.422901399999999967e+03,8.433899999999999508e+00
1.422903800000000047e+03,8.489000000000000767e+00
1.422906199999999899e+03,8.468600000000000350e+00
1.422908699999999953e+03,8.399399999999999977e+00
1.422911100000000033e+03,8.316200000000000259e+00
1.422913600000000088e+03,8.239900000000000446e+00
1.422915999999999940e+03,8.191100000000000492e+00
1.422918499999999995e+03,8.205399999999999139e+00
1.422920900000000074e+03,8.302599999999999980e+00
1.422923299999999927e+03,8.445499999999999119e+00
1.422925799999999981e+03,8.558600000000000207e+00
1.422928200000000061e+03,8.596600000000000463e+00
1.422930699999999888e+03,8.577600000000000335e+00
1.422933099999999968e+03,8.546699999999999520e+00
1.422935500000000047e+03,8.518100000000000449e+00
1.422938000000000102e+03,8.464900000000000091e+00
1.422940399999999954e+03,8.368700000000000472e+00
1.422942900000000009e+03,8.260999999999999233e+00
1.422945300000000088e+03,8.195000000000000284e+00
1.422947799999999916e+03,8.186299999999999244e+00
1.422950199999999995e+03,8.203500000000000014e+00
1.422952600000000075e+03,8.216599999999999682e+00
1.422955099999999902e+03,8.236800000000000566e+00
1.422957499999999982e+03,8.298099999999999810e+00
1.422960000000000036e+03,8.407799999999999940e+00
1.422962399999999889e+03,8.531200000000000117e+00
1.422964799999999968e+03,8.626899999999999125e+00
1.422967300000000023e+03,8.679299999999999571e+00
1.422969700000000103e+03,8.690300000000000580e+00
1.422972199999999930e+03,8.653499999999999304e+00
1.422974600000000009e+03,8.554999999999999716e+00
1.422977100000000064e+03,8.400700000000000500e+00
1.422979499999999916e+03,8.235599999999999810e+00
1.422981899999999996e+03,8.122099999999999653e+00
1.422984400000000051e+03,8.099899999999999878e+00
1.422986799999999903e+03,8.166399999999999437e+00
1.422989299999999957e+03,8.287100000000000577e+00
1.422991700000000037e+03,8.411300000000000665e+00
1.422994099999999889e+03,8.488899999999999224e+00
1.422996599999999944e+03,8.492499999999999716e+00
1.422999000000000024e+03,0.000000000000000000e+00
1.423001500000000078e+03,0.000000000000000000e+00
1.423003899999999931e+03,0.000000000000000000e+00
1.423006300000000010e+03,0.000000000000000000e+00
1.423008800000000065e+03,0.000000000000000000e+00
1.423011199999999917e+03,0.000000000000000000e+00
1.423013699999999972e+03,0.000000000000000000e+00
1.423016100000000051e+03,0.000000000000000000e+00
1.423018600000000106e+03,0.000000000000000000e+00
1.423020999999999958e+03,0.000000000000000000e+00
1.423023400000000038e+03,0.000000000000000000e+00
1.423025900000000092e+03,0.000000000000000000e+00
1.423028299999999945e+03,0.000000000000000000e+00
1.423030799999999999e+03,0.000000000000000000e+00
1.423033200000000079e+03,0.000000000000000000e+00
1.423035599999999931e+03,0.000000000000000000e+00
1.423038099999999986e+03,0.000000000000000000e+00
1.423040500000000065e+03,0.000000000000000000e+00
1.423042999999999893e+03,0.000000000000000000e+00
1.423045399999999972e+03,0.000000000000000000e+00
1.423047900000000027e+03,0.000000000000000000e+00
1.423050300000000107e+03,0.000000000000000000e+00
1.423052699999999959e+03,0.000000000000000000e+00
1.423055200000000013e+03,0.000000000000000000e+00
1.423057600000000093e+03,0.000000000000000000e+00
1.423060099999999920e+03,0.000000000000000000e+00
1.423062500000000000e+03,0.000000000000000000e+00
1.423064900000000080e+03,0.000000000000000000e+00
1.423067399999999907e+03,0.000000000000000000e+00
1.423069799999999987e+03,0.000000000000000000e+00
1.423072300000000041e+03,0.000000000000000000e+00
1.423074699999999893e+03,0.000000000000000000e+00
1.423077099999999973e+03,0.000000000000000000e+00
1.423079600000000028e+03,0.000000000000000000e+00
1.423082000000000107e+03,0.000000000000000000e+00
1.423084499999999935e+03,0.000000000000000000e+00
1.423086900000000014e+03,0.000000000000000000e+00
1.423089400000000069e+03,0.000000000000000000e+00
1.423091799999999921e+03,0.000000000000000000e+00
1.423094200000000001e+03,0.000000000000000000e+00
1.423096700000000055e+03,0.000000000000000000e+00
1.423099099999999908e+03,0.000000000000000000e+00
1.423101599999999962e+03,0.000000000000000000e+00
1.423104000000000042e+03,0.000000000000000000e+00
1.423106399999999894e+03,0.000000000000000000e+00
1.423108899999999949e+03,0.000000000000000000e+00
1.423111300000000028e+03,0.000000000000000000e+00
1.423113800000000083e+03,0.000000000000000000e+00
1.423116199999999935e+03,0.000000000000000000e+00
1.423118699999999990e+03,0.000000000000000000e+00
1.423121100000000069e+03,0.000000000000000000e+00
1.423123499999999922e+03,0.000000000000000000e+00
1.423125999999999976e+03,0.000000000000000000e+00
1.423128400000000056e+03,0.000000000000000000e+00
1.423130900000000111e+03,0.000000000000000000e+00
1.423133299999999963e+03,0.000000000000000000e+00
1.423135700000000043e+03,0.000000000000000000e+00
1.423138200000000097e+03,0.000000000000000000e+00
1.423140599999999949e+03,0.000000000000000000e+00
1.423143100000000004e+03,0.000000000000000000e+00
1.423145500000000084e+03,0.000000000000000000e+00
1.423147899999999936e+03,0.000000000000000000e+00
1.423150399999999991e+03,0.000000000000000000e+00
1.423152800000000070e+03,0.000000000000000000e+00
1.423155299999999897e+03,0.000000000000000000e+00
1.423157699999999977e+03,0.000000000000000000e+00
1.423160200000000032e+03,0.000000000000000000e+00
1.423162600000000111e+03,0.000000000000000000e+00
1.423164999999999964e+03,0.000000000000000000e+00
1.423167500000000018e+03,0.000000000000000000e+00
1.423169900000000098e+03,0.000000000000000000e+00
1.423172399999999925e+03,0.000000000000000000e+00
1.423174800000000005e+03,0.000000000000000000e+00
1.423177200000000084e+03,0.000000000000000000e+00
1.423179699999999912e+03,0.000000000000000000e+00
1.423182099999999991e+03,0.000000000000000000e+00
1.423184600000000046e+03,0.000000000000000000e+00
1.423186999999999898e+03,0.000000000000000000e+00
1.423189499999999953e+03,0.000000000000000000e+00
1.423191900000000032e+03,0.000000000000000000e+00
1.423194300000000112e+03,0.000000000000000000e+00
1.423196799999999939e+03,0.000000000000000000e+00
1.423199200000000019e+03,0.000000000000000000e+00
1.423201700000000073e+03,0.000000000000000000e+00
1.423204099999999926e+03,0.000000000000000000e+00
1.423206500000000005e+03,0.000000000000000000e+00
1.423209000000000060e+03,0.000000000000000000e+00
1.423211399999999912e+03,0.000000000000000000e+00
1.423213899999999967e+03,0.000000000000000000e+00
1.423216300000000047e+03,0.000000000000000000e+00
1.423218800000000101e+03,0.000000000000000000e+00
1.423221199999999953e+03,0.000000000000000000e+00
1.423223600000000033e+03,0.000000000000000000e+00
1.423226100000000088e+03,0.000000000000000000e+00
1.423228499999999940e+03,0.000000000000000000e+00
1.423230999999999995e+03,0.000000000000000000e+00
1.423233400000000074e+03,0.000000000000000000e+00
1.423235799999999927e+03,0.000000000000000000e+00
1.423238299999999981e+03,0.000000000000000000e+00
1.423240700000000061e+03,0.000000000000000000e+00
1.423243199999999888e+03,0.000000000000000000e+00
1.423245599999999968e+03,0.000000000000000000e+00
1.423248000000000047e+03,0.000000000000000000e+00
1.423250500000000102e+03,0.000000000000000000e+00
1.423252899999999954e+03,0.000000000000000000e+00
1.423255400000000009e+03,0.000000000000000000e+00
1.423257800000000088e+03,0.000000000000000000e+00
1.423260299999999916e+03,0.000000000000000000e+00
1.423262699999999995e+03,0.000000000000000000e+00
1.423265100000000075e+03,0.000000000000000000e+00
1.423267599999999902e+03,0.000000000000000000e+00
1.423269999999999982e+03,0.000000000000000000e+00
1.423272500000000036e+03,0.000000000000000000e+00
1.423274899999999889e+03,0.000000000000000000e+00
1.423277299999999968e+03,0.000000000000000000e+00
1.423279800000000023e+03,0.000000000000000000e+00
1.423282200000000103e+03,0.000000000000000000e+00
1.423284699999999930e+03,0.000000000000000000e+00
1.423287100000000009e+03,0.000000000000000000e+00
1.423289600000000064e+03,0.000000000000000000e+00
1.423291999999999916e+03,0.000000000000000000e+00
1.423294399999999996e+03,0.000000000000000000e+00
1.423296900000000051e+03,0.000000000000000000e+00
1.423299299999999903e+03,0.000000000000000000e+00
1.423301799999999957e+03,0.000000000000000000e+00
1.423304200000000037e+03,0.000000000000000000e+00
1.423306599999999889e+03,0.000000000000000000e+00
1.423309099999999944e+03,0.000000000000000000e+00
1.423311500000000024e+03,0.000000000000000000e+00
1.423314000000000078e+03,0.000000000000000000e+00
1.423316399999999931e+03,0.000000000000000000e+00
1.423318800000000010e+03,0.000000000000000000e+00
1.423321300000000065e+03,0.000000000000000000e+00
1.423323699999999917e+03,0.000000000000000000e+00
1.423326199999999972e+03,0.000000000000000000e+00
1.423328600000000051e+03,0.000000000000000000e+00
1.423331100000000106e+03,0.000000000000000000e+00
1.423333499999999958e+03,0.000000000000000000e+00
1.423335900000000038e+03,0.000000000000000000e+00
1.423338400000000092e+03,0.000000000000000000e+00
1.423340799999999945e+03,0.000000000000000000e+00
1.423343299999999999e+03,0.000000000000000000e+00
1.423345700000000079e+03,0.000000000000000000e+00
1.423348099999999931e+03,0.000000000000000000e+00
1.423350599999999986e+03,0.000000000000000000e+00
1.423353000000000065e+03,0.000000000000000000e+00
1.423355499999999893e+03,0.000000000000000000e+00
1.423357899999999972e+03,0.000000000000000000e+00
1.423360400000000027e+03,0.000000000000000000e+00
1.423362800000000107e+03,0.000000000000000000e+00
1.423365199999999959e+03,0.000000000000000000e+00
1.423367700000000013e+03,0.000000000000000000e+00
1.423370100000000093e+03,0.000000000000000000e+00
1.423372599999999920e+03,0.000000000000000000e+00
1.423375000000000000e+03,0.000000000000000000e+00
1.423377400000000080e+03,0.000000000000000000e+00
1.423379899999999907e+03,0.000000000000000000e+00
1.423382299999999987e+03,0.000000000000000000e+00
1.423384800000000041e+03,0.000000000000000000e+00
1.423387199999999893e+03,0.000000000000000000e+00
1.423389599999999973e+03,0.000000000000000000e+00
1.423392100000000028e+03,0.000000000000000000e+00
1.423394500000000107e+03,0.000000000000000000e+00
1.423396999999999935e+03,0.000000000000000000e+00
1.423399400000000014e+03,0.000000000000000000e+00
1.423401900000000069e+03,0.000000000000000000e+00
1.423404299999999921e+03,0.000000000000000000e+00
1.423406700000000001e+03,0.000000000000000000e+00
1.423409200000000055e+03,0.000000000000000000e+00
1.423411599999999908e+03,0.000000000000000000e+00
1.423414099999999962e+03,0.000000000000000000e+00
1.423416500000000042e+03,0.000000000000000000e+00
1.423418899999999894e+03,0.000000000000000000e+00
1.423421399999999949e+03,0.000000000000000000e+00
1.423423800000000028e+03,0.000000000000000000e+00
1.423426300000000083e+03,0.000000000000000000e+00
1.423428699999999935e+03,0.000000000000000000e+00
1.423431199999999990e+03,0.000000000000000000e+00
1.423433600000000069e+03,0.000000000000000000e+00
1.423435999999999922e+03,0.000000000000000000e+00
1.423438499999999976e+03,0.000000000000000000e+00
1.423440900000000056e+03,0.000000000000000000e+00
1.423443400000000111e+03,0.000000000000000000e+00
1.423445799999999963e+03,0.000000000000000000e+00
1.423448200000000043e+03,0.000000000000000000e+00
1.423450700000000097e+03,0.000000000000000000e+00
1.423453099999999949e+03,0.000000000000000000e+00
1.423455600000000004e+03,0.000000000000000000e+00
1.423458000000000084e+03,0.000000000000000000e+00
1.423460399999999936e+03,0.000000000000000000e+00
1.423462899999999991e+03,0.000000000000000000e+00
1.423465300000000070e+03,0.000000000000000000e+00
1.423467799999999897e+03,0.000000000000000000e+00
1.423470199999999977e+03,0.000000000000000000e+00
1.423472700000000032e+03,0.000000000000000000e+00
1.423475100000000111e+03,0.000000000000000000e+00
1.423477499999999964e+03,0.000000000000000000e+00
1.423480000000000018e+03,0.000000000000000000e+00
1.423482400000000098e+03,0.000000000000000000e+00
1.423484899999999925e+03,0.000000000000000000e+00
1.423487300000000005e+03,0.000000000000000000e+00
1.423489700000000084e+03,0.000000000000000000e+00
1.423492199999999912e+03,0.000000000000000000e+00
1.423494599999999991e+03,-0.000000000000000000e+00
1.423497100000000046e+03,-0.000000000000000000e+00
1.423499499999999898e+03,-0.000000000000000000e+00
1.423501999999999953e+03,-0.000000000000000000e+00
1.423504400000000032e+03,-0.000000000000000000e+00
1.423506800000000112e+03,-0.000000000000000000e+00
1.423509299999999939e+03,-0.000000000000000000e+00
1.423511700000000019e+03,-0.000000000000000000e+00
1.423514200000000073e+03,-0.000000000000000000e+00
1.423516599999999926e+03,-0.000000000000000000e+00
1.423519000000000005e+03,-0.000000000000000000e+00
1.423521500000000060e+03,-0.000000000000000000e+00
1.423523899999999912e+03,-0.000000000000000000e+00
1.423526399999999967e+03,-0.000000000000000000e+00
1.423528800000000047e+03,-0.000000000000000000e+00
1.423531199999999899e+03,-0.000000000000000000e+00
1.423533699999999953e+03,-0.000000000000000000e+00
1.423536100000000033e+03,-0.000000000000000000e+00
1.423538600000000088e+03,-0.000000000000000000e+00
1.423540999999999940e+03,-0.000000000000000000e+00
1.423543499999999995e+03,-0.000000000000000000e+00
1.423545900000000074e+03,-0.000000000000000000e+00
1.423548299999999927e+03,-0.000000000000000000e+00
1.423550799999999981e+03,-0.000000000000000000e+00
1.423553200000000061e+03,-0.000000000000000000e+00
1.423555699999999888e+03,-0.000000000000000000e+00
1.423558099999999968e+03,-0.000000000000000000e+00
1.423560500000000047e+03,-0.000000000000000000e+00
1.423563000000000102e+03,-0.000000000000000000e+00
1.423565399999999954e+03,-0.000000000000000000e+00
1.423567900000000009e+03,-0.000000000000000000e+00
1.423570300000000088e+03,-0.000000000000000000e+00
1.423572799999999916e+03,-0.000000000000000000e+00
1.423575199999999995e+03,-0.000000000000000000e+00
1.423577600000000075e+03,-0.000000000000000000e+00
1.423580099999999902e+03,-0.000000000000000000e+00
1.423582499999999982e+03,-0.000000000000000000e+00
1.423585000000000036e+03,-0.000000000000000000e+00
1.423587399999999889e+03,-0.000000000000000000e+00
1.423589799999999968e+03,-0.000000000000000000e+00
1.423592300000000023e+03,-0.000000000000000000e+00
1.423594700000000103e+03,-0.000000000000000000e+00
1.423597199999999930e+03,-0.000000000000000000e+00
1.423599600000000009e+03,-0.000000000000000000e+00
1.423602100000000064e+03,-0.000000000000000000e+00
1.423604499999999916e+03,-0.000000000000000000e+00
1.423606899999999996e+03,-0.000000000000000000e+00
1.423609400000000051e+03,-0.000000000000000000e+00
1.423611799999999903e+03,-0.000000000000000000e+00
1.423614299999999957e+03,-0.000000000000000000e+00
1.423616700000000037e+03,-0.000000000000000000e+00
1.423619099999999889e+03,-0.000000000000000000e+00
1.423621599999999944e+03,-0.000000000000000000e+00
1.423624000000000024e+03,-0.000000000000000000e+00
1.423626500000000078e+03,-0.000000000000000000e+00
1.423628899999999931e+03,-0.000000000000000000e+00
1.423631300000000010e+03,-0.000000000000000000e+00
1.423633800000000065e+03,-0.000000000000000000e+00
1.423636199999999917e+03,-0.000000000000000000e+00
1.423638699999999972e+03,-0.000000000000000000e+00
1.423641100000000051e+03,-0.000000000000000000e+00
1.423643600000000106e+03,-0.000000000000000000e+00
1.423645999999999958e+03,-0.000000000000000000e+00
1.423648400000000038e+03,-0.000000000000000000e+00
1.423650900000000092e+03,-0.000000000000000000e+00
1.423653299999999945e+03,-0.000000000000000000e+00
1.423655799999999999e+03,-0.000000000000000000e+00
1.423658200000000079e+03,-0.000000000000000000e+00
1.423660599999999931e+03,-0.000000000000000000e+00
1.423663099999999986e+03,-0.000000000000000000e+00
1.423665500000000065e+03,-0.000000000000000000e+00
1.423667999999999893e+03,-0.000000000000000000e+00
1.423670399999999972e+03,-0.000000000000000000e+00
1.423672900000000027e+03,-0.000000000000000000e+00
1.423675300000000107e+03,-0.000000000000000000e+00
1.423677699999999959e+03,0.000000000000000000e+00
1.423680200000000013e+03,0.000000000000000000e+00
1.423682600000000093e+03,0.000000000000000000e+00
1.423685099999999920e+03,0.000000000000000000e+00
1.423687500000000000e+03,0.000000000000000000e+00
1.423689900000000080e+03,0.000000000000000000e+00
1.423692399999999907e+03,0.000000000000000000e+00
1.423694799999999987e+03,0.000000000000000000e+00
1.423697300000000041e+03,0.000000000000000000e+00
1.423699699999999893e+03,0.000000000000000000e+00
1.423702099999999973e+03,0.000000000000000000e+00
1.423704600000000028e+03,0.000000000000000000e+00
1.423707000000000107e+03,0.000000000000000000e+00
1.423709499999999935e+03,0.000000000000000000e+00
1.423711900000000014e+03,0.000000000000000000e+00
1.423714400000000069e+03,0.000000000000000000e+00
1.423716799999999921e+03,0.000000000000000000e+00
1.423719200000000001e+03,0.000000000000000000e+00
1.423721700000000055e+03,0.000000000000000000e+00
1.423724099999999908e+03,0.000000000000000000e+00
1.423726599999999962e+03,0.000000000000000000e+00
1.423729000000000042e+03,0.000000000000000000e+00
1.423731399999999894e+03,0.000000000000000000e+00
1.423733899999999949e+03,0.000000000000000000e+00
1.423736300000000028e+03,0.000000000000000000e+00
1.423738800000000083e+03,0.000000000000000000e+00
1.423741199999999935e+03,0.000000000000000000e+00
1.423743699999999990e+03,0.000000000000000000e+00
1.423746100000000069e+03,0.000000000000000000e+00
1.423748499999999922e+03,0.000000000000000000e+00
1.423750999999999976e+03,0.000000000000000000e+00
1.423753400000000056e+03,0.000000000000000000e+00
1.423755900000000111e+03,0.000000000000000000e+00
1.423758299999999963e+03,0.000000000000000000e+00
1.423760700000000043e+03,0.000000000000000000e+00
1.423763200000000097e+03,0.000000000000000000e+00
1.423765599999999949e+03,0.000000000000000000e+00
1.423768100000000004e+03,0.000000000000000000e+00
1.423770500000000084e+03,0.000000000000000000e+00
1.423772899999999936e+03,0.000000000000000000e+00
1.423775399999999991e+03,0.000000000000000000e+00
1.423777800000000070e+03,0.000000000000000000e+00
1.423780299999999897e+03,0.000000000000000000e+00
1.423782699999999977e+03,0.000000000000000000e+00
1.423785200000000032e+03,0.000000000000000000e+00
1.423787600000000111e+03,0.000000000000000000e+00
1.423789999999999964e+03,0.000000000000000000e+00
1.423792500000000018e+03,0.000000000000000000e+00
1.423794900000000098e+03,0.000000000000000000e+00
1.423797399999999925e+03,0.000000000000000000e+00
1.423799800000000005e+03,0.000000000000000000e+00
1.423802200000000084e+03,0.000000000000000000e+00
1.423804699999999912e+03,0.000000000000000000e+00
1.423807099999999991e+03,0.000000000000000000e+00
1.423809600000000046e+03,0.000000000000000000e+00
1.423811999999999898e+03,0.000000000000000000e+00
1.423814499999999953e+03,0.000000000000000000e+00
1.423816900000000032e+03,0.000000000000000000e+00
1.423819300000000112e+03,0.000000000000000000e+00
1.423821799999999939e+03,0.000000000000000000e+00
1.423824200000000019e+03,0.000000000000000000e+00
1.423826700000000073e+03,0.000000000000000000e+00
1.423829099999999926e+03,0.000000000000000000e+00
1.423831500000000005e+03,0.000000000000000000e+00
1.423834000000000060e+03,0.000000000000000000e+00
1.423836399999999912e+03,0.000000000000000000e+00
1.423838899999999967e+03,0.000000000000000000e+00
1.423841300000000047e+03,0.000000000000000000e+00
1.423843800000000101e+03,0.000000000000000000e+00
1.423846199999999953e+03,0.000000000000000000e+00
1.423848600000000033e+03,0.000000000000000000e+00
1.423851100000000088e+03,0.000000000000000000e+00
1.423853499999999940e+03,0.000000000000000000e+00
1.423855999999999995e+03,0.000000000000000000e+00
1.423858400000000074e+03,0.000000000000000000e+00
1.423860799999999927e+03,0.000000000000000000e+00
1.423863299999999981e+03,0.000000000000000000e+00
1.423865700000000061e+03,0.000000000000000000e+00
1.423868199999999888e+03,0.000000000000000000e+00
1.423870599999999968e+03,0.000000000000000000e+00
1.423873000000000047e+03,0.000000000000000000e+00
1.423875500000000102e+03,0.000000000000000000e+00
1.423877899999999954e+03,0.000000000000000000e+00
1.423880400000000009e+03,0.000000000000000000e+00
1.423882800000000088e+03,0.000000000000000000e+00
1.423885299999999916e+03,0.000000000000000000e+00
1.423887699999999995e+03,0.000000000000000000e+00
1.423890100000000075e+03,0.000000000000000000e+00
1.423892599999999902e+03,0.000000000000000000e+00
1.423894999999999982e+03,0.000000000000000000e+00
1.423897500000000036e+03,0.000000000000000000e+00
1.423899899999999889e+03,0.000000000000000000e+00
1.423902299999999968e+03,0.000000000000000000e+00
1.423904800000000023e+03,0.000000000000000000e+00
1.423907200000000103e+03,0.000000000000000000e+00
1.423909699999999930e+03,0.000000000000000000e+00
1.423912100000000009e+03,0.000000000000000000e+00
1.423914600000000064e+03,0.000000000000000000e+00
1.423916999999999916e+03,0.000000000000000000e+00
1.423919399999999996e+03,0.000000000000000000e+00
1.423921900000000051e+03,0.000000000000000000e+00
1.423924299999999903e+03,0.000000000000000000e+00
1.423926799999999957e+03,0.000000000000000000e+00
1.423929200000000037e+03,0.000000000000000000e+00
1.423931599999999889e+03,0.000000000000000000e+00
1.423934099999999944e+03,0.000000000000000000e+00
1.423936500000000024e+03,0.000000000000000000e+00
1.423939000000000078e+03,0.000000000000000000e+00
1.423941399999999931e+03,0.000000000000000000e+00
1.423943800000000010e+03,0.000000000000000000e+00
1.423946300000000065e+03,0.000000000000000000e+00
1.423948699999999917e+03,0.000000000000000000e+00
1.423951199999999972e+03,0.000000000000000000e+00
1.423953600000000051e+03,0.000000000000000000e+00
1.423956100000000106e+03,0.000000000000000000e+00
1.423958499999999958e+03,0.000000000000000000e+00
1.423960900000000038e+03,0.000000000000000000e+00
1.423963400000000092e+03,0.000000000000000000e+00
1.423965799999999945e+03,0.000000000000000000e+00
1.423968299999999999e+03,0.000000000000000000e+00
1.423970700000000079e+03,0.000000000000000000e+00
1.423973099999999931e+03,0.000000000000000000e+00
1.423975599999999986e+03,0.000000000000000000e+00
1.423978000000000065e+03,0.000000000000000000e+00
1.423980499999999893e+03,0.000000000000000000e+00
1.423982899999999972e+03,0.000000000000000000e+00
1.423985400000000027e+03,0.000000000000000000e+00
1.423987800000000107e+03,0.000000000000000000e+00
1.423990199999999959e+03,0.000000000000000000e+00
1.423992700000000013e+03,0.000000000000000000e+00
1.423995100000000093e+03,0.000000000000000000e+00
1.423997599999999920e+03,0.000000000000000000e+00
