1.414000000000000000e+03,0.000000000000000000e+00
1.414002400000000080e+03,0.000000000000000000e+00
1.414004899999999907e+03,0.000000000000000000e+00
1.414007299999999987e+03,0.000000000000000000e+00
1.414009800000000041e+03,0.000000000000000000e+00
1.414012199999999893e+03,0.000000000000000000e+00
1.414014599999999973e+03,0.000000000000000000e+00
1.414017100000000028e+03,0.000000000000000000e+00
1.414019500000000107e+03,0.000000000000000000e+00
1.414021999999999935e+03,0.000000000000000000e+00
1.414024400000000014e+03,0.000000000000000000e+00
1.414026900000000069e+03,0.000000000000000000e+00
1.414029299999999921e+03,0.000000000000000000e+00
1.414031700000000001e+03,0.000000000000000000e+00
1.414034200000000055e+03,0.000000000000000000e+00
1.414036599999999908e+03,0.000000000000000000e+00
1.414039099999999962e+03,0.000000000000000000e+00
1.414041500000000042e+03,0.000000000000000000e+00
1.414043899999999894e+03,0.000000000000000000e+00
1.414046399999999949e+03,0.000000000000000000e+00
1.414048800000000028e+03,0.000000000000000000e+00
1.414051300000000083e+03,0.000000000000000000e+00
1.414053699999999935e+03,0.000000000000000000e+00
1.414056199999999990e+03,0.000000000000000000e+00
1.414058600000000069e+03,0.000000000000000000e+00
1.414060999999999922e+03,0.000000000000000000e+00
1.414063499999999976e+03,0.000000000000000000e+00
1.414065900000000056e+03,0.000000000000000000e+00
1.414068400000000111e+03,0.000000000000000000e+00
1.414070799999999963e+03,0.000000000000000000e+00
1.414073200000000043e+03,0.000000000000000000e+00
1.414075700000000097e+03,0.000000000000000000e+00
1.414078099999999949e+03,0.000000000000000000e+00
1.414080600000000004e+03,0.000000000000000000e+00
1.414083000000000084e+03,0.000000000000000000e+00
1.414085399999999936e+03,0.000000000000000000e+00
1.414087899999999991e+03,0.000000000000000000e+00
1.414090300000000070e+03,0.000000000000000000e+00
1.414092799999999897e+03,0.000000000000000000e+00
1.414095199999999977e+03,0.000000000000000000e+00
1.414097700000000032e+03,0.000000000000000000e+00
1.414100100000000111e+03,0.000000000000000000e+00
1.414102499999999964e+03,0.000000000000000000e+00
1.414105000000000018e+03,0.000000000000000000e+00
1.414107400000000098e+03,0.000000000000000000e+00
1.414109899999999925e+03,0.000000000000000000e+00
1.414112300000000005e+03,0.000000000000000000e+00
1.414114700000000084e+03,0.000000000000000000e+00
1.414117199999999912e+03,0.000000000000000000e+00
1.414119599999999991e+03,0.000000000000000000e+00
1.414122100000000046e+03,0.000000000000000000e+00
1.414124499999999898e+03,0.000000000000000000e+00
1.414126999999999953e+03,0.000000000000000000e+00
1.414129400000000032e+03,0.000000000000000000e+00
1.414131800000000112e+03,0.000000000000000000e+00
1.414134299999999939e+03,0.000000000000000000e+00
1.414136700000000019e+03,0.000000000000000000e+00
1.414139200000000073e+03,0.000000000000000000e+00
1.414141599999999926e+03,0.000000000000000000e+00
1.414144000000000005e+03,0.000000000000000000e+00
1.414146500000000060e+03,0.000000000000000000e+00
1.414148899999999912e+03,0.000000000000000000e+00
1.414151399999999967e+03,0.000000000000000000e+00
1.414153800000000047e+03,0.000000000000000000e+00
1.414156199999999899e+03,0.000000000000000000e+00
1.414158699999999953e+03,0.000000000000000000e+00
1.414161100000000033e+03,0.000000000000000000e+00
1.414163600000000088e+03,0.000000000000000000e+00
1.414165999999999940e+03,0.000000000000000000e+00
1.414168499999999995e+03,0.000000000000000000e+00
1.414170900000000074e+03,0.000000000000000000e+00
1.414173299999999927e+03,0.000000000000000000e+00
1.414175799999999981e+03,0.000000000000000000e+00
1.414178200000000061e+03,0.000000000000000000e+00
1.414180699999999888e+03,0.000000000000000000e+00
1.414183099999999968e+03,0.000000000000000000e+00
1.414185500000000047e+03,0.000000000000000000e+00
1.414188000000000102e+03,0.000000000000000000e+00
1.414190399999999954e+03,0.000000000000000000e+00
1.414192900000000009e+03,0.000000000000000000e+00
1.414195300000000088e+03,0.000000000000000000e+00
1.414197799999999916e+03,0.000000000000000000e+00
1.414200199999999995e+03,0.000000000000000000e+00
1.414202600000000075e+03,0.000000000000000000e+00
1.414205099999999902e+03,0.000000000000000000e+00
1.414207499999999982e+03,0.000000000000000000e+00
1.414210000000000036e+03,0.000000000000000000e+00
1.414212399999999889e+03,0.000000000000000000e+00
1.414214799999999968e+03,0.000000000000000000e+00
1.414217300000000023e+03,0.000000000000000000e+00
1.414219700000000103e+03,0.000000000000000000e+00
1.414222199999999930e+03,0.000000000000000000e+00
1.414224600000000009e+03,0.000000000000000000e+00
1.414227100000000064e+03,0.000000000000000000e+00
1.414229499999999916e+03,0.000000000000000000e+00
1.414231899999999996e+03,0.000000000000000000e+00
1.414234400000000051e+03,0.000000000000000000e+00
1.414236799999999903e+03,0.000000000000000000e+00
1.414239299999999957e+03,0.000000000000000000e+00
1.414241700000000037e+03,0.000000000000000000e+00
1.414244099999999889e+03,0.000000000000000000e+00
1.414246599999999944e+03,0.000000000000000000e+00
1.414249000000000024e+03,0.000000000000000000e+00
1.414251500000000078e+03,0.000000000000000000e+00
1.414253899999999931e+03,0.000000000000000000e+00
1.414256300000000010e+03,0.000000000000000000e+00
1.414258800000000065e+03,0.000000000000000000e+00
1.414261199999999917e+03,0.000000000000000000e+00
1.414263699999999972e+03,0.000000000000000000e+00
1.414266100000000051e+03,0.000000000000000000e+00
1.414268600000000106e+03,0.000000000000000000e+00
1.414270999999999958e+03,0.000000000000000000e+00
1.414273400000000038e+03,0.000000000000000000e+00
1.414275900000000092e+03,0.000000000000000000e+00
1.414278299999999945e+03,0.000000000000000000e+00
1.414280799999999999e+03,0.000000000000000000e+00
1.414283200000000079e+03,0.000000000000000000e+00
1.414285599999999931e+03,0.000000000000000000e+00
1.414288099999999986e+03,0.000000000000000000e+00
1.414290500000000065e+03,0.000000000000000000e+00
1.414292999999999893e+03,0.000000000000000000e+00
1.414295399999999972e+03,0.000000000000000000e+00
1.414297900000000027e+03,0.000000000000000000e+00
1.414300300000000107e+03,0.000000000000000000e+00
1.414302699999999959e+03,0.000000000000000000e+00
1.414305200000000013e+03,0.000000000000000000e+00
1.414307600000000093e+03,0.000000000000000000e+00
1.414310099999999920e+03,0.000000000000000000e+00
1.414312500000000000e+03,0.000000000000000000e+00
1.414314900000000080e+03,0.000000000000000000e+00
1.414317399999999907e+03,0.000000000000000000e+00
1.414319799999999987e+03,0.000000000000000000e+00
1.414322300000000041e+03,0.000000000000000000e+00
1.414324699999999893e+03,0.000000000000000000e+00
1.414327099999999973e+03,0.000000000000000000e+00
1.414329600000000028e+03,0.000000000000000000e+00
1.414332000000000107e+03,0.000000000000000000e+00
1.414334499999999935e+03,0.000000000000000000e+00
1.414336900000000014e+03,0.000000000000000000e+00
1.414339400000000069e+03,0.000000000000000000e+00
1.414341799999999921e+03,0.000000000000000000e+00
1.414344200000000001e+03,0.000000000000000000e+00
1.414346700000000055e+03,0.000000000000000000e+00
1.414349099999999908e+03,0.000000000000000000e+00
1.414351599999999962e+03,0.000000000000000000e+00
1.414354000000000042e+03,0.000000000000000000e+00
1.414356399999999894e+03,0.000000000000000000e+00
1.414358899999999949e+03,0.000000000000000000e+00
1.414361300000000028e+03,0.000000000000000000e+00
1.414363800000000083e+03,0.000000000000000000e+00
1.414366199999999935e+03,0.000000000000000000e+00
1.414368699999999990e+03,0.000000000000000000e+00
1.414371100000000069e+03,0.000000000000000000e+00
1.414373499999999922e+03,0.000000000000000000e+00
1.414375999999999976e+03,0.000000000000000000e+00
1.414378400000000056e+03,0.000000000000000000e+00
1.414380900000000111e+03,0.000000000000000000e+00
1.414383299999999963e+03,0.000000000000000000e+00
1.414385700000000043e+03,0.000000000000000000e+00
1.414388200000000097e+03,0.000000000000000000e+00
1.414390599999999949e+03,0.000000000000000000e+00
1.414393100000000004e+03,0.000000000000000000e+00
1.414395500000000084e+03,0.000000000000000000e+00
1.414397899999999936e+03,0.000000000000000000e+00
1.414400399999999991e+03,0.000000000000000000e+00
1.414402800000000070e+03,0.000000000000000000e+00
1.414405299999999897e+03,0.000000000000000000e+00
1.414407699999999977e+03,0.000000000000000000e+00
1.414410200000000032e+03,0.000000000000000000e+00
1.414412600000000111e+03,0.000000000000000000e+00
1.414414999999999964e+03,0.000000000000000000e+00
1.414417500000000018e+03,0.000000000000000000e+00
1.414419900000000098e+03,0.000000000000000000e+00
1.414422399999999925e+03,0.000000000000000000e+00
1.414424800000000005e+03,0.000000000000000000e+00
1.414427200000000084e+03,0.000000000000000000e+00
1.414429699999999912e+03,0.000000000000000000e+00
1.414432099999999991e+03,0.000000000000000000e+00
1.414434600000000046e+03,0.000000000000000000e+00
1.414436999999999898e+03,0.000000000000000000e+00
1.414439499999999953e+03,0.000000000000000000e+00
1.414441900000000032e+03,0.000000000000000000e+00
1.414444300000000112e+03,0.000000000000000000e+00
1.414446799999999939e+03,0.000000000000000000e+00
1.414449200000000019e+03,0.000000000000000000e+00
1.414451700000000073e+03,0.000000000000000000e+00
1.414454099999999926e+03,0.000000000000000000e+00
1.414456500000000005e+03,0.000000000000000000e+00
1.414459000000000060e+03,0.000000000000000000e+00
1.414461399999999912e+03,0.000000000000000000e+00
1.414463899999999967e+03,0.000000000000000000e+00
1.414466300000000047e+03,0.000000000000000000e+00
1.414468800000000101e+03,0.000000000000000000e+00
1.414471199999999953e+03,0.000000000000000000e+00
1.414473600000000033e+03,0.000000000000000000e+00
1.414476100000000088e+03,0.000000000000000000e+00
1.414478499999999940e+03,0.000000000000000000e+00
1.414480999999999995e+03,0.000000000000000000e+00
1.414483400000000074e+03,0.000000000000000000e+00
1.414485799999999927e+03,0.000000000000000000e+00
1.414488299999999981e+03,0.000000000000000000e+00
1.414490700000000061e+03,0.000000000000000000e+00
1.414493199999999888e+03,0.000000000000000000e+00
1.414495599999999968e+03,0.000000000000000000e+00
1.414498000000000047e+03,0.000000000000000000e+00
1.414500500000000102e+03,0.000000000000000000e+00
1.414502899999999954e+03,0.000000000000000000e+00
1.414505400000000009e+03,0.000000000000000000e+00
1.414507800000000088e+03,0.000000000000000000e+00
1.414510299999999916e+03,0.000000000000000000e+00
1.414512699999999995e+03,0.000000000000000000e+00
1.414515100000000075e+03,0.000000000000000000e+00
1.414517599999999902e+03,0.000000000000000000e+00
1.414519999999999982e+03,0.000000000000000000e+00
1.414522500000000036e+03,0.000000000000000000e+00
1.414524899999999889e+03,0.000000000000000000e+00
1.414527299999999968e+03,0.000000000000000000e+00
1.414529800000000023e+03,0.000000000000000000e+00
1.414532200000000103e+03,0.000000000000000000e+00
1.414534699999999930e+03,0.000000000000000000e+00
1.414537100000000009e+03,0.000000000000000000e+00
1.414539600000000064e+03,0.000000000000000000e+00
1.414541999999999916e+03,0.000000000000000000e+00
1.414544399999999996e+03,0.000000000000000000e+00
1.414546900000000051e+03,0.000000000000000000e+00
1.414549299999999903e+03,0.000000000000000000e+00
1.414551799999999957e+03,0.000000000000000000e+00
1.414554200000000037e+03,0.000000000000000000e+00
1.414556599999999889e+03,0.000000000000000000e+00
1.414559099999999944e+03,0.000000000000000000e+00
1.414561500000000024e+03,0.000000000000000000e+00
1.414564000000000078e+03,0.000000000000000000e+00
1.414566399999999931e+03,0.000000000000000000e+00
1.414568800000000010e+03,0.000000000000000000e+00
1.414571300000000065e+03,0.000000000000000000e+00
1.414573699999999917e+03,0.000000000000000000e+00
1.414576199999999972e+03,0.000000000000000000e+00
1.414578600000000051e+03,0.000000000000000000e+00
1.414581100000000106e+03,0.000000000000000000e+00
1.414583499999999958e+03,0.000000000000000000e+00
1.414585900000000038e+03,0.000000000000000000e+00
1.414588400000000092e+03,0.000000000000000000e+00
1.414590799999999945e+03,0.000000000000000000e+00
1.414593299999999999e+03,0.000000000000000000e+00
1.414595700000000079e+03,0.000000000000000000e+00
1.414598099999999931e+03,0.000000000000000000e+00
1.414600599999999986e+03,0.000000000000000000e+00
1.414603000000000065e+03,0.000000000000000000e+00
1.414605499999999893e+03,0.000000000000000000e+00
1.414607899999999972e+03,0.000000000000000000e+00
1.414610400000000027e+03,0.000000000000000000e+00
1.414612800000000107e+03,0.000000000000000000e+00
1.414615199999999959e+03,0.000000000000000000e+00
1.414617700000000013e+03,0.000000000000000000e+00
1.414620100000000093e+03,0.000000000000000000e+00
1.414622599999999920e+03,0.000000000000000000e+00
1.414625000000000000e+03,0.000000000000000000e+00
1.414627400000000080e+03,0.000000000000000000e+00
1.414629899999999907e+03,0.000000000000000000e+00
1.414632299999999987e+03,0.000000000000000000e+00
1.414634800000000041e+03,0.000000000000000000e+00
1.414637199999999893e+03,0.000000000000000000e+00
1.414639599999999973e+03,0.000000000000000000e+00
1.414642100000000028e+03,0.000000000000000000e+00
1.414644500000000107e+03,0.000000000000000000e+00
1.414646999999999935e+03,0.000000000000000000e+00
1.414649400000000014e+03,0.000000000000000000e+00
1.414651900000000069e+03,0.000000000000000000e+00
1.414654299999999921e+03,0.000000000000000000e+00
1.414656700000000001e+03,0.000000000000000000e+00
1.414659200000000055e+03,0.000000000000000000e+00
1.414661599999999908e+03,0.000000000000000000e+00
1.414664099999999962e+03,0.000000000000000000e+00
1.414666500000000042e+03,0.000000000000000000e+00
1.414668899999999894e+03,0.000000000000000000e+00
1.414671399999999949e+03,0.000000000000000000e+00
1.414673800000000028e+03,0.000000000000000000e+00
1.414676300000000083e+03,0.000000000000000000e+00
1.414678699999999935e+03,0.000000000000000000e+00
1.414681199999999990e+03,0.000000000000000000e+00
1.414683600000000069e+03,0.000000000000000000e+00
1.414685999999999922e+03,0.000000000000000000e+00
1.414688499999999976e+03,0.000000000000000000e+00
1.414690900000000056e+03,0.000000000000000000e+00
1.414693400000000111e+03,0.000000000000000000e+00
1.414695799999999963e+03,0.000000000000000000e+00
1.414698200000000043e+03,0.000000000000000000e+00
1.414700700000000097e+03,0.000000000000000000e+00
1.414703099999999949e+03,0.000000000000000000e+00
1.414705600000000004e+03,0.000000000000000000e+00
1.414708000000000084e+03,0.000000000000000000e+00
1.414710399999999936e+03,0.000000000000000000e+00
1.414712899999999991e+03,0.000000000000000000e+00
1.414715300000000070e+03,0.000000000000000000e+00
1.414717799999999897e+03,0.000000000000000000e+00
1.414720199999999977e+03,0.000000000000000000e+00
1.414722700000000032e+03,0.000000000000000000e+00
1.414725100000000111e+03,0.000000000000000000e+00
1.414727499999999964e+03,0.000000000000000000e+00
1.414730000000000018e+03,0.000000000000000000e+00
1.414732400000000098e+03,0.000000000000000000e+00
1.414734899999999925e+03,0.000000000000000000e+00
1.414737300000000005e+03,0.000000000000000000e+00
1.414739700000000084e+03,0.000000000000000000e+00
1.414742199999999912e+03,0.000000000000000000e+00
1.414744599999999991e+03,0.000000000000000000e+00
1.414747100000000046e+03,0.000000000000000000e+00
1.414749499999999898e+03,0.000000000000000000e+00
1.414751999999999953e+03,0.000000000000000000e+00
1.414754400000000032e+03,0.000000000000000000e+00
1.414756800000000112e+03,0.000000000000000000e+00
1.414759299999999939e+03,0.000000000000000000e+00
1.414761700000000019e+03,0.000000000000000000e+00
1.414764200000000073e+03,0.000000000000000000e+00
1.414766599999999926e+03,0.000000000000000000e+00
1.414769000000000005e+03,0.000000000000000000e+00
1.414771500000000060e+03,0.000000000000000000e+00
1.414773899999999912e+03,0.000000000000000000e+00
1.414776399999999967e+03,0.000000000000000000e+00
1.414778800000000047e+03,0.000000000000000000e+00
1.414781199999999899e+03,0.000000000000000000e+00
1.414783699999999953e+03,0.000000000000000000e+00
1.414786100000000033e+03,0.000000000000000000e+00
1.414788600000000088e+03,0.000000000000000000e+00
1.414790999999999940e+03,0.000000000000000000e+00
1.414793499999999995e+03,0.000000000000000000e+00
1.414795900000000074e+03,0.000000000000000000e+00
1.414798299999999927e+03,0.000000000000000000e+00
1.414800799999999981e+03,0.000000000000000000e+00
1.414803200000000061e+03,0.000000000000000000e+00
1.414805699999999888e+03,0.000000000000000000e+00
1.414808099999999968e+03,0.000000000000000000e+00
1.414810500000000047e+03,0.000000000000000000e+00
1.414813000000000102e+03,0.000000000000000000e+00
1.414815399999999954e+03,0.000000000000000000e+00
1.414817900000000009e+03,0.000000000000000000e+00
1.414820300000000088e+03,0.000000000000000000e+00
1.414822799999999916e+03,0.000000000000000000e+00
1.414825199999999995e+03,0.000000000000000000e+00
1.414827600000000075e+03,0.000000000000000000e+00
1.414830099999999902e+03,0.000000000000000000e+00
1.414832499999999982e+03,0.000000000000000000e+00
1.414835000000000036e+03,0.000000000000000000e+00
1.414837399999999889e+03,0.000000000000000000e+00
1.414839799999999968e+03,0.000000000000000000e+00
1.414842300000000023e+03,0.000000000000000000e+00
1.414844700000000103e+03,0.000000000000000000e+00
1.414847199999999930e+03,0.000000000000000000e+00
1.414849600000000009e+03,0.000000000000000000e+00
1.414852100000000064e+03,0.000000000000000000e+00
1.414854499999999916e+03,0.000000000000000000e+00
1.414856899999999996e+03,0.000000000000000000e+00
1.414859400000000051e+03,0.000000000000000000e+00
1.414861799999999903e+03,0.000000000000000000e+00
1.414864299999999957e+03,0.000000000000000000e+00
1.414866700000000037e+03,0.000000000000000000e+00
1.414869099999999889e+03,0.000000000000000000e+00
1.414871599999999944e+03,0.000000000000000000e+00
1.414874000000000024e+03,0.000000000000000000e+00
1.414876500000000078e+03,0.000000000000000000e+00
1.414878899999999931e+03,0.000000000000000000e+00
1.414881300000000010e+03,0.000000000000000000e+00
1.414883800000000065e+03,0.000000000000000000e+00
1.414886199999999917e+03,0.000000000000000000e+00
1.414888699999999972e+03,0.000000000000000000e+00
1.414891100000000051e+03,0.000000000000000000e+00
1.414893600000000106e+03,0.000000000000000000e+00
1.414895999999999958e+03,0.000000000000000000e+00
1.414898400000000038e+03,0.000000000000000000e+00
1.414900900000000092e+03,0.000000000000000000e+00
1.414903299999999945e+03,0.000000000000000000e+00
1.414905799999999999e+03,0.000000000000000000e+00
1.414908200000000079e+03,0.000000000000000000e+00
1.414910599999999931e+03,0.000000000000000000e+00
1.414913099999999986e+03,0.000000000000000000e+00
1.414915500000000065e+03,0.000000000000000000e+00
1.414917999999999893e+03,0.000000000000000000e+00
1.414920399999999972e+03,0.000000000000000000e+00
1.414922900000000027e+03,0.000000000000000000e+00
1.414925300000000107e+03,0.000000000000000000e+00
1.414927699999999959e+03,0.000000000000000000e+00
1.414930200000000013e+03,0.000000000000000000e+00
1.414932600000000093e+03,0.000000000000000000e+00
1.414935099999999920e+03,0.000000000000000000e+00
1.414937500000000000e+03,0.000000000000000000e+00
1.414939900000000080e+03,0.000000000000000000e+00
1.414942399999999907e+03,0.000000000000000000e+00
1.414944799999999987e+03,0.000000000000000000e+00
1.414947300000000041e+03,0.000000000000000000e+00
1.414949699999999893e+03,0.000000000000000000e+00
1.414952099999999973e+03,0.000000000000000000e+00
1.414954600000000028e+03,0.000000000000000000e+00
1.414957000000000107e+03,0.000000000000000000e+00
1.414959499999999935e+03,0.000000000000000000e+00
1.414961900000000014e+03,0.000000000000000000e+00
1.414964400000000069e+03,0.000000000000000000e+00
1.414966799999999921e+03,0.000000000000000000e+00
1.414969200000000001e+03,0.000000000000000000e+00
1.414971700000000055e+03,0.000000000000000000e+00
1.414974099999999908e+03,0.000000000000000000e+00
1.414976599999999962e+03,0.000000000000000000e+00
1.414979000000000042e+03,0.000000000000000000e+00
1.414981399999999894e+03,0.000000000000000000e+00
1.414983899999999949e+03,0.000000000000000000e+00
1.414986300000000028e+03,0.000000000000000000e+00
1.414988800000000083e+03,0.000000000000000000e+00
1.414991199999999935e+03,0.000000000000000000e+00
1.414993699999999990e+03,0.000000000000000000e+00
1.414996100000000069e+03,0.000000000000000000e+00
1.414998499999999922e+03,0.000000000000000000e+00
1.415000999999999976e+03,1.878549999999999898e+01
1.415003400000000056e+03,1.868830000000000169e+01
1.415005900000000111e+03,1.836100000000000065e+01
1.415008299999999963e+03,1.799919999999999831e+01
1.415010700000000043e+03,1.773740000000000094e+01
1.415013200000000097e+03,1.760360000000000014e+01
1.415015599999999949e+03,1.759209999999999852e+01
1.415018100000000004e+03,1.769989999999999952e+01
1.415020500000000084e+03,1.788380000000000081e+01
1.415022899999999936e+03,1.804380000000000095e+01
1.415025399999999991e+03,1.808620000000000161e+01
1.415027800000000070e+03,1.798229999999999862e+01
1.415030299999999897e+03,1.776170000000000115e+01
1.415032699999999977e+03,1.748460000000000036e+01
1.415035200000000032e+03,1.722329999999999828e+01
1.415037600000000111e+03,1.703569999999999851e+01
1.415039999999999964e+03,1.695050000000000168e+01
1.415042500000000018e+03,1.697850000000000037e+01
1.415044900000000098e+03,1.710910000000000153e+01
1.415047399999999925e+03,1.728780000000000072e+01
1.415049800000000005e+03,1.742820000000000036e+01
1.415052200000000084e+03,1.747319999999999851e+01
1.415054699999999912e+03,1.743949999999999889e+01
1.415057099999999991e+03,1.739000000000000057e+01
1.415059600000000046e+03,1.736540000000000106e+01
1.415061999999999898e+03,1.734789999999999921e+01
1.415064499999999953e+03,1.729380000000000095e+01
1.415066900000000032e+03,1.719910000000000139e+01
1.415069300000000112e+03,1.711929999999999907e+01
1.415071799999999939e+03,1.711430000000000007e+01
1.415074200000000019e+03,1.718949999999999889e+01
1.415076700000000073e+03,1.729759999999999920e+01
1.415079099999999926e+03,1.738190000000000168e+01
1.415081500000000005e+03,1.740599999999999881e+01
1.415084000000000060e+03,1.736520000000000152e+01
1.415086399999999912e+03,1.728569999999999851e+01
1.415088899999999967e+03,1.720870000000000033e+01
1.415091300000000047e+03,1.716000000000000014e+01
1.415093800000000101e+03,1.713119999999999976e+01
1.415096199999999953e+03,1.708990000000000009e+01
1.415098600000000033e+03,1.701689999999999969e+01
1.415101100000000088e+03,1.693209999999999837e+01
1.415103499999999940e+03,1.687950000000000017e+01
1.415105999999999995e+03,1.688870000000000005e+01
1.415108400000000074e+03,1.695090000000000074e+01
1.415110799999999927e+03,1.702410000000000068e+01
1.415113299999999981e+03,1.706459999999999866e+01
1.415115700000000061e+03,1.707110000000000127e+01
1.415118199999999888e+03,1.709280000000000044e+01
1.415120599999999968e+03,1.717269999999999897e+01
1.415123000000000047e+03,1.729230000000000089e+01
1.415125500000000102e+03,1.739130000000000109e+01
1.415127899999999954e+03,1.743489999999999895e+01
1.415130400000000009e+03,1.743550000000000111e+01
1.415132800000000088e+03,1.741550000000000153e+01
1.415135299999999916e+03,1.737829999999999941e+01
1.415137699999999995e+03,1.732300000000000040e+01
1.415140100000000075e+03,1.727179999999999893e+01
1.415142599999999902e+03,1.726310000000000144e+01
1.415144999999999982e+03,1.731769999999999854e+01
1.415147500000000036e+03,1.741189999999999927e+01
1.415149899999999889e+03,1.749139999999999873e+01
1.415152299999999968e+03,1.751569999999999894e+01
1.415154800000000023e+03,1.748669999999999902e+01
1.415157200000000103e+03,1.743250000000000099e+01
1.415159699999999930e+03,1.738220000000000098e+01
1.415162100000000009e+03,1.736970000000000169e+01
1.415164600000000064e+03,1.743400000000000105e+01
1.415166999999999916e+03,1.758470000000000155e+01
1.415169399999999996e+03,1.777899999999999991e+01
1.415171900000000051e+03,1.795489999999999853e+01
1.415174299999999903e+03,1.807560000000000144e+01
1.415176799999999957e+03,1.812869999999999848e+01
1.415179200000000037e+03,1.810190000000000055e+01
1.415181599999999889e+03,1.798949999999999960e+01
1.415184099999999944e+03,1.781709999999999994e+01
1.415186500000000024e+03,1.763109999999999999e+01
1.415189000000000078e+03,1.745749999999999957e+01
1.415191399999999931e+03,1.728920000000000101e+01
1.415193800000000010e+03,1.712419999999999831e+01
1.415196300000000065e+03,1.699790000000000134e+01
1.415198699999999917e+03,1.695880000000000010e+01
1.415201199999999972e+03,1.701539999999999964e+01
1.415203600000000051e+03,1.712369999999999948e+01
1.415206100000000106e+03,1.722710000000000008e+01
1.415208499999999958e+03,1.729939999999999856e+01
1.415210900000000038e+03,1.734499999999999886e+01
1.415213400000000092e+03,1.736629999999999896e+01
1.415215799999999945e+03,1.734829999999999828e+01
1.415218299999999999e+03,1.728300000000000125e+01
1.415220700000000079e+03,1.719279999999999831e+01
1.415223099999999931e+03,1.711619999999999919e+01
1.415225599999999986e+03,1.708149999999999835e+01
1.415228000000000065e+03,1.709639999999999915e+01
1.415230499999999893e+03,1.715060000000000073e+01
1.415232899999999972e+03,1.721880000000000166e+01
1.415235400000000027e+03,1.727039999999999864e+01
1.415237800000000107e+03,1.728470000000000084e+01
1.415240199999999959e+03,1.726160000000000139e+01
1.415242700000000013e+03,1.722159999999999869e+01
1.415245100000000093e+03,1.719440000000000168e+01
1.415247599999999920e+03,1.720289999999999964e+01
1.415250000000000000e+03,1.725019999999999953e+01
1.415252400000000080e+03,1.731340000000000146e+01
1.415254899999999907e+03,1.734669999999999845e+01
1.415257299999999987e+03,1.729990000000000094e+01
1.415259800000000041e+03,1.715060000000000073e+01
1.415262199999999893e+03,1.692980000000000018e+01
1.415264599999999973e+03,1.671330000000000027e+01
1.415267100000000028e+03,1.657550000000000168e+01
1.415269500000000107e+03,1.654469999999999885e+01
1.415271999999999935e+03,1.660689999999999955e+01
1.415274400000000014e+03,1.674170000000000158e+01
1.415276900000000069e+03,1.693349999999999866e+01
1.415279299999999921e+03,1.714829999999999899e+01
1.415281700000000001e+03,1.732720000000000127e+01
1.415284200000000055e+03,1.741440000000000055e+01
1.415286599999999908e+03,1.738970000000000127e+01
1.415289099999999962e+03,1.727980000000000160e+01
1.415291500000000042e+03,1.715299999999999869e+01
1.415293899999999894e+03,1.709659999999999869e+01
1.415296399999999949e+03,1.716890000000000072e+01
1.415298800000000028e+03,1.734309999999999974e+01
1.415301300000000083e+03,1.750240000000000151e+01
1.415303699999999935e+03,1.752029999999999887e+01
1.415306199999999990e+03,1.736169999999999902e+01
1.415308600000000069e+03,1.710419999999999874e+01
1.415310999999999922e+03,1.687049999999999983e+01
1.415313499999999976e+03,1.674500000000000099e+01
1.415315900000000056e+03,1.673689999999999856e+01
1.415318400000000111e+03,1.679949999999999832e+01
1.415320799999999963e+03,1.687780000000000058e+01
1.415323200000000043e+03,1.694689999999999941e+01
1.415325700000000097e+03,1.700700000000000145e+01
1.415328099999999949e+03,1.704589999999999961e+01
1.415330600000000004e+03,1.703419999999999845e+01
1.415333000000000084e+03,1.697159999999999869e+01
1.415335399999999936e+03,1.690960000000000107e+01
1.415337899999999991e+03,1.690090000000000003e+01
1.415340300000000070e+03,1.693769999999999953e+01
1.415342799999999897e+03,1.696160000000000068e+01
1.415345199999999977e+03,1.693430000000000035e+01
1.415347700000000032e+03,1.687890000000000157e+01
1.415350100000000111e+03,1.684359999999999857e+01
1.415352499999999964e+03,1.684639999999999915e+01
1.415355000000000018e+03,1.687580000000000169e+01
1.415357400000000098e+03,1.693080000000000140e+01
1.415359899999999925e+03,1.702890000000000015e+01
1.415362300000000005e+03,1.717320000000000135e+01
1.415364700000000084e+03,1.732580000000000098e+01
1.415367199999999912e+03,1.742360000000000042e+01
1.415369599999999991e+03,1.742409999999999926e+01
1.415372100000000046e+03,1.734219999999999828e+01
1.415374499999999898e+03,1.724149999999999849e+01
1.415376999999999953e+03,1.718789999999999907e+01
1.415379400000000032e+03,1.721199999999999974e+01
1.415381800000000112e+03,1.730359999999999943e+01
1.415384299999999939e+03,1.742830000000000013e+01
1.415386700000000019e+03,1.755120000000000147e+01
1.415389200000000073e+03,1.765299999999999869e+01
1.415391599999999926e+03,1.772119999999999962e+01
1.415394000000000005e+03,1.773229999999999862e+01
1.415396500000000060e+03,1.765930000000000177e+01
1.415398899999999912e+03,1.750860000000000127e+01
1.415401399999999967e+03,1.733930000000000149e+01
1.415403800000000047e+03,1.722429999999999950e+01
1.415406199999999899e+03,1.718479999999999919e+01
1.415408699999999953e+03,1.717460000000000164e+01
1.415411100000000033e+03,1.713439999999999941e+01
1.415413600000000088e+03,1.704939999999999856e+01
1.415415999999999940e+03,1.695619999999999905e+01
1.415418499999999995e+03,1.691390000000000171e+01
1.415420900000000074e+03,1.696649999999999991e+01
1.415423299999999927e+03,1.710889999999999844e+01
1.415425799999999981e+03,1.728000000000000114e+01
1.415428200000000061e+03,1.739890000000000114e+01
1.415430699999999888e+03,1.742119999999999891e+01
1.415433099999999968e+03,1.736129999999999995e+01
1.415435500000000047e+03,1.725850000000000151e+01
1.415438000000000102e+03,1.713159999999999883e+01
1.415440399999999954e+03,1.698029999999999973e+01
1.415442900000000009e+03,1.682349999999999923e+01
1.415445300000000088e+03,1.670700000000000074e+01
1.415447799999999916e+03,1.666310000000000002e+01
1.415450199999999995e+03,1.668090000000000117e+01
1.415452600000000075e+03,1.672569999999999979e+01
1.415455099999999902e+03,1.677250000000000085e+01
1.415457499999999982e+03,1.681569999999999965e+01
1.415460000000000036e+03,1.686009999999999920e+01
1.415462399999999889e+03,1.691669999999999874e+01
1.415464799999999968e+03,1.699449999999999861e+01
1.415467300000000023e+03,1.708310000000000173e+01
1.415469700000000103e+03,1.714870000000000161e+01
1.415472199999999930e+03,1.715919999999999845e+01
1.415474600000000009e+03,1.711479999999999890e+01
1.415477100000000064e+03,1.704980000000000118e+01
1.415479499999999916e+03,1.700509999999999877e+01
1.415481899999999996e+03,1.699269999999999925e+01
1.415484400000000051e+03,1.698760000000000048e+01
1.415486799999999903e+03,1.696480000000000032e+01
1.415489299999999957e+03,1.694300000000000139e+01
1.415491700000000037e+03,1.696799999999999997e+01
1.415494099999999889e+03,1.704670000000000130e+01
1.415496599999999944e+03,1.712290000000000134e+01
1.415499000000000024e+03,1.713429999999999964e+01
1.415501500000000078e+03,1.707700000000000173e+01
1.415503899999999931e+03,1.699470000000000169e+01
1.415506300000000010e+03,1.691920000000000002e+01
1.415508800000000065e+03,1.684939999999999927e+01
1.415511199999999917e+03,1.678310000000000102e+01
1.415513699999999972e+03,1.673699999999999832e+01
1.415516100000000051e+03,1.673479999999999990e+01
1.415518600000000106e+03,1.679159999999999897e+01
1.415520999999999958e+03,1.690319999999999823e+01
1.415523400000000038e+03,1.703819999999999979e+01
1.415525900000000092e+03,1.715279999999999916e+01
1.415528299999999945e+03,1.722909999999999897e+01
1.415530799999999999e+03,1.729169999999999874e+01
1.415533200000000079e+03,1.737409999999999854e+01
1.415535599999999931e+03,1.747540000000000049e+01
1.415538099999999986e+03,1.755780000000000030e+01
1.415540500000000065e+03,1.758399999999999963e+01
1.415542999999999893e+03,1.754810000000000159e+01
1.415545399999999972e+03,1.746770000000000067e+01
1.415547900000000027e+03,1.736090000000000089e+01
1.415550300000000107e+03,1.724360000000000070e+01
1.415552699999999959e+03,1.714059999999999917e+01
1.415555200000000013e+03,1.707939999999999969e+01
1.415557600000000093e+03,1.706919999999999860e+01
1.415560099999999920e+03,1.709720000000000084e+01
1.415562500000000000e+03,1.714039999999999964e+01
1.415564900000000080e+03,1.717530000000000001e+01
1.415567399999999907e+03,1.718149999999999977e+01
1.415569799999999987e+03,1.714600000000000080e+01
1.415572300000000041e+03,1.706810000000000116e+01
1.415574699999999893e+03,1.696940000000000026e+01
1.415577099999999973e+03,1.690370000000000061e+01
1.415579600000000028e+03,1.694359999999999999e+01
1.415582000000000107e+03,1.713729999999999976e+01
1.415584499999999935e+03,1.746030000000000015e+01
1.415586900000000014e+03,1.780940000000000012e+01
1.415589400000000069e+03,1.805110000000000170e+01
1.415591799999999921e+03,1.809659999999999869e+01
1.415594200000000001e+03,1.795909999999999940e+01
1.415596700000000055e+03,1.775039999999999907e+01
1.415599099999999908e+03,1.760439999999999827e+01
1.415601599999999962e+03,1.757829999999999870e+01
1.415604000000000042e+03,1.761189999999999856e+01
1.415606399999999894e+03,1.758429999999999893e+01
1.415608899999999949e+03,1.742239999999999966e+01
1.415611300000000028e+03,1.716319999999999979e+01
1.415613800000000083e+03,1.691110000000000113e+01
1.415616199999999935e+03,1.674620000000000175e+01
1.415618699999999990e+03,1.667849999999999966e+01
1.415621100000000069e+03,1.667360000000000042e+01
1.415623499999999922e+03,1.669620000000000104e+01
1.415625999999999976e+03,1.672939999999999827e+01
1.415628400000000056e+03,1.676999999999999957e+01
1.415630900000000111e+03,1.681210000000000093e+01
1.415633299999999963e+03,1.683680000000000021e+01
1.415635700000000043e+03,1.682900000000000063e+01
1.415638200000000097e+03,1.680760000000000076e+01
1.415640599999999949e+03,1.681520000000000081e+01
1.415643100000000004e+03,1.686289999999999978e+01
1.415645500000000084e+03,1.690769999999999840e+01
1.415647899999999936e+03,1.690319999999999823e+01
1.415650399999999991e+03,1.685699999999999932e+01
1.415652800000000070e+03,1.682590000000000074e+01
1.415655299999999897e+03,1.685970000000000013e+01
1.415657699999999977e+03,1.695400000000000063e+01
1.415660200000000032e+03,1.705379999999999896e+01
1.415662600000000111e+03,1.710350000000000037e+01
1.415664999999999964e+03,1.709120000000000061e+01
1.415667500000000018e+03,1.705079999999999885e+01
1.415669900000000098e+03,1.703610000000000113e+01
1.415672399999999925e+03,1.708289999999999864e+01
1.415674800000000005e+03,1.717249999999999943e+01
1.415677200000000084e+03,1.723809999999999931e+01
1.415679699999999912e+03,1.723079999999999856e+01
1.415682099999999991e+03,1.716850000000000165e+01
1.415684600000000046e+03,1.710630000000000095e+01
1.415686999999999898e+03,1.707479999999999976e+01
1.415689499999999953e+03,1.706390000000000029e+01
1.415691900000000032e+03,1.704960000000000164e+01
1.415694300000000112e+03,1.701869999999999905e+01
1.415696799999999939e+03,1.697230000000000061e+01
1.415699200000000019e+03,1.692610000000000170e+01
1.415701700000000073e+03,1.691000000000000014e+01
1.415704099999999926e+03,1.694849999999999923e+01
1.415706500000000005e+03,1.703790000000000049e+01
1.415709000000000060e+03,1.715850000000000009e+01
1.415711399999999912e+03,1.730180000000000007e+01
1.415713899999999967e+03,1.746440000000000126e+01
1.415716300000000047e+03,1.761860000000000070e+01
1.415718800000000101e+03,1.771079999999999899e+01
1.415721199999999953e+03,1.769869999999999877e+01
1.415723600000000033e+03,1.758719999999999928e+01
1.415726100000000088e+03,1.742999999999999972e+01
1.415728499999999940e+03,1.728940000000000055e+01
1.415730999999999995e+03,1.719219999999999970e+01
1.415733400000000074e+03,1.712839999999999918e+01
1.415735799999999927e+03,1.708119999999999905e+01
1.415738299999999981e+03,1.703960000000000008e+01
1.415740700000000061e+03,1.699680000000000035e+01
1.415743199999999888e+03,1.695499999999999829e+01
1.415745599999999968e+03,1.692739999999999867e+01
1.415748000000000047e+03,1.692449999999999832e+01
1.415750500000000102e+03,1.695390000000000086e+01
1.415752899999999954e+03,1.703089999999999904e+01
1.415755400000000009e+03,1.716519999999999868e+01
1.415757800000000088e+03,1.732479999999999976e+01
1.415760299999999916e+03,1.743690000000000140e+01
1.415762699999999995e+03,1.744750000000000156e+01
1.415765100000000075e+03,1.737790000000000035e+01
1.415767599999999902e+03,1.730480000000000018e+01
1.415769999999999982e+03,1.728399999999999892e+01
1.415772500000000036e+03,1.730420000000000158e+01
1.415774899999999889e+03,1.732199999999999918e+01
1.415777299999999968e+03,1.732389999999999830e+01
1.415779800000000023e+03,1.734349999999999881e+01
1.415782200000000103e+03,1.743019999999999925e+01
1.415784699999999930e+03,1.760719999999999885e+01
1.415787100000000009e+03,1.785030000000000072e+01
1.415789600000000064e+03,1.809380000000000166e+01
1.415791999999999916e+03,1.826470000000000127e+01
1.415794399999999996e+03,1.831409999999999982e+01
1.415796900000000051e+03,1.822409999999999997e+01
1.415799299999999903e+03,1.800850000000000151e+01
1.415801799999999957e+03,1.771999999999999886e+01
1.415804200000000037e+03,1.744000000000000128e+01
1.415806599999999889e+03,1.723829999999999885e+01
1.415809099999999944e+03,1.714020000000000010e+01
1.415811500000000024e+03,1.713500000000000156e+01
1.415814000000000078e+03,1.720189999999999841e+01
1.415816399999999931e+03,1.731830000000000069e+01
1.415818800000000010e+03,1.745360000000000156e+01
1.415821300000000065e+03,1.757000000000000028e+01
1.415823699999999917e+03,1.763360000000000127e+01
1.415826199999999972e+03,1.762740000000000151e+01
1.415828600000000051e+03,1.756149999999999878e+01
1.415831100000000106e+03,1.746669999999999945e+01
1.415833499999999958e+03,1.736929999999999907e+01
1.415835900000000038e+03,1.727309999999999945e+01
1.415838400000000092e+03,1.717650000000000077e+01
1.415840799999999945e+03,1.710030000000000072e+01
1.415843299999999999e+03,1.707550000000000168e+01
1.415845700000000079e+03,1.710000000000000142e+01
1.415848099999999931e+03,1.712839999999999918e+01
1.415850599999999986e+03,1.711420000000000030e+01
1.415853000000000065e+03,1.705339999999999989e+01
1.415855499999999893e+03,1.698689999999999856e+01
1.415857899999999972e+03,1.696369999999999933e+01
1.415860400000000027e+03,1.699449999999999861e+01
1.415862800000000107e+03,1.703920000000000101e+01
1.415865199999999959e+03,1.704919999999999902e+01
1.415867700000000013e+03,1.701970000000000027e+01
1.415870100000000093e+03,1.698209999999999908e+01
1.415872599999999920e+03,1.696030000000000015e+01
1.415875000000000000e+03,1.696069999999999922e+01
1.415877400000000080e+03,1.699330000000000140e+01
1.415879899999999907e+03,1.706859999999999999e+01
1.415882299999999987e+03,1.716610000000000014e+01
1.415884800000000041e+03,1.724180000000000135e+01
1.415887199999999893e+03,1.727850000000000108e+01
1.415889599999999973e+03,1.731409999999999982e+01
1.415892100000000028e+03,1.740980000000000061e+01
1.415894500000000107e+03,1.760409999999999897e+01
1.415896999999999935e+03,1.789730000000000132e+01
1.415899400000000014e+03,1.824200000000000088e+01
1.415901900000000069e+03,1.853000000000000114e+01
1.415904299999999921e+03,1.862900000000000134e+01
1.415906700000000001e+03,1.847800000000000153e+01
1.415909200000000055e+03,1.813520000000000110e+01
1.415911599999999908e+03,1.771689999999999898e+01
1.415914099999999962e+03,1.731629999999999825e+01
1.415916500000000042e+03,1.698580000000000112e+01
1.415918899999999894e+03,1.674970000000000070e+01
1.415921399999999949e+03,1.660219999999999985e+01
1.415923800000000028e+03,1.650730000000000075e+01
1.415926300000000083e+03,1.642180000000000106e+01
1.415928699999999935e+03,1.632290000000000063e+01
1.415931199999999990e+03,1.621950000000000003e+01
1.415933600000000069e+03,1.614020000000000010e+01
1.415935999999999922e+03,1.610170000000000101e+01
1.415938499999999976e+03,1.608279999999999887e+01
1.415940900000000056e+03,1.604220000000000113e+01
1.415943400000000111e+03,1.597139999999999915e+01
1.415945799999999963e+03,1.591849999999999987e+01
1.415948200000000043e+03,1.594459999999999944e+01
1.415950700000000097e+03,1.606480000000000175e+01
1.415953099999999949e+03,1.624070000000000036e+01
1.415955600000000004e+03,1.641079999999999828e+01
1.415958000000000084e+03,1.651679999999999993e+01
1.415960399999999936e+03,1.651490000000000080e+01
1.415962899999999991e+03,1.639229999999999876e+01
1.415965300000000070e+03,1.619069999999999965e+01
1.415967799999999897e+03,1.601129999999999853e+01
1.415970199999999977e+03,1.597419999999999973e+01
1.415972700000000032e+03,1.615650000000000119e+01
1.415975100000000111e+03,1.655150000000000077e+01
1.415977499999999964e+03,1.704949999999999832e+01
1.415980000000000018e+03,1.743990000000000151e+01
1.415982400000000098e+03,1.749699999999999989e+01
1.415984899999999925e+03,1.716039999999999921e+01
1.415987300000000005e+03,1.664059999999999917e+01
1.415989700000000084e+03,1.630709999999999837e+01
1.415992199999999912e+03,1.643769999999999953e+01
1.415994599999999991e+03,1.701729999999999876e+01
1.415997100000000046e+03,1.772019999999999840e+01
1.415999499999999898e+03,1.813119999999999976e+01
1.416001999999999953e+03,1.806490000000000151e+01
1.416004400000000032e+03,1.767510000000000048e+01
1.416006800000000112e+03,1.725219999999999843e+01
1.416009299999999939e+03,1.696979999999999933e+01
1.416011700000000019e+03,1.683780000000000143e+01
1.416014200000000073e+03,1.681099999999999994e+01
1.416016599999999926e+03,1.687359999999999971e+01
1.416019000000000005e+03,1.702700000000000102e+01
1.416021500000000060e+03,1.723860000000000170e+01
1.416023899999999912e+03,1.743270000000000053e+01
1.416026399999999967e+03,1.754169999999999874e+01
1.416028800000000047e+03,1.755849999999999866e+01
1.416031199999999899e+03,1.753460000000000107e+01
1.416033699999999953e+03,1.753740000000000165e+01
1.416036100000000033e+03,1.760829999999999984e+01
1.416038600000000088e+03,1.774439999999999884e+01
1.416040999999999940e+03,1.791100000000000136e+01
1.416043499999999995e+03,1.808510000000000062e+01
1.416045900000000074e+03,1.827710000000000079e+01
1.416048299999999927e+03,1.849549999999999983e+01
1.416050799999999981e+03,1.870319999999999894e+01
1.416053200000000061e+03,1.882689999999999841e+01
1.416055699999999888e+03,1.881480000000000175e+01
1.416058099999999968e+03,1.868430000000000035e+01
1.416060500000000047e+03,1.851999999999999957e+01
1.416063000000000102e+03,1.841850000000000165e+01
1.416065399999999954e+03,1.842180000000000106e+01
1.416067900000000009e+03,1.849670000000000059e+01
1.416070300000000088e+03,1.857949999999999946e+01
1.416072799999999916e+03,1.863459999999999894e+01
1.416075199999999995e+03,1.867790000000000106e+01
1.416077600000000075e+03,1.875649999999999906e+01
1.416080099999999902e+03,1.890800000000000125e+01
1.416082499999999982e+03,1.912549999999999883e+01
1.416085000000000036e+03,1.935689999999999955e+01
1.416087399999999889e+03,1.954139999999999944e+01
1.416089799999999968e+03,1.964829999999999899e+01
1.416092300000000023e+03,1.969020000000000081e+01
1.416094700000000103e+03,1.970789999999999864e+01
1.416097199999999930e+03,1.974020000000000152e+01
1.416099600000000009e+03,1.980110000000000170e+01
1.416102100000000064e+03,1.989110000000000156e+01
1.416104499999999916e+03,2.002779999999999916e+01
1.416106899999999996e+03,2.026350000000000051e+01
1.416109400000000051e+03,2.067709999999999937e+01
1.416111799999999903e+03,2.135399999999999920e+01
1.416114299999999957e+03,2.234299999999999997e+01
1.416116700000000037e+03,2.357489999999999952e+01
1.416119099999999889e+03,2.477870000000000061e+01
1.416121599999999944e+03,2.552680000000000149e+01
1.416124000000000024e+03,2.548209999999999908e+01
1.416126500000000078e+03,2.466959999999999908e+01
1.416128899999999931e+03,2.348140000000000072e+01
1.416131300000000010e+03,2.239600000000000080e+01
1.416133800000000065e+03,2.168560000000000088e+01
1.416136199999999917e+03,2.133650000000000091e+01
1.416138699999999972e+03,2.117190000000000083e+01
1.416141100000000051e+03,2.102779999999999916e+01
1.416143600000000106e+03,2.084169999999999945e+01
1.416145999999999958e+03,2.062920000000000087e+01
1.416148400000000038e+03,2.042239999999999966e+01
1.416150900000000092e+03,2.024210000000000065e+01
1.416153299999999945e+03,2.010040000000000049e+01
1.416155799999999999e+03,2.000159999999999982e+01
1.416158200000000079e+03,1.992539999999999978e+01
1.416160599999999931e+03,1.982069999999999865e+01
1.416163099999999986e+03,1.964499999999999957e+01
1.416165500000000065e+03,1.941529999999999845e+01
1.416167999999999893e+03,1.920329999999999870e+01
1.416170399999999972e+03,1.907720000000000127e+01
1.416172900000000027e+03,1.905460000000000065e+01
1.416175300000000107e+03,1.910660000000000025e+01
1.416177699999999959e+03,1.918880000000000052e+01
1.416180200000000013e+03,1.925890000000000057e+01
1.416182600000000093e+03,1.928049999999999997e+01
1.416185099999999920e+03,1.924089999999999989e+01
1.416187500000000000e+03,1.916989999999999839e+01
1.416189900000000080e+03,1.912040000000000006e+01
1.416192399999999907e+03,1.912730000000000175e+01
1.416194799999999987e+03,1.919819999999999993e+01
1.416197300000000041e+03,1.931970000000000098e+01
1.416199699999999893e+03,1.944699999999999918e+01
1.416202099999999973e+03,1.950420000000000087e+01
1.416204600000000028e+03,1.943410000000000082e+01
1.416207000000000107e+03,1.925639999999999930e+01
1.416209499999999935e+03,1.906040000000000134e+01
1.416211900000000014e+03,1.893870000000000076e+01
1.416214400000000069e+03,1.893519999999999825e+01
1.416216799999999921e+03,1.904220000000000113e+01
1.416219200000000001e+03,1.920449999999999946e+01
1.416221700000000055e+03,1.932150000000000034e+01
1.416224099999999908e+03,1.929390000000000072e+01
1.416226599999999962e+03,1.910429999999999851e+01
1.416229000000000042e+03,1.883970000000000056e+01
1.416231399999999894e+03,1.861749999999999972e+01
1.416233899999999949e+03,1.849520000000000053e+01
1.416236300000000028e+03,1.845439999999999969e+01
1.416238800000000083e+03,1.845039999999999836e+01
1.416241199999999935e+03,1.845420000000000016e+01
1.416243699999999990e+03,1.845250000000000057e+01
1.416246100000000069e+03,1.843070000000000164e+01
1.416248499999999922e+03,1.837730000000000175e+01
1.416250999999999976e+03,1.830480000000000018e+01
1.416253400000000056e+03,1.824599999999999866e+01
1.416255900000000111e+03,1.822329999999999828e+01
1.416258299999999963e+03,1.822719999999999985e+01
1.416260700000000043e+03,1.822019999999999840e+01
1.416263200000000097e+03,1.815960000000000107e+01
1.416265599999999949e+03,1.802969999999999828e+01
1.416268100000000004e+03,1.785620000000000118e+01
1.416270500000000084e+03,1.769180000000000064e+01
1.416272899999999936e+03,1.758739999999999881e+01
1.416275399999999991e+03,1.756220000000000070e+01
1.416277800000000070e+03,1.758790000000000120e+01
1.416280299999999897e+03,1.761349999999999838e+01
1.416282699999999977e+03,1.761799999999999855e+01
1.416285200000000032e+03,1.762239999999999895e+01
1.416287600000000111e+03,1.765139999999999887e+01
1.416289999999999964e+03,1.770189999999999841e+01
1.416292500000000018e+03,1.775329999999999941e+01
1.416294900000000098e+03,1.779299999999999926e+01
1.416297399999999925e+03,1.783010000000000161e+01
1.416299800000000005e+03,1.788850000000000051e+01
1.416302200000000084e+03,1.798120000000000118e+01
1.416304699999999912e+03,1.808960000000000079e+01
1.416307099999999991e+03,1.817920000000000158e+01
1.416309600000000046e+03,1.823359999999999914e+01
1.416311999999999898e+03,1.825949999999999918e+01
1.416314499999999953e+03,1.826780000000000115e+01
1.416316900000000032e+03,1.826360000000000028e+01
1.416319300000000112e+03,1.825090000000000146e+01
1.416321799999999939e+03,1.823720000000000141e+01
1.416324200000000019e+03,1.823320000000000007e+01
1.416326700000000073e+03,1.824200000000000088e+01
1.416329099999999926e+03,1.824759999999999849e+01
1.416331500000000005e+03,1.822009999999999863e+01
1.416334000000000060e+03,1.814049999999999940e+01
1.416336399999999912e+03,1.802370000000000161e+01
1.416338899999999967e+03,1.791310000000000002e+01
1.416341300000000047e+03,1.784349999999999881e+01
1.416343800000000101e+03,1.780349999999999966e+01
1.416346199999999953e+03,1.774060000000000059e+01
1.416348600000000033e+03,1.761510000000000176e+01
1.416351100000000088e+03,1.744920000000000115e+01
1.416353499999999940e+03,1.731449999999999889e+01
1.416355999999999995e+03,1.726670000000000016e+01
1.416358400000000074e+03,1.729919999999999902e+01
1.416360799999999927e+03,1.736730000000000018e+01
1.416363299999999981e+03,1.743969999999999843e+01
1.416365700000000061e+03,1.750979999999999848e+01
1.416368199999999888e+03,1.757189999999999941e+01
1.416370599999999968e+03,1.761329999999999885e+01
1.416373000000000047e+03,1.762989999999999924e+01
1.416375500000000102e+03,1.763119999999999976e+01
1.416377899999999954e+03,1.762950000000000017e+01
1.416380400000000009e+03,1.763449999999999918e+01
1.416382800000000088e+03,1.765540000000000020e+01
1.416385299999999916e+03,1.769819999999999993e+01
1.416387699999999995e+03,1.775700000000000145e+01
1.416390100000000075e+03,1.781289999999999907e+01
1.416392599999999902e+03,1.784609999999999985e+01
1.416394999999999982e+03,1.784979999999999833e+01
1.416397500000000036e+03,1.783699999999999974e+01
1.416399899999999889e+03,1.783289999999999864e+01
1.416402299999999968e+03,1.785129999999999839e+01
1.416404800000000023e+03,1.787389999999999901e+01
1.416407200000000103e+03,1.785739999999999839e+01
1.416409699999999930e+03,1.776829999999999998e+01
1.416412100000000009e+03,1.760999999999999943e+01
1.416414600000000064e+03,1.742229999999999990e+01
1.416416999999999916e+03,1.726279999999999859e+01
1.416419399999999996e+03,1.717689999999999984e+01
1.416421900000000051e+03,1.716829999999999856e+01
1.416424299999999903e+03,1.719600000000000151e+01
1.416426799999999957e+03,1.720380000000000109e+01
1.416429200000000037e+03,1.715899999999999892e+01
1.416431599999999889e+03,1.707079999999999842e+01
1.416434099999999944e+03,1.697840000000000060e+01
1.416436500000000024e+03,1.692330000000000112e+01
1.416439000000000078e+03,1.693009999999999948e+01
1.416441399999999931e+03,1.700000000000000000e+01
1.416443800000000010e+03,1.710849999999999937e+01
1.416446300000000065e+03,1.721270000000000167e+01
1.416448699999999917e+03,1.728000000000000114e+01
1.416451199999999972e+03,1.731490000000000151e+01
1.416453600000000051e+03,1.734009999999999962e+01
1.416456100000000106e+03,1.734499999999999886e+01
1.416458499999999958e+03,1.727179999999999893e+01
1.416460900000000038e+03,1.708099999999999952e+01
1.416463400000000092e+03,1.682590000000000074e+01
1.416465799999999945e+03,1.663370000000000104e+01
1.416468299999999999e+03,1.660210000000000008e+01
1.416470700000000079e+03,1.672329999999999828e+01
1.416473099999999931e+03,1.691049999999999898e+01
1.416475599999999986e+03,1.707849999999999824e+01
1.416478000000000065e+03,1.719279999999999831e+01
1.416480499999999893e+03,1.726539999999999964e+01
1.416482899999999972e+03,1.732529999999999859e+01
1.416485400000000027e+03,1.739120000000000132e+01
1.416487800000000107e+03,1.745959999999999823e+01
1.416490199999999959e+03,1.751520000000000010e+01
1.416492700000000013e+03,1.755720000000000169e+01
1.416495100000000093e+03,1.761570000000000036e+01
1.416497599999999920e+03,1.773160000000000025e+01
1.416500000000000000e+03,1.791760000000000019e+01
1.416502400000000080e+03,1.814539999999999864e+01
1.416504899999999907e+03,1.836560000000000059e+01
1.416507299999999987e+03,1.853150000000000119e+01
1.416509800000000041e+03,1.860510000000000019e+01
1.416512199999999893e+03,1.855470000000000041e+01
1.416514599999999973e+03,1.836280000000000001e+01
1.416517100000000028e+03,1.804370000000000118e+01
1.416519500000000107e+03,1.765040000000000120e+01
1.416521999999999935e+03,1.725870000000000104e+01
1.416524400000000014e+03,1.694819999999999993e+01
1.416526900000000069e+03,1.678239999999999910e+01
1.416529299999999921e+03,1.678259999999999863e+01
1.416531700000000001e+03,1.690729999999999933e+01
1.416534200000000055e+03,1.707090000000000174e+01
1.416536599999999908e+03,1.719069999999999965e+01
1.416539099999999962e+03,1.722599999999999909e+01
1.416541500000000042e+03,1.718370000000000175e+01
1.416543899999999894e+03,1.709969999999999857e+01
1.416546399999999949e+03,1.701650000000000063e+01
1.416548800000000028e+03,1.696640000000000015e+01
1.416551300000000083e+03,1.695820000000000149e+01
1.416553699999999935e+03,1.697340000000000160e+01
1.416556199999999990e+03,1.698209999999999908e+01
1.416558600000000069e+03,1.696689999999999898e+01
1.416560999999999922e+03,1.693430000000000035e+01
1.416563499999999976e+03,1.691189999999999927e+01
1.416565900000000056e+03,1.693609999999999971e+01
1.416568400000000111e+03,1.702789999999999893e+01
1.416570799999999963e+03,1.717549999999999955e+01
1.416573200000000043e+03,1.734600000000000009e+01
1.416575700000000097e+03,1.751579999999999870e+01
1.416578099999999949e+03,1.768449999999999989e+01
1.416580600000000004e+03,1.785150000000000148e+01
1.416583000000000084e+03,1.798539999999999850e+01
1.416585399999999936e+03,1.802929999999999922e+01
1.416587899999999991e+03,1.794529999999999959e+01
1.416590300000000070e+03,1.774950000000000117e+01
1.416592799999999897e+03,1.750029999999999930e+01
1.416595199999999977e+03,1.726800000000000068e+01
1.416597700000000032e+03,1.711850000000000094e+01
1.416600100000000111e+03,1.709730000000000061e+01
1.416602499999999964e+03,1.719500000000000028e+01
1.416605000000000018e+03,1.733709999999999951e+01
1.416607400000000098e+03,1.743110000000000070e+01
1.416609899999999925e+03,1.742599999999999838e+01
1.416612300000000005e+03,1.732789999999999964e+01
1.416614700000000084e+03,1.718209999999999837e+01
1.416617199999999912e+03,1.705339999999999989e+01
1.416619599999999991e+03,1.700059999999999860e+01
1.416622100000000046e+03,1.704599999999999937e+01
1.416624499999999898e+03,1.716140000000000043e+01
1.416626999999999953e+03,1.727969999999999828e+01
1.416629400000000032e+03,1.733119999999999905e+01
1.416631800000000112e+03,1.728950000000000031e+01
1.416634299999999939e+03,1.718319999999999936e+01
1.416636700000000019e+03,1.705339999999999989e+01
1.416639200000000073e+03,1.690869999999999962e+01
1.416641599999999926e+03,1.673649999999999949e+01
1.416644000000000005e+03,1.654729999999999990e+01
1.416646500000000060e+03,1.638459999999999894e+01
1.416648899999999912e+03,1.628719999999999857e+01
1.416651399999999967e+03,1.625209999999999866e+01
1.416653800000000047e+03,1.623420000000000130e+01
1.416656199999999899e+03,1.617989999999999995e+01
1.416658699999999953e+03,1.606330000000000169e+01
1.416661100000000033e+03,1.590150000000000041e+01
1.416663600000000088e+03,1.573429999999999929e+01
1.416665999999999940e+03,1.558189999999999920e+01
1.416668499999999995e+03,1.542300000000000004e+01
1.416670900000000074e+03,1.522630000000000017e+01
1.416673299999999927e+03,1.500399999999999956e+01
1.416675799999999981e+03,1.481300000000000061e+01
1.416678200000000061e+03,1.469280000000000008e+01
1.416680699999999888e+03,1.461960000000000015e+01
1.416683099999999968e+03,1.454039999999999999e+01
1.416685500000000047e+03,1.445459999999999923e+01
1.416688000000000102e+03,1.446289999999999942e+01
1.416690399999999954e+03,1.475109999999999921e+01
1.416692900000000009e+03,1.549130000000000074e+01
1.416695300000000088e+03,1.663860000000000028e+01
1.416697799999999916e+03,1.776520000000000010e+01
1.416700199999999995e+03,1.824889999999999901e+01
1.416702600000000075e+03,1.781080000000000041e+01
1.416705099999999902e+03,1.680089999999999861e+01
1.416707499999999982e+03,1.583600000000000030e+01
1.416710000000000036e+03,1.525179999999999936e+01
1.416712399999999889e+03,1.498869999999999969e+01
1.416714799999999968e+03,1.486079999999999934e+01
1.416717300000000023e+03,1.478320000000000078e+01
1.416719700000000103e+03,1.477880000000000038e+01
1.416722199999999930e+03,1.487550000000000061e+01
1.416724600000000009e+03,1.504149999999999920e+01
1.416727100000000064e+03,1.520620000000000083e+01
1.416729499999999916e+03,1.532349999999999923e+01
1.416731899999999996e+03,1.539789999999999992e+01
1.416734400000000051e+03,1.546110000000000007e+01
1.416736799999999903e+03,1.554310000000000080e+01
1.416739299999999957e+03,1.566900000000000048e+01
1.416741700000000037e+03,1.585929999999999929e+01
1.416744099999999889e+03,1.611019999999999897e+01
1.416746599999999944e+03,1.638309999999999889e+01
1.416749000000000024e+03,1.662509999999999977e+01
1.416751500000000078e+03,1.680150000000000077e+01
1.416753899999999931e+03,1.690940000000000154e+01
1.416756300000000010e+03,1.697230000000000061e+01
1.416758800000000065e+03,1.701869999999999905e+01
1.416761199999999917e+03,1.706200000000000117e+01
1.416763699999999972e+03,1.710249999999999915e+01
1.416766100000000051e+03,1.714420000000000144e+01
1.416768600000000106e+03,1.718319999999999936e+01
1.416770999999999958e+03,1.718590000000000018e+01
1.416773400000000038e+03,1.712010000000000076e+01
1.416775900000000092e+03,1.701670000000000016e+01
1.416778299999999945e+03,1.696819999999999951e+01
1.416780799999999999e+03,1.705110000000000170e+01
1.416783200000000079e+03,1.725029999999999930e+01
1.416785599999999931e+03,1.745629999999999882e+01
1.416788099999999986e+03,1.754319999999999879e+01
1.416790500000000065e+03,1.746790000000000020e+01
1.416792999999999893e+03,1.730030000000000001e+01
1.416795399999999972e+03,1.715690000000000026e+01
1.416797900000000027e+03,1.710920000000000130e+01
1.416800300000000107e+03,1.715180000000000149e+01
1.416802699999999959e+03,1.723539999999999850e+01
1.416805200000000013e+03,1.731480000000000175e+01
1.416807600000000093e+03,1.736850000000000094e+01
1.416810099999999920e+03,1.739310000000000045e+01
1.416812500000000000e+03,1.739600000000000080e+01
1.416814900000000080e+03,1.738820000000000121e+01
1.416817399999999907e+03,1.736410000000000053e+01
1.416819799999999987e+03,1.729279999999999973e+01
1.416822300000000041e+03,1.715390000000000015e+01
1.416824699999999893e+03,1.698290000000000077e+01
1.416827099999999973e+03,1.685950000000000060e+01
1.416829600000000028e+03,1.683920000000000172e+01
1.416832000000000107e+03,1.689780000000000015e+01
1.416834499999999935e+03,1.694760000000000133e+01
1.416836900000000014e+03,1.691769999999999996e+01
1.416839400000000069e+03,1.682639999999999958e+01
1.416841799999999921e+03,1.676719999999999899e+01
1.416844200000000001e+03,1.682010000000000005e+01
1.416846700000000055e+03,1.698219999999999885e+01
1.416849099999999908e+03,1.718489999999999895e+01
1.416851599999999962e+03,1.735800000000000054e+01
1.416854000000000042e+03,1.746730000000000160e+01
1.416856399999999894e+03,1.750730000000000075e+01
1.416858899999999949e+03,1.748740000000000094e+01
1.416861300000000028e+03,1.743319999999999936e+01
1.416863800000000083e+03,1.737590000000000146e+01
1.416866199999999935e+03,1.732179999999999964e+01
1.416868699999999990e+03,1.724129999999999896e+01
1.416871100000000069e+03,1.710559999999999903e+01
1.416873499999999922e+03,1.693159999999999954e+01
1.416875999999999976e+03,1.678699999999999903e+01
1.416878400000000056e+03,1.674589999999999890e+01
1.416880900000000111e+03,1.683770000000000167e+01
1.416883299999999963e+03,1.703020000000000067e+01
1.416885700000000043e+03,1.725270000000000081e+01
1.416888200000000097e+03,1.743750000000000000e+01
1.416890599999999949e+03,1.754710000000000036e+01
1.416893100000000004e+03,1.757019999999999982e+01
1.416895500000000084e+03,1.750540000000000163e+01
1.416897899999999936e+03,1.736469999999999914e+01
1.416900399999999991e+03,1.718860000000000099e+01
1.416902800000000070e+03,1.703340000000000032e+01
1.416905299999999897e+03,1.693560000000000088e+01
1.416907699999999977e+03,1.689460000000000051e+01
1.416910200000000032e+03,1.689039999999999964e+01
1.416912600000000111e+03,1.691359999999999886e+01
1.416914999999999964e+03,1.697240000000000038e+01
1.416917500000000018e+03,1.707229999999999848e+01
1.416919900000000098e+03,1.719869999999999877e+01
1.416922399999999925e+03,1.732410000000000139e+01
1.416924800000000005e+03,1.742449999999999832e+01
1.416927200000000084e+03,1.747769999999999868e+01
1.416929699999999912e+03,1.746099999999999852e+01
1.416932099999999991e+03,1.737399999999999878e+01
1.416934600000000046e+03,1.725260000000000105e+01
1.416936999999999898e+03,1.714489999999999981e+01
1.416939499999999953e+03,1.708579999999999899e+01
1.416941900000000032e+03,1.710050000000000026e+01
1.416944300000000112e+03,1.719869999999999877e+01
1.416946799999999939e+03,1.734710000000000107e+01
1.416949200000000019e+03,1.747850000000000037e+01
1.416951700000000073e+03,1.755389999999999873e+01
1.416954099999999926e+03,1.759400000000000119e+01
1.416956500000000005e+03,1.763810000000000144e+01
1.416959000000000060e+03,1.769290000000000163e+01
1.416961399999999912e+03,1.773450000000000060e+01
1.416963899999999967e+03,1.774139999999999873e+01
1.416966300000000047e+03,1.772019999999999840e+01
1.416968800000000101e+03,1.770240000000000080e+01
1.416971199999999953e+03,1.771310000000000073e+01
1.416973600000000033e+03,1.773570000000000135e+01
1.416976100000000088e+03,1.771880000000000166e+01
1.416978499999999940e+03,1.762590000000000146e+01
1.416980999999999995e+03,1.747670000000000101e+01
1.416983400000000074e+03,1.733370000000000033e+01
1.416985799999999927e+03,1.725140000000000029e+01
1.416988299999999981e+03,1.723999999999999844e+01
1.416990700000000061e+03,1.727220000000000155e+01
1.416993199999999888e+03,1.731350000000000122e+01
1.416995599999999968e+03,1.734110000000000085e+01
1.416998000000000047e+03,1.734159999999999968e+01
1.417000500000000102e+03,1.730809999999999960e+01
1.417002899999999954e+03,1.725019999999999953e+01
1.417005400000000009e+03,1.720579999999999998e+01
1.417007800000000088e+03,1.722139999999999915e+01
1.417010299999999916e+03,1.730770000000000053e+01
1.417012699999999995e+03,1.742320000000000135e+01
1.417015100000000075e+03,1.751520000000000010e+01
1.417017599999999902e+03,1.757000000000000028e+01
1.417019999999999982e+03,1.760650000000000048e+01
1.417022500000000036e+03,1.763100000000000023e+01
1.417024899999999889e+03,1.762089999999999890e+01
1.417027299999999968e+03,1.755969999999999942e+01
1.417029800000000023e+03,1.746379999999999910e+01
1.417032200000000103e+03,1.736169999999999902e+01
1.417034699999999930e+03,1.726480000000000103e+01
1.417037100000000009e+03,1.717599999999999838e+01
1.417039600000000064e+03,1.710829999999999984e+01
1.417041999999999916e+03,1.707209999999999894e+01
1.417044399999999996e+03,1.705969999999999942e+01
1.417046900000000051e+03,1.706319999999999837e+01
1.417049299999999903e+03,1.709629999999999939e+01
1.417051799999999957e+03,1.718070000000000164e+01
1.417054200000000037e+03,1.730730000000000146e+01
1.417056599999999889e+03,1.742030000000000101e+01
1.417059099999999944e+03,1.745159999999999911e+01
1.417061500000000024e+03,1.738090000000000046e+01
1.417064000000000078e+03,1.725410000000000110e+01
1.417066399999999931e+03,1.713719999999999999e+01
1.417068800000000010e+03,1.706670000000000087e+01
1.417071300000000065e+03,1.705270000000000152e+01
1.417073699999999917e+03,1.710709999999999908e+01
1.417076199999999972e+03,1.723300000000000054e+01
1.417078600000000051e+03,1.738749999999999929e+01
1.417081100000000106e+03,1.749159999999999826e+01
1.417083499999999958e+03,1.749759999999999849e+01
1.417085900000000038e+03,1.742889999999999873e+01
1.417088400000000092e+03,1.734199999999999875e+01
1.417090799999999945e+03,1.727049999999999841e+01
1.417093299999999999e+03,1.721659999999999968e+01
1.417095700000000079e+03,1.716740000000000066e+01
1.417098099999999931e+03,1.710579999999999856e+01
1.417100599999999986e+03,1.702410000000000068e+01
1.417103000000000065e+03,1.694140000000000157e+01
1.417105499999999893e+03,1.690129999999999910e+01
1.417107899999999972e+03,1.694490000000000052e+01
1.417110400000000027e+03,1.708119999999999905e+01
1.417112800000000107e+03,1.727479999999999905e+01
1.417115199999999959e+03,1.745810000000000173e+01
1.417117700000000013e+03,1.756929999999999836e+01
1.417120100000000093e+03,1.759570000000000078e+01
1.417122599999999920e+03,1.756980000000000075e+01
1.417125000000000000e+03,1.751780000000000115e+01
1.417127400000000080e+03,1.743680000000000163e+01
1.417129899999999907e+03,1.732969999999999899e+01
1.417132299999999987e+03,1.723120000000000118e+01
1.417134800000000041e+03,1.718599999999999994e+01
1.417137199999999893e+03,1.721450000000000102e+01
1.417139599999999973e+03,1.729909999999999926e+01
1.417142100000000028e+03,1.739870000000000161e+01
1.417144500000000107e+03,1.747990000000000066e+01
1.417146999999999935e+03,1.753239999999999910e+01
1.417149400000000014e+03,1.755170000000000030e+01
1.417151900000000069e+03,1.751630000000000109e+01
1.417154299999999921e+03,1.740559999999999974e+01
1.417156700000000001e+03,1.724109999999999943e+01
1.417159200000000055e+03,1.709140000000000015e+01
1.417161599999999908e+03,1.702499999999999858e+01
1.417164099999999962e+03,1.705150000000000077e+01
1.417166500000000042e+03,1.712020000000000053e+01
1.417168899999999894e+03,1.717520000000000024e+01
1.417171399999999949e+03,1.719920000000000115e+01
1.417173800000000028e+03,1.720120000000000005e+01
1.417176300000000083e+03,1.719140000000000157e+01
1.417178699999999935e+03,1.717770000000000152e+01
1.417181199999999990e+03,1.716720000000000113e+01
1.417183600000000069e+03,1.715419999999999945e+01
1.417185999999999922e+03,1.712430000000000163e+01
1.417188499999999976e+03,1.707849999999999824e+01
1.417190900000000056e+03,1.704169999999999874e+01
1.417193400000000111e+03,1.704250000000000043e+01
1.417195799999999963e+03,1.709479999999999933e+01
1.417198200000000043e+03,1.719350000000000023e+01
1.417200700000000097e+03,1.731429999999999936e+01
1.417203099999999949e+03,1.742119999999999891e+01
1.417205600000000004e+03,1.748140000000000072e+01
1.417208000000000084e+03,1.747899999999999920e+01
1.417210399999999936e+03,1.742439999999999856e+01
1.417212899999999991e+03,1.735940000000000083e+01
1.417215300000000070e+03,1.734019999999999939e+01
1.417217799999999897e+03,1.739430000000000121e+01
1.417220199999999977e+03,1.748669999999999902e+01
1.417222700000000032e+03,1.754289999999999949e+01
1.417225100000000111e+03,1.750799999999999912e+01
1.417227499999999964e+03,1.737630000000000052e+01
1.417230000000000018e+03,1.717470000000000141e+01
1.417232400000000098e+03,1.694389999999999930e+01
1.417234899999999925e+03,1.673910000000000053e+01
1.417237300000000005e+03,1.662099999999999866e+01
1.417239700000000084e+03,1.662280000000000157e+01
1.417242199999999912e+03,1.672550000000000026e+01
1.417244599999999991e+03,1.686939999999999884e+01
1.417247100000000046e+03,1.699190000000000111e+01
1.417249499999999898e+03,1.706210000000000093e+01
1.417251999999999953e+03,1.708360000000000056e+01
1.417254400000000032e+03,1.706899999999999906e+01
1.417256800000000112e+03,1.701940000000000097e+01
1.417259299999999939e+03,1.693929999999999936e+01
1.417261700000000019e+03,1.686070000000000135e+01
1.417264200000000073e+03,1.683299999999999841e+01
1.417266599999999926e+03,1.688449999999999918e+01
1.417269000000000005e+03,1.700110000000000099e+01
1.417271500000000060e+03,1.713479999999999848e+01
1.417273899999999912e+03,1.722479999999999833e+01
1.417276399999999967e+03,1.722680000000000078e+01
1.417278800000000047e+03,1.714649999999999963e+01
1.417281199999999899e+03,1.704119999999999990e+01
1.417283699999999953e+03,1.696839999999999904e+01
1.417286100000000033e+03,1.693100000000000094e+01
1.417288600000000088e+03,1.689260000000000161e+01
1.417290999999999940e+03,1.684659999999999869e+01
1.417293499999999995e+03,1.683930000000000149e+01
1.417295900000000074e+03,1.690889999999999915e+01
1.417298299999999927e+03,1.702599999999999980e+01
1.417300799999999981e+03,1.711530000000000129e+01
1.417303200000000061e+03,1.712950000000000017e+01
1.417305699999999888e+03,1.708749999999999858e+01
1.417308099999999968e+03,1.704899999999999949e+01
1.417310500000000047e+03,1.706559999999999988e+01
1.417313000000000102e+03,1.714740000000000109e+01
1.417315399999999954e+03,1.725789999999999935e+01
1.417317900000000009e+03,1.734059999999999846e+01
1.417320300000000088e+03,1.735670000000000002e+01
1.417322799999999916e+03,1.730349999999999966e+01
1.417325199999999995e+03,1.721039999999999992e+01
1.417327600000000075e+03,1.712310000000000088e+01
1.417330099999999902e+03,1.708119999999999905e+01
1.417332499999999982e+03,1.709639999999999915e+01
1.417335000000000036e+03,1.714939999999999998e+01
1.417337399999999889e+03,1.719859999999999900e+01
1.417339799999999968e+03,1.719640000000000057e+01
1.417342300000000023e+03,1.711289999999999978e+01
1.417344700000000103e+03,1.696170000000000044e+01
1.417347199999999930e+03,1.679960000000000164e+01
1.417349600000000009e+03,1.669119999999999848e+01
1.417352100000000064e+03,1.666560000000000130e+01
1.417354499999999916e+03,1.670739999999999981e+01
1.417356899999999996e+03,1.678089999999999904e+01
1.417359400000000051e+03,1.685529999999999973e+01
1.417361799999999903e+03,1.691440000000000055e+01
1.417364299999999957e+03,1.695779999999999887e+01
1.417366700000000037e+03,1.699030000000000129e+01
1.417369099999999889e+03,1.700609999999999999e+01
1.417371599999999944e+03,1.698900000000000077e+01
1.417374000000000024e+03,1.693720000000000070e+01
1.417376500000000078e+03,1.688200000000000145e+01
1.417378899999999931e+03,1.687099999999999866e+01
1.417381300000000010e+03,1.692920000000000158e+01
1.417383800000000065e+03,1.704029999999999845e+01
1.417386199999999917e+03,1.716019999999999968e+01
1.417388699999999972e+03,1.724549999999999983e+01
1.417391100000000051e+03,1.726910000000000167e+01
1.417393600000000106e+03,1.722139999999999915e+01
1.417395999999999958e+03,1.711580000000000013e+01
1.417398400000000038e+03,1.699899999999999878e+01
1.417400900000000092e+03,1.693819999999999837e+01
1.417403299999999945e+03,1.697670000000000101e+01
1.417405799999999999e+03,1.709850000000000136e+01
1.417408200000000079e+03,1.724719999999999942e+01
1.417410599999999931e+03,1.737930000000000064e+01
1.417413099999999986e+03,1.749180000000000135e+01
1.417415500000000065e+03,1.760450000000000159e+01
1.417417999999999893e+03,1.772719999999999985e+01
1.417420399999999972e+03,1.784189999999999898e+01
1.417422900000000027e+03,1.790780000000000172e+01
1.417425300000000107e+03,1.789659999999999940e+01
1.417427699999999959e+03,1.782319999999999993e+01
1.417430200000000013e+03,1.772129999999999939e+01
1.417432600000000093e+03,1.758990000000000009e+01
1.417435099999999920e+03,1.739910000000000068e+01
1.417437500000000000e+03,1.715220000000000056e+01
1.417439900000000080e+03,1.691120000000000090e+01
1.417442399999999907e+03,1.674869999999999948e+01
1.417444799999999987e+03,1.669000000000000128e+01
1.417447300000000041e+03,1.670710000000000051e+01
1.417449699999999893e+03,1.675850000000000151e+01
1.417452099999999973e+03,1.682150000000000034e+01
1.417454600000000028e+03,1.689519999999999911e+01
1.417457000000000107e+03,1.699159999999999826e+01
1.417459499999999935e+03,1.712340000000000018e+01
1.417461900000000014e+03,1.728079999999999927e+01
1.417464400000000069e+03,1.741529999999999845e+01
1.417466799999999921e+03,1.746640000000000015e+01
1.417469200000000001e+03,1.741310000000000002e+01
1.417471700000000055e+03,1.729650000000000176e+01
1.417474099999999908e+03,1.718519999999999825e+01
1.417476599999999962e+03,1.712809999999999988e+01
1.417479000000000042e+03,1.714170000000000016e+01
1.417481399999999894e+03,1.722289999999999921e+01
1.417483899999999949e+03,1.734540000000000148e+01
1.417486300000000028e+03,1.744910000000000139e+01
1.417488800000000083e+03,1.746580000000000155e+01
1.417491199999999935e+03,1.737280000000000157e+01
1.417493699999999990e+03,1.721590000000000131e+01
1.417496100000000069e+03,1.706859999999999999e+01
1.417498499999999922e+03,1.697279999999999944e+01
1.417500999999999976e+03,1.692569999999999908e+01
1.417503400000000056e+03,1.691910000000000025e+01
1.417505900000000111e+03,1.696120000000000161e+01
1.417508299999999963e+03,1.705349999999999966e+01
1.417510700000000043e+03,1.716939999999999955e+01
1.417513200000000097e+03,1.726760000000000161e+01
1.417515599999999949e+03,1.731589999999999918e+01
1.417518100000000004e+03,1.730590000000000117e+01
1.417520500000000084e+03,1.725959999999999894e+01
1.417522899999999936e+03,1.721189999999999998e+01
1.417525399999999991e+03,1.717249999999999943e+01
1.417527800000000070e+03,1.711909999999999954e+01
1.417530299999999897e+03,1.704370000000000118e+01
1.417532699999999977e+03,1.698400000000000176e+01
1.417535200000000032e+03,1.698450000000000060e+01
1.417537600000000111e+03,1.704070000000000107e+01
1.417539999999999964e+03,1.710360000000000014e+01
1.417542500000000018e+03,1.713410000000000011e+01
1.417544900000000098e+03,1.713520000000000110e+01
1.417547399999999925e+03,1.713109999999999999e+01
1.417549800000000005e+03,1.713019999999999854e+01
1.417552200000000084e+03,1.712010000000000076e+01
1.417554699999999912e+03,1.709489999999999910e+01
1.417557099999999991e+03,1.707860000000000156e+01
1.417559600000000046e+03,1.711100000000000065e+01
1.417561999999999898e+03,1.721079999999999899e+01
1.417564499999999953e+03,1.734890000000000043e+01
1.417566900000000032e+03,1.745789999999999864e+01
1.417569300000000112e+03,1.747710000000000008e+01
1.417571799999999939e+03,1.739150000000000063e+01
1.417574200000000019e+03,1.723229999999999862e+01
1.417576700000000073e+03,1.705499999999999972e+01
1.417579099999999926e+03,1.692139999999999844e+01
1.417581500000000005e+03,1.687800000000000011e+01
1.417584000000000060e+03,1.693349999999999866e+01
1.417586399999999912e+03,1.706060000000000088e+01
1.417588899999999967e+03,1.721509999999999962e+01
1.417591300000000047e+03,1.734250000000000114e+01
1.417593800000000101e+03,1.739170000000000016e+01
1.417596199999999953e+03,1.735269999999999868e+01
1.417598600000000033e+03,1.727609999999999957e+01
1.417601100000000088e+03,1.723649999999999949e+01
1.417603499999999940e+03,1.727390000000000114e+01
1.417605999999999995e+03,1.736680000000000135e+01
1.417608400000000074e+03,1.745410000000000039e+01
1.417610799999999927e+03,1.748049999999999926e+01
1.417613299999999981e+03,1.744109999999999872e+01
1.417615700000000061e+03,1.738779999999999859e+01
1.417618199999999888e+03,1.738139999999999930e+01
1.417620599999999968e+03,1.742749999999999844e+01
1.417623000000000047e+03,1.747109999999999985e+01
1.417625500000000102e+03,1.746529999999999916e+01
1.417627899999999954e+03,1.742790000000000106e+01
1.417630400000000009e+03,1.741469999999999985e+01
1.417632800000000088e+03,1.745309999999999917e+01
1.417635299999999916e+03,1.751839999999999975e+01
1.417637699999999995e+03,1.756469999999999843e+01
1.417640100000000075e+03,1.757069999999999865e+01
1.417642599999999902e+03,1.755610000000000070e+01
1.417644999999999982e+03,1.755239999999999867e+01
1.417647500000000036e+03,1.756070000000000064e+01
1.417649899999999889e+03,1.754919999999999902e+01
1.417652299999999968e+03,1.749630000000000152e+01
1.417654800000000023e+03,1.742330000000000112e+01
1.417657200000000103e+03,1.737539999999999907e+01
1.417659699999999930e+03,1.738159999999999883e+01
1.417662100000000009e+03,1.744089999999999918e+01
1.417664600000000064e+03,1.753539999999999921e+01
1.417666999999999916e+03,1.764179999999999993e+01
1.417669399999999996e+03,1.773110000000000142e+01
1.417671900000000051e+03,1.776829999999999998e+01
1.417674299999999903e+03,1.772340000000000160e+01
1.417676799999999957e+03,1.759440000000000026e+01
1.417679200000000037e+03,1.741839999999999833e+01
1.417681599999999889e+03,1.724830000000000041e+01
1.417684099999999944e+03,1.711820000000000164e+01
1.417686500000000024e+03,1.703900000000000148e+01
1.417689000000000078e+03,1.701849999999999952e+01
1.417691399999999931e+03,1.706070000000000064e+01
1.417693800000000010e+03,1.714379999999999882e+01
1.417696300000000065e+03,1.721709999999999852e+01
1.417698699999999917e+03,1.724040000000000106e+01
1.417701199999999972e+03,1.722660000000000124e+01
1.417703600000000051e+03,1.723440000000000083e+01
1.417706100000000106e+03,1.731019999999999825e+01
1.417708499999999958e+03,1.744450000000000145e+01
1.417710900000000038e+03,1.758230000000000004e+01
1.417713400000000092e+03,1.765970000000000084e+01
1.417715799999999945e+03,1.763230000000000075e+01
1.417718299999999999e+03,1.749159999999999826e+01
1.417720700000000079e+03,1.726980000000000004e+01
1.417723099999999931e+03,1.702659999999999840e+01
1.417725599999999986e+03,1.682140000000000057e+01
1.417728000000000065e+03,1.669050000000000011e+01
1.417730499999999893e+03,1.664499999999999957e+01
1.417732899999999972e+03,1.668329999999999913e+01
1.417735400000000027e+03,1.679919999999999902e+01
1.417737800000000107e+03,1.697739999999999938e+01
1.417740199999999959e+03,1.718700000000000117e+01
1.417742700000000013e+03,1.738439999999999941e+01
1.417745100000000093e+03,1.752280000000000015e+01
1.417747599999999920e+03,1.757110000000000127e+01
1.417750000000000000e+03,1.753359999999999985e+01
1.417752400000000080e+03,1.744719999999999871e+01
1.417754899999999907e+03,1.734959999999999880e+01
1.417757299999999987e+03,1.725179999999999936e+01
1.417759800000000041e+03,1.714600000000000080e+01
1.417762199999999893e+03,1.703490000000000038e+01
1.417764599999999973e+03,1.694369999999999976e+01
1.417767100000000028e+03,1.689809999999999945e+01
1.417769500000000107e+03,1.689010000000000034e+01
1.417771999999999935e+03,1.687770000000000081e+01
1.417774400000000014e+03,1.683569999999999922e+01
1.417776900000000069e+03,1.679210000000000136e+01
1.417779299999999921e+03,1.678460000000000107e+01
1.417781700000000001e+03,1.679830000000000112e+01
1.417784200000000055e+03,1.678679999999999950e+01
1.417786599999999908e+03,1.675390000000000157e+01
1.417789099999999962e+03,1.677139999999999986e+01
1.417791500000000042e+03,1.689760000000000062e+01
1.417793899999999894e+03,1.709789999999999921e+01
1.417796399999999949e+03,1.726350000000000051e+01
1.417798800000000028e+03,1.730270000000000152e+01
1.417801300000000083e+03,1.720629999999999882e+01
1.417803699999999935e+03,1.703969999999999985e+01
1.417806199999999990e+03,1.689140000000000086e+01
1.417808600000000069e+03,1.682130000000000081e+01
1.417810999999999922e+03,1.683830000000000027e+01
1.417813499999999976e+03,1.690899999999999892e+01
1.417815900000000056e+03,1.698829999999999885e+01
1.417818400000000111e+03,1.705000000000000071e+01
1.417820799999999963e+03,1.709530000000000172e+01
1.417823200000000043e+03,1.714150000000000063e+01
1.417825700000000097e+03,1.720390000000000086e+01
1.417828099999999949e+03,1.728620000000000090e+01
1.417830600000000004e+03,1.737859999999999872e+01
1.417833000000000084e+03,1.745850000000000080e+01
1.417835399999999936e+03,1.749500000000000099e+01
1.417837899999999991e+03,1.746470000000000056e+01
1.417840300000000070e+03,1.737399999999999878e+01
1.417842799999999897e+03,1.727009999999999934e+01
1.417845199999999977e+03,1.721529999999999916e+01
1.417847700000000032e+03,1.723209999999999908e+01
1.417850100000000111e+03,1.727449999999999974e+01
1.417852499999999964e+03,1.727049999999999841e+01
1.417855000000000018e+03,1.719829999999999970e+01
1.417857400000000098e+03,1.710910000000000153e+01
1.417859899999999925e+03,1.706879999999999953e+01
1.417862300000000005e+03,1.708909999999999840e+01
1.417864700000000084e+03,1.711909999999999954e+01
1.417867199999999912e+03,1.709179999999999922e+01
1.417869599999999991e+03,1.697960000000000136e+01
1.417872100000000046e+03,1.681779999999999831e+01
1.417874499999999898e+03,1.668250000000000099e+01
1.417876999999999953e+03,1.664160000000000039e+01
1.417879400000000032e+03,1.671580000000000155e+01
1.417881800000000112e+03,1.687669999999999959e+01
1.417884299999999939e+03,1.706769999999999854e+01
1.417886700000000019e+03,1.722030000000000172e+01
1.417889200000000073e+03,1.727110000000000056e+01
1.417891599999999926e+03,1.720240000000000080e+01
1.417894000000000005e+03,1.707669999999999888e+01
1.417896500000000060e+03,1.699960000000000093e+01
1.417898899999999912e+03,1.702479999999999905e+01
1.417901399999999967e+03,1.710610000000000142e+01
1.417903800000000047e+03,1.715330000000000155e+01
1.417906199999999899e+03,1.712509999999999977e+01
1.417908699999999953e+03,1.705379999999999896e+01
1.417911100000000033e+03,1.698400000000000176e+01
1.417913600000000088e+03,1.691600000000000037e+01
1.417915999999999940e+03,1.683060000000000045e+01
1.417918499999999995e+03,1.674589999999999890e+01
1.417920900000000074e+03,1.671470000000000056e+01
1.417923299999999927e+03,1.676739999999999853e+01
1.417925799999999981e+03,1.688629999999999853e+01
1.417928200000000061e+03,1.703500000000000014e+01
1.417930699999999888e+03,1.718819999999999837e+01
1.417933099999999968e+03,1.732570000000000121e+01
1.417935500000000047e+03,1.741400000000000148e+01
1.417938000000000102e+03,1.741130000000000067e+01
1.417940399999999954e+03,1.729650000000000176e+01
1.417942900000000009e+03,1.709029999999999916e+01
1.417945300000000088e+03,1.685279999999999845e+01
1.417947799999999916e+03,1.666310000000000002e+01
1.417950199999999995e+03,1.658459999999999823e+01
1.417952600000000075e+03,1.662999999999999901e+01
1.417955099999999902e+03,1.675150000000000006e+01
1.417957499999999982e+03,1.686990000000000123e+01
1.417960000000000036e+03,1.691750000000000043e+01
1.417962399999999889e+03,1.686759999999999948e+01
1.417964799999999968e+03,1.674990000000000023e+01
1.417967300000000023e+03,1.664300000000000068e+01
1.417969700000000103e+03,1.663060000000000116e+01
1.417972199999999930e+03,1.674230000000000018e+01
1.417974600000000009e+03,1.693260000000000076e+01
1.417977100000000064e+03,1.711880000000000024e+01
1.417979499999999916e+03,1.724010000000000176e+01
1.417981899999999996e+03,1.728569999999999851e+01
1.417984400000000051e+03,1.727870000000000061e+01
1.417986799999999903e+03,1.724230000000000018e+01
1.417989299999999957e+03,1.718730000000000047e+01
1.417991700000000037e+03,1.712519999999999953e+01
1.417994099999999889e+03,1.707179999999999964e+01
1.417996599999999944e+03,1.702860000000000085e+01
1.417999000000000024e+03,1.697329999999999828e+01
1.418001500000000078e+03,1.689000000000000057e+01
1.418003899999999931e+03,1.680590000000000117e+01
1.418006300000000010e+03,1.677799999999999869e+01
1.418008800000000065e+03,1.683320000000000149e+01
1.418011199999999917e+03,1.693459999999999965e+01
1.418013699999999972e+03,1.701719999999999899e+01
1.418016100000000051e+03,1.705059999999999931e+01
1.418018600000000106e+03,1.706319999999999837e+01
1.418020999999999958e+03,1.710889999999999844e+01
1.418023400000000038e+03,1.721709999999999852e+01
1.418025900000000092e+03,1.737290000000000134e+01
1.418028299999999945e+03,1.753419999999999845e+01
1.418030799999999999e+03,1.765360000000000085e+01
1.418033200000000079e+03,1.769200000000000017e+01
1.418035599999999931e+03,1.763729999999999976e+01
1.418038099999999986e+03,1.751889999999999858e+01
1.418040500000000065e+03,1.739310000000000045e+01
1.418042999999999893e+03,1.731149999999999878e+01
1.418045399999999972e+03,1.730470000000000041e+01
1.418047900000000027e+03,1.737740000000000151e+01
1.418050300000000107e+03,1.750309999999999988e+01
1.418052699999999959e+03,1.763250000000000028e+01
1.418055200000000013e+03,1.772579999999999956e+01
1.418057600000000093e+03,1.777649999999999864e+01
1.418060099999999920e+03,1.780089999999999861e+01
1.418062500000000000e+03,1.781009999999999849e+01
1.418064900000000080e+03,1.780039999999999978e+01
1.418067399999999907e+03,1.776330000000000098e+01
1.418069799999999987e+03,1.769510000000000005e+01
1.418072300000000041e+03,1.759519999999999840e+01
1.418074699999999893e+03,1.746490000000000009e+01
1.418077099999999973e+03,1.732090000000000174e+01
1.418079600000000028e+03,1.720830000000000126e+01
1.418082000000000107e+03,1.717259999999999920e+01
1.418084499999999935e+03,1.721120000000000161e+01
1.418086900000000014e+03,1.727789999999999893e+01
1.418089400000000069e+03,1.734530000000000172e+01
1.418091799999999921e+03,1.743290000000000006e+01
1.418094200000000001e+03,1.755799999999999983e+01
1.418096700000000055e+03,1.768469999999999942e+01
1.418099099999999908e+03,1.774190000000000111e+01
1.418101599999999962e+03,1.768669999999999831e+01
1.418104000000000042e+03,1.754110000000000014e+01
1.418106399999999894e+03,1.737509999999999977e+01
1.418108899999999949e+03,1.726579999999999870e+01
1.418111300000000028e+03,1.725580000000000069e+01
1.418113800000000083e+03,1.732529999999999859e+01
1.418116199999999935e+03,1.740630000000000166e+01
1.418118699999999990e+03,1.743789999999999907e+01
1.418121100000000069e+03,1.741209999999999880e+01
1.418123499999999922e+03,1.736469999999999914e+01
1.418125999999999976e+03,1.733320000000000149e+01
1.418128400000000056e+03,1.733239999999999981e+01
1.418130900000000111e+03,1.735960000000000036e+01
1.418133299999999963e+03,1.740559999999999974e+01
1.418135700000000043e+03,1.745670000000000144e+01
1.418138200000000097e+03,1.749390000000000001e+01
1.418140599999999949e+03,1.750019999999999953e+01
1.418143100000000004e+03,1.748209999999999908e+01
1.418145500000000084e+03,1.747739999999999938e+01
1.418147899999999936e+03,1.752299999999999969e+01
1.418150399999999991e+03,1.760350000000000037e+01
1.418152800000000070e+03,1.764699999999999847e+01
1.418155299999999897e+03,1.758699999999999974e+01
1.418157699999999977e+03,1.742960000000000065e+01
1.418160200000000032e+03,1.725270000000000081e+01
1.418162600000000111e+03,1.714010000000000034e+01
1.418164999999999964e+03,1.712249999999999872e+01
1.418167500000000018e+03,1.717259999999999920e+01
1.418169900000000098e+03,1.723890000000000100e+01
1.418172399999999925e+03,1.727590000000000003e+01
1.418174800000000005e+03,1.725809999999999889e+01
1.418177200000000084e+03,1.719089999999999918e+01
1.418179699999999912e+03,1.711390000000000100e+01
1.418182099999999991e+03,1.707610000000000028e+01
1.418184600000000046e+03,1.709260000000000090e+01
1.418186999999999898e+03,1.712950000000000017e+01
1.418189499999999953e+03,1.714140000000000086e+01
1.418191900000000032e+03,1.711990000000000123e+01
1.418194300000000112e+03,1.709819999999999851e+01
1.418196799999999939e+03,1.711100000000000065e+01
1.418199200000000019e+03,1.715599999999999881e+01
1.418201700000000073e+03,1.719869999999999877e+01
1.418204099999999926e+03,1.721089999999999876e+01
1.418206500000000005e+03,1.720469999999999899e+01
1.418209000000000060e+03,1.722650000000000148e+01
1.418211399999999912e+03,1.731990000000000052e+01
1.418213899999999967e+03,1.749630000000000152e+01
1.418216300000000047e+03,1.772650000000000148e+01
1.418218800000000101e+03,1.794529999999999959e+01
1.418221199999999953e+03,1.807760000000000034e+01
1.418223600000000033e+03,1.808719999999999928e+01
1.418226100000000088e+03,1.799609999999999843e+01
1.418228499999999940e+03,1.785089999999999932e+01
1.418230999999999995e+03,1.768710000000000093e+01
1.418233400000000074e+03,1.752530000000000143e+01
1.418235799999999927e+03,1.737930000000000064e+01
1.418238299999999981e+03,1.726010000000000133e+01
1.418240700000000061e+03,1.718280000000000030e+01
1.418243199999999888e+03,1.717040000000000077e+01
1.418245599999999968e+03,1.723839999999999861e+01
1.418248000000000047e+03,1.736840000000000117e+01
1.418250500000000102e+03,1.750100000000000122e+01
1.418252899999999954e+03,1.756960000000000122e+01
1.418255400000000009e+03,1.754609999999999914e+01
1.418257800000000088e+03,1.744480000000000075e+01
1.418260299999999916e+03,1.729090000000000060e+01
1.418262699999999995e+03,1.711019999999999897e+01
1.418265100000000075e+03,1.695009999999999906e+01
1.418267599999999902e+03,1.687610000000000099e+01
1.418269999999999982e+03,1.692770000000000152e+01
1.418272500000000036e+03,1.708139999999999858e+01
1.418274899999999889e+03,1.726419999999999888e+01
1.418277299999999968e+03,1.740119999999999933e+01
1.418279800000000023e+03,1.745789999999999864e+01
1.418282200000000103e+03,1.744269999999999854e+01
1.418284699999999930e+03,1.737959999999999994e+01
1.418287100000000009e+03,1.729210000000000136e+01
1.418289600000000064e+03,1.720670000000000144e+01
1.418291999999999916e+03,1.715109999999999957e+01
1.418294399999999996e+03,1.713589999999999947e+01
1.418296900000000051e+03,1.714290000000000092e+01
1.418299299999999903e+03,1.714130000000000109e+01
1.418301799999999957e+03,1.711570000000000036e+01
1.418304200000000037e+03,1.707229999999999848e+01
1.418306599999999889e+03,1.702580000000000027e+01
1.418309099999999944e+03,1.698470000000000013e+01
1.418311500000000024e+03,1.694839999999999947e+01
1.418314000000000078e+03,1.691400000000000148e+01
1.418316399999999931e+03,1.688950000000000173e+01
1.418318800000000010e+03,1.689930000000000021e+01
1.418321300000000065e+03,1.696659999999999968e+01
1.418323699999999917e+03,1.708840000000000003e+01
1.418326199999999972e+03,1.723270000000000124e+01
1.418328600000000051e+03,1.736019999999999897e+01
1.418331100000000106e+03,1.744600000000000151e+01
1.418333499999999958e+03,1.748809999999999931e+01
1.418335900000000038e+03,1.750309999999999988e+01
1.418338400000000092e+03,1.750910000000000011e+01
1.418340799999999945e+03,1.750750000000000028e+01
1.418343299999999999e+03,1.748689999999999856e+01
1.418345700000000079e+03,1.743799999999999883e+01
1.418348099999999931e+03,1.735079999999999956e+01
1.418350599999999986e+03,1.720860000000000056e+01
1.418353000000000065e+03,1.702029999999999887e+01
1.418355499999999893e+03,1.685079999999999956e+01
1.418357899999999972e+03,1.677990000000000137e+01
1.418360400000000027e+03,1.682410000000000139e+01
1.418362800000000107e+03,1.692429999999999879e+01
1.418365199999999959e+03,1.701409999999999911e+01
1.418367700000000013e+03,1.707669999999999888e+01
1.418370100000000093e+03,1.712829999999999941e+01
1.418372599999999920e+03,1.716730000000000089e+01
1.418375000000000000e+03,1.716760000000000019e+01
1.418377400000000080e+03,1.712170000000000059e+01
1.418379899999999907e+03,1.706279999999999930e+01
1.418382299999999987e+03,1.702580000000000027e+01
1.418384800000000041e+03,1.700679999999999836e+01
1.418387199999999893e+03,1.698089999999999833e+01
1.418389599999999973e+03,1.694760000000000133e+01
1.418392100000000028e+03,1.693540000000000134e+01
1.418394500000000107e+03,1.696569999999999823e+01
1.418396999999999935e+03,1.703079999999999927e+01
1.418399400000000014e+03,1.710330000000000084e+01
1.418401900000000069e+03,1.715060000000000073e+01
1.418404299999999921e+03,1.714930000000000021e+01
1.418406700000000001e+03,1.710470000000000113e+01
1.418409200000000055e+03,1.705069999999999908e+01
1.418411599999999908e+03,1.701749999999999829e+01
1.418414099999999962e+03,1.700619999999999976e+01
1.418416500000000042e+03,1.700189999999999912e+01
1.418418899999999894e+03,1.699940000000000140e+01
1.418421399999999949e+03,1.700789999999999935e+01
1.418423800000000028e+03,1.703650000000000020e+01
1.418426300000000083e+03,1.708409999999999940e+01
1.418428699999999935e+03,1.713429999999999964e+01
1.418431199999999990e+03,1.715500000000000114e+01
1.418433600000000069e+03,1.711250000000000071e+01
1.418435999999999922e+03,1.699849999999999994e+01
1.418438499999999976e+03,1.683719999999999928e+01
1.418440900000000056e+03,1.667310000000000159e+01
1.418443400000000111e+03,1.655539999999999878e+01
1.418445799999999963e+03,1.652130000000000010e+01
1.418448200000000043e+03,1.657199999999999918e+01
1.418450700000000097e+03,1.666619999999999990e+01
1.418453099999999949e+03,1.675379999999999825e+01
1.418455600000000004e+03,1.681820000000000093e+01
1.418458000000000084e+03,1.688340000000000174e+01
1.418460399999999936e+03,1.698069999999999879e+01
1.418462899999999991e+03,1.711129999999999995e+01
1.418465300000000070e+03,1.723979999999999890e+01
1.418467799999999897e+03,1.732069999999999865e+01
1.418470199999999977e+03,1.733210000000000051e+01
1.418472700000000032e+03,1.727969999999999828e+01
1.418475100000000111e+03,1.717569999999999908e+01
1.418477499999999964e+03,1.702919999999999945e+01
1.418480000000000018e+03,1.686149999999999949e+01
1.418482400000000098e+03,1.671590000000000131e+01
1.418484899999999925e+03,1.664209999999999923e+01
1.418487300000000005e+03,1.666240000000000165e+01
1.418489700000000084e+03,1.674879999999999924e+01
1.418492199999999912e+03,1.683790000000000120e+01
1.418494599999999991e+03,1.688149999999999906e+01
1.418497100000000046e+03,1.687940000000000040e+01
1.418499499999999898e+03,1.686060000000000159e+01
1.418501999999999953e+03,1.684299999999999997e+01
1.418504400000000032e+03,1.682460000000000022e+01
1.418506800000000112e+03,1.680460000000000065e+01
1.418509299999999939e+03,1.679129999999999967e+01
1.418511700000000019e+03,1.678610000000000113e+01
1.418514200000000073e+03,1.677270000000000039e+01
1.418516599999999926e+03,1.673219999999999885e+01
1.418519000000000005e+03,1.666179999999999950e+01
1.418521500000000060e+03,1.658010000000000161e+01
1.418523899999999912e+03,1.652779999999999916e+01
1.418526399999999967e+03,1.656439999999999912e+01
1.418528800000000047e+03,1.673460000000000036e+01
1.418531199999999899e+03,1.701810000000000045e+01
1.418533699999999953e+03,1.732740000000000080e+01
1.418536100000000033e+03,1.757250000000000156e+01
1.418538600000000088e+03,1.772710000000000008e+01
1.418540999999999940e+03,1.783139999999999858e+01
1.418543499999999995e+03,1.794389999999999930e+01
1.418545900000000074e+03,1.808089999999999975e+01
1.418548299999999927e+03,1.817879999999999896e+01
1.418550799999999981e+03,1.813230000000000075e+01
1.418553200000000061e+03,1.790700000000000003e+01
1.418555699999999888e+03,1.760519999999999996e+01
1.418558099999999968e+03,1.738370000000000104e+01
1.418560500000000047e+03,1.731629999999999825e+01
1.418563000000000102e+03,1.735820000000000007e+01
1.418565399999999954e+03,1.742229999999999990e+01
1.418567900000000009e+03,1.746189999999999998e+01
1.418570300000000088e+03,1.748570000000000135e+01
1.418572799999999916e+03,1.751849999999999952e+01
1.418575199999999995e+03,1.755969999999999942e+01
1.418577600000000075e+03,1.757389999999999830e+01
1.418580099999999902e+03,1.751770000000000138e+01
1.418582499999999982e+03,1.737930000000000064e+01
1.418585000000000036e+03,1.719780000000000086e+01
1.418587399999999889e+03,1.704149999999999920e+01
1.418589799999999968e+03,1.695759999999999934e+01
1.418592300000000023e+03,1.693220000000000169e+01
1.418594700000000103e+03,1.690700000000000003e+01
1.418597199999999930e+03,1.683899999999999864e+01
1.418599600000000009e+03,1.673760000000000048e+01
1.418602100000000064e+03,1.664679999999999893e+01
1.418604499999999916e+03,1.660589999999999833e+01
1.418606899999999996e+03,1.662979999999999947e+01
1.418609400000000051e+03,1.670720000000000027e+01
1.418611799999999903e+03,1.680799999999999983e+01
1.418614299999999957e+03,1.690080000000000027e+01
1.418616700000000037e+03,1.697370000000000090e+01
1.418619099999999889e+03,1.703969999999999985e+01
1.418621599999999944e+03,1.711629999999999896e+01
1.418624000000000024e+03,1.719940000000000069e+01
1.418626500000000078e+03,1.725280000000000058e+01
1.418628899999999931e+03,1.722710000000000008e+01
1.418631300000000010e+03,1.710140000000000171e+01
1.418633800000000065e+03,1.691229999999999833e+01
1.418636199999999917e+03,1.673170000000000002e+01
1.418638699999999972e+03,1.661609999999999943e+01
1.418641100000000051e+03,1.657999999999999829e+01
1.418643600000000106e+03,1.660279999999999845e+01
1.418645999999999958e+03,1.664450000000000074e+01
1.418648400000000038e+03,1.667000000000000171e+01
1.418650900000000092e+03,1.668019999999999925e+01
1.418653299999999945e+03,1.670929999999999893e+01
1.418655799999999999e+03,1.677319999999999922e+01
1.418658200000000079e+03,1.683370000000000033e+01
1.418660599999999931e+03,1.683709999999999951e+01
1.418663099999999986e+03,1.677639999999999887e+01
1.418665500000000065e+03,1.669669999999999987e+01
1.418667999999999893e+03,1.664770000000000039e+01
1.418670399999999972e+03,1.664219999999999899e+01
1.418672900000000027e+03,1.665269999999999939e+01
1.418675300000000107e+03,1.663639999999999830e+01
1.418677699999999959e+03,1.657160000000000011e+01
1.418680200000000013e+03,1.647030000000000172e+01
1.418682600000000093e+03,1.635999999999999943e+01
1.418685099999999920e+03,1.625700000000000145e+01
1.418687500000000000e+03,1.616159999999999997e+01
1.418689900000000080e+03,1.607649999999999935e+01
1.418692399999999907e+03,1.602420000000000044e+01
1.418694799999999987e+03,1.604040000000000177e+01
1.418697300000000041e+03,1.614209999999999923e+01
1.418699699999999893e+03,1.630409999999999826e+01
1.418702099999999973e+03,1.647180000000000177e+01
1.418704600000000028e+03,1.658879999999999910e+01
1.418707000000000107e+03,1.662000000000000099e+01
1.418709499999999935e+03,1.657359999999999900e+01
1.418711900000000014e+03,1.650319999999999965e+01
1.418714400000000069e+03,1.646849999999999881e+01
1.418716799999999921e+03,1.649680000000000035e+01
1.418719200000000001e+03,1.658869999999999933e+01
1.418721700000000055e+03,1.673649999999999949e+01
1.418724099999999908e+03,1.691740000000000066e+01
1.418726599999999962e+03,1.708820000000000050e+01
1.418729000000000042e+03,1.721379999999999910e+01
1.418731399999999894e+03,1.729090000000000060e+01
1.418733899999999949e+03,1.733220000000000027e+01
1.418736300000000028e+03,1.733999999999999986e+01
1.418738800000000083e+03,1.730399999999999849e+01
1.418741199999999935e+03,1.720720000000000027e+01
1.418743699999999990e+03,1.703160000000000096e+01
1.418746100000000069e+03,1.678719999999999857e+01
1.418748499999999922e+03,1.654749999999999943e+01
1.418750999999999976e+03,1.642760000000000176e+01
1.418753400000000056e+03,1.649930000000000163e+01
1.418755900000000111e+03,1.673110000000000142e+01
1.418758299999999963e+03,1.701490000000000080e+01
1.418760700000000043e+03,1.723949999999999960e+01
1.418763200000000097e+03,1.733680000000000021e+01
1.418765599999999949e+03,1.729390000000000072e+01
1.418768100000000004e+03,1.715149999999999864e+01
1.418770500000000084e+03,1.698400000000000176e+01
1.418772899999999936e+03,1.686179999999999879e+01
1.418775399999999991e+03,1.682290000000000063e+01
1.418777800000000070e+03,1.686959999999999837e+01
1.418780299999999897e+03,1.697599999999999909e+01
1.418782699999999977e+03,1.709530000000000172e+01
1.418785200000000032e+03,1.717889999999999873e+01
1.418787600000000111e+03,1.720289999999999964e+01
1.418789999999999964e+03,1.717559999999999931e+01
1.418792500000000018e+03,1.711410000000000053e+01
1.418794900000000098e+03,1.702309999999999945e+01
1.418797399999999925e+03,1.690449999999999875e+01
1.418799800000000005e+03,1.678219999999999956e+01
1.418802200000000084e+03,1.670570000000000022e+01
1.418804699999999912e+03,1.671849999999999881e+01
1.418807099999999991e+03,1.681370000000000076e+01
1.418809600000000046e+03,1.692439999999999856e+01
1.418811999999999898e+03,1.697149999999999892e+01
1.418814499999999953e+03,1.693659999999999854e+01
1.418816900000000032e+03,1.688459999999999894e+01
1.418819300000000112e+03,1.689699999999999847e+01
1.418821799999999939e+03,1.698229999999999862e+01
1.418824200000000019e+03,1.707260000000000133e+01
1.418826700000000073e+03,1.710999999999999943e+01
1.418829099999999926e+03,1.710849999999999937e+01
1.418831500000000005e+03,1.711820000000000164e+01
1.418834000000000060e+03,1.715930000000000177e+01
1.418836399999999912e+03,1.721099999999999852e+01
1.418838899999999967e+03,1.724230000000000018e+01
1.418841300000000047e+03,1.723549999999999827e+01
1.418843800000000101e+03,1.719490000000000052e+01
1.418846199999999953e+03,1.714560000000000173e+01
1.418848600000000033e+03,1.711260000000000048e+01
1.418851100000000088e+03,1.709400000000000119e+01
1.418853499999999940e+03,1.706309999999999860e+01
1.418855999999999995e+03,1.699249999999999972e+01
1.418858400000000074e+03,1.687559999999999860e+01
1.418860799999999927e+03,1.673780000000000001e+01
1.418863299999999981e+03,1.663479999999999848e+01
1.418865700000000061e+03,1.661860000000000070e+01
1.418868199999999888e+03,1.668919999999999959e+01
1.418870599999999968e+03,1.679129999999999967e+01
1.418873000000000047e+03,1.687920000000000087e+01
1.418875500000000102e+03,1.697459999999999880e+01
1.418877899999999954e+03,1.712940000000000040e+01
1.418880400000000009e+03,1.733620000000000161e+01
1.418882800000000088e+03,1.750400000000000134e+01
1.418885299999999916e+03,1.753150000000000119e+01
1.418887699999999995e+03,1.738919999999999888e+01
1.418890100000000075e+03,1.713080000000000069e+01
1.418892599999999902e+03,1.684149999999999991e+01
1.418894999999999982e+03,1.658810000000000073e+01
1.418897500000000036e+03,1.641619999999999990e+01
1.418899899999999889e+03,1.636710000000000065e+01
1.418902299999999968e+03,1.646369999999999933e+01
1.418904800000000023e+03,1.666730000000000089e+01
1.418907200000000103e+03,1.687190000000000012e+01
1.418909699999999930e+03,1.697350000000000136e+01
1.418912100000000009e+03,1.694780000000000086e+01
1.418914600000000064e+03,1.685889999999999844e+01
1.418916999999999916e+03,1.679710000000000036e+01
1.418919399999999996e+03,1.680989999999999895e+01
1.418921900000000051e+03,1.687239999999999895e+01
1.418924299999999903e+03,1.691400000000000148e+01
1.418926799999999957e+03,1.688309999999999889e+01
1.418929200000000037e+03,1.679500000000000171e+01
1.418931599999999889e+03,1.671039999999999992e+01
1.418934099999999944e+03,1.667820000000000036e+01
1.418936500000000024e+03,1.671880000000000166e+01
1.418939000000000078e+03,1.684169999999999945e+01
1.418941399999999931e+03,1.703509999999999991e+01
1.418943800000000010e+03,1.723780000000000001e+01
1.418946300000000065e+03,1.736159999999999926e+01
1.418948699999999917e+03,1.735689999999999955e+01
1.418951199999999972e+03,1.724490000000000123e+01
1.418953600000000051e+03,1.709189999999999898e+01
1.418956100000000106e+03,1.696300000000000097e+01
1.418958499999999958e+03,1.689189999999999969e+01
1.418960900000000038e+03,1.687979999999999947e+01
1.418963400000000092e+03,1.691440000000000055e+01
1.418965799999999945e+03,1.697609999999999886e+01
1.418968299999999999e+03,1.702670000000000172e+01
1.418970700000000079e+03,1.702070000000000149e+01
1.418973099999999931e+03,1.694790000000000063e+01
1.418975599999999986e+03,1.685739999999999839e+01
1.418978000000000065e+03,1.682029999999999959e+01
1.418980499999999893e+03,1.686680000000000135e+01
1.418982899999999972e+03,1.696229999999999905e+01
1.418985400000000027e+03,1.704129999999999967e+01
1.418987800000000107e+03,1.706480000000000175e+01
1.418990199999999959e+03,1.704789999999999850e+01
1.418992700000000013e+03,1.703430000000000177e+01
1.418995100000000093e+03,1.704860000000000042e+01
1.418997599999999920e+03,1.707849999999999824e+01
1.419000000000000000e+03,1.710340000000000060e+01
1.419002400000000080e+03,1.712699999999999889e+01
1.419004899999999907e+03,1.716150000000000020e+01
1.419007299999999987e+03,1.719399999999999906e+01
1.419009800000000041e+03,1.719429999999999836e+01
1.419012199999999893e+03,1.716229999999999833e+01
1.419014599999999973e+03,1.714219999999999899e+01
1.419017100000000028e+03,1.717699999999999960e+01
1.419019500000000107e+03,1.725590000000000046e+01
1.419021999999999935e+03,1.731550000000000011e+01
1.419024400000000014e+03,1.729350000000000165e+01
1.419026900000000069e+03,1.718250000000000099e+01
1.419029299999999921e+03,1.703389999999999915e+01
1.419031700000000001e+03,1.691339999999999932e+01
1.419034200000000055e+03,1.685739999999999839e+01
1.419036599999999908e+03,1.686560000000000059e+01
1.419039099999999962e+03,1.692139999999999844e+01
1.419041500000000042e+03,1.701340000000000074e+01
1.419043899999999894e+03,1.714079999999999870e+01
1.419046399999999949e+03,1.730010000000000048e+01
1.419048800000000028e+03,1.746059999999999945e+01
1.419051300000000083e+03,1.755790000000000006e+01
1.419053699999999935e+03,1.752430000000000021e+01
1.419056199999999990e+03,1.733920000000000172e+01
1.419058600000000069e+03,1.705219999999999914e+01
1.419060999999999922e+03,1.675189999999999912e+01
1.419063499999999976e+03,1.650540000000000163e+01
1.419065900000000056e+03,1.632499999999999929e+01
1.419068400000000111e+03,1.619450000000000145e+01
1.419070799999999963e+03,1.612140000000000128e+01
1.419073200000000043e+03,1.615459999999999852e+01
1.419075700000000097e+03,1.634519999999999840e+01
1.419078099999999949e+03,1.668769999999999953e+01
1.419080600000000004e+03,1.710300000000000153e+01
1.419083000000000084e+03,1.747139999999999915e+01
1.419085399999999936e+03,1.768090000000000117e+01
1.419087899999999991e+03,1.767070000000000007e+01
1.419090300000000070e+03,1.747030000000000172e+01
1.419092799999999897e+03,1.719099999999999895e+01
1.419095199999999977e+03,1.695370000000000132e+01
1.419097700000000032e+03,1.682079999999999842e+01
1.419100100000000111e+03,1.678750000000000142e+01
1.419102499999999964e+03,1.680940000000000012e+01
1.419105000000000018e+03,1.682590000000000074e+01
1.419107400000000098e+03,1.678399999999999892e+01
1.419109899999999925e+03,1.667920000000000158e+01
1.419112300000000005e+03,1.657710000000000150e+01
1.419114700000000084e+03,1.657319999999999993e+01
1.419117199999999912e+03,1.671189999999999998e+01
1.419119599999999991e+03,1.694399999999999906e+01
1.419122100000000046e+03,1.715980000000000061e+01
1.419124499999999898e+03,1.725509999999999877e+01
1.419126999999999953e+03,1.718019999999999925e+01
1.419129400000000032e+03,1.696369999999999933e+01
1.419131800000000112e+03,1.671020000000000039e+01
1.419134299999999939e+03,1.655640000000000001e+01
1.419136700000000019e+03,1.660020000000000095e+01
1.419139200000000073e+03,1.684049999999999869e+01
1.419141599999999926e+03,1.716910000000000025e+01
1.419144000000000005e+03,1.742630000000000123e+01
1.419146500000000060e+03,1.749149999999999849e+01
1.419148899999999912e+03,1.735399999999999920e+01
1.419151399999999967e+03,1.711520000000000152e+01
1.419153800000000047e+03,1.691000000000000014e+01
1.419156199999999899e+03,1.680549999999999855e+01
1.419158699999999953e+03,1.677100000000000080e+01
1.419161100000000033e+03,1.673849999999999838e+01
1.419163600000000088e+03,1.668149999999999977e+01
1.419165999999999940e+03,1.663609999999999900e+01
1.419168499999999995e+03,1.665950000000000131e+01
1.419170900000000074e+03,1.676539999999999964e+01
1.419173299999999927e+03,1.689730000000000132e+01
1.419175799999999981e+03,1.697419999999999973e+01
1.419178200000000061e+03,1.696379999999999910e+01
1.419180699999999888e+03,1.689570000000000149e+01
1.419183099999999968e+03,1.681340000000000146e+01
1.419185500000000047e+03,1.674040000000000106e+01
1.419188000000000102e+03,1.668390000000000128e+01
1.419190399999999954e+03,1.663690000000000069e+01
1.419192900000000009e+03,1.657679999999999865e+01
1.419195300000000088e+03,1.648910000000000053e+01
1.419197799999999916e+03,1.638889999999999958e+01
1.419200199999999995e+03,1.630689999999999884e+01
1.419202600000000075e+03,1.626490000000000080e+01
1.419205099999999902e+03,1.627740000000000009e+01
1.419207499999999982e+03,1.635900000000000176e+01
1.419210000000000036e+03,1.650420000000000087e+01
1.419212399999999889e+03,1.666720000000000113e+01
1.419214799999999968e+03,1.678419999999999845e+01
1.419217300000000023e+03,1.681749999999999901e+01
1.419219700000000103e+03,1.677359999999999829e+01
1.419222199999999930e+03,1.668900000000000006e+01
1.419224600000000009e+03,1.660249999999999915e+01
1.419227100000000064e+03,1.653529999999999944e+01
1.419229499999999916e+03,1.649439999999999884e+01
1.419231899999999996e+03,1.649530000000000030e+01
1.419234400000000051e+03,1.656759999999999877e+01
1.419236799999999903e+03,1.673079999999999856e+01
1.419239299999999957e+03,1.696219999999999928e+01
1.419241700000000037e+03,1.718919999999999959e+01
1.419244099999999889e+03,1.732189999999999941e+01
1.419246599999999944e+03,1.731169999999999831e+01
1.419249000000000024e+03,1.718860000000000099e+01
1.419251500000000078e+03,1.704250000000000043e+01
1.419253899999999931e+03,1.696039999999999992e+01
1.419256300000000010e+03,1.696819999999999951e+01
1.419258800000000065e+03,1.702130000000000010e+01
1.419261199999999917e+03,1.705089999999999861e+01
1.419263699999999972e+03,1.702139999999999986e+01
1.419266100000000051e+03,1.693919999999999959e+01
1.419268600000000106e+03,1.681800000000000139e+01
1.419270999999999958e+03,1.666209999999999880e+01
1.419273400000000038e+03,1.649599999999999866e+01
1.419275900000000092e+03,1.638309999999999889e+01
1.419278299999999945e+03,1.638200000000000145e+01
1.419280799999999999e+03,1.648750000000000071e+01
1.419283200000000079e+03,1.662310000000000088e+01
1.419285599999999931e+03,1.670139999999999958e+01
1.419288099999999986e+03,1.669330000000000069e+01
1.419290500000000065e+03,1.663619999999999877e+01
1.419292999999999893e+03,1.657629999999999981e+01
1.419295399999999972e+03,1.651749999999999829e+01
1.419297900000000027e+03,1.643400000000000105e+01
1.419300300000000107e+03,1.632250000000000156e+01
1.419302699999999959e+03,1.622899999999999920e+01
1.419305200000000013e+03,1.621780000000000044e+01
1.419307600000000093e+03,1.631380000000000052e+01
1.419310099999999920e+03,1.647560000000000002e+01
1.419312500000000000e+03,1.662859999999999872e+01
1.419314900000000080e+03,1.672759999999999891e+01
1.419317399999999907e+03,1.678519999999999968e+01
1.419319799999999987e+03,1.683800000000000097e+01
1.419322300000000041e+03,1.689389999999999858e+01
1.419324699999999893e+03,1.692310000000000159e+01
1.419327099999999973e+03,1.689630000000000010e+01
1.419329600000000028e+03,1.681929999999999836e+01
1.419332000000000107e+03,1.672860000000000014e+01
1.419334499999999935e+03,1.666189999999999927e+01
1.419336900000000014e+03,1.663980000000000103e+01
1.419339400000000069e+03,1.666499999999999915e+01
1.419341799999999921e+03,1.672380000000000067e+01
1.419344200000000001e+03,1.678529999999999944e+01
1.419346700000000055e+03,1.681309999999999860e+01
1.419349099999999908e+03,1.678900000000000148e+01
1.419351599999999962e+03,1.672449999999999903e+01
1.419354000000000042e+03,1.665309999999999846e+01
1.419356399999999894e+03,1.660800000000000054e+01
1.419358899999999949e+03,1.659890000000000043e+01
1.419361300000000028e+03,1.660450000000000159e+01
1.419363800000000083e+03,1.659890000000000043e+01
1.419366199999999935e+03,1.658470000000000155e+01
1.419368699999999990e+03,1.659090000000000131e+01
1.419371100000000069e+03,1.663279999999999959e+01
1.419373499999999922e+03,1.668639999999999901e+01
1.419375999999999976e+03,1.671020000000000039e+01
1.419378400000000056e+03,1.668349999999999866e+01
1.419380900000000111e+03,1.661769999999999925e+01
1.419383299999999963e+03,1.654350000000000165e+01
1.419385700000000043e+03,1.649139999999999873e+01
1.419388200000000097e+03,1.647719999999999985e+01
1.419390599999999949e+03,1.649620000000000175e+01
1.419393100000000004e+03,1.652329999999999899e+01
1.419395500000000084e+03,1.652570000000000050e+01
1.419397899999999936e+03,1.649660000000000082e+01
1.419400399999999991e+03,1.647350000000000136e+01
1.419402800000000070e+03,1.650110000000000099e+01
1.419405299999999897e+03,1.657770000000000010e+01
1.419407699999999977e+03,1.666430000000000078e+01
1.419410200000000032e+03,1.674119999999999919e+01
1.419412600000000111e+03,1.682359999999999900e+01
1.419414999999999964e+03,1.692579999999999885e+01
1.419417500000000018e+03,1.703579999999999828e+01
1.419419900000000098e+03,1.712160000000000082e+01
1.419422399999999925e+03,1.715230000000000032e+01
1.419424800000000005e+03,1.712049999999999983e+01
1.419427200000000084e+03,1.705480000000000018e+01
1.419429699999999912e+03,1.699749999999999872e+01
1.419432099999999991e+03,1.696519999999999939e+01
1.419434600000000046e+03,1.693730000000000047e+01
1.419436999999999898e+03,1.688680000000000092e+01
1.419439499999999953e+03,1.681030000000000157e+01
1.419441900000000032e+03,1.672149999999999892e+01
1.419444300000000112e+03,1.663370000000000104e+01
1.419446799999999939e+03,1.656800000000000139e+01
1.419449200000000019e+03,1.656350000000000122e+01
1.419451700000000073e+03,1.664389999999999858e+01
1.419454099999999926e+03,1.676749999999999829e+01
1.419456500000000005e+03,1.684260000000000090e+01
1.419459000000000060e+03,1.680740000000000123e+01
1.419461399999999912e+03,1.668349999999999866e+01
1.419463899999999967e+03,1.654500000000000171e+01
1.419466300000000047e+03,1.644790000000000063e+01
1.419468800000000101e+03,1.639280000000000115e+01
1.419471199999999953e+03,1.634509999999999863e+01
1.419473600000000033e+03,1.628259999999999863e+01
1.419476100000000088e+03,1.622090000000000032e+01
1.419478499999999940e+03,1.619030000000000058e+01
1.419480999999999995e+03,1.619660000000000011e+01
1.419483400000000074e+03,1.622040000000000148e+01
1.419485799999999927e+03,1.624599999999999866e+01
1.419488299999999981e+03,1.626989999999999981e+01
1.419490700000000061e+03,1.628219999999999956e+01
1.419493199999999888e+03,1.626399999999999935e+01
1.419495599999999968e+03,1.621189999999999998e+01
1.419498000000000047e+03,1.615249999999999986e+01
1.419500500000000102e+03,1.612010000000000076e+01
1.419502899999999954e+03,1.613240000000000052e+01
1.419505400000000009e+03,1.619660000000000011e+01
1.419507800000000088e+03,1.631779999999999831e+01
1.419510299999999916e+03,1.647919999999999874e+01
1.419512699999999995e+03,1.663550000000000040e+01
1.419515100000000075e+03,1.674869999999999948e+01
1.419517599999999902e+03,1.681899999999999906e+01
1.419519999999999982e+03,1.686670000000000158e+01
1.419522500000000036e+03,1.689900000000000091e+01
1.419524899999999889e+03,1.690759999999999863e+01
1.419527299999999968e+03,1.688220000000000098e+01
1.419529800000000023e+03,1.682150000000000034e+01
1.419532200000000103e+03,1.673740000000000094e+01
1.419534699999999930e+03,1.664760000000000062e+01
1.419537100000000009e+03,1.655849999999999866e+01
1.419539600000000064e+03,1.646420000000000172e+01
1.419541999999999916e+03,1.636189999999999856e+01
1.419544399999999996e+03,1.626510000000000034e+01
1.419546900000000051e+03,1.619859999999999900e+01
1.419549299999999903e+03,1.617869999999999919e+01
1.419551799999999957e+03,1.619229999999999947e+01
1.419554200000000037e+03,1.620349999999999824e+01
1.419556599999999889e+03,1.618779999999999930e+01
1.419559099999999944e+03,1.615249999999999986e+01
1.419561500000000024e+03,1.612409999999999854e+01
1.419564000000000078e+03,1.612950000000000017e+01
1.419566399999999931e+03,1.618649999999999878e+01
1.419568800000000010e+03,1.628699999999999903e+01
1.419571300000000065e+03,1.638789999999999836e+01
1.419573699999999917e+03,1.644170000000000087e+01
1.419576199999999972e+03,1.644129999999999825e+01
1.419578600000000051e+03,1.642119999999999891e+01
1.419581100000000106e+03,1.641989999999999839e+01
1.419583499999999958e+03,1.645090000000000074e+01
1.419585900000000038e+03,1.649749999999999872e+01
1.419588400000000092e+03,1.652730000000000032e+01
1.419590799999999945e+03,1.651409999999999911e+01
1.419593299999999999e+03,1.644920000000000115e+01
1.419595700000000079e+03,1.634420000000000073e+01
1.419598099999999931e+03,1.623479999999999990e+01
1.419600599999999986e+03,1.616750000000000043e+01
1.419603000000000065e+03,1.616479999999999961e+01
1.419605499999999893e+03,1.620870000000000033e+01
1.419607899999999972e+03,1.626010000000000133e+01
1.419610400000000027e+03,1.628359999999999985e+01
1.419612800000000107e+03,1.625659999999999883e+01
1.419615199999999959e+03,1.618110000000000070e+01
1.419617700000000013e+03,1.609580000000000055e+01
1.419620100000000093e+03,1.605770000000000053e+01
1.419622599999999920e+03,1.609530000000000172e+01
1.419625000000000000e+03,1.618680000000000163e+01
1.419627400000000080e+03,1.628269999999999840e+01
1.419629899999999907e+03,1.633719999999999928e+01
1.419632299999999987e+03,1.632479999999999976e+01
1.419634800000000041e+03,1.625309999999999988e+01
1.419637199999999893e+03,1.617010000000000147e+01
1.419639599999999973e+03,1.613779999999999859e+01
1.419642100000000028e+03,1.618639999999999901e+01
1.419644500000000107e+03,1.629619999999999891e+01
1.419646999999999935e+03,1.642579999999999885e+01
1.419649400000000014e+03,1.655150000000000077e+01
1.419651900000000069e+03,1.668179999999999907e+01
1.419654299999999921e+03,1.683429999999999893e+01
1.419656700000000001e+03,1.700300000000000011e+01
1.419659200000000055e+03,1.715490000000000137e+01
1.419661599999999908e+03,1.725600000000000023e+01
1.419664099999999962e+03,1.728750000000000142e+01
1.419666500000000042e+03,1.724020000000000152e+01
1.419668899999999894e+03,1.711589999999999989e+01
1.419671399999999949e+03,1.694460000000000122e+01
1.419673800000000028e+03,1.678119999999999834e+01
1.419676300000000083e+03,1.667330000000000112e+01
1.419678699999999935e+03,1.663629999999999853e+01
1.419681199999999990e+03,1.665409999999999968e+01
1.419683600000000069e+03,1.668969999999999843e+01
1.419685999999999922e+03,1.669480000000000075e+01
1.419688499999999976e+03,1.662440000000000140e+01
1.419690900000000056e+03,1.646280000000000143e+01
1.419693400000000111e+03,1.624719999999999942e+01
1.419695799999999963e+03,1.606230000000000047e+01
1.419698200000000043e+03,1.599269999999999925e+01
1.419700700000000097e+03,1.606719999999999970e+01
1.419703099999999949e+03,1.624330000000000140e+01
1.419705600000000004e+03,1.643830000000000169e+01
1.419708000000000084e+03,1.657410000000000139e+01
1.419710399999999936e+03,1.661060000000000159e+01
1.419712899999999991e+03,1.655730000000000146e+01
1.419715300000000070e+03,1.646069999999999922e+01
1.419717799999999897e+03,1.637280000000000157e+01
1.419720199999999977e+03,1.632039999999999935e+01
1.419722700000000032e+03,1.629729999999999990e+01
1.419725100000000111e+03,1.628399999999999892e+01
1.419727499999999964e+03,1.627870000000000061e+01
1.419730000000000018e+03,1.630420000000000158e+01
1.419732400000000098e+03,1.638169999999999860e+01
1.419734899999999925e+03,1.650130000000000052e+01
1.419737300000000005e+03,1.661899999999999977e+01
1.419739700000000084e+03,1.667399999999999949e+01
1.419742199999999912e+03,1.661430000000000007e+01
1.419744599999999991e+03,1.643359999999999843e+01
1.419747100000000046e+03,1.619429999999999836e+01
1.419749499999999898e+03,1.599430000000000085e+01
1.419751999999999953e+03,1.589250000000000007e+01
1.419754400000000032e+03,1.587219999999999942e+01
1.419756800000000112e+03,1.588180000000000014e+01
1.419759299999999939e+03,1.589750000000000085e+01
1.419761700000000019e+03,1.594020000000000081e+01
1.419764200000000073e+03,1.603699999999999903e+01
1.419766599999999926e+03,1.617729999999999890e+01
1.419769000000000005e+03,1.631090000000000018e+01
1.419771500000000060e+03,1.639310000000000045e+01
1.419773899999999912e+03,1.642220000000000013e+01
1.419776399999999967e+03,1.642719999999999914e+01
1.419778800000000047e+03,1.642449999999999832e+01
1.419781199999999899e+03,1.639949999999999974e+01
1.419783699999999953e+03,1.633429999999999893e+01
1.419786100000000033e+03,1.624399999999999977e+01
1.419788600000000088e+03,1.617530000000000001e+01
1.419790999999999940e+03,1.617150000000000176e+01
1.419793499999999995e+03,1.624399999999999977e+01
1.419795900000000074e+03,1.637190000000000012e+01
1.419798299999999927e+03,1.651020000000000110e+01
1.419800799999999981e+03,1.660350000000000037e+01
1.419803200000000061e+03,1.661850000000000094e+01
1.419805699999999888e+03,1.657829999999999870e+01
1.419808099999999968e+03,1.655219999999999914e+01
1.419810500000000047e+03,1.659710000000000107e+01
1.419813000000000102e+03,1.670899999999999963e+01
1.419815399999999954e+03,1.683620000000000161e+01
1.419817900000000009e+03,1.692729999999999890e+01
1.419820300000000088e+03,1.695520000000000138e+01
1.419822799999999916e+03,1.691039999999999921e+01
1.419825199999999995e+03,1.679660000000000153e+01
1.419827600000000075e+03,1.664209999999999923e+01
1.419830099999999902e+03,1.649729999999999919e+01
1.419832499999999982e+03,1.639849999999999852e+01
1.419835000000000036e+03,1.634400000000000119e+01
1.419837399999999889e+03,1.631869999999999976e+01
1.419839799999999968e+03,1.632730000000000103e+01
1.419842300000000023e+03,1.637569999999999837e+01
1.419844700000000103e+03,1.643349999999999866e+01
1.419847199999999930e+03,1.644460000000000122e+01
1.419849600000000009e+03,1.638550000000000040e+01
1.419852100000000064e+03,1.629939999999999856e+01
1.419854499999999916e+03,1.625850000000000151e+01
1.419856899999999996e+03,1.629650000000000176e+01
1.419859400000000051e+03,1.638769999999999882e+01
1.419861799999999903e+03,1.648219999999999885e+01
1.419864299999999957e+03,1.654339999999999833e+01
1.419866700000000037e+03,1.655489999999999995e+01
1.419869099999999889e+03,1.651470000000000127e+01
1.419871599999999944e+03,1.643769999999999953e+01
1.419874000000000024e+03,1.635970000000000013e+01
1.419876500000000078e+03,1.632319999999999993e+01
1.419878899999999931e+03,1.635219999999999985e+01
1.419881300000000010e+03,1.643980000000000175e+01
1.419883800000000065e+03,1.655790000000000006e+01
1.419886199999999917e+03,1.667379999999999995e+01
1.419888699999999972e+03,1.676739999999999853e+01
1.419891100000000051e+03,1.684039999999999893e+01
1.419893600000000106e+03,1.690800000000000125e+01
1.419895999999999958e+03,1.698150000000000048e+01
1.419898400000000038e+03,1.705740000000000123e+01
1.419900900000000092e+03,1.712209999999999965e+01
1.419903299999999945e+03,1.716310000000000002e+01
1.419905799999999999e+03,1.718039999999999878e+01
1.419908200000000079e+03,1.718309999999999960e+01
1.419910599999999931e+03,1.717350000000000065e+01
1.419913099999999986e+03,1.713820000000000121e+01
1.419915500000000065e+03,1.707369999999999877e+01
1.419917999999999893e+03,1.701960000000000051e+01
1.419920399999999972e+03,1.703679999999999950e+01
1.419922900000000027e+03,1.713410000000000011e+01
1.419925300000000107e+03,1.723969999999999914e+01
1.419927699999999959e+03,1.727550000000000097e+01
1.419930200000000013e+03,1.724449999999999861e+01
1.419932600000000093e+03,1.721750000000000114e+01
1.419935099999999920e+03,1.724729999999999919e+01
1.419937500000000000e+03,1.733020000000000138e+01
1.419939900000000080e+03,1.745179999999999865e+01
1.419942399999999907e+03,1.764179999999999993e+01
1.419944799999999987e+03,1.798219999999999885e+01
1.419947300000000041e+03,1.856929999999999836e+01
1.419949699999999893e+03,1.941369999999999862e+01
1.419952099999999973e+03,2.031520000000000081e+01
1.419954600000000028e+03,2.088929999999999865e+01
1.419957000000000107e+03,2.084420000000000073e+01
1.419959499999999935e+03,2.025240000000000151e+01
1.419961900000000014e+03,1.948740000000000094e+01
1.419964400000000069e+03,1.890080000000000027e+01
1.419966799999999921e+03,1.860790000000000077e+01
1.419969200000000001e+03,1.854119999999999990e+01
1.419971700000000055e+03,1.859759999999999991e+01
1.419974099999999908e+03,1.870769999999999911e+01
1.419976599999999962e+03,1.882929999999999993e+01
1.419979000000000042e+03,1.893499999999999872e+01
1.419981399999999894e+03,1.900560000000000116e+01
1.419983899999999949e+03,1.901910000000000167e+01
1.419986300000000028e+03,1.895799999999999841e+01
1.419988800000000083e+03,1.884560000000000102e+01
1.419991199999999935e+03,1.877159999999999940e+01
1.419993699999999990e+03,1.885839999999999961e+01
1.419996100000000069e+03,1.918740000000000023e+01
1.419998499999999922e+03,1.973770000000000024e+01
1.420000999999999976e+03,2.036939999999999884e+01
1.420003400000000056e+03,2.086469999999999914e+01
1.420005900000000111e+03,2.103940000000000055e+01
1.420008299999999963e+03,2.086329999999999885e+01
1.420010700000000043e+03,2.047100000000000009e+01
1.420013200000000097e+03,2.004710000000000036e+01
1.420015599999999949e+03,1.970429999999999993e+01
1.420018100000000004e+03,1.945349999999999824e+01
1.420020500000000084e+03,1.924510000000000076e+01
1.420022899999999936e+03,1.902230000000000132e+01
1.420025399999999991e+03,1.876450000000000173e+01
1.420027800000000070e+03,1.851300000000000168e+01
1.420030299999999897e+03,1.835529999999999973e+01
1.420032699999999977e+03,1.838220000000000098e+01
1.420035200000000032e+03,1.865990000000000038e+01
1.420037600000000111e+03,1.921420000000000172e+01
1.420039999999999964e+03,1.996140000000000114e+01
1.420042500000000018e+03,2.062760000000000105e+01
1.420044900000000098e+03,2.084359999999999857e+01
1.420047399999999925e+03,2.043680000000000163e+01
1.420049800000000005e+03,1.960259999999999891e+01
1.420052200000000084e+03,1.872289999999999921e+01
1.420054699999999912e+03,1.806159999999999854e+01
1.420057099999999991e+03,1.766590000000000060e+01
1.420059600000000046e+03,1.746900000000000119e+01
1.420061999999999898e+03,1.740579999999999927e+01
1.420064499999999953e+03,1.744610000000000127e+01
1.420066900000000032e+03,1.755959999999999965e+01
1.420069300000000112e+03,1.767500000000000071e+01
1.420071799999999939e+03,1.769960000000000022e+01
1.420074200000000019e+03,1.758520000000000039e+01
1.420076700000000073e+03,1.736019999999999897e+01
1.420079099999999926e+03,1.709159999999999968e+01
1.420081500000000005e+03,1.683810000000000073e+01
1.420084000000000060e+03,1.664750000000000085e+01
1.420086399999999912e+03,1.656520000000000081e+01
1.420088899999999967e+03,1.661210000000000164e+01
1.420091300000000047e+03,1.675509999999999877e+01
1.420093800000000101e+03,1.691580000000000084e+01
1.420096199999999953e+03,1.701010000000000133e+01
1.420098600000000033e+03,1.698969999999999914e+01
1.420101100000000088e+03,1.686840000000000117e+01
1.420103499999999940e+03,1.671659999999999968e+01
1.420105999999999995e+03,1.661980000000000146e+01
1.420108400000000074e+03,1.662049999999999983e+01
1.420110799999999927e+03,1.668639999999999901e+01
1.420113299999999981e+03,1.674360000000000070e+01
1.420115700000000061e+03,1.674919999999999831e+01
1.420118199999999888e+03,1.672700000000000031e+01
1.420120599999999968e+03,1.672259999999999991e+01
1.420123000000000047e+03,1.674089999999999989e+01
1.420125500000000102e+03,1.674099999999999966e+01
1.420127899999999954e+03,1.668130000000000024e+01
1.420130400000000009e+03,1.655549999999999855e+01
1.420132800000000088e+03,1.639410000000000167e+01
1.420135299999999916e+03,1.624259999999999948e+01
1.420137699999999995e+03,1.613800000000000168e+01
1.420140100000000075e+03,1.610010000000000119e+01
1.420142599999999902e+03,1.613889999999999958e+01
1.420144999999999982e+03,1.624940000000000140e+01
1.420147500000000036e+03,1.639300000000000068e+01
1.420149899999999889e+03,1.650669999999999860e+01
1.420152299999999968e+03,1.655519999999999925e+01
1.420154800000000023e+03,1.656429999999999936e+01
1.420157200000000103e+03,1.659069999999999823e+01
1.420159699999999930e+03,1.666529999999999845e+01
1.420162100000000009e+03,1.677100000000000080e+01
1.420164600000000064e+03,1.685989999999999966e+01
1.420166999999999916e+03,1.687950000000000017e+01
1.420169399999999996e+03,1.680880000000000152e+01
1.420171900000000051e+03,1.669900000000000162e+01
1.420174299999999903e+03,1.666100000000000136e+01
1.420176799999999957e+03,1.676810000000000045e+01
1.420179200000000037e+03,1.697230000000000061e+01
1.420181599999999889e+03,1.714529999999999887e+01
1.420184099999999944e+03,1.719579999999999842e+01
1.420186500000000024e+03,1.711840000000000117e+01
1.420189000000000078e+03,1.694539999999999935e+01
1.420191399999999931e+03,1.670759999999999934e+01
1.420193800000000010e+03,1.645799999999999841e+01
1.420196300000000065e+03,1.628600000000000136e+01
1.420198699999999917e+03,1.626790000000000092e+01
1.420201199999999972e+03,1.640139999999999887e+01
1.420203600000000051e+03,1.659799999999999898e+01
1.420206100000000106e+03,1.673379999999999868e+01
1.420208499999999958e+03,1.672100000000000009e+01
1.420210900000000038e+03,1.656139999999999901e+01
1.420213400000000092e+03,1.634230000000000160e+01
1.420215799999999945e+03,1.617289999999999850e+01
1.420218299999999999e+03,1.610999999999999943e+01
1.420220700000000079e+03,1.613759999999999906e+01
1.420223099999999931e+03,1.620400000000000063e+01
1.420225599999999986e+03,1.626980000000000004e+01
1.420228000000000065e+03,1.632219999999999871e+01
1.420230499999999893e+03,1.635770000000000124e+01
1.420232899999999972e+03,1.636769999999999925e+01
1.420235400000000027e+03,1.634860000000000113e+01
1.420237800000000107e+03,1.631250000000000000e+01
1.420240199999999959e+03,1.627359999999999829e+01
1.420242700000000013e+03,1.623229999999999862e+01
1.420245100000000093e+03,1.618540000000000134e+01
1.420247599999999920e+03,1.613970000000000127e+01
1.420250000000000000e+03,1.610729999999999862e+01
1.420252400000000080e+03,1.610320000000000107e+01
1.420254899999999907e+03,1.614859999999999829e+01
1.420257299999999987e+03,1.624919999999999831e+01
1.420259800000000041e+03,1.636530000000000129e+01
1.420262199999999893e+03,1.643390000000000128e+01
1.420264599999999973e+03,1.642630000000000123e+01
1.420267100000000028e+03,1.636639999999999873e+01
1.420269500000000107e+03,1.629530000000000101e+01
1.420271999999999935e+03,1.623829999999999885e+01
1.420274400000000014e+03,1.620200000000000173e+01
1.420276900000000069e+03,1.618070000000000164e+01
1.420279299999999921e+03,1.616310000000000002e+01
1.420281700000000001e+03,1.614010000000000034e+01
1.420284200000000055e+03,1.611120000000000019e+01
1.420286599999999908e+03,1.608960000000000079e+01
1.420289099999999962e+03,1.610940000000000083e+01
1.420291500000000042e+03,1.621689999999999898e+01
1.420293899999999894e+03,1.643059999999999832e+01
1.420296399999999949e+03,1.669900000000000162e+01
1.420298800000000028e+03,1.691760000000000019e+01
1.420301300000000083e+03,1.700700000000000145e+01
1.420303699999999935e+03,1.697030000000000172e+01
1.420306199999999990e+03,1.687669999999999959e+01
1.420308600000000069e+03,1.680409999999999826e+01
1.420310999999999922e+03,1.679860000000000042e+01
1.420313499999999976e+03,1.686080000000000112e+01
1.420315900000000056e+03,1.696209999999999951e+01
1.420318400000000111e+03,1.707750000000000057e+01
1.420320799999999963e+03,1.720570000000000022e+01
1.420323200000000043e+03,1.735879999999999868e+01
1.420325700000000097e+03,1.753900000000000148e+01
1.420328099999999949e+03,1.772790000000000177e+01
1.420330600000000004e+03,1.789590000000000103e+01
1.420333000000000084e+03,1.802080000000000126e+01
1.420335399999999936e+03,1.810910000000000153e+01
1.420337899999999991e+03,1.819429999999999836e+01
1.420340300000000070e+03,1.830160000000000053e+01
1.420342799999999897e+03,1.842020000000000124e+01
1.420345199999999977e+03,1.852680000000000149e+01
1.420347700000000032e+03,1.862800000000000011e+01
1.420350100000000111e+03,1.875629999999999953e+01
1.420352499999999964e+03,1.892660000000000053e+01
1.420355000000000018e+03,1.911720000000000041e+01
1.420357400000000098e+03,1.929830000000000112e+01
1.420359899999999925e+03,1.947380000000000067e+01
1.420362300000000005e+03,1.968230000000000146e+01
1.420364700000000084e+03,1.994350000000000023e+01
1.420367199999999912e+03,2.021300000000000097e+01
1.420369599999999991e+03,2.041710000000000136e+01
1.420372100000000046e+03,2.053500000000000014e+01
1.420374499999999898e+03,2.062890000000000157e+01
1.420376999999999953e+03,2.079139999999999944e+01
1.420379400000000032e+03,2.106820000000000093e+01
1.420381800000000112e+03,2.142960000000000065e+01
1.420384299999999939e+03,2.181190000000000140e+01
1.420386700000000019e+03,2.218870000000000076e+01
1.420389200000000073e+03,2.259009999999999962e+01
1.420391599999999926e+03,2.304449999999999932e+01
1.420394000000000005e+03,2.351950000000000074e+01
1.420396500000000060e+03,2.394180000000000064e+01
1.420398899999999912e+03,2.427280000000000015e+01
1.420401399999999967e+03,2.455069999999999908e+01
1.420403800000000047e+03,2.485249999999999915e+01
1.420406199999999899e+03,2.522050000000000125e+01
1.420408699999999953e+03,2.563050000000000139e+01
1.420411100000000033e+03,2.603350000000000009e+01
1.420413600000000088e+03,2.641169999999999973e+01
1.420415999999999940e+03,2.677799999999999869e+01
1.420418499999999995e+03,2.713759999999999906e+01
1.420420900000000074e+03,2.748329999999999984e+01
1.420423299999999927e+03,2.782310000000000016e+01
1.420425799999999981e+03,2.818459999999999965e+01
1.420428200000000061e+03,2.858960000000000079e+01
1.420430699999999888e+03,2.903679999999999950e+01
1.420433099999999968e+03,2.949960000000000093e+01
1.420435500000000047e+03,2.993250000000000099e+01
1.420438000000000102e+03,3.029309999999999903e+01
1.420440399999999954e+03,3.056960000000000122e+01
1.420442900000000009e+03,3.078200000000000003e+01
1.420445300000000088e+03,3.094610000000000127e+01
1.420447799999999916e+03,3.103630000000000067e+01
1.420450199999999995e+03,3.099429999999999907e+01
1.420452600000000075e+03,3.079410000000000025e+01
1.420455099999999902e+03,3.050199999999999889e+01
1.420457499999999982e+03,3.025679999999999836e+01
1.420460000000000036e+03,3.017599999999999838e+01
1.420462399999999889e+03,3.026729999999999876e+01
1.420464799999999968e+03,3.042229999999999990e+01
1.420467300000000023e+03,3.050140000000000029e+01
1.420469700000000103e+03,3.043560000000000088e+01
1.420472199999999930e+03,3.025100000000000122e+01
1.420474600000000009e+03,3.001219999999999999e+01
1.420477100000000064e+03,2.976239999999999952e+01
1.420479499999999916e+03,2.951269999999999882e+01
1.420481899999999996e+03,2.926760000000000161e+01
1.420484400000000051e+03,2.904840000000000089e+01
1.420486799999999903e+03,2.889359999999999928e+01
1.420489299999999957e+03,2.883170000000000144e+01
1.420491700000000037e+03,2.884509999999999863e+01
1.420494099999999889e+03,2.886270000000000024e+01
1.420496599999999944e+03,2.879670000000000130e+01
1.420499000000000024e+03,2.859459999999999980e+01
1.420501500000000078e+03,2.827309999999999945e+01
1.420503899999999931e+03,2.791159999999999997e+01
1.420506300000000010e+03,2.760160000000000124e+01
1.420508800000000065e+03,2.737979999999999947e+01
1.420511199999999917e+03,2.721669999999999945e+01
1.420513699999999972e+03,2.707629999999999981e+01
1.420516100000000051e+03,2.696259999999999835e+01
1.420518600000000106e+03,2.689489999999999981e+01
1.420520999999999958e+03,2.686439999999999984e+01
1.420523400000000038e+03,2.683909999999999840e+01
1.420525900000000092e+03,2.680509999999999948e+01
1.420528299999999945e+03,2.678369999999999962e+01
1.420530799999999999e+03,2.680389999999999873e+01
1.420533200000000079e+03,2.686540000000000106e+01
1.420535599999999931e+03,2.692909999999999826e+01
1.420538099999999986e+03,2.693959999999999866e+01
1.420540500000000065e+03,2.685630000000000095e+01
1.420542999999999893e+03,2.667539999999999978e+01
1.420545399999999972e+03,2.644040000000000035e+01
1.420547900000000027e+03,2.623049999999999926e+01
1.420550300000000107e+03,2.611270000000000024e+01
1.420552699999999959e+03,2.609290000000000020e+01
1.420555200000000013e+03,2.611649999999999849e+01
1.420557600000000093e+03,2.611720000000000041e+01
1.420560099999999920e+03,2.605940000000000012e+01
1.420562500000000000e+03,2.594640000000000057e+01
1.420564900000000080e+03,2.581030000000000157e+01
1.420567399999999907e+03,2.569050000000000011e+01
1.420569799999999987e+03,2.560549999999999926e+01
1.420572300000000041e+03,2.554510000000000147e+01
1.420574699999999893e+03,2.548910000000000053e+01
1.420577099999999973e+03,2.542310000000000159e+01
1.420579600000000028e+03,2.533820000000000050e+01
1.420582000000000107e+03,2.523349999999999937e+01
1.420584499999999935e+03,2.511880000000000024e+01
1.420586900000000014e+03,2.499419999999999931e+01
1.420589400000000069e+03,2.482600000000000051e+01
1.420591799999999921e+03,2.456370000000000076e+01
1.420594200000000001e+03,2.419500000000000028e+01
1.420596700000000055e+03,2.377619999999999933e+01
1.420599099999999908e+03,2.339979999999999905e+01
1.420601599999999962e+03,2.312839999999999918e+01
1.420604000000000042e+03,2.295830000000000126e+01
1.420606399999999894e+03,2.284430000000000049e+01
1.420608899999999949e+03,2.274690000000000012e+01
1.420611300000000028e+03,2.264920000000000044e+01
1.420613800000000083e+03,2.254260000000000019e+01
1.420616199999999935e+03,2.241829999999999856e+01
1.420618699999999990e+03,2.226970000000000027e+01
1.420621100000000069e+03,2.209459999999999980e+01
1.420623499999999922e+03,2.189989999999999881e+01
1.420625999999999976e+03,2.170949999999999847e+01
1.420628400000000056e+03,2.155180000000000007e+01
1.420630900000000111e+03,2.142930000000000135e+01
1.420633299999999963e+03,2.130460000000000065e+01
1.420635700000000043e+03,2.112490000000000023e+01
1.420638200000000097e+03,2.086670000000000158e+01
1.420640599999999949e+03,2.056500000000000128e+01
1.420643100000000004e+03,2.028920000000000101e+01
1.420645500000000084e+03,2.007789999999999964e+01
1.420647899999999936e+03,1.990469999999999828e+01
1.420650399999999991e+03,1.971750000000000114e+01
1.420652800000000070e+03,1.950359999999999872e+01
1.420655299999999897e+03,1.931159999999999854e+01
1.420657699999999977e+03,1.921420000000000172e+01
1.420660200000000032e+03,1.924970000000000070e+01
1.420662600000000111e+03,1.938810000000000144e+01
1.420664999999999964e+03,1.954879999999999995e+01
1.420667500000000018e+03,1.965159999999999840e+01
1.420669900000000098e+03,1.966009999999999991e+01
1.420672399999999925e+03,1.958950000000000102e+01
1.420674800000000005e+03,1.949109999999999943e+01
1.420677200000000084e+03,1.942190000000000083e+01
1.420679699999999912e+03,1.940749999999999886e+01
1.420682099999999991e+03,1.942379999999999995e+01
1.420684600000000046e+03,1.942670000000000030e+01
1.420686999999999898e+03,1.940139999999999887e+01
1.420689499999999953e+03,1.936329999999999885e+01
1.420691900000000032e+03,1.931210000000000093e+01
1.420694300000000112e+03,1.921880000000000166e+01
1.420696799999999939e+03,1.907519999999999882e+01
1.420699200000000019e+03,1.893080000000000140e+01
1.420701700000000073e+03,1.885770000000000124e+01
1.420704099999999926e+03,1.887669999999999959e+01
1.420706500000000005e+03,1.892549999999999955e+01
1.420709000000000060e+03,1.890739999999999910e+01
1.420711399999999912e+03,1.877860000000000085e+01
1.420713899999999967e+03,1.859100000000000108e+01
1.420716300000000047e+03,1.844770000000000110e+01
1.420718800000000101e+03,1.842689999999999984e+01
1.420721199999999953e+03,1.854260000000000019e+01
1.420723600000000033e+03,1.875169999999999959e+01
1.420726100000000088e+03,1.897459999999999880e+01
1.420728499999999940e+03,1.912500000000000000e+01
1.420730999999999995e+03,1.914509999999999934e+01
1.420733400000000074e+03,1.902590000000000003e+01
1.420735799999999927e+03,1.880740000000000123e+01
1.420738299999999981e+03,1.856670000000000087e+01
1.420740700000000061e+03,1.837809999999999988e+01
1.420743199999999888e+03,1.825710000000000122e+01
1.420745599999999968e+03,1.815599999999999881e+01
1.420748000000000047e+03,1.803399999999999892e+01
1.420750500000000102e+03,1.791219999999999857e+01
1.420752899999999954e+03,1.784230000000000160e+01
1.420755400000000009e+03,1.784380000000000166e+01
1.420757800000000088e+03,1.788990000000000080e+01
1.420760299999999916e+03,1.793550000000000111e+01
1.420762699999999995e+03,1.793840000000000146e+01
1.420765100000000075e+03,1.786949999999999861e+01
1.420767599999999902e+03,1.772850000000000037e+01
1.420769999999999982e+03,1.755730000000000146e+01
1.420772500000000036e+03,1.742010000000000147e+01
1.420774899999999889e+03,1.735719999999999885e+01
1.420777299999999968e+03,1.735999999999999943e+01
1.420779800000000023e+03,1.738769999999999882e+01
1.420782200000000103e+03,1.739969999999999928e+01
1.420784699999999930e+03,1.737559999999999860e+01
1.420787100000000009e+03,1.731680000000000064e+01
1.420789600000000064e+03,1.723799999999999955e+01
1.420791999999999916e+03,1.715390000000000015e+01
1.420794399999999996e+03,1.707329999999999970e+01
1.420796900000000051e+03,1.700319999999999965e+01
1.420799299999999903e+03,1.695880000000000010e+01
1.420801799999999957e+03,1.696490000000000009e+01
1.420804200000000037e+03,1.703790000000000049e+01
1.420806599999999889e+03,1.715940000000000154e+01
1.420809099999999944e+03,1.727169999999999916e+01
1.420811500000000024e+03,1.730570000000000164e+01
1.420814000000000078e+03,1.722250000000000014e+01
1.420816399999999931e+03,1.704660000000000153e+01
1.420818800000000010e+03,1.686929999999999907e+01
1.420821300000000065e+03,1.679469999999999885e+01
1.420823699999999917e+03,1.686080000000000112e+01
1.420826199999999972e+03,1.701289999999999836e+01
1.420828600000000051e+03,1.714720000000000155e+01
1.420831100000000106e+03,1.717569999999999908e+01
1.420833499999999958e+03,1.707629999999999981e+01
1.420835900000000038e+03,1.691339999999999932e+01
1.420838400000000092e+03,1.679550000000000054e+01
1.420840799999999945e+03,1.678839999999999932e+01
1.420843299999999999e+03,1.686809999999999832e+01
1.420845700000000079e+03,1.695289999999999964e+01
1.420848099999999931e+03,1.696890000000000143e+01
1.420850599999999986e+03,1.689590000000000103e+01
1.420853000000000065e+03,1.677870000000000061e+01
1.420855499999999893e+03,1.669620000000000104e+01
1.420857899999999972e+03,1.669729999999999848e+01
1.420860400000000027e+03,1.676160000000000139e+01
1.420862800000000107e+03,1.683040000000000092e+01
1.420865199999999959e+03,1.686690000000000111e+01
1.420867700000000013e+03,1.687239999999999895e+01
1.420870100000000093e+03,1.685079999999999956e+01
1.420872599999999920e+03,1.678590000000000160e+01
1.420875000000000000e+03,1.666150000000000020e+01
1.420877400000000080e+03,1.649239999999999995e+01
1.420879899999999907e+03,1.632959999999999923e+01
1.420882299999999987e+03,1.623349999999999937e+01
1.420884800000000041e+03,1.623570000000000135e+01
1.420887199999999893e+03,1.631690000000000040e+01
1.420889599999999973e+03,1.641850000000000165e+01
1.420892100000000028e+03,1.647660000000000124e+01
1.420894500000000107e+03,1.645769999999999911e+01
1.420896999999999935e+03,1.637849999999999895e+01
1.420899400000000014e+03,1.629260000000000019e+01
1.420901900000000069e+03,1.625989999999999824e+01
1.420904299999999921e+03,1.632829999999999870e+01
1.420906700000000001e+03,1.651760000000000161e+01
1.420909200000000055e+03,1.678979999999999961e+01
1.420911599999999908e+03,1.704939999999999856e+01
1.420914099999999962e+03,1.720560000000000045e+01
1.420916500000000042e+03,1.723219999999999885e+01
1.420918899999999894e+03,1.716590000000000060e+01
1.420921399999999949e+03,1.707229999999999848e+01
1.420923800000000028e+03,1.701670000000000016e+01
1.420926300000000083e+03,1.702730000000000032e+01
1.420928699999999935e+03,1.706439999999999912e+01
1.420931199999999990e+03,1.705049999999999955e+01
1.420933600000000069e+03,1.694900000000000162e+01
1.420935999999999922e+03,1.679820000000000135e+01
1.420938499999999976e+03,1.666319999999999979e+01
1.420940900000000056e+03,1.657069999999999865e+01
1.420943400000000111e+03,1.649849999999999994e+01
1.420945799999999963e+03,1.641529999999999845e+01
1.420948200000000043e+03,1.631279999999999930e+01
1.420950700000000097e+03,1.620329999999999870e+01
1.420953099999999949e+03,1.610790000000000077e+01
1.420955600000000004e+03,1.605900000000000105e+01
1.420958000000000084e+03,1.609540000000000148e+01
1.420960399999999936e+03,1.622530000000000072e+01
1.420962899999999991e+03,1.639610000000000056e+01
1.420965300000000070e+03,1.652410000000000068e+01
1.420967799999999897e+03,1.657019999999999982e+01
1.420970199999999977e+03,1.657649999999999935e+01
1.420972700000000032e+03,1.661339999999999861e+01
1.420975100000000111e+03,1.669409999999999883e+01
1.420977499999999964e+03,1.675479999999999947e+01
1.420980000000000018e+03,1.672350000000000136e+01
1.420982400000000098e+03,1.660069999999999979e+01
1.420984899999999925e+03,1.645949999999999847e+01
1.420987300000000005e+03,1.637010000000000076e+01
1.420989700000000084e+03,1.634149999999999991e+01
1.420992199999999912e+03,1.633330000000000126e+01
1.420994599999999991e+03,1.630940000000000012e+01
1.420997100000000046e+03,1.627819999999999823e+01
1.420999499999999898e+03,1.628460000000000107e+01
1.421001999999999953e+03,1.635930000000000106e+01
1.421004400000000032e+03,1.647550000000000026e+01
1.421006800000000112e+03,1.657029999999999959e+01
1.421009299999999939e+03,1.660579999999999856e+01
1.421011700000000019e+03,1.659659999999999869e+01
1.421014200000000073e+03,1.657750000000000057e+01
1.421016599999999926e+03,1.655969999999999942e+01
1.421019000000000005e+03,1.652520000000000167e+01
1.421021500000000060e+03,1.645449999999999946e+01
1.421023899999999912e+03,1.634880000000000067e+01
1.421026399999999967e+03,1.622970000000000113e+01
1.421028800000000047e+03,1.612849999999999895e+01
1.421031199999999899e+03,1.607989999999999853e+01
1.421033699999999953e+03,1.610650000000000048e+01
1.421036100000000033e+03,1.619300000000000139e+01
1.421038600000000088e+03,1.627939999999999898e+01
1.421040999999999940e+03,1.630209999999999937e+01
1.421043499999999995e+03,1.625270000000000081e+01
1.421045900000000074e+03,1.618570000000000064e+01
1.421048299999999927e+03,1.616100000000000136e+01
1.421050799999999981e+03,1.618629999999999924e+01
1.421053200000000061e+03,1.622560000000000002e+01
1.421055699999999888e+03,1.624399999999999977e+01
1.421058099999999968e+03,1.623150000000000048e+01
1.421060500000000047e+03,1.619379999999999953e+01
1.421063000000000102e+03,1.613579999999999970e+01
1.421065399999999954e+03,1.606709999999999994e+01
1.421067900000000009e+03,1.601829999999999998e+01
1.421070300000000088e+03,1.603020000000000067e+01
1.421072799999999916e+03,1.611850000000000094e+01
1.421075199999999995e+03,1.626300000000000168e+01
1.421077600000000075e+03,1.643029999999999902e+01
1.421080099999999902e+03,1.658980000000000032e+01
1.421082499999999982e+03,1.670360000000000156e+01
1.421085000000000036e+03,1.673069999999999879e+01
1.421087399999999889e+03,1.666159999999999997e+01
1.421089799999999968e+03,1.653999999999999915e+01
1.421092300000000023e+03,1.643380000000000152e+01
1.421094700000000103e+03,1.637910000000000110e+01
1.421097199999999930e+03,1.635300000000000153e+01
1.421099600000000009e+03,1.629609999999999914e+01
1.421102100000000064e+03,1.616689999999999827e+01
1.421104499999999916e+03,1.598789999999999978e+01
1.421106899999999996e+03,1.583939999999999948e+01
1.421109400000000051e+03,1.578870000000000040e+01
1.421111799999999903e+03,1.582680000000000042e+01
1.421114299999999957e+03,1.588630000000000031e+01
1.421116700000000037e+03,1.591360000000000063e+01
1.421119099999999889e+03,1.590409999999999968e+01
1.421121599999999944e+03,1.587589999999999968e+01
1.421124000000000024e+03,1.582779999999999987e+01
1.421126500000000078e+03,1.574080000000000013e+01
1.421128899999999931e+03,1.561899999999999977e+01
1.421131300000000010e+03,1.550900000000000034e+01
1.421133800000000065e+03,1.546250000000000036e+01
1.421136199999999917e+03,1.549499999999999922e+01
1.421138699999999972e+03,1.559779999999999944e+01
1.421141100000000051e+03,1.576750000000000007e+01
1.421143600000000106e+03,1.598799999999999955e+01
1.421145999999999958e+03,1.619950000000000045e+01
1.421148400000000038e+03,1.632789999999999964e+01
1.421150900000000092e+03,1.634880000000000067e+01
1.421153299999999945e+03,1.630069999999999908e+01
1.421155799999999999e+03,1.623620000000000019e+01
1.421158200000000079e+03,1.618720000000000070e+01
1.421160599999999931e+03,1.617289999999999850e+01
1.421163099999999986e+03,1.620339999999999847e+01
1.421165500000000065e+03,1.626500000000000057e+01
1.421167999999999893e+03,1.632029999999999959e+01
1.421170399999999972e+03,1.633780000000000143e+01
1.421172900000000027e+03,1.631810000000000116e+01
1.421175300000000107e+03,1.628940000000000055e+01
1.421177699999999959e+03,1.627850000000000108e+01
1.421180200000000013e+03,1.628569999999999851e+01
1.421182600000000093e+03,1.628569999999999851e+01
1.421185099999999920e+03,1.625349999999999895e+01
1.421187500000000000e+03,1.618750000000000000e+01
1.421189900000000080e+03,1.611019999999999897e+01
1.421192399999999907e+03,1.604690000000000083e+01
1.421194799999999987e+03,1.600649999999999906e+01
1.421197300000000041e+03,1.598530000000000051e+01
1.421199699999999893e+03,1.598980000000000068e+01
1.421202099999999973e+03,1.604220000000000113e+01
1.421204600000000028e+03,1.615070000000000050e+01
1.421207000000000107e+03,1.627860000000000085e+01
1.421209499999999935e+03,1.636149999999999949e+01
1.421211900000000014e+03,1.636309999999999931e+01
1.421214400000000069e+03,1.630780000000000030e+01
1.421216799999999921e+03,1.625080000000000169e+01
1.421219200000000001e+03,1.622409999999999997e+01
1.421221700000000055e+03,1.621890000000000143e+01
1.421224099999999908e+03,1.621880000000000166e+01
1.421226599999999962e+03,1.623389999999999844e+01
1.421229000000000042e+03,1.629410000000000025e+01
1.421231399999999894e+03,1.640480000000000160e+01
1.421233899999999949e+03,1.651719999999999899e+01
1.421236300000000028e+03,1.655880000000000152e+01
1.421238800000000083e+03,1.649170000000000158e+01
1.421241199999999935e+03,1.632989999999999853e+01
1.421243699999999990e+03,1.611649999999999849e+01
1.421246100000000069e+03,1.591319999999999979e+01
1.421248499999999922e+03,1.579420000000000002e+01
1.421250999999999976e+03,1.580310000000000059e+01
1.421253400000000056e+03,1.590779999999999994e+01
1.421255900000000111e+03,1.602139999999999986e+01
1.421258299999999963e+03,1.607799999999999940e+01
1.421260700000000043e+03,1.608259999999999934e+01
1.421263200000000097e+03,1.608650000000000091e+01
1.421265599999999949e+03,1.612280000000000157e+01
1.421268100000000004e+03,1.617340000000000089e+01
1.421270500000000084e+03,1.620220000000000127e+01
1.421272899999999936e+03,1.620570000000000022e+01
1.421275399999999991e+03,1.621300000000000097e+01
1.421277800000000070e+03,1.624060000000000059e+01
1.421280299999999897e+03,1.626470000000000127e+01
1.421282699999999977e+03,1.624540000000000006e+01
1.421285200000000032e+03,1.616979999999999862e+01
1.421287600000000111e+03,1.606759999999999877e+01
1.421289999999999964e+03,1.598869999999999969e+01
1.421292500000000018e+03,1.596679999999999922e+01
1.421294900000000098e+03,1.599770000000000003e+01
1.421297399999999925e+03,1.604050000000000153e+01
1.421299800000000005e+03,1.604420000000000002e+01
1.421302200000000084e+03,1.598760000000000048e+01
1.421304699999999912e+03,1.590010000000000012e+01
1.421307099999999991e+03,1.583249999999999957e+01
1.421309600000000046e+03,1.580610000000000070e+01
1.421311999999999898e+03,1.580729999999999968e+01
1.421314499999999953e+03,1.583460000000000001e+01
1.421316900000000032e+03,1.592239999999999966e+01
1.421319300000000112e+03,1.609410000000000096e+01
1.421321799999999939e+03,1.630920000000000059e+01
1.421324200000000019e+03,1.648829999999999885e+01
1.421326700000000073e+03,1.658739999999999881e+01
1.421329099999999926e+03,1.661990000000000123e+01
1.421331500000000005e+03,1.661199999999999832e+01
1.421334000000000060e+03,1.656289999999999907e+01
1.421336399999999912e+03,1.645980000000000132e+01
1.421338899999999967e+03,1.631650000000000134e+01
1.421341300000000047e+03,1.618540000000000134e+01
1.421343800000000101e+03,1.612040000000000006e+01
1.421346199999999953e+03,1.612620000000000076e+01
1.421348600000000033e+03,1.615060000000000073e+01
1.421351100000000088e+03,1.612699999999999889e+01
1.421353499999999940e+03,1.602570000000000050e+01
1.421355999999999995e+03,1.587349999999999994e+01
1.421358400000000074e+03,1.573259999999999970e+01
1.421360799999999927e+03,1.565429999999999922e+01
1.421363299999999981e+03,1.564489999999999981e+01
1.421365700000000061e+03,1.568149999999999977e+01
1.421368199999999888e+03,1.575319999999999965e+01
1.421370599999999968e+03,1.586650000000000027e+01
1.421373000000000047e+03,1.600080000000000169e+01
1.421375500000000102e+03,1.608980000000000032e+01
1.421377899999999954e+03,1.607440000000000069e+01
1.421380400000000009e+03,1.596930000000000049e+01
1.421382800000000088e+03,1.585950000000000060e+01
1.421385299999999916e+03,1.583060000000000045e+01
1.421387699999999995e+03,1.590799999999999947e+01
1.421390100000000075e+03,1.605180000000000007e+01
1.421392599999999902e+03,1.619219999999999970e+01
1.421394999999999982e+03,1.627199999999999847e+01
1.421397500000000036e+03,1.627890000000000015e+01
1.421399899999999889e+03,1.624409999999999954e+01
1.421402299999999968e+03,1.620649999999999835e+01
1.421404800000000023e+03,1.617980000000000018e+01
1.421407200000000103e+03,1.615240000000000009e+01
1.421409699999999930e+03,1.609860000000000113e+01
1.421412100000000009e+03,1.599070000000000036e+01
1.421414600000000064e+03,1.582329999999999970e+01
1.421416999999999916e+03,1.564070000000000071e+01
1.421419399999999996e+03,1.552730000000000032e+01
1.421421900000000051e+03,1.554800000000000004e+01
1.421424299999999903e+03,1.569430000000000014e+01
1.421426799999999957e+03,1.588749999999999929e+01
1.421429200000000037e+03,1.603610000000000113e+01
1.421431599999999889e+03,1.609390000000000143e+01
1.421434099999999944e+03,1.607849999999999824e+01
1.421436500000000024e+03,1.604700000000000060e+01
1.421439000000000078e+03,1.605649999999999977e+01
1.421441399999999931e+03,1.613329999999999842e+01
1.421443800000000010e+03,1.625840000000000174e+01
1.421446300000000065e+03,1.637290000000000134e+01
1.421448699999999917e+03,1.641029999999999944e+01
1.421451199999999972e+03,1.634459999999999980e+01
1.421453600000000051e+03,1.621699999999999875e+01
1.421456100000000106e+03,1.611289999999999978e+01
1.421458499999999958e+03,1.610820000000000007e+01
1.421460900000000038e+03,1.621610000000000085e+01
1.421463400000000092e+03,1.637780000000000058e+01
1.421465799999999945e+03,1.651360000000000028e+01
1.421468299999999999e+03,1.658370000000000033e+01
1.421470700000000079e+03,1.659580000000000055e+01
1.421473099999999931e+03,1.657460000000000022e+01
1.421475599999999986e+03,1.654700000000000060e+01
1.421478000000000065e+03,1.654260000000000019e+01
1.421480499999999893e+03,1.658310000000000173e+01
1.421482899999999972e+03,1.666629999999999967e+01
1.421485400000000027e+03,1.676829999999999998e+01
1.421487800000000107e+03,1.686550000000000082e+01
1.421490199999999959e+03,1.694689999999999941e+01
1.421492700000000013e+03,1.700479999999999947e+01
1.421495100000000093e+03,1.702670000000000172e+01
1.421497599999999920e+03,1.700199999999999889e+01
1.421500000000000000e+03,1.693179999999999907e+01
1.421502400000000080e+03,1.682499999999999929e+01
1.421504899999999907e+03,1.669500000000000028e+01
1.421507299999999987e+03,1.656800000000000139e+01
1.421509800000000041e+03,1.648329999999999984e+01
1.421512199999999893e+03,1.646569999999999823e+01
1.421514599999999973e+03,1.650309999999999988e+01
1.421517100000000028e+03,1.656099999999999994e+01
1.421519500000000107e+03,1.660750000000000171e+01
1.421521999999999935e+03,1.661479999999999890e+01
1.421524400000000014e+03,1.655559999999999832e+01
1.421526900000000069e+03,1.642869999999999919e+01
1.421529299999999921e+03,1.628450000000000131e+01
1.421531700000000001e+03,1.619859999999999900e+01
1.421534200000000055e+03,1.620250000000000057e+01
1.421536599999999908e+03,1.625270000000000081e+01
1.421539099999999962e+03,1.627860000000000085e+01
1.421541500000000042e+03,1.625890000000000057e+01
1.421543899999999894e+03,1.623920000000000030e+01
1.421546399999999949e+03,1.627850000000000108e+01
1.421548800000000028e+03,1.638340000000000174e+01
1.421551300000000083e+03,1.649569999999999936e+01
1.421553699999999935e+03,1.654319999999999879e+01
1.421556199999999990e+03,1.649470000000000169e+01
1.421558600000000069e+03,1.636420000000000030e+01
1.421560999999999922e+03,1.618080000000000140e+01
1.421563499999999976e+03,1.598070000000000057e+01
1.421565900000000056e+03,1.581680000000000064e+01
1.421568400000000111e+03,1.573799999999999955e+01
1.421570799999999963e+03,1.574699999999999989e+01
1.421573200000000043e+03,1.579979999999999940e+01
1.421575700000000097e+03,1.586020000000000074e+01
1.421578099999999949e+03,1.593709999999999916e+01
1.421580600000000004e+03,1.605590000000000117e+01
1.421583000000000084e+03,1.620599999999999952e+01
1.421585399999999936e+03,1.633940000000000126e+01
1.421587899999999991e+03,1.641779999999999973e+01
1.421590300000000070e+03,1.643840000000000146e+01
1.421592799999999897e+03,1.641169999999999973e+01
1.421595199999999977e+03,1.633559999999999945e+01
1.421597700000000032e+03,1.620469999999999899e+01
1.421600100000000111e+03,1.603509999999999991e+01
1.421602499999999964e+03,1.587149999999999928e+01
1.421605000000000018e+03,1.577340000000000053e+01
1.421607400000000098e+03,1.579330000000000034e+01
1.421609899999999925e+03,1.594950000000000045e+01
1.421612300000000005e+03,1.620260000000000034e+01
1.421614700000000084e+03,1.645799999999999841e+01
1.421617199999999912e+03,1.660900000000000176e+01
1.421619599999999991e+03,1.659380000000000166e+01
1.421622100000000046e+03,1.642830000000000013e+01
1.421624499999999898e+03,1.619549999999999912e+01
1.421626999999999953e+03,1.599610000000000021e+01
1.421629400000000032e+03,1.588669999999999938e+01
1.421631800000000112e+03,1.585839999999999961e+01
1.421634299999999939e+03,1.586640000000000050e+01
1.421636700000000019e+03,1.587170000000000059e+01
1.421639200000000073e+03,1.586100000000000065e+01
1.421641599999999926e+03,1.584960000000000058e+01
1.421644000000000005e+03,1.586309999999999931e+01
1.421646500000000060e+03,1.590840000000000032e+01
1.421648899999999912e+03,1.596749999999999936e+01
1.421651399999999967e+03,1.602530000000000143e+01
1.421653800000000047e+03,1.609299999999999997e+01
1.421656199999999899e+03,1.618900000000000006e+01
1.421658699999999953e+03,1.629840000000000089e+01
1.421661100000000033e+03,1.636489999999999867e+01
1.421663600000000088e+03,1.633380000000000010e+01
1.421665999999999940e+03,1.620370000000000132e+01
1.421668499999999995e+03,1.602509999999999835e+01
1.421670900000000074e+03,1.584950000000000081e+01
1.421673299999999927e+03,1.569040000000000035e+01
1.421675799999999981e+03,1.553689999999999927e+01
1.421678200000000061e+03,1.538979999999999926e+01
1.421680699999999888e+03,1.527660000000000018e+01
1.421683099999999968e+03,1.523279999999999923e+01
1.421685500000000047e+03,1.527319999999999922e+01
1.421688000000000102e+03,1.537640000000000029e+01
1.421690399999999954e+03,1.549460000000000015e+01
1.421692900000000009e+03,1.558409999999999940e+01
1.421695300000000088e+03,1.562689999999999912e+01
1.421697799999999916e+03,1.562500000000000000e+01
1.421700199999999995e+03,1.559529999999999994e+01
1.421702600000000075e+03,1.558039999999999914e+01
1.421705099999999902e+03,1.563920000000000066e+01
1.421707499999999982e+03,1.579690000000000083e+01
1.421710000000000036e+03,1.600629999999999953e+01
1.421712399999999889e+03,1.617500000000000071e+01
1.421714799999999968e+03,1.623199999999999932e+01
1.421717300000000023e+03,1.616760000000000019e+01
1.421719700000000103e+03,1.601510000000000034e+01
1.421722199999999930e+03,1.581339999999999968e+01
1.421724600000000009e+03,1.559580000000000055e+01
1.421727100000000064e+03,1.540099999999999980e+01
1.421729499999999916e+03,1.527369999999999983e+01
1.421731899999999996e+03,1.525539999999999985e+01
1.421734400000000051e+03,1.536420000000000030e+01
1.421736799999999903e+03,1.555749999999999922e+01
1.421739299999999957e+03,1.572010000000000041e+01
1.421741700000000037e+03,1.574009999999999998e+01
1.421744099999999889e+03,1.562049999999999983e+01
1.421746599999999944e+03,1.549019999999999975e+01
1.421749000000000024e+03,1.549029999999999951e+01
1.421751500000000078e+03,1.565450000000000053e+01
1.421753899999999931e+03,1.589400000000000013e+01
1.421756300000000010e+03,1.607319999999999993e+01
1.421758800000000065e+03,1.610360000000000014e+01
1.421761199999999917e+03,1.599510000000000076e+01
1.421763699999999972e+03,1.583280000000000065e+01
1.421766100000000051e+03,1.569979999999999976e+01
1.421768600000000106e+03,1.562149999999999928e+01
1.421770999999999958e+03,1.558610000000000007e+01
1.421773400000000038e+03,1.558649999999999913e+01
1.421775900000000092e+03,1.561759999999999948e+01
1.421778299999999945e+03,1.565349999999999930e+01
1.421780799999999999e+03,1.565990000000000038e+01
1.421783200000000079e+03,1.562480000000000047e+01
1.421785599999999931e+03,1.556850000000000023e+01
1.421788099999999986e+03,1.553040000000000020e+01
1.421790500000000065e+03,1.554850000000000065e+01
1.421792999999999893e+03,1.564020000000000010e+01
1.421795399999999972e+03,1.578650000000000020e+01
1.421797900000000027e+03,1.593369999999999997e+01
1.421800300000000107e+03,1.602280000000000015e+01
1.421802699999999959e+03,1.603170000000000073e+01
1.421805200000000013e+03,1.599579999999999913e+01
1.421807600000000093e+03,1.598189999999999955e+01
1.421810099999999920e+03,1.603920000000000101e+01
1.421812500000000000e+03,1.616949999999999932e+01
1.421814900000000080e+03,1.632910000000000039e+01
1.421817399999999907e+03,1.645270000000000010e+01
1.421819799999999987e+03,1.649330000000000140e+01
1.421822300000000041e+03,1.645850000000000080e+01
1.421824699999999893e+03,1.641090000000000160e+01
1.421827099999999973e+03,1.641860000000000142e+01
1.421829600000000028e+03,1.648930000000000007e+01
1.421832000000000107e+03,1.655679999999999907e+01
1.421834499999999935e+03,1.653689999999999927e+01
1.421836900000000014e+03,1.639669999999999916e+01
1.421839400000000069e+03,1.617709999999999937e+01
1.421841799999999921e+03,1.596720000000000006e+01
1.421844200000000001e+03,1.584869999999999912e+01
1.421846700000000055e+03,1.584130000000000038e+01
1.421849099999999908e+03,1.589630000000000010e+01
1.421851599999999962e+03,1.594940000000000069e+01
1.421854000000000042e+03,1.597380000000000067e+01
1.421856399999999894e+03,1.598259999999999970e+01
1.421858899999999949e+03,1.599450000000000038e+01
1.421861300000000028e+03,1.600850000000000151e+01
1.421863800000000083e+03,1.600760000000000005e+01
1.421866199999999935e+03,1.597760000000000069e+01
1.421868699999999990e+03,1.592040000000000077e+01
1.421871100000000069e+03,1.586180000000000057e+01
1.421873499999999922e+03,1.584510000000000041e+01
1.421875999999999976e+03,1.590240000000000009e+01
1.421878400000000056e+03,1.602199999999999847e+01
1.421880900000000111e+03,1.615040000000000120e+01
1.421883299999999963e+03,1.623610000000000042e+01
1.421885700000000043e+03,1.627199999999999847e+01
1.421888200000000097e+03,1.629299999999999926e+01
1.421890599999999949e+03,1.632849999999999824e+01
1.421893100000000004e+03,1.636420000000000030e+01
1.421895500000000084e+03,1.636019999999999897e+01
1.421897899999999936e+03,1.630509999999999948e+01
1.421900399999999991e+03,1.623880000000000123e+01
1.421902800000000070e+03,1.621790000000000020e+01
1.421905299999999897e+03,1.626950000000000074e+01
1.421907699999999977e+03,1.637979999999999947e+01
1.421910200000000032e+03,1.651020000000000110e+01
1.421912600000000111e+03,1.661169999999999902e+01
1.421914999999999964e+03,1.664389999999999858e+01
1.421917500000000018e+03,1.660099999999999909e+01
1.421919900000000098e+03,1.651650000000000063e+01
1.421922399999999925e+03,1.643530000000000157e+01
1.421924800000000005e+03,1.637989999999999924e+01
1.421927200000000084e+03,1.634280000000000044e+01
1.421929699999999912e+03,1.630000000000000071e+01
1.421932099999999991e+03,1.622830000000000084e+01
1.421934600000000046e+03,1.611850000000000094e+01
1.421936999999999898e+03,1.598719999999999963e+01
1.421939499999999953e+03,1.587560000000000038e+01
1.421941900000000032e+03,1.583039999999999914e+01
1.421944300000000112e+03,1.587989999999999924e+01
1.421946799999999939e+03,1.601749999999999829e+01
1.421949200000000019e+03,1.619209999999999994e+01
1.421951700000000073e+03,1.632649999999999935e+01
1.421954099999999926e+03,1.636629999999999896e+01
1.421956500000000005e+03,1.630999999999999872e+01
1.421959000000000060e+03,1.619750000000000156e+01
1.421961399999999912e+03,1.608459999999999823e+01
1.421963899999999967e+03,1.601930000000000121e+01
1.421966300000000047e+03,1.601529999999999987e+01
1.421968800000000101e+03,1.604510000000000147e+01
1.421971199999999953e+03,1.606599999999999895e+01
1.421973600000000033e+03,1.604799999999999827e+01
1.421976100000000088e+03,1.598269999999999946e+01
1.421978499999999940e+03,1.588320000000000043e+01
1.421980999999999995e+03,1.578550000000000075e+01
1.421983400000000074e+03,1.573990000000000045e+01
1.421985799999999927e+03,1.577590000000000003e+01
1.421988299999999981e+03,1.586589999999999989e+01
1.421990700000000061e+03,1.594180000000000064e+01
1.421993199999999888e+03,1.595379999999999932e+01
1.421995599999999968e+03,1.590140000000000065e+01
1.421998000000000047e+03,1.581070000000000064e+01
1.422000500000000102e+03,1.570519999999999960e+01
1.422002899999999954e+03,1.560030000000000072e+01
1.422005400000000009e+03,1.550730000000000075e+01
1.422007800000000088e+03,1.544059999999999988e+01
1.422010299999999916e+03,1.542810000000000059e+01
1.422012699999999995e+03,1.550389999999999979e+01
1.422015100000000075e+03,1.567500000000000071e+01
1.422017599999999902e+03,1.589370000000000083e+01
1.422019999999999982e+03,1.607219999999999871e+01
1.422022500000000036e+03,1.613350000000000151e+01
1.422024899999999889e+03,1.606009999999999849e+01
1.422027299999999968e+03,1.590360000000000085e+01
1.422029800000000023e+03,1.574109999999999943e+01
1.422032200000000103e+03,1.561519999999999975e+01
1.422034699999999930e+03,1.552030000000000065e+01
1.422037100000000009e+03,1.544510000000000005e+01
1.422039600000000064e+03,1.540620000000000012e+01
1.422041999999999916e+03,1.542409999999999926e+01
1.422044399999999996e+03,1.548820000000000086e+01
1.422046900000000051e+03,1.556969999999999921e+01
1.422049299999999903e+03,1.565579999999999927e+01
1.422051799999999957e+03,1.574750000000000050e+01
1.422054200000000037e+03,1.582409999999999961e+01
1.422056599999999889e+03,1.583629999999999960e+01
1.422059099999999944e+03,1.575040000000000084e+01
1.422061500000000024e+03,1.559149999999999991e+01
1.422064000000000078e+03,1.543459999999999965e+01
1.422066399999999931e+03,1.535890000000000022e+01
1.422068800000000010e+03,1.540189999999999948e+01
1.422071300000000065e+03,1.553630000000000067e+01
1.422073699999999917e+03,1.568539999999999957e+01
1.422076199999999972e+03,1.577640000000000065e+01
1.422078600000000051e+03,1.578430000000000000e+01
1.422081100000000106e+03,1.573080000000000034e+01
1.422083499999999958e+03,1.565070000000000050e+01
1.422085900000000038e+03,1.556460000000000043e+01
1.422088400000000092e+03,1.546909999999999918e+01
1.422090799999999945e+03,1.534980000000000011e+01
1.422093299999999999e+03,1.520620000000000083e+01
1.422095700000000079e+03,1.506659999999999933e+01
1.422098099999999931e+03,1.498090000000000011e+01
1.422100599999999986e+03,1.499319999999999986e+01
1.422103000000000065e+03,1.510730000000000040e+01
1.422105499999999893e+03,1.527020000000000088e+01
1.422107899999999972e+03,1.541109999999999935e+01
1.422110400000000027e+03,1.550670000000000037e+01
1.422112800000000107e+03,1.559709999999999930e+01
1.422115199999999959e+03,1.572719999999999985e+01
1.422117700000000013e+03,1.588870000000000005e+01
1.422120100000000093e+03,1.603030000000000044e+01
1.422122599999999920e+03,1.610610000000000142e+01
1.422125000000000000e+03,1.610389999999999944e+01
1.422127400000000080e+03,1.604769999999999897e+01
1.422129899999999907e+03,1.598210000000000086e+01
1.422132299999999987e+03,1.594130000000000003e+01
1.422134800000000041e+03,1.592249999999999943e+01
1.422137199999999893e+03,1.589669999999999916e+01
1.422139599999999973e+03,1.585149999999999970e+01
1.422142100000000028e+03,1.581729999999999947e+01
1.422144500000000107e+03,1.584849999999999959e+01
1.422146999999999935e+03,1.597639999999999993e+01
1.422149400000000014e+03,1.617060000000000031e+01
1.422151900000000069e+03,1.634590000000000032e+01
1.422154299999999921e+03,1.642449999999999832e+01
1.422156700000000001e+03,1.640259999999999962e+01
1.422159200000000055e+03,1.634590000000000032e+01
1.422161599999999908e+03,1.631469999999999843e+01
1.422164099999999962e+03,1.631030000000000157e+01
1.422166500000000042e+03,1.629789999999999850e+01
1.422168899999999894e+03,1.625209999999999866e+01
1.422171399999999949e+03,1.616300000000000026e+01
1.422173800000000028e+03,1.602690000000000126e+01
1.422176300000000083e+03,1.586180000000000057e+01
1.422178699999999935e+03,1.572170000000000023e+01
1.422181199999999990e+03,1.566580000000000084e+01
1.422183600000000069e+03,1.570570000000000022e+01
1.422185999999999922e+03,1.579770000000000074e+01
1.422188499999999976e+03,1.589380000000000059e+01
1.422190900000000056e+03,1.598670000000000080e+01
1.422193400000000111e+03,1.609230000000000160e+01
1.422195799999999963e+03,1.620100000000000051e+01
1.422198200000000043e+03,1.627189999999999870e+01
1.422200700000000097e+03,1.627880000000000038e+01
1.422203099999999949e+03,1.624159999999999826e+01
1.422205600000000004e+03,1.619999999999999929e+01
1.422208000000000084e+03,1.617079999999999984e+01
1.422210399999999936e+03,1.614639999999999986e+01
1.422212899999999991e+03,1.612740000000000151e+01
1.422215300000000070e+03,1.613510000000000133e+01
1.422217799999999897e+03,1.617790000000000106e+01
1.422220199999999977e+03,1.621620000000000061e+01
1.422222700000000032e+03,1.618329999999999913e+01
1.422225100000000111e+03,1.605570000000000164e+01
1.422227499999999964e+03,1.588899999999999935e+01
1.422230000000000018e+03,1.577050000000000018e+01
1.422232400000000098e+03,1.574450000000000038e+01
1.422234899999999925e+03,1.578529999999999944e+01
1.422237300000000005e+03,1.582760000000000034e+01
1.422239700000000084e+03,1.581300000000000061e+01
1.422242199999999912e+03,1.572400000000000020e+01
1.422244599999999991e+03,1.558750000000000036e+01
1.422247100000000046e+03,1.545020000000000060e+01
1.422249499999999898e+03,1.535270000000000046e+01
1.422251999999999953e+03,1.532070000000000043e+01
1.422254400000000032e+03,1.535670000000000002e+01
1.422256800000000112e+03,1.543479999999999919e+01
1.422259299999999939e+03,1.552190000000000047e+01
1.422261700000000019e+03,1.560440000000000005e+01
1.422264200000000073e+03,1.567259999999999920e+01
1.422266599999999926e+03,1.568389999999999951e+01
1.422269000000000005e+03,1.558009999999999984e+01
1.422271500000000060e+03,1.536430000000000007e+01
1.422273899999999912e+03,1.513850000000000051e+01
1.422276399999999967e+03,1.503240000000000087e+01
1.422278800000000047e+03,1.509929999999999950e+01
1.422281199999999899e+03,1.529299999999999926e+01
1.422283699999999953e+03,1.552420000000000044e+01
1.422286100000000033e+03,1.571090000000000053e+01
1.422288600000000088e+03,1.579899999999999949e+01
1.422290999999999940e+03,1.578420000000000023e+01
1.422293499999999995e+03,1.572139999999999915e+01
1.422295900000000074e+03,1.568699999999999939e+01
1.422298299999999927e+03,1.572279999999999944e+01
1.422300799999999981e+03,1.581179999999999986e+01
1.422303200000000061e+03,1.589889999999999937e+01
1.422305699999999888e+03,1.593369999999999997e+01
1.422308099999999968e+03,1.590320000000000000e+01
1.422310500000000047e+03,1.582910000000000039e+01
1.422313000000000102e+03,1.573809999999999931e+01
1.422315399999999954e+03,1.564090000000000025e+01
1.422317900000000009e+03,1.553170000000000073e+01
1.422320300000000088e+03,1.540859999999999985e+01
1.422322799999999916e+03,1.529240000000000066e+01
1.422325199999999995e+03,1.521739999999999959e+01
1.422327600000000075e+03,1.519759999999999955e+01
1.422330099999999902e+03,1.521310000000000073e+01
1.422332499999999982e+03,1.523440000000000083e+01
1.422335000000000036e+03,1.525360000000000049e+01
1.422337399999999889e+03,1.528769999999999918e+01
1.422339799999999968e+03,1.535899999999999999e+01
1.422342300000000023e+03,1.548140000000000072e+01
1.422344700000000103e+03,1.565339999999999954e+01
1.422347199999999930e+03,1.584019999999999939e+01
1.422349600000000009e+03,1.596390000000000065e+01
1.422352100000000064e+03,1.594580000000000020e+01
1.422354499999999916e+03,1.577880000000000038e+01
1.422356899999999996e+03,1.554809999999999981e+01
1.422359400000000051e+03,1.537100000000000044e+01
1.422361799999999903e+03,1.530680000000000085e+01
1.422364299999999957e+03,1.531900000000000084e+01
1.422366700000000037e+03,1.532140000000000057e+01
1.422369099999999889e+03,1.526050000000000040e+01
1.422371599999999944e+03,1.515179999999999971e+01
1.422374000000000024e+03,1.504640000000000022e+01
1.422376500000000078e+03,1.498329999999999984e+01
1.422378899999999931e+03,1.497540000000000049e+01
1.422381300000000010e+03,1.501939999999999920e+01
1.422383800000000065e+03,1.510369999999999990e+01
1.422386199999999917e+03,1.521240000000000059e+01
1.422388699999999972e+03,1.532540000000000013e+01
1.422391100000000051e+03,1.542040000000000077e+01
1.422393600000000106e+03,1.548269999999999946e+01
1.422395999999999958e+03,1.551260000000000083e+01
1.422398400000000038e+03,1.551960000000000051e+01
1.422400900000000092e+03,1.551270000000000060e+01
1.422403299999999945e+03,1.549559999999999960e+01
1.422405799999999999e+03,1.546039999999999992e+01
1.422408200000000079e+03,1.539039999999999964e+01
1.422410599999999931e+03,1.529250000000000043e+01
1.422413099999999986e+03,1.522589999999999932e+01
1.422415500000000065e+03,1.526839999999999975e+01
1.422417999999999893e+03,1.543880000000000052e+01
1.422420399999999972e+03,1.566310000000000002e+01
1.422422900000000027e+03,1.583009999999999984e+01
1.422425300000000107e+03,1.588620000000000054e+01
1.422427699999999959e+03,1.586609999999999943e+01
1.422430200000000013e+03,1.582970000000000077e+01
1.422432600000000093e+03,1.578829999999999956e+01
1.422435099999999920e+03,1.571250000000000036e+01
1.422437500000000000e+03,1.559200000000000053e+01
1.422439900000000080e+03,1.546400000000000041e+01
1.422442399999999907e+03,1.538710000000000022e+01
1.422444799999999987e+03,1.539879999999999960e+01
1.422447300000000041e+03,1.548450000000000060e+01
1.422449699999999893e+03,1.558639999999999937e+01
1.422452099999999973e+03,1.565559999999999974e+01
1.422454600000000028e+03,1.569369999999999976e+01
1.422457000000000107e+03,1.573540000000000028e+01
1.422459499999999935e+03,1.579720000000000013e+01
1.422461900000000014e+03,1.585899999999999999e+01
1.422464400000000069e+03,1.588679999999999914e+01
1.422466799999999921e+03,1.586009999999999920e+01
1.422469200000000001e+03,1.578359999999999985e+01
1.422471700000000055e+03,1.567999999999999972e+01
1.422474099999999908e+03,1.557010000000000005e+01
1.422476599999999962e+03,1.546589999999999954e+01
1.422479000000000042e+03,1.538949999999999996e+01
1.422481399999999894e+03,1.537819999999999965e+01
1.422483899999999949e+03,1.545040000000000013e+01
1.422486300000000028e+03,1.558280000000000065e+01
1.422488800000000083e+03,1.573550000000000004e+01
1.422491199999999935e+03,1.588959999999999972e+01
1.422493699999999990e+03,1.604789999999999850e+01
1.422496100000000069e+03,1.620429999999999993e+01
1.422498499999999922e+03,1.632260000000000133e+01
1.422500999999999976e+03,1.635660000000000025e+01
1.422503400000000056e+03,1.629570000000000007e+01
1.422505900000000111e+03,1.618120000000000047e+01
1.422508299999999963e+03,1.606670000000000087e+01
1.422510700000000043e+03,1.597059999999999924e+01
1.422513200000000097e+03,1.587679999999999936e+01
1.422515599999999949e+03,1.577679999999999971e+01
1.422518100000000004e+03,1.569420000000000037e+01
1.422520500000000084e+03,1.565920000000000023e+01
1.422522899999999936e+03,1.566769999999999996e+01
1.422525399999999991e+03,1.568110000000000070e+01
1.422527800000000070e+03,1.566900000000000048e+01
1.422530299999999897e+03,1.563949999999999996e+01
1.422532699999999977e+03,1.562229999999999919e+01
1.422535200000000032e+03,1.563959999999999972e+01
1.422537600000000111e+03,1.570180000000000042e+01
1.422539999999999964e+03,1.581400000000000006e+01
1.422542500000000018e+03,1.596199999999999974e+01
1.422544900000000098e+03,1.609959999999999880e+01
1.422547399999999925e+03,1.617259999999999920e+01
1.422549800000000005e+03,1.616049999999999898e+01
1.422552200000000084e+03,1.608599999999999852e+01
1.422554699999999912e+03,1.598980000000000068e+01
1.422557099999999991e+03,1.590310000000000024e+01
1.422559600000000046e+03,1.583249999999999957e+01
1.422561999999999898e+03,1.575339999999999918e+01
1.422564499999999953e+03,1.562739999999999974e+01
1.422566900000000032e+03,1.544389999999999930e+01
1.422569300000000112e+03,1.524549999999999983e+01
1.422571799999999939e+03,1.510139999999999993e+01
1.422574200000000019e+03,1.506789999999999985e+01
1.422576700000000073e+03,1.517229999999999990e+01
1.422579099999999926e+03,1.539990000000000059e+01
1.422581500000000005e+03,1.567520000000000024e+01
1.422584000000000060e+03,1.588449999999999918e+01
1.422586399999999912e+03,1.595229999999999926e+01
1.422588899999999967e+03,1.589359999999999928e+01
1.422591300000000047e+03,1.578560000000000052e+01
1.422593800000000101e+03,1.570299999999999940e+01
1.422596199999999953e+03,1.568539999999999957e+01
1.422598600000000033e+03,1.573090000000000011e+01
1.422601100000000088e+03,1.579080000000000084e+01
1.422603499999999940e+03,1.579250000000000043e+01
1.422605999999999995e+03,1.570400000000000063e+01
1.422608400000000074e+03,1.557600000000000051e+01
1.422610799999999927e+03,1.550270000000000081e+01
1.422613299999999981e+03,1.553989999999999938e+01
1.422615700000000061e+03,1.566709999999999958e+01
1.422618199999999888e+03,1.581320000000000014e+01
1.422620599999999968e+03,1.590429999999999922e+01
1.422623000000000047e+03,1.590820000000000078e+01
1.422625500000000102e+03,1.585710000000000086e+01
1.422627899999999954e+03,1.582879999999999932e+01
1.422630400000000009e+03,1.588509999999999955e+01
1.422632800000000088e+03,1.601370000000000005e+01
1.422635299999999916e+03,1.613220000000000098e+01
1.422637699999999995e+03,1.615780000000000172e+01
1.422640100000000075e+03,1.607319999999999993e+01
1.422642599999999902e+03,1.592259999999999920e+01
1.422644999999999982e+03,1.576120000000000054e+01
1.422647500000000036e+03,1.562330000000000041e+01
1.422649899999999889e+03,1.552759999999999962e+01
1.422652299999999968e+03,1.548729999999999940e+01
1.422654800000000023e+03,1.550719999999999921e+01
1.422657200000000103e+03,1.557210000000000072e+01
1.422659699999999930e+03,1.563719999999999999e+01
1.422662100000000009e+03,1.564620000000000033e+01
1.422664600000000064e+03,1.558050000000000068e+01
1.422666999999999916e+03,1.548540000000000028e+01
1.422669399999999996e+03,1.543290000000000006e+01
1.422671900000000051e+03,1.546330000000000027e+01
1.422674299999999903e+03,1.556770000000000032e+01
1.422676799999999957e+03,1.571000000000000085e+01
1.422679200000000037e+03,1.585289999999999999e+01
1.422681599999999889e+03,1.597480000000000011e+01
1.422684099999999944e+03,1.607420000000000115e+01
1.422686500000000024e+03,1.616209999999999880e+01
1.422689000000000078e+03,1.624699999999999989e+01
1.422691399999999931e+03,1.632260000000000133e+01
1.422693800000000010e+03,1.637069999999999936e+01
1.422696300000000065e+03,1.638129999999999953e+01
1.422698699999999917e+03,1.637340000000000018e+01
1.422701199999999972e+03,1.638899999999999935e+01
1.422703600000000051e+03,1.646470000000000056e+01
1.422706100000000106e+03,1.659799999999999898e+01
1.422708499999999958e+03,1.672340000000000160e+01
1.422710900000000038e+03,1.673659999999999926e+01
1.422713400000000092e+03,1.658689999999999998e+01
1.422715799999999945e+03,1.634049999999999869e+01
1.422718299999999999e+03,1.612620000000000076e+01
1.422720700000000079e+03,1.603089999999999904e+01
1.422723099999999931e+03,1.605730000000000146e+01
1.422725599999999986e+03,1.614839999999999876e+01
1.422728000000000065e+03,1.623229999999999862e+01
1.422730499999999893e+03,1.626559999999999917e+01
1.422732899999999972e+03,1.624419999999999931e+01
1.422735400000000027e+03,1.618199999999999861e+01
1.422737800000000107e+03,1.609430000000000049e+01
1.422740199999999959e+03,1.600359999999999872e+01
1.422742700000000013e+03,1.593270000000000053e+01
1.422745100000000093e+03,1.588509999999999955e+01
1.422747599999999920e+03,1.584450000000000003e+01
1.422750000000000000e+03,1.579649999999999999e+01
1.422752400000000080e+03,1.574549999999999983e+01
1.422754899999999907e+03,1.571219999999999928e+01
1.422757299999999987e+03,1.571400000000000041e+01
1.422759800000000041e+03,1.574460000000000015e+01
1.422762199999999893e+03,1.577730000000000032e+01
1.422764599999999973e+03,1.578999999999999915e+01
1.422767100000000028e+03,1.578279999999999994e+01
1.422769500000000107e+03,1.576689999999999969e+01
1.422771999999999935e+03,1.574479999999999968e+01
1.422774400000000014e+03,1.571439999999999948e+01
1.422776900000000069e+03,1.568229999999999968e+01
1.422779299999999921e+03,1.565690000000000026e+01
1.422781700000000001e+03,1.563739999999999952e+01
1.422784200000000055e+03,1.562940000000000040e+01
1.422786599999999908e+03,1.565939999999999976e+01
1.422789099999999962e+03,1.574639999999999951e+01
1.422791500000000042e+03,1.586069999999999958e+01
1.422793899999999894e+03,1.593619999999999948e+01
1.422796399999999949e+03,1.593500000000000050e+01
1.422798800000000028e+03,1.588219999999999921e+01
1.422801300000000083e+03,1.583039999999999914e+01
1.422803699999999935e+03,1.581129999999999924e+01
1.422806199999999990e+03,1.582680000000000042e+01
1.422808600000000069e+03,1.585779999999999923e+01
1.422810999999999922e+03,1.587199999999999989e+01
1.422813499999999976e+03,1.584839999999999982e+01
1.422815900000000056e+03,1.580230000000000068e+01
1.422818400000000111e+03,1.576650000000000063e+01
1.422820799999999963e+03,1.575189999999999912e+01
1.422823200000000043e+03,1.574249999999999972e+01
1.422825700000000097e+03,1.572620000000000040e+01
1.422828099999999949e+03,1.571550000000000047e+01
1.422830600000000004e+03,1.573080000000000034e+01
1.422833000000000084e+03,1.577210000000000001e+01
1.422835399999999936e+03,1.581639999999999979e+01
1.422837899999999991e+03,1.584340000000000082e+01
1.422840300000000070e+03,1.585149999999999970e+01
1.422842799999999897e+03,1.584309999999999974e+01
1.422845199999999977e+03,1.580809999999999960e+01
1.422847700000000032e+03,1.574380000000000024e+01
1.422850100000000111e+03,1.568239999999999945e+01
1.422852499999999964e+03,1.567340000000000089e+01
1.422855000000000018e+03,1.572669999999999924e+01
1.422857400000000098e+03,1.579240000000000066e+01
1.422859899999999925e+03,1.581099999999999994e+01
1.422862300000000005e+03,1.577810000000000024e+01
1.422864700000000084e+03,1.574300000000000033e+01
1.422867199999999912e+03,1.574370000000000047e+01
1.422869599999999991e+03,1.576050000000000040e+01
1.422872100000000046e+03,1.574179999999999957e+01
1.422874499999999898e+03,1.566189999999999927e+01
1.422876999999999953e+03,1.554609999999999914e+01
1.422879400000000032e+03,1.544919999999999938e+01
1.422881800000000112e+03,1.541200000000000081e+01
1.422884299999999939e+03,1.543619999999999948e+01
1.422886700000000019e+03,1.549060000000000059e+01
1.422889200000000073e+03,1.553439999999999976e+01
1.422891599999999926e+03,1.553400000000000070e+01
1.422894000000000005e+03,1.547509999999999941e+01
1.422896500000000060e+03,1.537609999999999921e+01
1.422898899999999912e+03,1.528999999999999915e+01
1.422901399999999967e+03,1.527239999999999931e+01
1.422903800000000047e+03,1.533380000000000010e+01
1.422906199999999899e+03,1.542750000000000021e+01
1.422908699999999953e+03,1.549200000000000088e+01
1.422911100000000033e+03,1.550089999999999968e+01
1.422913600000000088e+03,1.546269999999999989e+01
1.422915999999999940e+03,1.539059999999999917e+01
1.422918499999999995e+03,1.529889999999999972e+01
1.422920900000000074e+03,1.522390000000000043e+01
1.422923299999999927e+03,1.521599999999999930e+01
1.422925799999999981e+03,1.529790000000000028e+01
1.422928200000000061e+03,1.544609999999999950e+01
1.422930699999999888e+03,1.561159999999999926e+01
1.422933099999999968e+03,1.574290000000000056e+01
1.422935500000000047e+03,1.579979999999999940e+01
1.422938000000000102e+03,1.577190000000000047e+01
1.422940399999999954e+03,1.568290000000000006e+01
1.422942900000000009e+03,1.556780000000000008e+01
1.422945300000000088e+03,1.545190000000000019e+01
1.422947799999999916e+03,1.535689999999999955e+01
1.422950199999999995e+03,1.531189999999999962e+01
1.422952600000000075e+03,1.533890000000000065e+01
1.422955099999999902e+03,1.542730000000000068e+01
1.422957499999999982e+03,1.553100000000000058e+01
1.422960000000000036e+03,1.559450000000000003e+01
1.422962399999999889e+03,1.558840000000000003e+01
1.422964799999999968e+03,1.552350000000000030e+01
1.422967300000000023e+03,1.543839999999999968e+01
1.422969700000000103e+03,1.537030000000000030e+01
1.422972199999999930e+03,1.532740000000000080e+01
1.422974600000000009e+03,1.528630000000000067e+01
1.422977100000000064e+03,1.521889999999999965e+01
1.422979499999999916e+03,1.512640000000000029e+01
1.422981899999999996e+03,1.504679999999999929e+01
1.422984400000000051e+03,1.502469999999999928e+01
1.422986799999999903e+03,1.507339999999999947e+01
1.422989299999999957e+03,1.516329999999999956e+01
1.422991700000000037e+03,1.524559999999999960e+01
1.422994099999999889e+03,1.528769999999999918e+01
1.422996599999999944e+03,1.528909999999999947e+01
1.422999000000000024e+03,0.000000000000000000e+00
1.423001500000000078e+03,0.000000000000000000e+00
1.423003899999999931e+03,0.000000000000000000e+00
1.423006300000000010e+03,0.000000000000000000e+00
1.423008800000000065e+03,0.000000000000000000e+00
1.423011199999999917e+03,0.000000000000000000e+00
1.423013699999999972e+03,0.000000000000000000e+00
1.423016100000000051e+03,0.000000000000000000e+00
1.423018600000000106e+03,0.000000000000000000e+00
1.423020999999999958e+03,0.000000000000000000e+00
1.423023400000000038e+03,0.000000000000000000e+00
1.423025900000000092e+03,0.000000000000000000e+00
1.423028299999999945e+03,0.000000000000000000e+00
1.423030799999999999e+03,0.000000000000000000e+00
1.423033200000000079e+03,0.000000000000000000e+00
1.423035599999999931e+03,0.000000000000000000e+00
1.423038099999999986e+03,0.000000000000000000e+00
1.423040500000000065e+03,0.000000000000000000e+00
1.423042999999999893e+03,0.000000000000000000e+00
1.423045399999999972e+03,0.000000000000000000e+00
1.423047900000000027e+03,0.000000000000000000e+00
1.423050300000000107e+03,0.000000000000000000e+00
1.423052699999999959e+03,0.000000000000000000e+00
1.423055200000000013e+03,0.000000000000000000e+00
1.423057600000000093e+03,0.000000000000000000e+00
1.423060099999999920e+03,0.000000000000000000e+00
1.423062500000000000e+03,0.000000000000000000e+00
1.423064900000000080e+03,0.000000000000000000e+00
1.423067399999999907e+03,0.000000000000000000e+00
1.423069799999999987e+03,0.000000000000000000e+00
1.423072300000000041e+03,0.000000000000000000e+00
1.423074699999999893e+03,0.000000000000000000e+00
1.423077099999999973e+03,0.000000000000000000e+00
1.423079600000000028e+03,0.000000000000000000e+00
1.423082000000000107e+03,0.000000000000000000e+00
1.423084499999999935e+03,0.000000000000000000e+00
1.423086900000000014e+03,0.000000000000000000e+00
1.423089400000000069e+03,0.000000000000000000e+00
1.423091799999999921e+03,0.000000000000000000e+00
1.423094200000000001e+03,0.000000000000000000e+00
1.423096700000000055e+03,0.000000000000000000e+00
1.423099099999999908e+03,0.000000000000000000e+00
1.423101599999999962e+03,0.000000000000000000e+00
1.423104000000000042e+03,0.000000000000000000e+00
1.423106399999999894e+03,0.000000000000000000e+00
1.423108899999999949e+03,0.000000000000000000e+00
1.423111300000000028e+03,0.000000000000000000e+00
1.423113800000000083e+03,0.000000000000000000e+00
1.423116199999999935e+03,0.000000000000000000e+00
1.423118699999999990e+03,0.000000000000000000e+00
1.423121100000000069e+03,0.000000000000000000e+00
1.423123499999999922e+03,0.000000000000000000e+00
1.423125999999999976e+03,0.000000000000000000e+00
1.423128400000000056e+03,0.000000000000000000e+00
1.423130900000000111e+03,0.000000000000000000e+00
1.423133299999999963e+03,0.000000000000000000e+00
1.423135700000000043e+03,0.000000000000000000e+00
1.423138200000000097e+03,0.000000000000000000e+00
1.423140599999999949e+03,0.000000000000000000e+00
1.423143100000000004e+03,0.000000000000000000e+00
1.423145500000000084e+03,0.000000000000000000e+00
1.423147899999999936e+03,0.000000000000000000e+00
1.423150399999999991e+03,0.000000000000000000e+00
1.423152800000000070e+03,0.000000000000000000e+00
1.423155299999999897e+03,0.000000000000000000e+00
1.423157699999999977e+03,0.000000000000000000e+00
1.423160200000000032e+03,0.000000000000000000e+00
1.423162600000000111e+03,0.000000000000000000e+00
1.423164999999999964e+03,0.000000000000000000e+00
1.423167500000000018e+03,0.000000000000000000e+00
1.423169900000000098e+03,0.000000000000000000e+00
1.423172399999999925e+03,0.000000000000000000e+00
1.423174800000000005e+03,0.000000000000000000e+00
1.423177200000000084e+03,0.000000000000000000e+00
1.423179699999999912e+03,0.000000000000000000e+00
1.423182099999999991e+03,0.000000000000000000e+00
1.423184600000000046e+03,0.000000000000000000e+00
1.423186999999999898e+03,0.000000000000000000e+00
1.423189499999999953e+03,0.000000000000000000e+00
1.423191900000000032e+03,0.000000000000000000e+00
1.423194300000000112e+03,0.000000000000000000e+00
1.423196799999999939e+03,0.000000000000000000e+00
1.423199200000000019e+03,0.000000000000000000e+00
1.423201700000000073e+03,0.000000000000000000e+00
1.423204099999999926e+03,0.000000000000000000e+00
1.423206500000000005e+03,0.000000000000000000e+00
1.423209000000000060e+03,0.000000000000000000e+00
1.423211399999999912e+03,0.000000000000000000e+00
1.423213899999999967e+03,0.000000000000000000e+00
1.423216300000000047e+03,0.000000000000000000e+00
1.423218800000000101e+03,0.000000000000000000e+00
1.423221199999999953e+03,0.000000000000000000e+00
1.423223600000000033e+03,0.000000000000000000e+00
1.423226100000000088e+03,0.000000000000000000e+00
1.423228499999999940e+03,0.000000000000000000e+00
1.423230999999999995e+03,0.000000000000000000e+00
1.423233400000000074e+03,0.000000000000000000e+00
1.423235799999999927e+03,0.000000000000000000e+00
1.423238299999999981e+03,0.000000000000000000e+00
1.423240700000000061e+03,0.000000000000000000e+00
1.423243199999999888e+03,0.000000000000000000e+00
1.423245599999999968e+03,0.000000000000000000e+00
1.423248000000000047e+03,0.000000000000000000e+00
1.423250500000000102e+03,0.000000000000000000e+00
1.423252899999999954e+03,0.000000000000000000e+00
1.423255400000000009e+03,0.000000000000000000e+00
1.423257800000000088e+03,0.000000000000000000e+00
1.423260299999999916e+03,0.000000000000000000e+00
1.423262699999999995e+03,0.000000000000000000e+00
1.423265100000000075e+03,0.000000000000000000e+00
1.423267599999999902e+03,0.000000000000000000e+00
1.423269999999999982e+03,0.000000000000000000e+00
1.423272500000000036e+03,0.000000000000000000e+00
1.423274899999999889e+03,0.000000000000000000e+00
1.423277299999999968e+03,0.000000000000000000e+00
1.423279800000000023e+03,0.000000000000000000e+00
1.423282200000000103e+03,0.000000000000000000e+00
1.423284699999999930e+03,0.000000000000000000e+00
1.423287100000000009e+03,0.000000000000000000e+00
1.423289600000000064e+03,0.000000000000000000e+00
1.423291999999999916e+03,0.000000000000000000e+00
1.423294399999999996e+03,0.000000000000000000e+00
1.423296900000000051e+03,0.000000000000000000e+00
1.423299299999999903e+03,0.000000000000000000e+00
1.423301799999999957e+03,0.000000000000000000e+00
1.423304200000000037e+03,0.000000000000000000e+00
1.423306599999999889e+03,0.000000000000000000e+00
1.423309099999999944e+03,0.000000000000000000e+00
1.423311500000000024e+03,0.000000000000000000e+00
1.423314000000000078e+03,0.000000000000000000e+00
1.423316399999999931e+03,0.000000000000000000e+00
1.423318800000000010e+03,0.000000000000000000e+00
1.423321300000000065e+03,0.000000000000000000e+00
1.423323699999999917e+03,0.000000000000000000e+00
1.423326199999999972e+03,0.000000000000000000e+00
1.423328600000000051e+03,0.000000000000000000e+00
1.423331100000000106e+03,0.000000000000000000e+00
1.423333499999999958e+03,0.000000000000000000e+00
1.423335900000000038e+03,0.000000000000000000e+00
1.423338400000000092e+03,0.000000000000000000e+00
1.423340799999999945e+03,0.000000000000000000e+00
1.423343299999999999e+03,0.000000000000000000e+00
1.423345700000000079e+03,0.000000000000000000e+00
1.423348099999999931e+03,0.000000000000000000e+00
1.423350599999999986e+03,0.000000000000000000e+00
1.423353000000000065e+03,0.000000000000000000e+00
1.423355499999999893e+03,0.000000000000000000e+00
1.423357899999999972e+03,0.000000000000000000e+00
1.423360400000000027e+03,0.000000000000000000e+00
1.423362800000000107e+03,0.000000000000000000e+00
1.423365199999999959e+03,0.000000000000000000e+00
1.423367700000000013e+03,0.000000000000000000e+00
1.423370100000000093e+03,0.000000000000000000e+00
1.423372599999999920e+03,0.000000000000000000e+00
1.423375000000000000e+03,0.000000000000000000e+00
1.423377400000000080e+03,0.000000000000000000e+00
1.423379899999999907e+03,0.000000000000000000e+00
1.423382299999999987e+03,0.000000000000000000e+00
1.423384800000000041e+03,0.000000000000000000e+00
1.423387199999999893e+03,0.000000000000000000e+00
1.423389599999999973e+03,0.000000000000000000e+00
1.423392100000000028e+03,0.000000000000000000e+00
1.423394500000000107e+03,0.000000000000000000e+00
1.423396999999999935e+03,0.000000000000000000e+00
1.423399400000000014e+03,0.000000000000000000e+00
1.423401900000000069e+03,0.000000000000000000e+00
1.423404299999999921e+03,0.000000000000000000e+00
1.423406700000000001e+03,0.000000000000000000e+00
1.423409200000000055e+03,0.000000000000000000e+00
1.423411599999999908e+03,0.000000000000000000e+00
1.423414099999999962e+03,0.000000000000000000e+00
1.423416500000000042e+03,0.000000000000000000e+00
1.423418899999999894e+03,0.000000000000000000e+00
1.423421399999999949e+03,0.000000000000000000e+00
1.423423800000000028e+03,0.000000000000000000e+00
1.423426300000000083e+03,0.000000000000000000e+00
1.423428699999999935e+03,0.000000000000000000e+00
1.423431199999999990e+03,0.000000000000000000e+00
1.423433600000000069e+03,0.000000000000000000e+00
1.423435999999999922e+03,0.000000000000000000e+00
1.423438499999999976e+03,0.000000000000000000e+00
1.423440900000000056e+03,0.000000000000000000e+00
1.423443400000000111e+03,0.000000000000000000e+00
1.423445799999999963e+03,0.000000000000000000e+00
1.423448200000000043e+03,0.000000000000000000e+00
1.423450700000000097e+03,0.000000000000000000e+00
1.423453099999999949e+03,0.000000000000000000e+00
1.423455600000000004e+03,0.000000000000000000e+00
1.423458000000000084e+03,0.000000000000000000e+00
1.423460399999999936e+03,0.000000000000000000e+00
1.423462899999999991e+03,0.000000000000000000e+00
1.423465300000000070e+03,0.000000000000000000e+00
1.423467799999999897e+03,0.000000000000000000e+00
1.423470199999999977e+03,0.000000000000000000e+00
1.423472700000000032e+03,0.000000000000000000e+00
1.423475100000000111e+03,0.000000000000000000e+00
1.423477499999999964e+03,0.000000000000000000e+00
1.423480000000000018e+03,0.000000000000000000e+00
1.423482400000000098e+03,0.000000000000000000e+00
1.423484899999999925e+03,0.000000000000000000e+00
1.423487300000000005e+03,0.000000000000000000e+00
1.423489700000000084e+03,0.000000000000000000e+00
1.423492199999999912e+03,0.000000000000000000e+00
1.423494599999999991e+03,0.000000000000000000e+00
1.423497100000000046e+03,0.000000000000000000e+00
1.423499499999999898e+03,0.000000000000000000e+00
1.423501999999999953e+03,0.000000000000000000e+00
1.423504400000000032e+03,0.000000000000000000e+00
1.423506800000000112e+03,0.000000000000000000e+00
1.423509299999999939e+03,0.000000000000000000e+00
1.423511700000000019e+03,0.000000000000000000e+00
1.423514200000000073e+03,0.000000000000000000e+00
1.423516599999999926e+03,0.000000000000000000e+00
1.423519000000000005e+03,0.000000000000000000e+00
1.423521500000000060e+03,0.000000000000000000e+00
1.423523899999999912e+03,0.000000000000000000e+00
1.423526399999999967e+03,0.000000000000000000e+00
1.423528800000000047e+03,0.000000000000000000e+00
1.423531199999999899e+03,0.000000000000000000e+00
1.423533699999999953e+03,0.000000000000000000e+00
1.423536100000000033e+03,-0.000000000000000000e+00
1.423538600000000088e+03,-0.000000000000000000e+00
1.423540999999999940e+03,-0.000000000000000000e+00
1.423543499999999995e+03,-0.000000000000000000e+00
1.423545900000000074e+03,-0.000000000000000000e+00
1.423548299999999927e+03,-0.000000000000000000e+00
1.423550799999999981e+03,-0.000000000000000000e+00
1.423553200000000061e+03,-0.000000000000000000e+00
1.423555699999999888e+03,-0.000000000000000000e+00
1.423558099999999968e+03,-0.000000000000000000e+00
1.423560500000000047e+03,-0.000000000000000000e+00
1.423563000000000102e+03,-0.000000000000000000e+00
1.423565399999999954e+03,-0.000000000000000000e+00
1.423567900000000009e+03,-0.000000000000000000e+00
1.423570300000000088e+03,-0.000000000000000000e+00
1.423572799999999916e+03,-0.000000000000000000e+00
1.423575199999999995e+03,-0.000000000000000000e+00
1.423577600000000075e+03,-0.000000000000000000e+00
1.423580099999999902e+03,-0.000000000000000000e+00
1.423582499999999982e+03,-0.000000000000000000e+00
1.423585000000000036e+03,-0.000000000000000000e+00
1.423587399999999889e+03,-0.000000000000000000e+00
1.423589799999999968e+03,-0.000000000000000000e+00
1.423592300000000023e+03,-0.000000000000000000e+00
1.423594700000000103e+03,-0.000000000000000000e+00
1.423597199999999930e+03,-0.000000000000000000e+00
1.423599600000000009e+03,-0.000000000000000000e+00
1.423602100000000064e+03,-0.000000000000000000e+00
1.423604499999999916e+03,-0.000000000000000000e+00
1.423606899999999996e+03,-0.000000000000000000e+00
1.423609400000000051e+03,-0.000000000000000000e+00
1.423611799999999903e+03,-0.000000000000000000e+00
1.423614299999999957e+03,-0.000000000000000000e+00
1.423616700000000037e+03,-0.000000000000000000e+00
1.423619099999999889e+03,-0.000000000000000000e+00
1.423621599999999944e+03,-0.000000000000000000e+00
1.423624000000000024e+03,-0.000000000000000000e+00
1.423626500000000078e+03,-0.000000000000000000e+00
1.423628899999999931e+03,-0.000000000000000000e+00
1.423631300000000010e+03,-0.000000000000000000e+00
1.423633800000000065e+03,-0.000000000000000000e+00
1.423636199999999917e+03,-0.000000000000000000e+00
1.423638699999999972e+03,-0.000000000000000000e+00
1.423641100000000051e+03,-0.000000000000000000e+00
1.423643600000000106e+03,-0.000000000000000000e+00
1.423645999999999958e+03,-0.000000000000000000e+00
1.423648400000000038e+03,-0.000000000000000000e+00
1.423650900000000092e+03,-0.000000000000000000e+00
1.423653299999999945e+03,-0.000000000000000000e+00
1.423655799999999999e+03,-0.000000000000000000e+00
1.423658200000000079e+03,0.000000000000000000e+00
1.423660599999999931e+03,0.000000000000000000e+00
1.423663099999999986e+03,0.000000000000000000e+00
1.423665500000000065e+03,0.000000000000000000e+00
1.423667999999999893e+03,0.000000000000000000e+00
1.423670399999999972e+03,0.000000000000000000e+00
1.423672900000000027e+03,0.000000000000000000e+00
1.423675300000000107e+03,0.000000000000000000e+00
1.423677699999999959e+03,0.000000000000000000e+00
1.423680200000000013e+03,0.000000000000000000e+00
1.423682600000000093e+03,0.000000000000000000e+00
1.423685099999999920e+03,0.000000000000000000e+00
1.423687500000000000e+03,0.000000000000000000e+00
1.423689900000000080e+03,0.000000000000000000e+00
1.423692399999999907e+03,0.000000000000000000e+00
1.423694799999999987e+03,0.000000000000000000e+00
1.423697300000000041e+03,0.000000000000000000e+00
1.423699699999999893e+03,0.000000000000000000e+00
1.423702099999999973e+03,0.000000000000000000e+00
1.423704600000000028e+03,0.000000000000000000e+00
1.423707000000000107e+03,0.000000000000000000e+00
1.423709499999999935e+03,0.000000000000000000e+00
1.423711900000000014e+03,0.000000000000000000e+00
1.423714400000000069e+03,0.000000000000000000e+00
1.423716799999999921e+03,0.000000000000000000e+00
1.423719200000000001e+03,0.000000000000000000e+00
1.423721700000000055e+03,0.000000000000000000e+00
1.423724099999999908e+03,0.000000000000000000e+00
1.423726599999999962e+03,0.000000000000000000e+00
1.423729000000000042e+03,0.000000000000000000e+00
1.423731399999999894e+03,0.000000000000000000e+00
1.423733899999999949e+03,0.000000000000000000e+00
1.423736300000000028e+03,0.000000000000000000e+00
1.423738800000000083e+03,0.000000000000000000e+00
1.423741199999999935e+03,0.000000000000000000e+00
1.423743699999999990e+03,0.000000000000000000e+00
1.423746100000000069e+03,0.000000000000000000e+00
1.423748499999999922e+03,0.000000000000000000e+00
1.423750999999999976e+03,0.000000000000000000e+00
1.423753400000000056e+03,0.000000000000000000e+00
1.423755900000000111e+03,0.000000000000000000e+00
1.423758299999999963e+03,0.000000000000000000e+00
1.423760700000000043e+03,0.000000000000000000e+00
1.423763200000000097e+03,0.000000000000000000e+00
1.423765599999999949e+03,0.000000000000000000e+00
1.423768100000000004e+03,0.000000000000000000e+00
1.423770500000000084e+03,0.000000000000000000e+00
1.423772899999999936e+03,0.000000000000000000e+00
1.423775399999999991e+03,0.000000000000000000e+00
1.423777800000000070e+03,0.000000000000000000e+00
1.423780299999999897e+03,0.000000000000000000e+00
1.423782699999999977e+03,0.000000000000000000e+00
1.423785200000000032e+03,0.000000000000000000e+00
1.423787600000000111e+03,0.000000000000000000e+00
1.423789999999999964e+03,0.000000000000000000e+00
1.423792500000000018e+03,0.000000000000000000e+00
1.423794900000000098e+03,0.000000000000000000e+00
1.423797399999999925e+03,0.000000000000000000e+00
1.423799800000000005e+03,0.000000000000000000e+00
1.423802200000000084e+03,0.000000000000000000e+00
1.423804699999999912e+03,0.000000000000000000e+00
1.423807099999999991e+03,0.000000000000000000e+00
1.423809600000000046e+03,0.000000000000000000e+00
1.423811999999999898e+03,0.000000000000000000e+00
1.423814499999999953e+03,0.000000000000000000e+00
1.423816900000000032e+03,0.000000000000000000e+00
1.423819300000000112e+03,0.000000000000000000e+00
1.423821799999999939e+03,0.000000000000000000e+00
1.423824200000000019e+03,0.000000000000000000e+00
1.423826700000000073e+03,0.000000000000000000e+00
1.423829099999999926e+03,0.000000000000000000e+00
1.423831500000000005e+03,0.000000000000000000e+00
1.423834000000000060e+03,0.000000000000000000e+00
1.423836399999999912e+03,0.000000000000000000e+00
1.423838899999999967e+03,0.000000000000000000e+00
1.423841300000000047e+03,0.000000000000000000e+00
1.423843800000000101e+03,0.000000000000000000e+00
1.423846199999999953e+03,0.000000000000000000e+00
1.423848600000000033e+03,0.000000000000000000e+00
1.423851100000000088e+03,0.000000000000000000e+00
1.423853499999999940e+03,0.000000000000000000e+00
1.423855999999999995e+03,0.000000000000000000e+00
1.423858400000000074e+03,0.000000000000000000e+00
1.423860799999999927e+03,0.000000000000000000e+00
1.423863299999999981e+03,0.000000000000000000e+00
1.423865700000000061e+03,0.000000000000000000e+00
1.423868199999999888e+03,0.000000000000000000e+00
1.423870599999999968e+03,0.000000000000000000e+00
1.423873000000000047e+03,0.000000000000000000e+00
1.423875500000000102e+03,0.000000000000000000e+00
1.423877899999999954e+03,0.000000000000000000e+00
1.423880400000000009e+03,0.000000000000000000e+00
1.423882800000000088e+03,0.000000000000000000e+00
1.423885299999999916e+03,0.000000000000000000e+00
1.423887699999999995e+03,0.000000000000000000e+00
1.423890100000000075e+03,0.000000000000000000e+00
1.423892599999999902e+03,0.000000000000000000e+00
1.423894999999999982e+03,0.000000000000000000e+00
1.423897500000000036e+03,0.000000000000000000e+00
1.423899899999999889e+03,0.000000000000000000e+00
1.423902299999999968e+03,0.000000000000000000e+00
1.423904800000000023e+03,0.000000000000000000e+00
1.423907200000000103e+03,0.000000000000000000e+00
1.423909699999999930e+03,0.000000000000000000e+00
1.423912100000000009e+03,0.000000000000000000e+00
1.423914600000000064e+03,0.000000000000000000e+00
1.423916999999999916e+03,0.000000000000000000e+00
1.423919399999999996e+03,0.000000000000000000e+00
1.423921900000000051e+03,0.000000000000000000e+00
1.423924299999999903e+03,0.000000000000000000e+00
1.423926799999999957e+03,0.000000000000000000e+00
1.423929200000000037e+03,0.000000000000000000e+00
1.423931599999999889e+03,0.000000000000000000e+00
1.423934099999999944e+03,0.000000000000000000e+00
1.423936500000000024e+03,0.000000000000000000e+00
1.423939000000000078e+03,0.000000000000000000e+00
1.423941399999999931e+03,0.000000000000000000e+00
1.423943800000000010e+03,0.000000000000000000e+00
1.423946300000000065e+03,0.000000000000000000e+00
1.423948699999999917e+03,0.000000000000000000e+00
1.423951199999999972e+03,0.000000000000000000e+00
1.423953600000000051e+03,0.000000000000000000e+00
1.423956100000000106e+03,0.000000000000000000e+00
1.423958499999999958e+03,0.000000000000000000e+00
1.423960900000000038e+03,0.000000000000000000e+00
1.423963400000000092e+03,0.000000000000000000e+00
1.423965799999999945e+03,0.000000000000000000e+00
1.423968299999999999e+03,0.000000000000000000e+00
1.423970700000000079e+03,0.000000000000000000e+00
1.423973099999999931e+03,0.000000000000000000e+00
1.423975599999999986e+03,0.000000000000000000e+00
1.423978000000000065e+03,0.000000000000000000e+00
1.423980499999999893e+03,0.000000000000000000e+00
1.423982899999999972e+03,0.000000000000000000e+00
1.423985400000000027e+03,0.000000000000000000e+00
1.423987800000000107e+03,0.000000000000000000e+00
1.423990199999999959e+03,0.000000000000000000e+00
1.423992700000000013e+03,0.000000000000000000e+00
1.423995100000000093e+03,0.000000000000000000e+00
1.423997599999999920e+03,0.000000000000000000e+00
