1.414000000000000000e+03,0.000000000000000000e+00
1.414002400000000080e+03,0.000000000000000000e+00
1.414004899999999907e+03,0.000000000000000000e+00
1.414007299999999987e+03,0.000000000000000000e+00
1.414009800000000041e+03,0.000000000000000000e+00
1.414012199999999893e+03,0.000000000000000000e+00
1.414014599999999973e+03,0.000000000000000000e+00
1.414017100000000028e+03,0.000000000000000000e+00
1.414019500000000107e+03,0.000000000000000000e+00
1.414021999999999935e+03,0.000000000000000000e+00
1.414024400000000014e+03,0.000000000000000000e+00
1.414026900000000069e+03,0.000000000000000000e+00
1.414029299999999921e+03,0.000000000000000000e+00
1.414031700000000001e+03,0.000000000000000000e+00
1.414034200000000055e+03,0.000000000000000000e+00
1.414036599999999908e+03,0.000000000000000000e+00
1.414039099999999962e+03,0.000000000000000000e+00
1.414041500000000042e+03,0.000000000000000000e+00
1.414043899999999894e+03,0.000000000000000000e+00
1.414046399999999949e+03,0.000000000000000000e+00
1.414048800000000028e+03,0.000000000000000000e+00
1.414051300000000083e+03,0.000000000000000000e+00
1.414053699999999935e+03,0.000000000000000000e+00
1.414056199999999990e+03,0.000000000000000000e+00
1.414058600000000069e+03,0.000000000000000000e+00
1.414060999999999922e+03,0.000000000000000000e+00
1.414063499999999976e+03,0.000000000000000000e+00
1.414065900000000056e+03,0.000000000000000000e+00
1.414068400000000111e+03,0.000000000000000000e+00
1.414070799999999963e+03,0.000000000000000000e+00
1.414073200000000043e+03,0.000000000000000000e+00
1.414075700000000097e+03,0.000000000000000000e+00
1.414078099999999949e+03,0.000000000000000000e+00
1.414080600000000004e+03,0.000000000000000000e+00
1.414083000000000084e+03,0.000000000000000000e+00
1.414085399999999936e+03,0.000000000000000000e+00
1.414087899999999991e+03,0.000000000000000000e+00
1.414090300000000070e+03,0.000000000000000000e+00
1.414092799999999897e+03,0.000000000000000000e+00
1.414095199999999977e+03,0.000000000000000000e+00
1.414097700000000032e+03,0.000000000000000000e+00
1.414100100000000111e+03,0.000000000000000000e+00
1.414102499999999964e+03,0.000000000000000000e+00
1.414105000000000018e+03,0.000000000000000000e+00
1.414107400000000098e+03,0.000000000000000000e+00
1.414109899999999925e+03,0.000000000000000000e+00
1.414112300000000005e+03,0.000000000000000000e+00
1.414114700000000084e+03,0.000000000000000000e+00
1.414117199999999912e+03,0.000000000000000000e+00
1.414119599999999991e+03,0.000000000000000000e+00
1.414122100000000046e+03,0.000000000000000000e+00
1.414124499999999898e+03,0.000000000000000000e+00
1.414126999999999953e+03,0.000000000000000000e+00
1.414129400000000032e+03,0.000000000000000000e+00
1.414131800000000112e+03,0.000000000000000000e+00
1.414134299999999939e+03,0.000000000000000000e+00
1.414136700000000019e+03,0.000000000000000000e+00
1.414139200000000073e+03,0.000000000000000000e+00
1.414141599999999926e+03,0.000000000000000000e+00
1.414144000000000005e+03,0.000000000000000000e+00
1.414146500000000060e+03,0.000000000000000000e+00
1.414148899999999912e+03,0.000000000000000000e+00
1.414151399999999967e+03,0.000000000000000000e+00
1.414153800000000047e+03,0.000000000000000000e+00
1.414156199999999899e+03,0.000000000000000000e+00
1.414158699999999953e+03,0.000000000000000000e+00
1.414161100000000033e+03,0.000000000000000000e+00
1.414163600000000088e+03,0.000000000000000000e+00
1.414165999999999940e+03,0.000000000000000000e+00
1.414168499999999995e+03,0.000000000000000000e+00
1.414170900000000074e+03,0.000000000000000000e+00
1.414173299999999927e+03,0.000000000000000000e+00
1.414175799999999981e+03,0.000000000000000000e+00
1.414178200000000061e+03,0.000000000000000000e+00
1.414180699999999888e+03,0.000000000000000000e+00
1.414183099999999968e+03,0.000000000000000000e+00
1.414185500000000047e+03,0.000000000000000000e+00
1.414188000000000102e+03,0.000000000000000000e+00
1.414190399999999954e+03,0.000000000000000000e+00
1.414192900000000009e+03,0.000000000000000000e+00
1.414195300000000088e+03,0.000000000000000000e+00
1.414197799999999916e+03,0.000000000000000000e+00
1.414200199999999995e+03,0.000000000000000000e+00
1.414202600000000075e+03,0.000000000000000000e+00
1.414205099999999902e+03,0.000000000000000000e+00
1.414207499999999982e+03,0.000000000000000000e+00
1.414210000000000036e+03,0.000000000000000000e+00
1.414212399999999889e+03,0.000000000000000000e+00
1.414214799999999968e+03,0.000000000000000000e+00
1.414217300000000023e+03,0.000000000000000000e+00
1.414219700000000103e+03,0.000000000000000000e+00
1.414222199999999930e+03,0.000000000000000000e+00
1.414224600000000009e+03,0.000000000000000000e+00
1.414227100000000064e+03,0.000000000000000000e+00
1.414229499999999916e+03,0.000000000000000000e+00
1.414231899999999996e+03,0.000000000000000000e+00
1.414234400000000051e+03,0.000000000000000000e+00
1.414236799999999903e+03,0.000000000000000000e+00
1.414239299999999957e+03,0.000000000000000000e+00
1.414241700000000037e+03,0.000000000000000000e+00
1.414244099999999889e+03,0.000000000000000000e+00
1.414246599999999944e+03,0.000000000000000000e+00
1.414249000000000024e+03,0.000000000000000000e+00
1.414251500000000078e+03,0.000000000000000000e+00
1.414253899999999931e+03,0.000000000000000000e+00
1.414256300000000010e+03,0.000000000000000000e+00
1.414258800000000065e+03,0.000000000000000000e+00
1.414261199999999917e+03,0.000000000000000000e+00
1.414263699999999972e+03,0.000000000000000000e+00
1.414266100000000051e+03,0.000000000000000000e+00
1.414268600000000106e+03,0.000000000000000000e+00
1.414270999999999958e+03,0.000000000000000000e+00
1.414273400000000038e+03,0.000000000000000000e+00
1.414275900000000092e+03,0.000000000000000000e+00
1.414278299999999945e+03,0.000000000000000000e+00
1.414280799999999999e+03,0.000000000000000000e+00
1.414283200000000079e+03,0.000000000000000000e+00
1.414285599999999931e+03,0.000000000000000000e+00
1.414288099999999986e+03,0.000000000000000000e+00
1.414290500000000065e+03,0.000000000000000000e+00
1.414292999999999893e+03,0.000000000000000000e+00
1.414295399999999972e+03,0.000000000000000000e+00
1.414297900000000027e+03,0.000000000000000000e+00
1.414300300000000107e+03,0.000000000000000000e+00
1.414302699999999959e+03,0.000000000000000000e+00
1.414305200000000013e+03,0.000000000000000000e+00
1.414307600000000093e+03,0.000000000000000000e+00
1.414310099999999920e+03,0.000000000000000000e+00
1.414312500000000000e+03,0.000000000000000000e+00
1.414314900000000080e+03,0.000000000000000000e+00
1.414317399999999907e+03,0.000000000000000000e+00
1.414319799999999987e+03,0.000000000000000000e+00
1.414322300000000041e+03,0.000000000000000000e+00
1.414324699999999893e+03,0.000000000000000000e+00
1.414327099999999973e+03,0.000000000000000000e+00
1.414329600000000028e+03,0.000000000000000000e+00
1.414332000000000107e+03,0.000000000000000000e+00
1.414334499999999935e+03,0.000000000000000000e+00
1.414336900000000014e+03,0.000000000000000000e+00
1.414339400000000069e+03,0.000000000000000000e+00
1.414341799999999921e+03,0.000000000000000000e+00
1.414344200000000001e+03,0.000000000000000000e+00
1.414346700000000055e+03,0.000000000000000000e+00
1.414349099999999908e+03,0.000000000000000000e+00
1.414351599999999962e+03,0.000000000000000000e+00
1.414354000000000042e+03,0.000000000000000000e+00
1.414356399999999894e+03,0.000000000000000000e+00
1.414358899999999949e+03,0.000000000000000000e+00
1.414361300000000028e+03,0.000000000000000000e+00
1.414363800000000083e+03,0.000000000000000000e+00
1.414366199999999935e+03,0.000000000000000000e+00
1.414368699999999990e+03,0.000000000000000000e+00
1.414371100000000069e+03,0.000000000000000000e+00
1.414373499999999922e+03,0.000000000000000000e+00
1.414375999999999976e+03,0.000000000000000000e+00
1.414378400000000056e+03,0.000000000000000000e+00
1.414380900000000111e+03,0.000000000000000000e+00
1.414383299999999963e+03,0.000000000000000000e+00
1.414385700000000043e+03,0.000000000000000000e+00
1.414388200000000097e+03,0.000000000000000000e+00
1.414390599999999949e+03,0.000000000000000000e+00
1.414393100000000004e+03,0.000000000000000000e+00
1.414395500000000084e+03,0.000000000000000000e+00
1.414397899999999936e+03,0.000000000000000000e+00
1.414400399999999991e+03,0.000000000000000000e+00
1.414402800000000070e+03,0.000000000000000000e+00
1.414405299999999897e+03,0.000000000000000000e+00
1.414407699999999977e+03,0.000000000000000000e+00
1.414410200000000032e+03,0.000000000000000000e+00
1.414412600000000111e+03,0.000000000000000000e+00
1.414414999999999964e+03,0.000000000000000000e+00
1.414417500000000018e+03,0.000000000000000000e+00
1.414419900000000098e+03,0.000000000000000000e+00
1.414422399999999925e+03,0.000000000000000000e+00
1.414424800000000005e+03,0.000000000000000000e+00
1.414427200000000084e+03,0.000000000000000000e+00
1.414429699999999912e+03,0.000000000000000000e+00
1.414432099999999991e+03,0.000000000000000000e+00
1.414434600000000046e+03,0.000000000000000000e+00
1.414436999999999898e+03,0.000000000000000000e+00
1.414439499999999953e+03,0.000000000000000000e+00
1.414441900000000032e+03,0.000000000000000000e+00
1.414444300000000112e+03,0.000000000000000000e+00
1.414446799999999939e+03,0.000000000000000000e+00
1.414449200000000019e+03,0.000000000000000000e+00
1.414451700000000073e+03,0.000000000000000000e+00
1.414454099999999926e+03,0.000000000000000000e+00
1.414456500000000005e+03,0.000000000000000000e+00
1.414459000000000060e+03,0.000000000000000000e+00
1.414461399999999912e+03,0.000000000000000000e+00
1.414463899999999967e+03,0.000000000000000000e+00
1.414466300000000047e+03,0.000000000000000000e+00
1.414468800000000101e+03,0.000000000000000000e+00
1.414471199999999953e+03,0.000000000000000000e+00
1.414473600000000033e+03,0.000000000000000000e+00
1.414476100000000088e+03,0.000000000000000000e+00
1.414478499999999940e+03,0.000000000000000000e+00
1.414480999999999995e+03,0.000000000000000000e+00
1.414483400000000074e+03,0.000000000000000000e+00
1.414485799999999927e+03,0.000000000000000000e+00
1.414488299999999981e+03,0.000000000000000000e+00
1.414490700000000061e+03,0.000000000000000000e+00
1.414493199999999888e+03,0.000000000000000000e+00
1.414495599999999968e+03,0.000000000000000000e+00
1.414498000000000047e+03,0.000000000000000000e+00
1.414500500000000102e+03,0.000000000000000000e+00
1.414502899999999954e+03,0.000000000000000000e+00
1.414505400000000009e+03,0.000000000000000000e+00
1.414507800000000088e+03,0.000000000000000000e+00
1.414510299999999916e+03,0.000000000000000000e+00
1.414512699999999995e+03,0.000000000000000000e+00
1.414515100000000075e+03,0.000000000000000000e+00
1.414517599999999902e+03,0.000000000000000000e+00
1.414519999999999982e+03,0.000000000000000000e+00
1.414522500000000036e+03,0.000000000000000000e+00
1.414524899999999889e+03,0.000000000000000000e+00
1.414527299999999968e+03,0.000000000000000000e+00
1.414529800000000023e+03,0.000000000000000000e+00
1.414532200000000103e+03,0.000000000000000000e+00
1.414534699999999930e+03,0.000000000000000000e+00
1.414537100000000009e+03,0.000000000000000000e+00
1.414539600000000064e+03,0.000000000000000000e+00
1.414541999999999916e+03,0.000000000000000000e+00
1.414544399999999996e+03,0.000000000000000000e+00
1.414546900000000051e+03,0.000000000000000000e+00
1.414549299999999903e+03,0.000000000000000000e+00
1.414551799999999957e+03,0.000000000000000000e+00
1.414554200000000037e+03,0.000000000000000000e+00
1.414556599999999889e+03,0.000000000000000000e+00
1.414559099999999944e+03,0.000000000000000000e+00
1.414561500000000024e+03,0.000000000000000000e+00
1.414564000000000078e+03,0.000000000000000000e+00
1.414566399999999931e+03,0.000000000000000000e+00
1.414568800000000010e+03,0.000000000000000000e+00
1.414571300000000065e+03,0.000000000000000000e+00
1.414573699999999917e+03,0.000000000000000000e+00
1.414576199999999972e+03,0.000000000000000000e+00
1.414578600000000051e+03,0.000000000000000000e+00
1.414581100000000106e+03,0.000000000000000000e+00
1.414583499999999958e+03,0.000000000000000000e+00
1.414585900000000038e+03,0.000000000000000000e+00
1.414588400000000092e+03,0.000000000000000000e+00
1.414590799999999945e+03,0.000000000000000000e+00
1.414593299999999999e+03,0.000000000000000000e+00
1.414595700000000079e+03,0.000000000000000000e+00
1.414598099999999931e+03,0.000000000000000000e+00
1.414600599999999986e+03,0.000000000000000000e+00
1.414603000000000065e+03,0.000000000000000000e+00
1.414605499999999893e+03,0.000000000000000000e+00
1.414607899999999972e+03,0.000000000000000000e+00
1.414610400000000027e+03,0.000000000000000000e+00
1.414612800000000107e+03,0.000000000000000000e+00
1.414615199999999959e+03,0.000000000000000000e+00
1.414617700000000013e+03,0.000000000000000000e+00
1.414620100000000093e+03,0.000000000000000000e+00
1.414622599999999920e+03,0.000000000000000000e+00
1.414625000000000000e+03,0.000000000000000000e+00
1.414627400000000080e+03,0.000000000000000000e+00
1.414629899999999907e+03,0.000000000000000000e+00
1.414632299999999987e+03,0.000000000000000000e+00
1.414634800000000041e+03,0.000000000000000000e+00
1.414637199999999893e+03,0.000000000000000000e+00
1.414639599999999973e+03,0.000000000000000000e+00
1.414642100000000028e+03,0.000000000000000000e+00
1.414644500000000107e+03,0.000000000000000000e+00
1.414646999999999935e+03,0.000000000000000000e+00
1.414649400000000014e+03,0.000000000000000000e+00
1.414651900000000069e+03,0.000000000000000000e+00
1.414654299999999921e+03,0.000000000000000000e+00
1.414656700000000001e+03,0.000000000000000000e+00
1.414659200000000055e+03,0.000000000000000000e+00
1.414661599999999908e+03,0.000000000000000000e+00
1.414664099999999962e+03,0.000000000000000000e+00
1.414666500000000042e+03,0.000000000000000000e+00
1.414668899999999894e+03,0.000000000000000000e+00
1.414671399999999949e+03,0.000000000000000000e+00
1.414673800000000028e+03,0.000000000000000000e+00
1.414676300000000083e+03,0.000000000000000000e+00
1.414678699999999935e+03,0.000000000000000000e+00
1.414681199999999990e+03,0.000000000000000000e+00
1.414683600000000069e+03,0.000000000000000000e+00
1.414685999999999922e+03,0.000000000000000000e+00
1.414688499999999976e+03,0.000000000000000000e+00
1.414690900000000056e+03,0.000000000000000000e+00
1.414693400000000111e+03,0.000000000000000000e+00
1.414695799999999963e+03,0.000000000000000000e+00
1.414698200000000043e+03,0.000000000000000000e+00
1.414700700000000097e+03,0.000000000000000000e+00
1.414703099999999949e+03,0.000000000000000000e+00
1.414705600000000004e+03,0.000000000000000000e+00
1.414708000000000084e+03,0.000000000000000000e+00
1.414710399999999936e+03,0.000000000000000000e+00
1.414712899999999991e+03,0.000000000000000000e+00
1.414715300000000070e+03,0.000000000000000000e+00
1.414717799999999897e+03,0.000000000000000000e+00
1.414720199999999977e+03,0.000000000000000000e+00
1.414722700000000032e+03,0.000000000000000000e+00
1.414725100000000111e+03,0.000000000000000000e+00
1.414727499999999964e+03,0.000000000000000000e+00
1.414730000000000018e+03,0.000000000000000000e+00
1.414732400000000098e+03,0.000000000000000000e+00
1.414734899999999925e+03,0.000000000000000000e+00
1.414737300000000005e+03,0.000000000000000000e+00
1.414739700000000084e+03,0.000000000000000000e+00
1.414742199999999912e+03,0.000000000000000000e+00
1.414744599999999991e+03,0.000000000000000000e+00
1.414747100000000046e+03,0.000000000000000000e+00
1.414749499999999898e+03,0.000000000000000000e+00
1.414751999999999953e+03,0.000000000000000000e+00
1.414754400000000032e+03,0.000000000000000000e+00
1.414756800000000112e+03,0.000000000000000000e+00
1.414759299999999939e+03,0.000000000000000000e+00
1.414761700000000019e+03,0.000000000000000000e+00
1.414764200000000073e+03,0.000000000000000000e+00
1.414766599999999926e+03,0.000000000000000000e+00
1.414769000000000005e+03,0.000000000000000000e+00
1.414771500000000060e+03,0.000000000000000000e+00
1.414773899999999912e+03,0.000000000000000000e+00
1.414776399999999967e+03,0.000000000000000000e+00
1.414778800000000047e+03,0.000000000000000000e+00
1.414781199999999899e+03,0.000000000000000000e+00
1.414783699999999953e+03,0.000000000000000000e+00
1.414786100000000033e+03,0.000000000000000000e+00
1.414788600000000088e+03,0.000000000000000000e+00
1.414790999999999940e+03,0.000000000000000000e+00
1.414793499999999995e+03,0.000000000000000000e+00
1.414795900000000074e+03,0.000000000000000000e+00
1.414798299999999927e+03,0.000000000000000000e+00
1.414800799999999981e+03,0.000000000000000000e+00
1.414803200000000061e+03,0.000000000000000000e+00
1.414805699999999888e+03,0.000000000000000000e+00
1.414808099999999968e+03,0.000000000000000000e+00
1.414810500000000047e+03,0.000000000000000000e+00
1.414813000000000102e+03,0.000000000000000000e+00
1.414815399999999954e+03,0.000000000000000000e+00
1.414817900000000009e+03,0.000000000000000000e+00
1.414820300000000088e+03,0.000000000000000000e+00
1.414822799999999916e+03,0.000000000000000000e+00
1.414825199999999995e+03,0.000000000000000000e+00
1.414827600000000075e+03,0.000000000000000000e+00
1.414830099999999902e+03,0.000000000000000000e+00
1.414832499999999982e+03,0.000000000000000000e+00
1.414835000000000036e+03,0.000000000000000000e+00
1.414837399999999889e+03,0.000000000000000000e+00
1.414839799999999968e+03,0.000000000000000000e+00
1.414842300000000023e+03,0.000000000000000000e+00
1.414844700000000103e+03,0.000000000000000000e+00
1.414847199999999930e+03,0.000000000000000000e+00
1.414849600000000009e+03,0.000000000000000000e+00
1.414852100000000064e+03,0.000000000000000000e+00
1.414854499999999916e+03,0.000000000000000000e+00
1.414856899999999996e+03,0.000000000000000000e+00
1.414859400000000051e+03,0.000000000000000000e+00
1.414861799999999903e+03,0.000000000000000000e+00
1.414864299999999957e+03,0.000000000000000000e+00
1.414866700000000037e+03,0.000000000000000000e+00
1.414869099999999889e+03,0.000000000000000000e+00
1.414871599999999944e+03,0.000000000000000000e+00
1.414874000000000024e+03,0.000000000000000000e+00
1.414876500000000078e+03,0.000000000000000000e+00
1.414878899999999931e+03,0.000000000000000000e+00
1.414881300000000010e+03,0.000000000000000000e+00
1.414883800000000065e+03,0.000000000000000000e+00
1.414886199999999917e+03,0.000000000000000000e+00
1.414888699999999972e+03,0.000000000000000000e+00
1.414891100000000051e+03,0.000000000000000000e+00
1.414893600000000106e+03,0.000000000000000000e+00
1.414895999999999958e+03,0.000000000000000000e+00
1.414898400000000038e+03,0.000000000000000000e+00
1.414900900000000092e+03,0.000000000000000000e+00
1.414903299999999945e+03,0.000000000000000000e+00
1.414905799999999999e+03,0.000000000000000000e+00
1.414908200000000079e+03,0.000000000000000000e+00
1.414910599999999931e+03,0.000000000000000000e+00
1.414913099999999986e+03,0.000000000000000000e+00
1.414915500000000065e+03,0.000000000000000000e+00
1.414917999999999893e+03,0.000000000000000000e+00
1.414920399999999972e+03,0.000000000000000000e+00
1.414922900000000027e+03,0.000000000000000000e+00
1.414925300000000107e+03,0.000000000000000000e+00
1.414927699999999959e+03,0.000000000000000000e+00
1.414930200000000013e+03,0.000000000000000000e+00
1.414932600000000093e+03,0.000000000000000000e+00
1.414935099999999920e+03,0.000000000000000000e+00
1.414937500000000000e+03,0.000000000000000000e+00
1.414939900000000080e+03,0.000000000000000000e+00
1.414942399999999907e+03,0.000000000000000000e+00
1.414944799999999987e+03,0.000000000000000000e+00
1.414947300000000041e+03,0.000000000000000000e+00
1.414949699999999893e+03,0.000000000000000000e+00
1.414952099999999973e+03,0.000000000000000000e+00
1.414954600000000028e+03,0.000000000000000000e+00
1.414957000000000107e+03,0.000000000000000000e+00
1.414959499999999935e+03,0.000000000000000000e+00
1.414961900000000014e+03,0.000000000000000000e+00
1.414964400000000069e+03,0.000000000000000000e+00
1.414966799999999921e+03,0.000000000000000000e+00
1.414969200000000001e+03,0.000000000000000000e+00
1.414971700000000055e+03,0.000000000000000000e+00
1.414974099999999908e+03,0.000000000000000000e+00
1.414976599999999962e+03,0.000000000000000000e+00
1.414979000000000042e+03,0.000000000000000000e+00
1.414981399999999894e+03,0.000000000000000000e+00
1.414983899999999949e+03,0.000000000000000000e+00
1.414986300000000028e+03,0.000000000000000000e+00
1.414988800000000083e+03,0.000000000000000000e+00
1.414991199999999935e+03,0.000000000000000000e+00
1.414993699999999990e+03,0.000000000000000000e+00
1.414996100000000069e+03,0.000000000000000000e+00
1.414998499999999922e+03,0.000000000000000000e+00
1.415000999999999976e+03,1.047510999999999939e+02
1.415003400000000056e+03,1.047188000000000017e+02
1.415005900000000111e+03,1.046449999999999960e+02
1.415008299999999963e+03,1.045186999999999955e+02
1.415010700000000043e+03,1.043495000000000061e+02
1.415013200000000097e+03,1.041899999999999977e+02
1.415015599999999949e+03,1.041092000000000013e+02
1.415018100000000004e+03,1.041482000000000028e+02
1.415020500000000084e+03,1.042942000000000036e+02
1.415022899999999936e+03,1.044784999999999968e+02
1.415025399999999991e+03,1.046120999999999981e+02
1.415027800000000070e+03,1.046513999999999953e+02
1.415030299999999897e+03,1.046233000000000004e+02
1.415032699999999977e+03,1.045785000000000053e+02
1.415035200000000032e+03,1.045474999999999994e+02
1.415037600000000111e+03,1.045455999999999932e+02
1.415039999999999964e+03,1.045773999999999972e+02
1.415042500000000018e+03,1.046123999999999938e+02
1.415044900000000098e+03,1.045914999999999964e+02
1.415047399999999925e+03,1.044915000000000020e+02
1.415049800000000005e+03,1.043666000000000054e+02
1.415052200000000084e+03,1.043015999999999934e+02
1.415054699999999912e+03,1.043388999999999953e+02
1.415057099999999991e+03,1.044560000000000031e+02
1.415059600000000046e+03,1.045841000000000065e+02
1.415061999999999898e+03,1.046367000000000047e+02
1.415064499999999953e+03,1.045605999999999938e+02
1.415066900000000032e+03,1.043906999999999954e+02
1.415069300000000112e+03,1.042416000000000054e+02
1.415071799999999939e+03,1.042306999999999988e+02
1.415074200000000019e+03,1.044008999999999929e+02
1.415076700000000073e+03,1.046976999999999975e+02
1.415079099999999926e+03,1.050110999999999990e+02
1.415081500000000005e+03,1.052505000000000024e+02
1.415084000000000060e+03,1.053889000000000067e+02
1.415086399999999912e+03,1.054339999999999975e+02
1.415088899999999967e+03,1.053708000000000027e+02
1.415091300000000047e+03,1.051629999999999967e+02
1.415093800000000101e+03,1.048212000000000046e+02
1.415096199999999953e+03,1.044427000000000021e+02
1.415098600000000033e+03,1.041671000000000049e+02
1.415101100000000088e+03,1.040867999999999967e+02
1.415103499999999940e+03,1.041894000000000062e+02
1.415105999999999995e+03,1.043704000000000036e+02
1.415108400000000074e+03,1.045065000000000026e+02
1.415110799999999927e+03,1.045348999999999933e+02
1.415113299999999981e+03,1.044736000000000047e+02
1.415115700000000061e+03,1.043803000000000054e+02
1.415118199999999888e+03,1.043083000000000027e+02
1.415120599999999968e+03,1.043006000000000029e+02
1.415123000000000047e+03,1.043898999999999972e+02
1.415125500000000102e+03,1.045711000000000013e+02
1.415127899999999954e+03,1.047921999999999940e+02
1.415130400000000009e+03,1.049988000000000028e+02
1.415132800000000088e+03,1.051764000000000010e+02
1.415135299999999916e+03,1.053247999999999962e+02
1.415137699999999995e+03,1.054051000000000045e+02
1.415140100000000075e+03,1.053486999999999938e+02
1.415142599999999902e+03,1.051389999999999958e+02
1.415144999999999982e+03,1.048785000000000025e+02
1.415147500000000036e+03,1.047445000000000022e+02
1.415149899999999889e+03,1.048451000000000022e+02
1.415152299999999968e+03,1.051199000000000012e+02
1.415154800000000023e+03,1.054009999999999962e+02
1.415157200000000103e+03,1.055657999999999959e+02
1.415159699999999930e+03,1.056175000000000068e+02
1.415162100000000009e+03,1.056401999999999930e+02
1.415164600000000064e+03,1.057047000000000025e+02
1.415166999999999916e+03,1.058130000000000024e+02
1.415169399999999996e+03,1.059060999999999950e+02
1.415171900000000051e+03,1.059210000000000065e+02
1.415174299999999903e+03,1.058486999999999938e+02
1.415176799999999957e+03,1.057318000000000069e+02
1.415179200000000037e+03,1.055999999999999943e+02
1.415181599999999889e+03,1.054270999999999958e+02
1.415184099999999944e+03,1.051771999999999991e+02
1.415186500000000024e+03,1.048837000000000046e+02
1.415189000000000078e+03,1.046470999999999947e+02
1.415191399999999931e+03,1.045417999999999950e+02
1.415193800000000010e+03,1.045579000000000036e+02
1.415196300000000065e+03,1.046454999999999984e+02
1.415198699999999917e+03,1.047796000000000021e+02
1.415201199999999972e+03,1.049663000000000039e+02
1.415203600000000051e+03,1.052066999999999979e+02
1.415206100000000106e+03,1.054663999999999930e+02
1.415208499999999958e+03,1.056736999999999966e+02
1.415210900000000038e+03,1.057634999999999934e+02
1.415213400000000092e+03,1.057271999999999963e+02
1.415215799999999945e+03,1.056101000000000028e+02
1.415218299999999999e+03,1.054566999999999979e+02
1.415220700000000079e+03,1.052754000000000048e+02
1.415223099999999931e+03,1.050717999999999961e+02
1.415225599999999986e+03,1.049046000000000021e+02
1.415228000000000065e+03,1.048713000000000051e+02
1.415230499999999893e+03,1.050223000000000013e+02
1.415232899999999972e+03,1.053020999999999958e+02
1.415235400000000027e+03,1.055896999999999935e+02
1.415237800000000107e+03,1.057934000000000054e+02
1.415240199999999959e+03,1.058931000000000040e+02
1.415242700000000013e+03,1.059022999999999968e+02
1.415245100000000093e+03,1.058333999999999975e+02
1.415247599999999920e+03,1.057259999999999991e+02
1.415250000000000000e+03,1.056587999999999994e+02
1.415252400000000080e+03,1.056839999999999975e+02
1.415254899999999907e+03,1.057823999999999955e+02
1.415257299999999987e+03,1.059204000000000008e+02
1.415259800000000041e+03,1.060982999999999947e+02
1.415262199999999893e+03,1.062899000000000029e+02
1.415264599999999973e+03,1.063810000000000002e+02
1.415267100000000028e+03,1.062374999999999972e+02
1.415269500000000107e+03,1.058418000000000063e+02
1.415271999999999935e+03,1.053302000000000049e+02
1.415274400000000014e+03,1.048906000000000063e+02
1.415276900000000069e+03,1.046457000000000050e+02
1.415279299999999921e+03,1.046252999999999957e+02
1.415281700000000001e+03,1.047941000000000003e+02
1.415284200000000055e+03,1.050677000000000021e+02
1.415286599999999908e+03,1.053324999999999960e+02
1.415289099999999962e+03,1.055026000000000010e+02
1.415291500000000042e+03,1.055739999999999981e+02
1.415293899999999894e+03,1.056016999999999939e+02
1.415296399999999949e+03,1.056250000000000000e+02
1.415298800000000028e+03,1.056428999999999974e+02
1.415301300000000083e+03,1.056487000000000052e+02
1.415303699999999935e+03,1.056509999999999962e+02
1.415306199999999990e+03,1.056509999999999962e+02
1.415308600000000069e+03,1.056192999999999955e+02
1.415310999999999922e+03,1.055079999999999956e+02
1.415313499999999976e+03,1.052976000000000028e+02
1.415315900000000056e+03,1.050340999999999951e+02
1.415318400000000111e+03,1.048085999999999984e+02
1.415320799999999963e+03,1.046864000000000061e+02
1.415323200000000043e+03,1.046653000000000020e+02
1.415325700000000097e+03,1.047065000000000055e+02
1.415328099999999949e+03,1.047897999999999996e+02
1.415330600000000004e+03,1.049103000000000065e+02
1.415333000000000084e+03,1.050392999999999972e+02
1.415335399999999936e+03,1.051225000000000023e+02
1.415337899999999991e+03,1.051183000000000050e+02
1.415340300000000070e+03,1.050272999999999968e+02
1.415342799999999897e+03,1.048997999999999990e+02
1.415345199999999977e+03,1.048200999999999965e+02
1.415347700000000032e+03,1.048552999999999997e+02
1.415350100000000111e+03,1.050134999999999934e+02
1.415352499999999964e+03,1.052544000000000040e+02
1.415355000000000018e+03,1.055104999999999933e+02
1.415357400000000098e+03,1.056888000000000005e+02
1.415359899999999925e+03,1.057017000000000024e+02
1.415362300000000005e+03,1.055323999999999955e+02
1.415364700000000084e+03,1.052518000000000029e+02
1.415367199999999912e+03,1.049647999999999968e+02
1.415369599999999991e+03,1.047570000000000050e+02
1.415372100000000046e+03,1.046805999999999983e+02
1.415374499999999898e+03,1.047524999999999977e+02
1.415376999999999953e+03,1.049489999999999981e+02
1.415379400000000032e+03,1.052077000000000027e+02
1.415381800000000112e+03,1.054480999999999966e+02
1.415384299999999939e+03,1.056063999999999936e+02
1.415386700000000019e+03,1.056544999999999987e+02
1.415389200000000073e+03,1.055858999999999952e+02
1.415391599999999926e+03,1.054074999999999989e+02
1.415394000000000005e+03,1.051632000000000033e+02
1.415396500000000060e+03,1.049398999999999944e+02
1.415398899999999912e+03,1.048174999999999955e+02
1.415401399999999967e+03,1.048100000000000023e+02
1.415403800000000047e+03,1.048667999999999978e+02
1.415406199999999899e+03,1.049258999999999986e+02
1.415408699999999953e+03,1.049577000000000027e+02
1.415411100000000033e+03,1.049679000000000002e+02
1.415413600000000088e+03,1.049742999999999995e+02
1.415415999999999940e+03,1.049836999999999989e+02
1.415418499999999995e+03,1.049774000000000029e+02
1.415420900000000074e+03,1.049175999999999931e+02
1.415423299999999927e+03,1.047913000000000068e+02
1.415425799999999981e+03,1.046521000000000043e+02
1.415428200000000061e+03,1.045918999999999954e+02
1.415430699999999888e+03,1.046496000000000066e+02
1.415433099999999968e+03,1.047668000000000035e+02
1.415435500000000047e+03,1.048528000000000020e+02
1.415438000000000102e+03,1.048699000000000012e+02
1.415440399999999954e+03,1.048366999999999933e+02
1.415442900000000009e+03,1.047694000000000045e+02
1.415445300000000088e+03,1.046535999999999973e+02
1.415447799999999916e+03,1.044750999999999976e+02
1.415450199999999995e+03,1.042612000000000023e+02
1.415452600000000075e+03,1.040798000000000059e+02
1.415455099999999902e+03,1.040065000000000026e+02
1.415457499999999982e+03,1.040900000000000034e+02
1.415460000000000036e+03,1.043187000000000069e+02
1.415462399999999889e+03,1.046026999999999987e+02
1.415464799999999968e+03,1.048238999999999947e+02
1.415467300000000023e+03,1.049334999999999951e+02
1.415469700000000103e+03,1.049776999999999987e+02
1.415472199999999930e+03,1.050117999999999938e+02
1.415474600000000009e+03,1.050172000000000025e+02
1.415477100000000064e+03,1.049308999999999941e+02
1.415479499999999916e+03,1.047466000000000008e+02
1.415481899999999996e+03,1.045651000000000010e+02
1.415484400000000051e+03,1.045352000000000032e+02
1.415486799999999903e+03,1.047308000000000021e+02
1.415489299999999957e+03,1.050717999999999961e+02
1.415491700000000037e+03,1.053847999999999985e+02
1.415494099999999889e+03,1.055494000000000057e+02
1.415496599999999944e+03,1.055743999999999971e+02
1.415499000000000024e+03,1.055348000000000042e+02
1.415501500000000078e+03,1.054699999999999989e+02
1.415503899999999931e+03,1.053559999999999945e+02
1.415506300000000010e+03,1.051513000000000062e+02
1.415508800000000065e+03,1.048560999999999979e+02
1.415511199999999917e+03,1.045348999999999933e+02
1.415513699999999972e+03,1.042741000000000042e+02
1.415516100000000051e+03,1.041180999999999983e+02
1.415518600000000106e+03,1.040674999999999955e+02
1.415520999999999958e+03,1.041329999999999956e+02
1.415523400000000038e+03,1.043399000000000001e+02
1.415525900000000092e+03,1.046598000000000042e+02
1.415528299999999945e+03,1.049786000000000001e+02
1.415530799999999999e+03,1.051689999999999969e+02
1.415533200000000079e+03,1.051880000000000024e+02
1.415535599999999931e+03,1.050819000000000045e+02
1.415538099999999986e+03,1.049223999999999961e+02
1.415540500000000065e+03,1.047659000000000020e+02
1.415542999999999893e+03,1.046559000000000026e+02
1.415545399999999972e+03,1.046123999999999938e+02
1.415547900000000027e+03,1.046060999999999979e+02
1.415550300000000107e+03,1.045827000000000027e+02
1.415552699999999959e+03,1.045374000000000052e+02
1.415555200000000013e+03,1.045412000000000035e+02
1.415557600000000093e+03,1.046726000000000028e+02
1.415560099999999920e+03,1.049287999999999954e+02
1.415562500000000000e+03,1.052086000000000041e+02
1.415564900000000080e+03,1.053713999999999942e+02
1.415567399999999907e+03,1.053308999999999997e+02
1.415569799999999987e+03,1.051311000000000035e+02
1.415572300000000041e+03,1.049204000000000008e+02
1.415574699999999893e+03,1.048182999999999936e+02
1.415577099999999973e+03,1.048173000000000030e+02
1.415579600000000028e+03,1.048298000000000059e+02
1.415582000000000107e+03,1.047920000000000016e+02
1.415584499999999935e+03,1.046995000000000005e+02
1.415586900000000014e+03,1.045880999999999972e+02
1.415589400000000069e+03,1.045189000000000021e+02
1.415591799999999921e+03,1.045485000000000042e+02
1.415594200000000001e+03,1.046666000000000025e+02
1.415596700000000055e+03,1.047784999999999940e+02
1.415599099999999908e+03,1.047864000000000004e+02
1.415601599999999962e+03,1.046924000000000063e+02
1.415604000000000042e+03,1.046085999999999956e+02
1.415606399999999894e+03,1.046653000000000020e+02
1.415608899999999949e+03,1.049025000000000034e+02
1.415611300000000028e+03,1.052356999999999942e+02
1.415613800000000083e+03,1.055204999999999984e+02
1.415616199999999935e+03,1.056704000000000008e+02
1.415618699999999990e+03,1.057254999999999967e+02
1.415621100000000069e+03,1.057926999999999964e+02
1.415623499999999922e+03,1.059120999999999952e+02
1.415625999999999976e+03,1.060018000000000029e+02
1.415628400000000056e+03,1.059471999999999952e+02
1.415630900000000111e+03,1.057229999999999990e+02
1.415633299999999963e+03,1.054205000000000041e+02
1.415635700000000043e+03,1.051667000000000058e+02
1.415638200000000097e+03,1.050313000000000017e+02
1.415640599999999949e+03,1.049916999999999945e+02
1.415643100000000004e+03,1.049598000000000013e+02
1.415645500000000084e+03,1.048525999999999954e+02
1.415647899999999936e+03,1.046654999999999944e+02
1.415650399999999991e+03,1.044749999999999943e+02
1.415652800000000070e+03,1.043541000000000025e+02
1.415655299999999897e+03,1.043051999999999992e+02
1.415657699999999977e+03,1.042961999999999989e+02
1.415660200000000032e+03,1.043286999999999978e+02
1.415662600000000111e+03,1.044376000000000033e+02
1.415664999999999964e+03,1.046285000000000025e+02
1.415667500000000018e+03,1.048376999999999981e+02
1.415669900000000098e+03,1.049607000000000028e+02
1.415672399999999925e+03,1.049252999999999929e+02
1.415674800000000005e+03,1.047561000000000035e+02
1.415677200000000084e+03,1.045673000000000030e+02
1.415679699999999912e+03,1.044702999999999946e+02
1.415682099999999991e+03,1.044951999999999970e+02
1.415684600000000046e+03,1.046144000000000034e+02
1.415686999999999898e+03,1.048070000000000022e+02
1.415689499999999953e+03,1.050520000000000067e+02
1.415691900000000032e+03,1.052881000000000000e+02
1.415694300000000112e+03,1.054356999999999971e+02
1.415696799999999939e+03,1.054566999999999979e+02
1.415699200000000019e+03,1.053760000000000048e+02
1.415701700000000073e+03,1.052661999999999978e+02
1.415704099999999926e+03,1.052141000000000020e+02
1.415706500000000005e+03,1.052681999999999931e+02
1.415709000000000060e+03,1.053927000000000049e+02
1.415711399999999912e+03,1.054942000000000064e+02
1.415713899999999967e+03,1.055061000000000035e+02
1.415716300000000047e+03,1.054416999999999973e+02
1.415718800000000101e+03,1.053636000000000053e+02
1.415721199999999953e+03,1.053152000000000044e+02
1.415723600000000033e+03,1.052870000000000061e+02
1.415726100000000088e+03,1.052516999999999996e+02
1.415728499999999940e+03,1.052300000000000040e+02
1.415730999999999995e+03,1.052961999999999989e+02
1.415733400000000074e+03,1.054942999999999955e+02
1.415735799999999927e+03,1.057533999999999992e+02
1.415738299999999981e+03,1.059218000000000046e+02
1.415740700000000061e+03,1.059030000000000058e+02
1.415743199999999888e+03,1.057578000000000031e+02
1.415745599999999968e+03,1.056564999999999941e+02
1.415748000000000047e+03,1.057248000000000019e+02
1.415750500000000102e+03,1.059364000000000061e+02
1.415752899999999954e+03,1.061508000000000038e+02
1.415755400000000009e+03,1.062446999999999946e+02
1.415757800000000088e+03,1.061995000000000005e+02
1.415760299999999916e+03,1.060790999999999968e+02
1.415762699999999995e+03,1.059518999999999949e+02
1.415765100000000075e+03,1.058491999999999962e+02
1.415767599999999902e+03,1.057790999999999997e+02
1.415769999999999982e+03,1.057476999999999947e+02
1.415772500000000036e+03,1.057566000000000059e+02
1.415774899999999889e+03,1.057894000000000005e+02
1.415777299999999968e+03,1.058186000000000035e+02
1.415779800000000023e+03,1.058303999999999974e+02
1.415782200000000103e+03,1.058455000000000013e+02
1.415784699999999930e+03,1.059047000000000054e+02
1.415787100000000009e+03,1.060219000000000023e+02
1.415789600000000064e+03,1.061560999999999950e+02
1.415791999999999916e+03,1.062383999999999986e+02
1.415794399999999996e+03,1.062177999999999969e+02
1.415796900000000051e+03,1.060910999999999973e+02
1.415799299999999903e+03,1.059067000000000007e+02
1.415801799999999957e+03,1.057382999999999953e+02
1.415804200000000037e+03,1.056317999999999984e+02
1.415806599999999889e+03,1.055758000000000010e+02
1.415809099999999944e+03,1.055343000000000018e+02
1.415811500000000024e+03,1.055006999999999948e+02
1.415814000000000078e+03,1.055022000000000020e+02
1.415816399999999931e+03,1.055550999999999959e+02
1.415818800000000010e+03,1.056260999999999939e+02
1.415821300000000065e+03,1.056439000000000021e+02
1.415823699999999917e+03,1.055614999999999952e+02
1.415826199999999972e+03,1.054128000000000043e+02
1.415828600000000051e+03,1.052920000000000016e+02
1.415831100000000106e+03,1.052673000000000059e+02
1.415833499999999958e+03,1.053355999999999995e+02
1.415835900000000038e+03,1.054628000000000014e+02
1.415838400000000092e+03,1.056261999999999972e+02
1.415840799999999945e+03,1.057888999999999982e+02
1.415843299999999999e+03,1.058713000000000051e+02
1.415845700000000079e+03,1.057994000000000057e+02
1.415848099999999931e+03,1.055822000000000003e+02
1.415850599999999986e+03,1.053118000000000052e+02
1.415853000000000065e+03,1.050862999999999943e+02
1.415855499999999893e+03,1.049599000000000046e+02
1.415857899999999972e+03,1.049558999999999997e+02
1.415860400000000027e+03,1.050741000000000014e+02
1.415862800000000107e+03,1.052678999999999974e+02
1.415865199999999959e+03,1.054591999999999956e+02
1.415867700000000013e+03,1.056072999999999951e+02
1.415870100000000093e+03,1.057266000000000048e+02
1.415872599999999920e+03,1.058268000000000058e+02
1.415875000000000000e+03,1.058901000000000039e+02
1.415877400000000080e+03,1.059313999999999965e+02
1.415879899999999907e+03,1.060185000000000031e+02
1.415882299999999987e+03,1.061891999999999996e+02
1.415884800000000041e+03,1.063828000000000031e+02
1.415887199999999893e+03,1.064917999999999978e+02
1.415889599999999973e+03,1.064594000000000023e+02
1.415892100000000028e+03,1.063139999999999930e+02
1.415894500000000107e+03,1.061346999999999952e+02
1.415896999999999935e+03,1.059939999999999998e+02
1.415899400000000014e+03,1.059081000000000046e+02
1.415901900000000069e+03,1.058301000000000016e+02
1.415904299999999921e+03,1.056984999999999957e+02
1.415906700000000001e+03,1.054936000000000007e+02
1.415909200000000055e+03,1.052467000000000041e+02
1.415911599999999908e+03,1.050168000000000035e+02
1.415914099999999962e+03,1.048740999999999985e+02
1.415916500000000042e+03,1.048747000000000043e+02
1.415918899999999894e+03,1.050116000000000014e+02
1.415921399999999949e+03,1.051995000000000005e+02
1.415923800000000028e+03,1.053349999999999937e+02
1.415926300000000083e+03,1.053641999999999967e+02
1.415928699999999935e+03,1.052767000000000053e+02
1.415931199999999990e+03,1.050798999999999950e+02
1.415933600000000069e+03,1.048161999999999949e+02
1.415935999999999922e+03,1.045533999999999963e+02
1.415938499999999976e+03,1.043108000000000004e+02
1.415940900000000056e+03,1.040390000000000015e+02
1.415943400000000111e+03,1.037158000000000015e+02
1.415945799999999963e+03,1.034093000000000018e+02
1.415948200000000043e+03,1.032138999999999953e+02
1.415950700000000097e+03,1.031595999999999975e+02
1.415953099999999949e+03,1.031978000000000009e+02
1.415955600000000004e+03,1.032426999999999992e+02
1.415958000000000084e+03,1.032437000000000040e+02
1.415960399999999936e+03,1.032472000000000065e+02
1.415962899999999991e+03,1.033495999999999952e+02
1.415965300000000070e+03,1.035515000000000043e+02
1.415967799999999897e+03,1.037215000000000060e+02
1.415970199999999977e+03,1.037620000000000005e+02
1.415972700000000032e+03,1.037695999999999970e+02
1.415975100000000111e+03,1.039525000000000006e+02
1.415977499999999964e+03,1.043798000000000030e+02
1.415980000000000018e+03,1.048508999999999958e+02
1.415982400000000098e+03,1.050490000000000066e+02
1.415984899999999925e+03,1.048255000000000052e+02
1.415987300000000005e+03,1.043014000000000010e+02
1.415989700000000084e+03,1.037189000000000050e+02
1.415992199999999912e+03,1.032754000000000048e+02
1.415994599999999991e+03,1.030738000000000056e+02
1.415997100000000046e+03,1.031054000000000030e+02
1.415999499999999898e+03,1.032519999999999953e+02
1.416001999999999953e+03,1.033743000000000052e+02
1.416004400000000032e+03,1.034278999999999940e+02
1.416006800000000112e+03,1.034834000000000032e+02
1.416009299999999939e+03,1.036436000000000064e+02
1.416011700000000019e+03,1.039525000000000006e+02
1.416014200000000073e+03,1.043507000000000033e+02
1.416016599999999926e+03,1.046928000000000054e+02
1.416019000000000005e+03,1.048292000000000002e+02
1.416021500000000060e+03,1.047212999999999994e+02
1.416023899999999912e+03,1.045015999999999963e+02
1.416026399999999967e+03,1.043830999999999989e+02
1.416028800000000047e+03,1.044621999999999957e+02
1.416031199999999899e+03,1.046269000000000062e+02
1.416033699999999953e+03,1.046962000000000046e+02
1.416036100000000033e+03,1.046256999999999948e+02
1.416038600000000088e+03,1.045313000000000017e+02
1.416040999999999940e+03,1.045334000000000003e+02
1.416043499999999995e+03,1.046370000000000005e+02
1.416045900000000074e+03,1.047695999999999970e+02
1.416048299999999927e+03,1.048782000000000068e+02
1.416050799999999981e+03,1.049615000000000009e+02
1.416053200000000061e+03,1.050408000000000044e+02
1.416055699999999888e+03,1.051360999999999990e+02
1.416058099999999968e+03,1.052524999999999977e+02
1.416060500000000047e+03,1.053697999999999979e+02
1.416063000000000102e+03,1.054650000000000034e+02
1.416065399999999954e+03,1.055584999999999951e+02
1.416067900000000009e+03,1.057014999999999958e+02
1.416070300000000088e+03,1.058982000000000028e+02
1.416072799999999916e+03,1.060816999999999979e+02
1.416075199999999995e+03,1.062019999999999982e+02
1.416077600000000075e+03,1.062964000000000055e+02
1.416080099999999902e+03,1.064295999999999935e+02
1.416082499999999982e+03,1.065932999999999993e+02
1.416085000000000036e+03,1.067237999999999971e+02
1.416087399999999889e+03,1.068050999999999959e+02
1.416089799999999968e+03,1.068907999999999987e+02
1.416092300000000023e+03,1.070200999999999993e+02
1.416094700000000103e+03,1.071675000000000040e+02
1.416097199999999930e+03,1.072963000000000022e+02
1.416099600000000009e+03,1.074194999999999993e+02
1.416102100000000064e+03,1.075776000000000039e+02
1.416104499999999916e+03,1.077719000000000023e+02
1.416106899999999996e+03,1.079453000000000031e+02
1.416109400000000051e+03,1.080331999999999937e+02
1.416111799999999903e+03,1.080314999999999941e+02
1.416114299999999957e+03,1.080127999999999986e+02
1.416116700000000037e+03,1.080853000000000037e+02
1.416119099999999889e+03,1.083062000000000040e+02
1.416121599999999944e+03,1.086166000000000054e+02
1.416124000000000024e+03,1.088629999999999995e+02
1.416126500000000078e+03,1.089063000000000017e+02
1.416128899999999931e+03,1.087314999999999969e+02
1.416131300000000010e+03,1.084741000000000071e+02
1.416133800000000065e+03,1.083221999999999952e+02
1.416136199999999917e+03,1.083585000000000065e+02
1.416138699999999972e+03,1.084912000000000063e+02
1.416141100000000051e+03,1.085420000000000016e+02
1.416143600000000106e+03,1.083969000000000023e+02
1.416145999999999958e+03,1.080712000000000046e+02
1.416148400000000038e+03,1.076634999999999991e+02
1.416150900000000092e+03,1.072857999999999947e+02
1.416153299999999945e+03,1.070324999999999989e+02
1.416155799999999999e+03,1.069569999999999936e+02
1.416158200000000079e+03,1.070293999999999954e+02
1.416160599999999931e+03,1.071418000000000035e+02
1.416163099999999986e+03,1.071955999999999989e+02
1.416165500000000065e+03,1.071730000000000018e+02
1.416167999999999893e+03,1.070999000000000052e+02
1.416170399999999972e+03,1.069866999999999990e+02
1.416172900000000027e+03,1.068462999999999994e+02
1.416175300000000107e+03,1.067256000000000000e+02
1.416177699999999959e+03,1.066661000000000001e+02
1.416180200000000013e+03,1.066457000000000050e+02
1.416182600000000093e+03,1.065883000000000038e+02
1.416185099999999920e+03,1.064281000000000006e+02
1.416187500000000000e+03,1.061706999999999965e+02
1.416189900000000080e+03,1.059048999999999978e+02
1.416192399999999907e+03,1.057501000000000033e+02
1.416194799999999987e+03,1.057729999999999961e+02
1.416197300000000041e+03,1.059412999999999982e+02
1.416199699999999893e+03,1.061529000000000025e+02
1.416202099999999973e+03,1.063108000000000004e+02
1.416204600000000028e+03,1.063699000000000012e+02
1.416207000000000107e+03,1.063229999999999933e+02
1.416209499999999935e+03,1.061778999999999940e+02
1.416211900000000014e+03,1.059766000000000048e+02
1.416214400000000069e+03,1.058092000000000041e+02
1.416216799999999921e+03,1.057600000000000051e+02
1.416219200000000001e+03,1.058379000000000048e+02
1.416221700000000055e+03,1.059855000000000018e+02
1.416224099999999908e+03,1.061526000000000067e+02
1.416226599999999962e+03,1.063315999999999946e+02
1.416229000000000042e+03,1.065100999999999942e+02
1.416231399999999894e+03,1.066251000000000033e+02
1.416233899999999949e+03,1.066015000000000015e+02
1.416236300000000028e+03,1.064406000000000034e+02
1.416238800000000083e+03,1.062391999999999967e+02
1.416241199999999935e+03,1.060927999999999969e+02
1.416243699999999990e+03,1.059960999999999984e+02
1.416246100000000069e+03,1.058774999999999977e+02
1.416248499999999922e+03,1.057218000000000018e+02
1.416250999999999976e+03,1.056020999999999930e+02
1.416253400000000056e+03,1.055776000000000039e+02
1.416255900000000111e+03,1.056082999999999998e+02
1.416258299999999963e+03,1.056037000000000035e+02
1.416260700000000043e+03,1.055331999999999937e+02
1.416263200000000097e+03,1.054547000000000025e+02
1.416265599999999949e+03,1.054450999999999965e+02
1.416268100000000004e+03,1.055335000000000036e+02
1.416270500000000084e+03,1.057014000000000067e+02
1.416272899999999936e+03,1.059098999999999933e+02
1.416275399999999991e+03,1.061003000000000043e+02
1.416277800000000070e+03,1.061988000000000056e+02
1.416280299999999897e+03,1.061646999999999963e+02
1.416282699999999977e+03,1.060344000000000051e+02
1.416285200000000032e+03,1.058876000000000062e+02
1.416287600000000111e+03,1.057733000000000061e+02
1.416289999999999964e+03,1.056974000000000018e+02
1.416292500000000018e+03,1.056734000000000009e+02
1.416294900000000098e+03,1.057323999999999984e+02
1.416297399999999925e+03,1.058597000000000037e+02
1.416299800000000005e+03,1.059599000000000046e+02
1.416302200000000084e+03,1.059265999999999934e+02
1.416304699999999912e+03,1.057496000000000009e+02
1.416307099999999991e+03,1.055267000000000053e+02
1.416309600000000046e+03,1.053636999999999944e+02
1.416311999999999898e+03,1.052836000000000070e+02
1.416314499999999953e+03,1.052390000000000043e+02
1.416316900000000032e+03,1.051843999999999966e+02
1.416319300000000112e+03,1.051076999999999941e+02
1.416321799999999939e+03,1.050112000000000023e+02
1.416324200000000019e+03,1.049020000000000010e+02
1.416326700000000073e+03,1.048185000000000002e+02
1.416329099999999926e+03,1.048235999999999990e+02
1.416331500000000005e+03,1.049309999999999974e+02
1.416334000000000060e+03,1.050628999999999991e+02
1.416336399999999912e+03,1.051222000000000065e+02
1.416338899999999967e+03,1.050815999999999946e+02
1.416341300000000047e+03,1.049750999999999976e+02
1.416343800000000101e+03,1.048452999999999946e+02
1.416346199999999953e+03,1.047296000000000049e+02
1.416348600000000033e+03,1.046657000000000011e+02
1.416351100000000088e+03,1.046774000000000058e+02
1.416353499999999940e+03,1.047606999999999999e+02
1.416355999999999995e+03,1.048960000000000008e+02
1.416358400000000074e+03,1.050687999999999960e+02
1.416360799999999927e+03,1.052637000000000000e+02
1.416363299999999981e+03,1.054423000000000030e+02
1.416365700000000061e+03,1.055541000000000054e+02
1.416368199999999888e+03,1.055694000000000017e+02
1.416370599999999968e+03,1.054912999999999954e+02
1.416373000000000047e+03,1.053520999999999930e+02
1.416375500000000102e+03,1.052249999999999943e+02
1.416377899999999954e+03,1.052019999999999982e+02
1.416380400000000009e+03,1.053084000000000060e+02
1.416382800000000088e+03,1.054513000000000034e+02
1.416385299999999916e+03,1.055014000000000038e+02
1.416387699999999995e+03,1.054191000000000003e+02
1.416390100000000075e+03,1.052746999999999957e+02
1.416392599999999902e+03,1.051471999999999980e+02
1.416394999999999982e+03,1.050335000000000036e+02
1.416397500000000036e+03,1.048738000000000028e+02
1.416399899999999889e+03,1.046521999999999935e+02
1.416402299999999968e+03,1.044415000000000049e+02
1.416404800000000023e+03,1.043362000000000052e+02
1.416407200000000103e+03,1.043727999999999980e+02
1.416409699999999930e+03,1.045310999999999950e+02
1.416412100000000009e+03,1.047828999999999979e+02
1.416414600000000064e+03,1.051006000000000000e+02
1.416416999999999916e+03,1.054201999999999941e+02
1.416419399999999996e+03,1.056312999999999960e+02
1.416421900000000051e+03,1.056371000000000038e+02
1.416424299999999903e+03,1.054338000000000051e+02
1.416426799999999957e+03,1.051216000000000008e+02
1.416429200000000037e+03,1.048281999999999954e+02
1.416431599999999889e+03,1.046290000000000049e+02
1.416434099999999944e+03,1.045468000000000046e+02
1.416436500000000024e+03,1.045981000000000023e+02
1.416439000000000078e+03,1.048004999999999995e+02
1.416441399999999931e+03,1.051319000000000017e+02
1.416443800000000010e+03,1.055092000000000070e+02
1.416446300000000065e+03,1.058191000000000059e+02
1.416448699999999917e+03,1.059681999999999960e+02
1.416451199999999972e+03,1.059264000000000010e+02
1.416453600000000051e+03,1.057458000000000027e+02
1.416456100000000106e+03,1.055349999999999966e+02
1.416458499999999958e+03,1.053940999999999946e+02
1.416460900000000038e+03,1.053528000000000020e+02
1.416463400000000092e+03,1.053529999999999944e+02
1.416465799999999945e+03,1.052904000000000053e+02
1.416468299999999999e+03,1.051079000000000008e+02
1.416470700000000079e+03,1.048657000000000039e+02
1.416473099999999931e+03,1.046927000000000021e+02
1.416475599999999986e+03,1.046698999999999984e+02
1.416478000000000065e+03,1.047840000000000060e+02
1.416480499999999893e+03,1.049672000000000054e+02
1.416482899999999972e+03,1.051317999999999984e+02
1.416485400000000027e+03,1.051869999999999976e+02
1.416487800000000107e+03,1.050888000000000062e+02
1.416490199999999959e+03,1.048846999999999952e+02
1.416492700000000013e+03,1.046850000000000023e+02
1.416495100000000093e+03,1.045789000000000044e+02
1.416497599999999920e+03,1.045865000000000009e+02
1.416500000000000000e+03,1.046803000000000026e+02
1.416502400000000080e+03,1.048289000000000044e+02
1.416504899999999907e+03,1.050096000000000060e+02
1.416507299999999987e+03,1.051967000000000070e+02
1.416509800000000041e+03,1.053494000000000028e+02
1.416512199999999893e+03,1.054175999999999931e+02
1.416514599999999973e+03,1.053682000000000016e+02
1.416517100000000028e+03,1.052156999999999982e+02
1.416519500000000107e+03,1.050181999999999931e+02
1.416521999999999935e+03,1.048371999999999957e+02
1.416524400000000014e+03,1.047074999999999960e+02
1.416526900000000069e+03,1.046389000000000067e+02
1.416529299999999921e+03,1.046201999999999970e+02
1.416531700000000001e+03,1.046089999999999947e+02
1.416534200000000055e+03,1.045515999999999934e+02
1.416536599999999908e+03,1.044436000000000035e+02
1.416539099999999962e+03,1.043566000000000003e+02
1.416541500000000042e+03,1.043888000000000034e+02
1.416543899999999894e+03,1.045991000000000071e+02
1.416546399999999949e+03,1.049756000000000000e+02
1.416548800000000028e+03,1.054303000000000026e+02
1.416551300000000083e+03,1.058350999999999971e+02
1.416553699999999935e+03,1.060973999999999933e+02
1.416556199999999990e+03,1.062008000000000010e+02
1.416558600000000069e+03,1.061700000000000017e+02
1.416560999999999922e+03,1.060306999999999960e+02
1.416563499999999976e+03,1.058259000000000043e+02
1.416565900000000056e+03,1.056411999999999978e+02
1.416568400000000111e+03,1.055643000000000029e+02
1.416570799999999963e+03,1.056127000000000038e+02
1.416573200000000043e+03,1.057220999999999975e+02
1.416575700000000097e+03,1.058092000000000041e+02
1.416578099999999949e+03,1.058328999999999951e+02
1.416580600000000004e+03,1.057954000000000008e+02
1.416583000000000084e+03,1.057175000000000011e+02
1.416585399999999936e+03,1.056239999999999952e+02
1.416587899999999991e+03,1.055490999999999957e+02
1.416590300000000070e+03,1.055427999999999997e+02
1.416592799999999897e+03,1.056436999999999955e+02
1.416595199999999977e+03,1.058302000000000049e+02
1.416597700000000032e+03,1.060197000000000003e+02
1.416600100000000111e+03,1.061483999999999952e+02
1.416602499999999964e+03,1.062336999999999989e+02
1.416605000000000018e+03,1.063243999999999971e+02
1.416607400000000098e+03,1.064047999999999945e+02
1.416609899999999925e+03,1.063872999999999962e+02
1.416612300000000005e+03,1.061831999999999994e+02
1.416614700000000084e+03,1.057660999999999945e+02
1.416617199999999912e+03,1.052065999999999946e+02
1.416619599999999991e+03,1.046812000000000040e+02
1.416622100000000046e+03,1.043892000000000024e+02
1.416624499999999898e+03,1.044008999999999929e+02
1.416626999999999953e+03,1.046043999999999983e+02
1.416629400000000032e+03,1.048241000000000014e+02
1.416631800000000112e+03,1.049615000000000009e+02
1.416634299999999939e+03,1.050061000000000035e+02
1.416636700000000019e+03,1.049622999999999990e+02
1.416639200000000073e+03,1.048196999999999974e+02
1.416641599999999926e+03,1.045943000000000040e+02
1.416644000000000005e+03,1.043596000000000004e+02
1.416646500000000060e+03,1.042069999999999936e+02
1.416648899999999912e+03,1.041625999999999976e+02
1.416651399999999967e+03,1.041556999999999960e+02
1.416653800000000047e+03,1.040863999999999976e+02
1.416656199999999899e+03,1.039295999999999935e+02
1.416658699999999953e+03,1.037575999999999965e+02
1.416661100000000033e+03,1.036475999999999971e+02
1.416663600000000088e+03,1.035900000000000034e+02
1.416665999999999940e+03,1.035099000000000018e+02
1.416668499999999995e+03,1.033543999999999983e+02
1.416670900000000074e+03,1.031281000000000034e+02
1.416673299999999927e+03,1.028586999999999989e+02
1.416675799999999981e+03,1.025614999999999952e+02
1.416678200000000061e+03,1.022481999999999971e+02
1.416680699999999888e+03,1.019617999999999967e+02
1.416683099999999968e+03,1.018054999999999950e+02
1.416685500000000047e+03,1.019446999999999974e+02
1.416688000000000102e+03,1.026042999999999950e+02
1.416690399999999954e+03,1.039838000000000022e+02
1.416692900000000009e+03,1.059633999999999929e+02
1.416695300000000088e+03,1.078160000000000025e+02
1.416697799999999916e+03,1.085022000000000020e+02
1.416700199999999995e+03,1.075660000000000025e+02
1.416702600000000075e+03,1.056283999999999992e+02
1.416705099999999902e+03,1.037921000000000049e+02
1.416707499999999982e+03,1.027018999999999949e+02
1.416710000000000036e+03,1.023059999999999974e+02
1.416712399999999889e+03,1.022691999999999979e+02
1.416714799999999968e+03,1.023482999999999947e+02
1.416717300000000023e+03,1.024483000000000033e+02
1.416719700000000103e+03,1.025374999999999943e+02
1.416722199999999930e+03,1.026102999999999952e+02
1.416724600000000009e+03,1.027055000000000007e+02
1.416727100000000064e+03,1.029095999999999975e+02
1.416729499999999916e+03,1.032824999999999989e+02
1.416731899999999996e+03,1.037659000000000020e+02
1.416734400000000051e+03,1.042001000000000062e+02
1.416736799999999903e+03,1.044720999999999975e+02
1.416739299999999957e+03,1.046324999999999932e+02
1.416741700000000037e+03,1.048295999999999992e+02
1.416744099999999889e+03,1.051373999999999995e+02
1.416746599999999944e+03,1.054882000000000062e+02
1.416749000000000024e+03,1.057681999999999931e+02
1.416751500000000078e+03,1.059355999999999938e+02
1.416753899999999931e+03,1.060370999999999952e+02
1.416756300000000010e+03,1.061320000000000050e+02
1.416758800000000065e+03,1.062134999999999962e+02
1.416761199999999917e+03,1.062072000000000003e+02
1.416763699999999972e+03,1.060468000000000046e+02
1.416766100000000051e+03,1.057516999999999996e+02
1.416768600000000106e+03,1.054344999999999999e+02
1.416770999999999958e+03,1.052382999999999953e+02
1.416773400000000038e+03,1.052443999999999988e+02
1.416775900000000092e+03,1.054111000000000047e+02
1.416778299999999945e+03,1.056021999999999963e+02
1.416780799999999999e+03,1.056925999999999988e+02
1.416783200000000079e+03,1.056520000000000010e+02
1.416785599999999931e+03,1.055425000000000040e+02
1.416788099999999986e+03,1.054651000000000067e+02
1.416790500000000065e+03,1.055040999999999940e+02
1.416792999999999893e+03,1.056841000000000008e+02
1.416795399999999972e+03,1.059548999999999950e+02
1.416797900000000027e+03,1.062283999999999935e+02
1.416800300000000107e+03,1.064342999999999932e+02
1.416802699999999959e+03,1.065206000000000017e+02
1.416805200000000013e+03,1.064384000000000015e+02
1.416807600000000093e+03,1.061955999999999989e+02
1.416810099999999920e+03,1.059004000000000048e+02
1.416812500000000000e+03,1.056749999999999972e+02
1.416814900000000080e+03,1.055202000000000027e+02
1.416817399999999907e+03,1.053314000000000021e+02
1.416819799999999987e+03,1.050550999999999959e+02
1.416822300000000041e+03,1.047805000000000035e+02
1.416824699999999893e+03,1.046510999999999996e+02
1.416827099999999973e+03,1.047292000000000058e+02
1.416829600000000028e+03,1.049639999999999986e+02
1.416832000000000107e+03,1.052638000000000034e+02
1.416834499999999935e+03,1.055484000000000009e+02
1.416836900000000014e+03,1.057503999999999991e+02
1.416839400000000069e+03,1.058217999999999961e+02
1.416841799999999921e+03,1.057633000000000010e+02
1.416844200000000001e+03,1.056277000000000044e+02
1.416846700000000055e+03,1.054877000000000038e+02
1.416849099999999908e+03,1.054026999999999958e+02
1.416851599999999962e+03,1.053963999999999999e+02
1.416854000000000042e+03,1.054480999999999966e+02
1.416856399999999894e+03,1.055176000000000016e+02
1.416858899999999949e+03,1.055824000000000069e+02
1.416861300000000028e+03,1.056384999999999934e+02
1.416863800000000083e+03,1.056731000000000051e+02
1.416866199999999935e+03,1.056590999999999951e+02
1.416868699999999990e+03,1.055922000000000054e+02
1.416871100000000069e+03,1.055160999999999945e+02
1.416873499999999922e+03,1.054959000000000060e+02
1.416875999999999976e+03,1.055619999999999976e+02
1.416878400000000056e+03,1.056902999999999935e+02
1.416880900000000111e+03,1.058286999999999978e+02
1.416883299999999963e+03,1.059223000000000070e+02
1.416885700000000043e+03,1.059261000000000053e+02
1.416888200000000097e+03,1.058327000000000027e+02
1.416890599999999949e+03,1.056992999999999938e+02
1.416893100000000004e+03,1.056203000000000003e+02
1.416895500000000084e+03,1.056474000000000046e+02
1.416897899999999936e+03,1.057424000000000035e+02
1.416900399999999991e+03,1.058273999999999972e+02
1.416902800000000070e+03,1.058709000000000060e+02
1.416905299999999897e+03,1.058970999999999947e+02
1.416907699999999977e+03,1.059274999999999949e+02
1.416910200000000032e+03,1.059603000000000037e+02
1.416912600000000111e+03,1.060074000000000041e+02
1.416914999999999964e+03,1.060939000000000050e+02
1.416917500000000018e+03,1.061946999999999974e+02
1.416919900000000098e+03,1.062211999999999961e+02
1.416922399999999925e+03,1.061157000000000039e+02
1.416924800000000005e+03,1.059292999999999978e+02
1.416927200000000084e+03,1.057749000000000024e+02
1.416929699999999912e+03,1.057164999999999964e+02
1.416932099999999991e+03,1.057305999999999955e+02
1.416934600000000046e+03,1.057643000000000058e+02
1.416936999999999898e+03,1.057990999999999957e+02
1.416939499999999953e+03,1.058479999999999990e+02
1.416941900000000032e+03,1.059129999999999967e+02
1.416944300000000112e+03,1.059689999999999941e+02
1.416946799999999939e+03,1.059934999999999974e+02
1.416949200000000019e+03,1.059990999999999985e+02
1.416951700000000073e+03,1.060181999999999931e+02
1.416954099999999926e+03,1.060542999999999978e+02
1.416956500000000005e+03,1.060652000000000044e+02
1.416959000000000060e+03,1.060026000000000010e+02
1.416961399999999912e+03,1.058648000000000025e+02
1.416963899999999967e+03,1.057141000000000020e+02
1.416966300000000047e+03,1.056436000000000064e+02
1.416968800000000101e+03,1.057130999999999972e+02
1.416971199999999953e+03,1.059016000000000020e+02
1.416973600000000033e+03,1.061129999999999995e+02
1.416976100000000088e+03,1.062370999999999981e+02
1.416978499999999940e+03,1.062198999999999955e+02
1.416980999999999995e+03,1.060820999999999970e+02
1.416983400000000074e+03,1.058816999999999950e+02
1.416985799999999927e+03,1.056748999999999938e+02
1.416988299999999981e+03,1.055095000000000027e+02
1.416990700000000061e+03,1.054114000000000004e+02
1.416993199999999888e+03,1.053661000000000030e+02
1.416995599999999968e+03,1.053384999999999962e+02
1.416998000000000047e+03,1.053075999999999937e+02
1.417000500000000102e+03,1.052609000000000066e+02
1.417002899999999954e+03,1.051786000000000030e+02
1.417005400000000009e+03,1.050594999999999999e+02
1.417007800000000088e+03,1.049509999999999934e+02
1.417010299999999916e+03,1.049136000000000024e+02
1.417012699999999995e+03,1.049440000000000026e+02
1.417015100000000075e+03,1.049629999999999939e+02
1.417017599999999902e+03,1.049030000000000058e+02
1.417019999999999982e+03,1.047948999999999984e+02
1.417022500000000036e+03,1.047390999999999934e+02
1.417024899999999889e+03,1.047961999999999989e+02
1.417027299999999968e+03,1.049221000000000004e+02
1.417029800000000023e+03,1.050058999999999969e+02
1.417032200000000103e+03,1.049685999999999950e+02
1.417034699999999930e+03,1.048340000000000032e+02
1.417037100000000009e+03,1.047087999999999965e+02
1.417039600000000064e+03,1.046936000000000035e+02
1.417041999999999916e+03,1.048170999999999964e+02
1.417044399999999996e+03,1.050414999999999992e+02
1.417046900000000051e+03,1.052978999999999985e+02
1.417049299999999903e+03,1.055095000000000027e+02
1.417051799999999957e+03,1.056157000000000039e+02
1.417054200000000037e+03,1.056102999999999952e+02
1.417056599999999889e+03,1.055528000000000048e+02
1.417059099999999944e+03,1.055138000000000034e+02
1.417061500000000024e+03,1.054908999999999963e+02
1.417064000000000078e+03,1.054013000000000062e+02
1.417066399999999931e+03,1.051911999999999949e+02
1.417068800000000010e+03,1.049386999999999972e+02
1.417071300000000065e+03,1.048016999999999967e+02
1.417073699999999917e+03,1.048636000000000053e+02
1.417076199999999972e+03,1.050541999999999945e+02
1.417078600000000051e+03,1.052198000000000064e+02
1.417081100000000106e+03,1.052588999999999970e+02
1.417083499999999958e+03,1.051981999999999999e+02
1.417085900000000038e+03,1.051401000000000039e+02
1.417088400000000092e+03,1.051454999999999984e+02
1.417090799999999945e+03,1.051936000000000035e+02
1.417093299999999999e+03,1.052456999999999994e+02
1.417095700000000079e+03,1.053018000000000001e+02
1.417098099999999931e+03,1.053816000000000059e+02
1.417100599999999986e+03,1.054830000000000041e+02
1.417103000000000065e+03,1.055755000000000052e+02
1.417105499999999893e+03,1.056272000000000020e+02
1.417107899999999972e+03,1.056313999999999993e+02
1.417110400000000027e+03,1.056047999999999973e+02
1.417112800000000107e+03,1.055729999999999933e+02
1.417115199999999959e+03,1.055615999999999985e+02
1.417117700000000013e+03,1.055901000000000067e+02
1.417120100000000093e+03,1.056624000000000052e+02
1.417122599999999920e+03,1.057622999999999962e+02
1.417125000000000000e+03,1.058597000000000037e+02
1.417127400000000080e+03,1.059206999999999965e+02
1.417129899999999907e+03,1.059235000000000042e+02
1.417132299999999987e+03,1.058790999999999940e+02
1.417134800000000041e+03,1.058289999999999935e+02
1.417137199999999893e+03,1.058050999999999959e+02
1.417139599999999973e+03,1.058002999999999929e+02
1.417142100000000028e+03,1.058012999999999977e+02
1.417144500000000107e+03,1.058359999999999985e+02
1.417146999999999935e+03,1.059468999999999994e+02
1.417149400000000014e+03,1.061156000000000006e+02
1.417151900000000069e+03,1.062562999999999960e+02
1.417154299999999921e+03,1.062968999999999937e+02
1.417156700000000001e+03,1.062382999999999953e+02
1.417159200000000055e+03,1.061311000000000035e+02
1.417161599999999908e+03,1.060294999999999987e+02
1.417164099999999962e+03,1.059753999999999934e+02
1.417166500000000042e+03,1.059834000000000032e+02
1.417168899999999894e+03,1.060284000000000049e+02
1.417171399999999949e+03,1.060745000000000005e+02
1.417173800000000028e+03,1.061222999999999956e+02
1.417176300000000083e+03,1.062057999999999964e+02
1.417178699999999935e+03,1.063324999999999960e+02
1.417181199999999990e+03,1.064478000000000009e+02
1.417183600000000069e+03,1.064839999999999947e+02
1.417185999999999922e+03,1.064436000000000035e+02
1.417188499999999976e+03,1.064131000000000000e+02
1.417190900000000056e+03,1.064662000000000006e+02
1.417193400000000111e+03,1.065670999999999964e+02
1.417195799999999963e+03,1.066082999999999998e+02
1.417198200000000043e+03,1.065443999999999960e+02
1.417200700000000097e+03,1.064449000000000041e+02
1.417203099999999949e+03,1.064103000000000065e+02
1.417205600000000004e+03,1.064679000000000002e+02
1.417208000000000084e+03,1.065512999999999977e+02
1.417210399999999936e+03,1.065468999999999937e+02
1.417212899999999991e+03,1.063713000000000051e+02
1.417215300000000070e+03,1.060433000000000021e+02
1.417217799999999897e+03,1.056890999999999963e+02
1.417220199999999977e+03,1.054612999999999943e+02
1.417222700000000032e+03,1.054348999999999990e+02
1.417225100000000111e+03,1.055669999999999931e+02
1.417227499999999964e+03,1.057514000000000038e+02
1.417230000000000018e+03,1.059057999999999993e+02
1.417232400000000098e+03,1.059985999999999962e+02
1.417234899999999925e+03,1.060118999999999971e+02
1.417237300000000005e+03,1.059251000000000005e+02
1.417239700000000084e+03,1.057386000000000053e+02
1.417242199999999912e+03,1.054937999999999931e+02
1.417244599999999991e+03,1.052545999999999964e+02
1.417247100000000046e+03,1.050713999999999970e+02
1.417249499999999898e+03,1.049695999999999998e+02
1.417251999999999953e+03,1.049660999999999973e+02
1.417254400000000032e+03,1.050823000000000036e+02
1.417256800000000112e+03,1.053323000000000036e+02
1.417259299999999939e+03,1.057055000000000007e+02
1.417261700000000019e+03,1.061578999999999979e+02
1.417264200000000073e+03,1.066124999999999972e+02
1.417266599999999926e+03,1.069723000000000042e+02
1.417269000000000005e+03,1.071578999999999979e+02
1.417271500000000060e+03,1.071521999999999935e+02
1.417273899999999912e+03,1.070028999999999968e+02
1.417276399999999967e+03,1.067751999999999981e+02
1.417278800000000047e+03,1.065122999999999962e+02
1.417281199999999899e+03,1.062395000000000067e+02
1.417283699999999953e+03,1.059912999999999954e+02
1.417286100000000033e+03,1.058271000000000015e+02
1.417288600000000088e+03,1.058045000000000044e+02
1.417290999999999940e+03,1.059262999999999977e+02
1.417293499999999995e+03,1.061200000000000045e+02
1.417295900000000074e+03,1.062754999999999939e+02
1.417298299999999927e+03,1.063068999999999988e+02
1.417300799999999981e+03,1.061976999999999975e+02
1.417303200000000061e+03,1.060122999999999962e+02
1.417305699999999888e+03,1.058483999999999980e+02
1.417308099999999968e+03,1.057609000000000066e+02
1.417310500000000047e+03,1.057420000000000044e+02
1.417313000000000102e+03,1.057729000000000070e+02
1.417315399999999954e+03,1.058530999999999977e+02
1.417317900000000009e+03,1.059568000000000012e+02
1.417320300000000088e+03,1.059911000000000030e+02
1.417322799999999916e+03,1.058538999999999959e+02
1.417325199999999995e+03,1.055589999999999975e+02
1.417327600000000075e+03,1.052681000000000040e+02
1.417330099999999902e+03,1.051564000000000050e+02
1.417332499999999982e+03,1.052571999999999974e+02
1.417335000000000036e+03,1.054621000000000066e+02
1.417337399999999889e+03,1.056380999999999943e+02
1.417339799999999968e+03,1.057142999999999944e+02
1.417342300000000023e+03,1.056974000000000018e+02
1.417344700000000103e+03,1.056550000000000011e+02
1.417347199999999930e+03,1.056653000000000020e+02
1.417349600000000009e+03,1.057449000000000012e+02
1.417352100000000064e+03,1.058289999999999935e+02
1.417354499999999916e+03,1.058393999999999977e+02
1.417356899999999996e+03,1.057646000000000015e+02
1.417359400000000051e+03,1.056722000000000037e+02
1.417361799999999903e+03,1.056542000000000030e+02
1.417364299999999957e+03,1.057550999999999988e+02
1.417366700000000037e+03,1.059338999999999942e+02
1.417369099999999889e+03,1.060904000000000025e+02
1.417371599999999944e+03,1.061526999999999958e+02
1.417374000000000024e+03,1.061526000000000067e+02
1.417376500000000078e+03,1.061851999999999947e+02
1.417378899999999931e+03,1.062787000000000006e+02
1.417381300000000010e+03,1.063473000000000042e+02
1.417383800000000065e+03,1.062934000000000054e+02
1.417386199999999917e+03,1.061033000000000044e+02
1.417388699999999972e+03,1.058255999999999943e+02
1.417391100000000051e+03,1.055193000000000012e+02
1.417393600000000106e+03,1.052552000000000021e+02
1.417395999999999958e+03,1.051149000000000058e+02
1.417398400000000038e+03,1.051387000000000000e+02
1.417400900000000092e+03,1.052827999999999946e+02
1.417403299999999945e+03,1.054467000000000070e+02
1.417405799999999999e+03,1.055481999999999942e+02
1.417408200000000079e+03,1.055734000000000066e+02
1.417410599999999931e+03,1.055687000000000069e+02
1.417413099999999986e+03,1.056033000000000044e+02
1.417415500000000065e+03,1.057360999999999933e+02
1.417417999999999893e+03,1.059876000000000005e+02
1.417420399999999972e+03,1.063144999999999953e+02
1.417422900000000027e+03,1.066128999999999962e+02
1.417425300000000107e+03,1.067626999999999953e+02
1.417427699999999959e+03,1.066967000000000070e+02
1.417430200000000013e+03,1.064508000000000010e+02
1.417432600000000093e+03,1.061560000000000059e+02
1.417435099999999920e+03,1.059655000000000058e+02
1.417437500000000000e+03,1.059617999999999967e+02
1.417439900000000080e+03,1.061115000000000066e+02
1.417442399999999907e+03,1.063003999999999962e+02
1.417444799999999987e+03,1.064192000000000036e+02
1.417447300000000041e+03,1.064334000000000060e+02
1.417449699999999893e+03,1.063875000000000028e+02
1.417452099999999973e+03,1.063478000000000065e+02
1.417454600000000028e+03,1.063327000000000027e+02
1.417457000000000107e+03,1.062950000000000017e+02
1.417459499999999935e+03,1.061794000000000011e+02
1.417461900000000014e+03,1.059983000000000004e+02
1.417464400000000069e+03,1.058478999999999957e+02
1.417466799999999921e+03,1.058439999999999941e+02
1.417469200000000001e+03,1.060242999999999967e+02
1.417471700000000055e+03,1.062960000000000065e+02
1.417474099999999908e+03,1.064895999999999958e+02
1.417476599999999962e+03,1.064827999999999975e+02
1.417479000000000042e+03,1.062878999999999934e+02
1.417481399999999894e+03,1.060369000000000028e+02
1.417483899999999949e+03,1.058760999999999939e+02
1.417486300000000028e+03,1.058491999999999962e+02
1.417488800000000083e+03,1.058713000000000051e+02
1.417491199999999935e+03,1.058212999999999937e+02
1.417493699999999990e+03,1.056606000000000023e+02
1.417496100000000069e+03,1.054689000000000050e+02
1.417498499999999922e+03,1.053774999999999977e+02
1.417500999999999976e+03,1.054578999999999951e+02
1.417503400000000056e+03,1.056548999999999978e+02
1.417505900000000111e+03,1.058345000000000056e+02
1.417508299999999963e+03,1.059111000000000047e+02
1.417510700000000043e+03,1.059137000000000057e+02
1.417513200000000097e+03,1.059223000000000070e+02
1.417515599999999949e+03,1.059735000000000014e+02
1.417518100000000004e+03,1.060502999999999929e+02
1.417520500000000084e+03,1.061197999999999979e+02
1.417522899999999936e+03,1.061435000000000031e+02
1.417525399999999991e+03,1.060884999999999962e+02
1.417527800000000070e+03,1.059735000000000014e+02
1.417530299999999897e+03,1.058808999999999969e+02
1.417532699999999977e+03,1.058843999999999994e+02
1.417535200000000032e+03,1.059873000000000047e+02
1.417537600000000111e+03,1.061572000000000031e+02
1.417539999999999964e+03,1.063738000000000028e+02
1.417542500000000018e+03,1.065944999999999965e+02
1.417544900000000098e+03,1.067184000000000026e+02
1.417547399999999925e+03,1.066568999999999932e+02
1.417549800000000005e+03,1.064402000000000044e+02
1.417552200000000084e+03,1.062057999999999964e+02
1.417554699999999912e+03,1.060685000000000002e+02
1.417557099999999991e+03,1.060348000000000042e+02
1.417559600000000046e+03,1.060397999999999996e+02
1.417561999999999898e+03,1.060237000000000052e+02
1.417564499999999953e+03,1.059651000000000067e+02
1.417566900000000032e+03,1.058756000000000057e+02
1.417569300000000112e+03,1.057892999999999972e+02
1.417571799999999939e+03,1.057518000000000029e+02
1.417574200000000019e+03,1.057990000000000066e+02
1.417576700000000073e+03,1.059348999999999990e+02
1.417579099999999926e+03,1.061340000000000003e+02
1.417581500000000005e+03,1.063626000000000005e+02
1.417584000000000060e+03,1.065825999999999993e+02
1.417586399999999912e+03,1.067339999999999947e+02
1.417588899999999967e+03,1.067383999999999986e+02
1.417591300000000047e+03,1.065448999999999984e+02
1.417593800000000101e+03,1.061812999999999931e+02
1.417596199999999953e+03,1.057548000000000030e+02
1.417598600000000033e+03,1.053901000000000039e+02
1.417601100000000088e+03,1.051677999999999997e+02
1.417603499999999940e+03,1.051093000000000046e+02
1.417605999999999995e+03,1.051784999999999997e+02
1.417608400000000074e+03,1.052883999999999958e+02
1.417610799999999927e+03,1.053469000000000051e+02
1.417613299999999981e+03,1.053324999999999960e+02
1.417615700000000061e+03,1.053109000000000037e+02
1.417618199999999888e+03,1.053627000000000038e+02
1.417620599999999968e+03,1.055045999999999964e+02
1.417623000000000047e+03,1.056867000000000019e+02
1.417625500000000102e+03,1.058470999999999975e+02
1.417627899999999954e+03,1.059602000000000004e+02
1.417630400000000009e+03,1.060447999999999951e+02
1.417632800000000088e+03,1.061435000000000031e+02
1.417635299999999916e+03,1.062805000000000035e+02
1.417637699999999995e+03,1.064221000000000004e+02
1.417640100000000075e+03,1.064906000000000006e+02
1.417642599999999902e+03,1.064358000000000004e+02
1.417644999999999982e+03,1.062973000000000070e+02
1.417647500000000036e+03,1.061885999999999939e+02
1.417649899999999889e+03,1.062112999999999943e+02
1.417652299999999968e+03,1.063786000000000058e+02
1.417654800000000023e+03,1.066252999999999957e+02
1.417657200000000103e+03,1.068713999999999942e+02
1.417659699999999930e+03,1.070549000000000035e+02
1.417662100000000009e+03,1.071231999999999971e+02
1.417664600000000064e+03,1.070545999999999935e+02
1.417666999999999916e+03,1.069027999999999992e+02
1.417669399999999996e+03,1.067734999999999985e+02
1.417671900000000051e+03,1.067209000000000003e+02
1.417674299999999903e+03,1.066867000000000019e+02
1.417676799999999957e+03,1.065759000000000043e+02
1.417679200000000037e+03,1.063757999999999981e+02
1.417681599999999889e+03,1.061627000000000010e+02
1.417684099999999944e+03,1.060003999999999991e+02
1.417686500000000024e+03,1.058813999999999993e+02
1.417689000000000078e+03,1.057610999999999990e+02
1.417691399999999931e+03,1.056163999999999987e+02
1.417693800000000010e+03,1.054667000000000030e+02
1.417696300000000065e+03,1.053529000000000053e+02
1.417698699999999917e+03,1.052993000000000023e+02
1.417701199999999972e+03,1.053101999999999947e+02
1.417703600000000051e+03,1.053996000000000066e+02
1.417706100000000106e+03,1.055837999999999965e+02
1.417708499999999958e+03,1.058276000000000039e+02
1.417710900000000038e+03,1.060451000000000050e+02
1.417713400000000092e+03,1.061743000000000023e+02
1.417715799999999945e+03,1.062113999999999976e+02
1.417718299999999999e+03,1.061677999999999997e+02
1.417720700000000079e+03,1.060417000000000058e+02
1.417723099999999931e+03,1.058563999999999936e+02
1.417725599999999986e+03,1.056988000000000056e+02
1.417728000000000065e+03,1.056868999999999943e+02
1.417730499999999893e+03,1.058842999999999961e+02
1.417732899999999972e+03,1.062425000000000068e+02
1.417735400000000027e+03,1.066225000000000023e+02
1.417737800000000107e+03,1.068757999999999981e+02
1.417740199999999959e+03,1.069320000000000022e+02
1.417742700000000013e+03,1.068333999999999975e+02
1.417745100000000093e+03,1.066927000000000021e+02
1.417747599999999920e+03,1.066016000000000048e+02
1.417750000000000000e+03,1.065638000000000005e+02
1.417752400000000080e+03,1.065053000000000054e+02
1.417754899999999907e+03,1.063439000000000050e+02
1.417757299999999987e+03,1.060649999999999977e+02
1.417759800000000041e+03,1.057463999999999942e+02
1.417762199999999893e+03,1.055088999999999970e+02
1.417764599999999973e+03,1.054368999999999943e+02
1.417767100000000028e+03,1.055495999999999981e+02
1.417769500000000107e+03,1.058252999999999986e+02
1.417771999999999935e+03,1.062112999999999943e+02
1.417774400000000014e+03,1.066008999999999958e+02
1.417776900000000069e+03,1.068455000000000013e+02
1.417779299999999921e+03,1.068362000000000052e+02
1.417781700000000001e+03,1.065866000000000042e+02
1.417784200000000055e+03,1.062316000000000003e+02
1.417786599999999908e+03,1.059403999999999968e+02
1.417789099999999962e+03,1.058225000000000051e+02
1.417791500000000042e+03,1.058935000000000031e+02
1.417793899999999894e+03,1.061011000000000024e+02
1.417796399999999949e+03,1.063717999999999932e+02
1.417798800000000028e+03,1.066431999999999931e+02
1.417801300000000083e+03,1.068589999999999947e+02
1.417803699999999935e+03,1.069591999999999956e+02
1.417806199999999990e+03,1.069065999999999974e+02
1.417808600000000069e+03,1.067310999999999979e+02
1.417810999999999922e+03,1.065318000000000040e+02
1.417813499999999976e+03,1.064188000000000045e+02
1.417815900000000056e+03,1.064423000000000030e+02
1.417818400000000111e+03,1.065691000000000059e+02
1.417820799999999963e+03,1.067253999999999934e+02
1.417823200000000043e+03,1.068554000000000030e+02
1.417825700000000097e+03,1.069373999999999967e+02
1.417828099999999949e+03,1.069620000000000033e+02
1.417830600000000004e+03,1.069181999999999988e+02
1.417833000000000084e+03,1.068067999999999955e+02
1.417835399999999936e+03,1.066645000000000039e+02
1.417837899999999991e+03,1.065639000000000038e+02
1.417840300000000070e+03,1.065661999999999949e+02
1.417842799999999897e+03,1.066623000000000019e+02
1.417845199999999977e+03,1.067738999999999976e+02
1.417847700000000032e+03,1.068216000000000037e+02
1.417850100000000111e+03,1.067848000000000042e+02
1.417852499999999964e+03,1.066978000000000009e+02
1.417855000000000018e+03,1.066116999999999990e+02
1.417857400000000098e+03,1.065627000000000066e+02
1.417859899999999925e+03,1.065631999999999948e+02
1.417862300000000005e+03,1.066043999999999983e+02
1.417864700000000084e+03,1.066600999999999999e+02
1.417867199999999912e+03,1.066871000000000009e+02
1.417869599999999991e+03,1.066450999999999993e+02
1.417872100000000046e+03,1.065330000000000013e+02
1.417874499999999898e+03,1.063939000000000021e+02
1.417876999999999953e+03,1.062831000000000046e+02
1.417879400000000032e+03,1.062451999999999970e+02
1.417881800000000112e+03,1.063015999999999934e+02
1.417884299999999939e+03,1.064312000000000040e+02
1.417886700000000019e+03,1.065721000000000060e+02
1.417889200000000073e+03,1.066670000000000016e+02
1.417891599999999926e+03,1.067073000000000036e+02
1.417894000000000005e+03,1.067257000000000033e+02
1.417896500000000060e+03,1.067622000000000071e+02
1.417898899999999912e+03,1.068380999999999972e+02
1.417901399999999967e+03,1.069376000000000033e+02
1.417903800000000047e+03,1.069958000000000027e+02
1.417906199999999899e+03,1.069257999999999953e+02
1.417908699999999953e+03,1.067013000000000034e+02
1.417911100000000033e+03,1.064230000000000018e+02
1.417913600000000088e+03,1.062646000000000015e+02
1.417915999999999940e+03,1.063188999999999993e+02
1.417918499999999995e+03,1.065177999999999940e+02
1.417920900000000074e+03,1.067195999999999998e+02
1.417923299999999927e+03,1.068478999999999957e+02
1.417925799999999981e+03,1.069198999999999984e+02
1.417928200000000061e+03,1.069797999999999973e+02
1.417930699999999888e+03,1.070491999999999990e+02
1.417933099999999968e+03,1.071332000000000022e+02
1.417935500000000047e+03,1.072361999999999966e+02
1.417938000000000102e+03,1.073598000000000070e+02
1.417940399999999954e+03,1.074921999999999969e+02
1.417942900000000009e+03,1.076025999999999954e+02
1.417945300000000088e+03,1.076554000000000002e+02
1.417947799999999916e+03,1.076304999999999978e+02
1.417950199999999995e+03,1.075253000000000014e+02
1.417952600000000075e+03,1.073478000000000065e+02
1.417955099999999902e+03,1.071239000000000061e+02
1.417957499999999982e+03,1.069037000000000006e+02
1.417960000000000036e+03,1.067443999999999988e+02
1.417962399999999889e+03,1.066758999999999986e+02
1.417964799999999968e+03,1.066777000000000015e+02
1.417967300000000023e+03,1.066911999999999949e+02
1.417969700000000103e+03,1.066770999999999958e+02
1.417972199999999930e+03,1.066540999999999997e+02
1.417974600000000009e+03,1.066654999999999944e+02
1.417977100000000064e+03,1.067117999999999967e+02
1.417979499999999916e+03,1.067426999999999992e+02
1.417981899999999996e+03,1.067194999999999965e+02
1.417984400000000051e+03,1.066621999999999986e+02
1.417986799999999903e+03,1.066278999999999968e+02
1.417989299999999957e+03,1.066560000000000059e+02
1.417991700000000037e+03,1.067377000000000038e+02
1.417994099999999889e+03,1.068294000000000068e+02
1.417996599999999944e+03,1.068837999999999937e+02
1.417999000000000024e+03,1.068721000000000032e+02
1.418001500000000078e+03,1.067972000000000037e+02
1.418003899999999931e+03,1.067082000000000050e+02
1.418006300000000010e+03,1.066871000000000009e+02
1.418008800000000065e+03,1.067841999999999985e+02
1.418011199999999917e+03,1.069591000000000065e+02
1.418013699999999972e+03,1.071066000000000003e+02
1.418016100000000051e+03,1.071450999999999993e+02
1.418018600000000106e+03,1.070692999999999984e+02
1.418020999999999958e+03,1.069260000000000019e+02
1.418023400000000038e+03,1.067669999999999959e+02
1.418025900000000092e+03,1.066390999999999991e+02
1.418028299999999945e+03,1.065986999999999938e+02
1.418030799999999999e+03,1.067171000000000021e+02
1.418033200000000079e+03,1.070467000000000013e+02
1.418035599999999931e+03,1.075442000000000036e+02
1.418038099999999986e+03,1.080207000000000050e+02
1.418040500000000065e+03,1.082224999999999966e+02
1.418042999999999893e+03,1.080210000000000008e+02
1.418045399999999972e+03,1.075276000000000067e+02
1.418047900000000027e+03,1.070056000000000012e+02
1.418050300000000107e+03,1.066701000000000050e+02
1.418052699999999959e+03,1.065651000000000010e+02
1.418055200000000013e+03,1.065936999999999983e+02
1.418057600000000093e+03,1.066470999999999947e+02
1.418060099999999920e+03,1.067095999999999947e+02
1.418062500000000000e+03,1.068425000000000011e+02
1.418064900000000080e+03,1.070795999999999992e+02
1.418067399999999907e+03,1.073619000000000057e+02
1.418069799999999987e+03,1.075758000000000010e+02
1.418072300000000041e+03,1.076310000000000002e+02
1.418074699999999893e+03,1.075063999999999993e+02
1.418077099999999973e+03,1.072509000000000015e+02
1.418079600000000028e+03,1.069578000000000060e+02
1.418082000000000107e+03,1.067176000000000045e+02
1.418084499999999935e+03,1.065717999999999961e+02
1.418086900000000014e+03,1.064977999999999980e+02
1.418089400000000069e+03,1.064419000000000040e+02
1.418091799999999921e+03,1.063743000000000052e+02
1.418094200000000001e+03,1.063191000000000059e+02
1.418096700000000055e+03,1.063255000000000052e+02
1.418099099999999908e+03,1.064097000000000008e+02
1.418101599999999962e+03,1.065267000000000053e+02
1.418104000000000042e+03,1.066093999999999937e+02
1.418106399999999894e+03,1.066405000000000030e+02
1.418108899999999949e+03,1.066754999999999995e+02
1.418111300000000028e+03,1.067818000000000040e+02
1.418113800000000083e+03,1.069592999999999989e+02
1.418116199999999935e+03,1.071264999999999930e+02
1.418118699999999990e+03,1.071685999999999979e+02
1.418121100000000069e+03,1.070062999999999960e+02
1.418123499999999922e+03,1.066631000000000000e+02
1.418125999999999976e+03,1.062848000000000042e+02
1.418128400000000056e+03,1.060550000000000068e+02
1.418130900000000111e+03,1.060592000000000041e+02
1.418133299999999963e+03,1.062266999999999939e+02
1.418135700000000043e+03,1.063943000000000012e+02
1.418138200000000097e+03,1.064209000000000032e+02
1.418140599999999949e+03,1.062683999999999997e+02
1.418143100000000004e+03,1.060167000000000002e+02
1.418145500000000084e+03,1.058025999999999982e+02
1.418147899999999936e+03,1.057198999999999955e+02
1.418150399999999991e+03,1.057601999999999975e+02
1.418152800000000070e+03,1.058475999999999999e+02
1.418155299999999897e+03,1.059167999999999950e+02
1.418157699999999977e+03,1.059509000000000043e+02
1.418160200000000032e+03,1.059693000000000040e+02
1.418162600000000111e+03,1.060058999999999969e+02
1.418164999999999964e+03,1.060905999999999949e+02
1.418167500000000018e+03,1.062293999999999983e+02
1.418169900000000098e+03,1.063793000000000006e+02
1.418172399999999925e+03,1.064435000000000002e+02
1.418174800000000005e+03,1.063376999999999981e+02
1.418177200000000084e+03,1.060905000000000058e+02
1.418179699999999912e+03,1.058473999999999933e+02
1.418182099999999991e+03,1.057587999999999937e+02
1.418184600000000046e+03,1.058880999999999943e+02
1.418186999999999898e+03,1.062095000000000056e+02
1.418189499999999953e+03,1.066299000000000063e+02
1.418191900000000032e+03,1.070054999999999978e+02
1.418194300000000112e+03,1.072012000000000000e+02
1.418196799999999939e+03,1.071722000000000037e+02
1.418199200000000019e+03,1.069848999999999961e+02
1.418201700000000073e+03,1.067656999999999954e+02
1.418204099999999926e+03,1.066354999999999933e+02
1.418206500000000005e+03,1.066534999999999940e+02
1.418209000000000060e+03,1.067848999999999933e+02
1.418211399999999912e+03,1.069384000000000015e+02
1.418213899999999967e+03,1.070528000000000048e+02
1.418216300000000047e+03,1.071312000000000069e+02
1.418218800000000101e+03,1.071898999999999944e+02
1.418221199999999953e+03,1.072102000000000004e+02
1.418223600000000033e+03,1.071633999999999958e+02
1.418226100000000088e+03,1.070575999999999937e+02
1.418228499999999940e+03,1.069295999999999935e+02
1.418230999999999995e+03,1.067960000000000065e+02
1.418233400000000074e+03,1.066423000000000059e+02
1.418235799999999927e+03,1.064698999999999955e+02
1.418238299999999981e+03,1.063276999999999930e+02
1.418240700000000061e+03,1.062711000000000041e+02
1.418243199999999888e+03,1.063003999999999962e+02
1.418245599999999968e+03,1.063616999999999990e+02
1.418248000000000047e+03,1.064005999999999972e+02
1.418250500000000102e+03,1.064029000000000025e+02
1.418252899999999954e+03,1.063859000000000066e+02
1.418255400000000009e+03,1.063679000000000059e+02
1.418257800000000088e+03,1.063640000000000043e+02
1.418260299999999916e+03,1.064042000000000030e+02
1.418262699999999995e+03,1.065297999999999945e+02
1.418265100000000075e+03,1.067498999999999967e+02
1.418267599999999902e+03,1.070105999999999966e+02
1.418269999999999982e+03,1.072223000000000042e+02
1.418272500000000036e+03,1.073183999999999969e+02
1.418274899999999889e+03,1.072930999999999955e+02
1.418277299999999968e+03,1.071970000000000027e+02
1.418279800000000023e+03,1.070874000000000024e+02
1.418282200000000103e+03,1.069732999999999947e+02
1.418284699999999930e+03,1.068204999999999956e+02
1.418287100000000009e+03,1.066098999999999961e+02
1.418289600000000064e+03,1.063643000000000001e+02
1.418291999999999916e+03,1.061158999999999963e+02
1.418294399999999996e+03,1.058850000000000051e+02
1.418296900000000051e+03,1.057146999999999935e+02
1.418299299999999903e+03,1.056856999999999971e+02
1.418301799999999957e+03,1.058440999999999974e+02
1.418304200000000037e+03,1.061187999999999931e+02
1.418306599999999889e+03,1.063582999999999998e+02
1.418309099999999944e+03,1.064651999999999958e+02
1.418311500000000024e+03,1.064770999999999930e+02
1.418314000000000078e+03,1.065073000000000008e+02
1.418316399999999931e+03,1.066204000000000036e+02
1.418318800000000010e+03,1.067764999999999986e+02
1.418321300000000065e+03,1.068911999999999978e+02
1.418323699999999917e+03,1.069326999999999970e+02
1.418326199999999972e+03,1.069514000000000067e+02
1.418328600000000051e+03,1.070284000000000049e+02
1.418331100000000106e+03,1.071967000000000070e+02
1.418333499999999958e+03,1.073990000000000009e+02
1.418335900000000038e+03,1.075293000000000063e+02
1.418338400000000092e+03,1.075255999999999972e+02
1.418340799999999945e+03,1.074194999999999993e+02
1.418343299999999999e+03,1.072931999999999988e+02
1.418345700000000079e+03,1.071997999999999962e+02
1.418348099999999931e+03,1.071340000000000003e+02
1.418350599999999986e+03,1.070751999999999953e+02
1.418353000000000065e+03,1.070447000000000060e+02
1.418355499999999893e+03,1.071034999999999968e+02
1.418357899999999972e+03,1.072823000000000064e+02
1.418360400000000027e+03,1.075182999999999964e+02
1.418362800000000107e+03,1.076747000000000014e+02
1.418365199999999959e+03,1.076385999999999967e+02
1.418367700000000013e+03,1.074137999999999948e+02
1.418370100000000093e+03,1.071188999999999965e+02
1.418372599999999920e+03,1.068856999999999999e+02
1.418375000000000000e+03,1.067596999999999952e+02
1.418377400000000080e+03,1.067090000000000032e+02
1.418379899999999907e+03,1.067078999999999951e+02
1.418382299999999987e+03,1.067630999999999943e+02
1.418384800000000041e+03,1.068495999999999952e+02
1.418387199999999893e+03,1.068855999999999966e+02
1.418389599999999973e+03,1.068196999999999974e+02
1.418392100000000028e+03,1.067145000000000010e+02
1.418394500000000107e+03,1.066872000000000043e+02
1.418396999999999935e+03,1.067815999999999974e+02
1.418399400000000014e+03,1.069367000000000019e+02
1.418401900000000069e+03,1.070751000000000062e+02
1.418404299999999921e+03,1.071838999999999942e+02
1.418406700000000001e+03,1.072909999999999968e+02
1.418409200000000055e+03,1.073812000000000069e+02
1.418411599999999908e+03,1.073795999999999964e+02
1.418414099999999962e+03,1.072216999999999985e+02
1.418416500000000042e+03,1.069180000000000064e+02
1.418418899999999894e+03,1.065490999999999957e+02
1.418421399999999949e+03,1.062231000000000023e+02
1.418423800000000028e+03,1.060374999999999943e+02
1.418426300000000083e+03,1.060434999999999945e+02
1.418428699999999935e+03,1.062195999999999998e+02
1.418431199999999990e+03,1.064766000000000048e+02
1.418433600000000069e+03,1.066978000000000009e+02
1.418435999999999922e+03,1.067946000000000026e+02
1.418438499999999976e+03,1.067462000000000018e+02
1.418440900000000056e+03,1.066038999999999959e+02
1.418443400000000111e+03,1.064552000000000049e+02
1.418445799999999963e+03,1.063653000000000048e+02
1.418448200000000043e+03,1.063361000000000018e+02
1.418450700000000097e+03,1.063238999999999947e+02
1.418453099999999949e+03,1.063008999999999986e+02
1.418455600000000004e+03,1.062907000000000011e+02
1.418458000000000084e+03,1.063345000000000056e+02
1.418460399999999936e+03,1.064307000000000016e+02
1.418462899999999991e+03,1.065255999999999972e+02
1.418465300000000070e+03,1.065708999999999946e+02
1.418467799999999897e+03,1.065853000000000037e+02
1.418470199999999977e+03,1.066409000000000020e+02
1.418472700000000032e+03,1.067742999999999967e+02
1.418475100000000111e+03,1.069154999999999944e+02
1.418477499999999964e+03,1.069347000000000065e+02
1.418480000000000018e+03,1.067730999999999995e+02
1.418482400000000098e+03,1.065114999999999981e+02
1.418484899999999925e+03,1.063002999999999929e+02
1.418487300000000005e+03,1.062403000000000048e+02
1.418489700000000084e+03,1.063320999999999970e+02
1.418492199999999912e+03,1.065049999999999955e+02
1.418494599999999991e+03,1.066671000000000049e+02
1.418497100000000046e+03,1.067539000000000016e+02
1.418499499999999898e+03,1.067655000000000030e+02
1.418501999999999953e+03,1.067608000000000033e+02
1.418504400000000032e+03,1.067957999999999998e+02
1.418506800000000112e+03,1.068635000000000019e+02
1.418509299999999939e+03,1.068973000000000013e+02
1.418511700000000019e+03,1.068315000000000055e+02
1.418514200000000073e+03,1.066499000000000024e+02
1.418516599999999926e+03,1.063855999999999966e+02
1.418519000000000005e+03,1.060965999999999951e+02
1.418521500000000060e+03,1.058555999999999955e+02
1.418523899999999912e+03,1.057366999999999990e+02
1.418526399999999967e+03,1.057827000000000055e+02
1.418528800000000047e+03,1.059736999999999938e+02
1.418531199999999899e+03,1.062327999999999975e+02
1.418533699999999953e+03,1.064622999999999990e+02
1.418536100000000033e+03,1.065859999999999985e+02
1.418538600000000088e+03,1.065836000000000041e+02
1.418540999999999940e+03,1.065074999999999932e+02
1.418543499999999995e+03,1.064570999999999970e+02
1.418545900000000074e+03,1.065079999999999956e+02
1.418548299999999927e+03,1.066551999999999936e+02
1.418550799999999981e+03,1.068191999999999950e+02
1.418553200000000061e+03,1.069050000000000011e+02
1.418555699999999888e+03,1.068594999999999970e+02
1.418558099999999968e+03,1.066906000000000034e+02
1.418560500000000047e+03,1.064596999999999980e+02
1.418563000000000102e+03,1.062634000000000043e+02
1.418565399999999954e+03,1.061834000000000060e+02
1.418567900000000009e+03,1.062275000000000063e+02
1.418570300000000088e+03,1.063247999999999962e+02
1.418572799999999916e+03,1.063901000000000039e+02
1.418575199999999995e+03,1.063826999999999998e+02
1.418577600000000075e+03,1.063170999999999964e+02
1.418580099999999902e+03,1.062456999999999994e+02
1.418582499999999982e+03,1.062263999999999982e+02
1.418585000000000036e+03,1.062852000000000032e+02
1.418587399999999889e+03,1.064064000000000050e+02
1.418589799999999968e+03,1.065588999999999942e+02
1.418592300000000023e+03,1.067121999999999957e+02
1.418594700000000103e+03,1.068276999999999930e+02
1.418597199999999930e+03,1.068589999999999947e+02
1.418599600000000009e+03,1.067737999999999943e+02
1.418602100000000064e+03,1.065712999999999937e+02
1.418604499999999916e+03,1.062777999999999992e+02
1.418606899999999996e+03,1.059437999999999960e+02
1.418609400000000051e+03,1.056570999999999998e+02
1.418611799999999903e+03,1.055386000000000024e+02
1.418614299999999957e+03,1.056786000000000030e+02
1.418616700000000037e+03,1.060538999999999987e+02
1.418619099999999889e+03,1.065069000000000017e+02
1.418621599999999944e+03,1.068207000000000022e+02
1.418624000000000024e+03,1.068509999999999991e+02
1.418626500000000078e+03,1.066214999999999975e+02
1.418628899999999931e+03,1.062956999999999965e+02
1.418631300000000010e+03,1.060434999999999945e+02
1.418633800000000065e+03,1.059261000000000053e+02
1.418636199999999917e+03,1.059003000000000014e+02
1.418638699999999972e+03,1.059107999999999947e+02
1.418641100000000051e+03,1.059590000000000032e+02
1.418643600000000106e+03,1.060844000000000023e+02
1.418645999999999958e+03,1.063021999999999991e+02
1.418648400000000038e+03,1.065636999999999972e+02
1.418650900000000092e+03,1.067667000000000002e+02
1.418653299999999945e+03,1.068062000000000040e+02
1.418655799999999999e+03,1.066484999999999985e+02
1.418658200000000079e+03,1.063747999999999934e+02
1.418660599999999931e+03,1.061372000000000071e+02
1.418663099999999986e+03,1.060444999999999993e+02
1.418665500000000065e+03,1.060812999999999988e+02
1.418667999999999893e+03,1.061505999999999972e+02
1.418670399999999972e+03,1.061906000000000034e+02
1.418672900000000027e+03,1.062310999999999979e+02
1.418675300000000107e+03,1.063333999999999975e+02
1.418677699999999959e+03,1.065087000000000046e+02
1.418680200000000013e+03,1.067087999999999965e+02
1.418682600000000093e+03,1.068764999999999930e+02
1.418685099999999920e+03,1.069873999999999938e+02
1.418687500000000000e+03,1.070420000000000016e+02
1.418689900000000080e+03,1.070254999999999939e+02
1.418692399999999907e+03,1.068967999999999989e+02
1.418694799999999987e+03,1.066445999999999970e+02
1.418697300000000041e+03,1.063385999999999996e+02
1.418699699999999893e+03,1.060978000000000065e+02
1.418702099999999973e+03,1.060104999999999933e+02
1.418704600000000028e+03,1.060981000000000023e+02
1.418707000000000107e+03,1.063298999999999950e+02
1.418709499999999935e+03,1.066392000000000024e+02
1.418711900000000014e+03,1.069269000000000034e+02
1.418714400000000069e+03,1.070849999999999937e+02
1.418716799999999921e+03,1.070578000000000003e+02
1.418719200000000001e+03,1.069077999999999946e+02
1.418721700000000055e+03,1.067998999999999938e+02
1.418724099999999908e+03,1.068730000000000047e+02
1.418726599999999962e+03,1.071054000000000030e+02
1.418729000000000042e+03,1.073238999999999947e+02
1.418731399999999894e+03,1.073519000000000005e+02
1.418733899999999949e+03,1.071390999999999991e+02
1.418736300000000028e+03,1.067661999999999978e+02
1.418738800000000083e+03,1.063649999999999949e+02
1.418741199999999935e+03,1.060553000000000026e+02
1.418743699999999990e+03,1.059317999999999955e+02
1.418746100000000069e+03,1.060459000000000032e+02
1.418748499999999922e+03,1.063599999999999994e+02
1.418750999999999976e+03,1.067430999999999983e+02
1.418753400000000056e+03,1.070438999999999936e+02
1.418755900000000111e+03,1.071769000000000034e+02
1.418758299999999963e+03,1.071372000000000071e+02
1.418760700000000043e+03,1.069656999999999982e+02
1.418763200000000097e+03,1.067269000000000005e+02
1.418765599999999949e+03,1.065151000000000039e+02
1.418768100000000004e+03,1.064329000000000036e+02
1.418770500000000084e+03,1.065168000000000035e+02
1.418772899999999936e+03,1.066910000000000025e+02
1.418775399999999991e+03,1.068421000000000021e+02
1.418777800000000070e+03,1.069350000000000023e+02
1.418780299999999897e+03,1.070232000000000028e+02
1.418782699999999977e+03,1.071505999999999972e+02
1.418785200000000032e+03,1.072878999999999934e+02
1.418787600000000111e+03,1.073700000000000045e+02
1.418789999999999964e+03,1.073626000000000005e+02
1.418792500000000018e+03,1.072787000000000006e+02
1.418794900000000098e+03,1.071514999999999986e+02
1.418797399999999925e+03,1.070113000000000056e+02
1.418799800000000005e+03,1.068739000000000061e+02
1.418802200000000084e+03,1.067309000000000054e+02
1.418804699999999912e+03,1.065678999999999945e+02
1.418807099999999991e+03,1.064103000000000065e+02
1.418809600000000046e+03,1.063340000000000032e+02
1.418811999999999898e+03,1.064111999999999938e+02
1.418814499999999953e+03,1.066431999999999931e+02
1.418816900000000032e+03,1.069406000000000034e+02
1.418819300000000112e+03,1.071783999999999963e+02
1.418821799999999939e+03,1.072848999999999933e+02
1.418824200000000019e+03,1.072704999999999984e+02
1.418826700000000073e+03,1.071653000000000020e+02
1.418829099999999926e+03,1.069686999999999983e+02
1.418831500000000005e+03,1.066850000000000023e+02
1.418834000000000060e+03,1.063796999999999997e+02
1.418836399999999912e+03,1.061628000000000043e+02
1.418838899999999967e+03,1.061081999999999965e+02
1.418841300000000047e+03,1.061936000000000035e+02
1.418843800000000101e+03,1.063298000000000059e+02
1.418846199999999953e+03,1.064514999999999958e+02
1.418848600000000033e+03,1.065681000000000012e+02
1.418851100000000088e+03,1.067209000000000003e+02
1.418853499999999940e+03,1.069129999999999967e+02
1.418855999999999995e+03,1.070989000000000004e+02
1.418858400000000074e+03,1.072272999999999996e+02
1.418860799999999927e+03,1.072777999999999992e+02
1.418863299999999981e+03,1.072660999999999945e+02
1.418865700000000061e+03,1.072310999999999979e+02
1.418868199999999888e+03,1.072104000000000070e+02
1.418870599999999968e+03,1.072056999999999931e+02
1.418873000000000047e+03,1.071804999999999950e+02
1.418875500000000102e+03,1.071049000000000007e+02
1.418877899999999954e+03,1.069933000000000050e+02
1.418880400000000009e+03,1.068845000000000027e+02
1.418882800000000088e+03,1.068054000000000059e+02
1.418885299999999916e+03,1.067717999999999989e+02
1.418887699999999995e+03,1.068023000000000025e+02
1.418890100000000075e+03,1.069084000000000003e+02
1.418892599999999902e+03,1.070638000000000005e+02
1.418894999999999982e+03,1.071830000000000069e+02
1.418897500000000036e+03,1.071494000000000000e+02
1.418899899999999889e+03,1.069124000000000052e+02
1.418902299999999968e+03,1.065648999999999944e+02
1.418904800000000023e+03,1.062896999999999963e+02
1.418907200000000103e+03,1.062207999999999970e+02
1.418909699999999930e+03,1.063637999999999977e+02
1.418912100000000009e+03,1.066252000000000066e+02
1.418914600000000064e+03,1.068853000000000009e+02
1.418916999999999916e+03,1.070598999999999990e+02
1.418919399999999996e+03,1.071329000000000065e+02
1.418921900000000051e+03,1.071410999999999945e+02
1.418924299999999903e+03,1.071256999999999948e+02
1.418926799999999957e+03,1.070921000000000021e+02
1.418929200000000037e+03,1.069989000000000061e+02
1.418931599999999889e+03,1.067973000000000070e+02
1.418934099999999944e+03,1.064956999999999994e+02
1.418936500000000024e+03,1.061747000000000014e+02
1.418939000000000078e+03,1.059270000000000067e+02
1.418941399999999931e+03,1.058002000000000038e+02
1.418943800000000010e+03,1.057956999999999965e+02
1.418946300000000065e+03,1.058949999999999960e+02
1.418948699999999917e+03,1.060669999999999931e+02
1.418951199999999972e+03,1.062669999999999959e+02
1.418953600000000051e+03,1.064553999999999974e+02
1.418956100000000106e+03,1.066282999999999959e+02
1.418958499999999958e+03,1.068105999999999938e+02
1.418960900000000038e+03,1.070092999999999961e+02
1.418963400000000092e+03,1.071897000000000020e+02
1.418965799999999945e+03,1.073068999999999988e+02
1.418968299999999999e+03,1.073383000000000038e+02
1.418970700000000079e+03,1.072828999999999979e+02
1.418973099999999931e+03,1.071474999999999937e+02
1.418975599999999986e+03,1.069485999999999990e+02
1.418978000000000065e+03,1.067219000000000051e+02
1.418980499999999893e+03,1.065139999999999958e+02
1.418982899999999972e+03,1.063563999999999936e+02
1.418985400000000027e+03,1.062544000000000040e+02
1.418987800000000107e+03,1.062116999999999933e+02
1.418990199999999959e+03,1.062557000000000045e+02
1.418992700000000013e+03,1.064057999999999993e+02
1.418995100000000093e+03,1.066166999999999945e+02
1.418997599999999920e+03,1.067884999999999991e+02
1.419000000000000000e+03,1.068436999999999983e+02
1.419002400000000080e+03,1.067708999999999975e+02
1.419004899999999907e+03,1.065990000000000038e+02
1.419007299999999987e+03,1.063611999999999966e+02
1.419009800000000041e+03,1.060978999999999957e+02
1.419012199999999893e+03,1.058817999999999984e+02
1.419014599999999973e+03,1.058138000000000005e+02
1.419017100000000028e+03,1.059603000000000037e+02
1.419019500000000107e+03,1.062717999999999989e+02
1.419021999999999935e+03,1.065841999999999956e+02
1.419024400000000014e+03,1.067502999999999957e+02
1.419026900000000069e+03,1.067780999999999949e+02
1.419029299999999921e+03,1.068075999999999937e+02
1.419031700000000001e+03,1.069467000000000070e+02
1.419034200000000055e+03,1.071616999999999962e+02
1.419036599999999908e+03,1.073346999999999980e+02
1.419039099999999962e+03,1.073884999999999934e+02
1.419041500000000042e+03,1.073293000000000035e+02
1.419043899999999894e+03,1.071992000000000047e+02
1.419046399999999949e+03,1.070221999999999980e+02
1.419048800000000028e+03,1.068016999999999967e+02
1.419051300000000083e+03,1.065596000000000032e+02
1.419053699999999935e+03,1.063611999999999966e+02
1.419056199999999990e+03,1.062836000000000070e+02
1.419058600000000069e+03,1.063597000000000037e+02
1.419060999999999922e+03,1.065534999999999997e+02
1.419063499999999976e+03,1.067921999999999940e+02
1.419065900000000056e+03,1.070296000000000021e+02
1.419068400000000111e+03,1.072655000000000030e+02
1.419070799999999963e+03,1.074960999999999984e+02
1.419073200000000043e+03,1.076761999999999944e+02
1.419075700000000097e+03,1.077571999999999974e+02
1.419078099999999949e+03,1.077456999999999994e+02
1.419080600000000004e+03,1.077051000000000016e+02
1.419083000000000084e+03,1.077005000000000052e+02
1.419085399999999936e+03,1.077399999999999949e+02
1.419087899999999991e+03,1.077703999999999951e+02
1.419090300000000070e+03,1.077272999999999996e+02
1.419092799999999897e+03,1.075866999999999933e+02
1.419095199999999977e+03,1.073854999999999933e+02
1.419097700000000032e+03,1.072168000000000063e+02
1.419100100000000111e+03,1.071908999999999992e+02
1.419102499999999964e+03,1.073590999999999980e+02
1.419105000000000018e+03,1.076616000000000071e+02
1.419107400000000098e+03,1.079544000000000068e+02
1.419109899999999925e+03,1.080884999999999962e+02
1.419112300000000005e+03,1.079972000000000065e+02
1.419114700000000084e+03,1.077408999999999963e+02
1.419117199999999912e+03,1.074646000000000043e+02
1.419119599999999991e+03,1.072981999999999942e+02
1.419122100000000046e+03,1.073002999999999929e+02
1.419124499999999898e+03,1.074677999999999969e+02
1.419126999999999953e+03,1.077518000000000029e+02
1.419129400000000032e+03,1.080668000000000006e+02
1.419131800000000112e+03,1.083276000000000039e+02
1.419134299999999939e+03,1.084865999999999957e+02
1.419136700000000019e+03,1.085198000000000036e+02
1.419139200000000073e+03,1.084074999999999989e+02
1.419141599999999926e+03,1.081685999999999979e+02
1.419144000000000005e+03,1.078877999999999986e+02
1.419146500000000060e+03,1.076560999999999950e+02
1.419148899999999912e+03,1.074877000000000038e+02
1.419151399999999967e+03,1.073298000000000059e+02
1.419153800000000047e+03,1.071559000000000026e+02
1.419156199999999899e+03,1.070233999999999952e+02
1.419158699999999953e+03,1.070173000000000059e+02
1.419161100000000033e+03,1.071362000000000023e+02
1.419163600000000088e+03,1.072603000000000009e+02
1.419165999999999940e+03,1.072486999999999995e+02
1.419168499999999995e+03,1.070639999999999930e+02
1.419170900000000074e+03,1.068018000000000001e+02
1.419173299999999927e+03,1.066042000000000058e+02
1.419175799999999981e+03,1.065435999999999979e+02
1.419178200000000061e+03,1.065939999999999941e+02
1.419180699999999888e+03,1.066996000000000038e+02
1.419183099999999968e+03,1.068247999999999962e+02
1.419185500000000047e+03,1.069360000000000070e+02
1.419188000000000102e+03,1.069933000000000050e+02
1.419190399999999954e+03,1.069985000000000070e+02
1.419192900000000009e+03,1.070147000000000048e+02
1.419195300000000088e+03,1.070996999999999986e+02
1.419197799999999916e+03,1.072338000000000022e+02
1.419200199999999995e+03,1.073392999999999944e+02
1.419202600000000075e+03,1.073695000000000022e+02
1.419205099999999902e+03,1.073597000000000037e+02
1.419207499999999982e+03,1.073863999999999947e+02
1.419210000000000036e+03,1.074906000000000006e+02
1.419212399999999889e+03,1.076483000000000061e+02
1.419214799999999968e+03,1.077909999999999968e+02
1.419217300000000023e+03,1.078247999999999962e+02
1.419219700000000103e+03,1.076565999999999974e+02
1.419222199999999930e+03,1.072647000000000048e+02
1.419224600000000009e+03,1.067574999999999932e+02
1.419227100000000064e+03,1.063333999999999975e+02
1.419229499999999916e+03,1.061534999999999940e+02
1.419231899999999996e+03,1.062383999999999986e+02
1.419234400000000051e+03,1.064745000000000061e+02
1.419236799999999903e+03,1.067099000000000046e+02
1.419239299999999957e+03,1.068462999999999994e+02
1.419241700000000037e+03,1.068726999999999947e+02
1.419244099999999889e+03,1.068571000000000026e+02
1.419246599999999944e+03,1.069030999999999949e+02
1.419249000000000024e+03,1.070715000000000003e+02
1.419251500000000078e+03,1.073268999999999949e+02
1.419253899999999931e+03,1.075738000000000056e+02
1.419256300000000010e+03,1.077382000000000062e+02
1.419258800000000065e+03,1.078084000000000060e+02
1.419261199999999917e+03,1.078183999999999969e+02
1.419263699999999972e+03,1.078062000000000040e+02
1.419266100000000051e+03,1.077758000000000038e+02
1.419268600000000106e+03,1.077010999999999967e+02
1.419270999999999958e+03,1.075748999999999995e+02
1.419273400000000038e+03,1.074393000000000029e+02
1.419275900000000092e+03,1.073593999999999937e+02
1.419278299999999945e+03,1.073772000000000020e+02
1.419280799999999999e+03,1.074831999999999965e+02
1.419283200000000079e+03,1.076079000000000008e+02
1.419285599999999931e+03,1.076513000000000062e+02
1.419288099999999986e+03,1.075493000000000023e+02
1.419290500000000065e+03,1.073181000000000012e+02
1.419292999999999893e+03,1.070391999999999939e+02
1.419295399999999972e+03,1.068165999999999940e+02
1.419297900000000027e+03,1.067463000000000051e+02
1.419300300000000107e+03,1.068961000000000041e+02
1.419302699999999959e+03,1.072740000000000009e+02
1.419305200000000013e+03,1.077931999999999988e+02
1.419307600000000093e+03,1.082780000000000058e+02
1.419310099999999920e+03,1.085490999999999957e+02
1.419312500000000000e+03,1.085400999999999954e+02
1.419314900000000080e+03,1.083358999999999952e+02
1.419317399999999907e+03,1.080972000000000008e+02
1.419319799999999987e+03,1.079449999999999932e+02
1.419322300000000041e+03,1.079026000000000067e+02
1.419324699999999893e+03,1.079228999999999985e+02
1.419327099999999973e+03,1.079578000000000060e+02
1.419329600000000028e+03,1.079963000000000051e+02
1.419332000000000107e+03,1.080306999999999960e+02
1.419334499999999935e+03,1.080117999999999938e+02
1.419336900000000014e+03,1.078871000000000038e+02
1.419339400000000069e+03,1.076941000000000059e+02
1.419341799999999921e+03,1.075665999999999940e+02
1.419344200000000001e+03,1.076072999999999951e+02
1.419346700000000055e+03,1.077690999999999946e+02
1.419349099999999908e+03,1.078851999999999975e+02
1.419351599999999962e+03,1.078115999999999985e+02
1.419354000000000042e+03,1.075361999999999938e+02
1.419356399999999894e+03,1.071740000000000066e+02
1.419358899999999949e+03,1.068746000000000009e+02
1.419361300000000028e+03,1.067233999999999980e+02
1.419363800000000083e+03,1.067088999999999999e+02
1.419366199999999935e+03,1.067686000000000064e+02
1.419368699999999990e+03,1.068597000000000037e+02
1.419371100000000069e+03,1.069873999999999938e+02
1.419373499999999922e+03,1.071752999999999929e+02
1.419375999999999976e+03,1.074217000000000013e+02
1.419378400000000056e+03,1.076940000000000026e+02
1.419380900000000111e+03,1.079629000000000048e+02
1.419383299999999963e+03,1.082105999999999995e+02
1.419385700000000043e+03,1.083939000000000021e+02
1.419388200000000097e+03,1.084441999999999950e+02
1.419390599999999949e+03,1.083355999999999995e+02
1.419393100000000004e+03,1.081199000000000012e+02
1.419395500000000084e+03,1.078842999999999961e+02
1.419397899999999936e+03,1.077074999999999960e+02
1.419400399999999991e+03,1.076417000000000002e+02
1.419402800000000070e+03,1.076880000000000024e+02
1.419405299999999897e+03,1.077904000000000053e+02
1.419407699999999977e+03,1.078850000000000051e+02
1.419410200000000032e+03,1.079530000000000030e+02
1.419412600000000111e+03,1.080076999999999998e+02
1.419414999999999964e+03,1.080399000000000029e+02
1.419417500000000018e+03,1.080126999999999953e+02
1.419419900000000098e+03,1.079261000000000053e+02
1.419422399999999925e+03,1.078555000000000064e+02
1.419424800000000005e+03,1.078816000000000059e+02
1.419427200000000084e+03,1.079879999999999995e+02
1.419429699999999912e+03,1.080622999999999934e+02
1.419432099999999991e+03,1.080030000000000001e+02
1.419434600000000046e+03,1.078122000000000043e+02
1.419436999999999898e+03,1.075802000000000049e+02
1.419439499999999953e+03,1.073986000000000018e+02
1.419441900000000032e+03,1.072931999999999988e+02
1.419444300000000112e+03,1.072224999999999966e+02
1.419446799999999939e+03,1.071354000000000042e+02
1.419449200000000019e+03,1.070383000000000067e+02
1.419451700000000073e+03,1.069989999999999952e+02
1.419454099999999926e+03,1.070674999999999955e+02
1.419456500000000005e+03,1.072038000000000011e+02
1.419459000000000060e+03,1.073031000000000006e+02
1.419461399999999912e+03,1.072866999999999962e+02
1.419463899999999967e+03,1.071631000000000000e+02
1.419466300000000047e+03,1.070056000000000012e+02
1.419468800000000101e+03,1.068739999999999952e+02
1.419471199999999953e+03,1.067760999999999996e+02
1.419473600000000033e+03,1.067189000000000050e+02
1.419476100000000088e+03,1.067584999999999980e+02
1.419478499999999940e+03,1.069480999999999966e+02
1.419480999999999995e+03,1.072545999999999964e+02
1.419483400000000074e+03,1.075752999999999986e+02
1.419485799999999927e+03,1.078324000000000069e+02
1.419488299999999981e+03,1.080254000000000048e+02
1.419490700000000061e+03,1.081898999999999944e+02
1.419493199999999888e+03,1.083151000000000010e+02
1.419495599999999968e+03,1.083226999999999975e+02
1.419498000000000047e+03,1.081576000000000022e+02
1.419500500000000102e+03,1.078933999999999997e+02
1.419502899999999954e+03,1.077058999999999997e+02
1.419505400000000009e+03,1.077279999999999944e+02
1.419507800000000088e+03,1.079479000000000042e+02
1.419510299999999916e+03,1.082360999999999933e+02
1.419512699999999995e+03,1.084378999999999991e+02
1.419515100000000075e+03,1.084579999999999984e+02
1.419517599999999902e+03,1.083046999999999969e+02
1.419519999999999982e+03,1.080651000000000010e+02
1.419522500000000036e+03,1.078192999999999984e+02
1.419524899999999889e+03,1.075892000000000053e+02
1.419527299999999968e+03,1.073760000000000048e+02
1.419529800000000023e+03,1.072129000000000048e+02
1.419532200000000103e+03,1.071414000000000044e+02
1.419534699999999930e+03,1.071516000000000020e+02
1.419537100000000009e+03,1.071860000000000070e+02
1.419539600000000064e+03,1.072031999999999954e+02
1.419541999999999916e+03,1.072168999999999954e+02
1.419544399999999996e+03,1.072643000000000058e+02
1.419546900000000051e+03,1.073525999999999954e+02
1.419549299999999903e+03,1.074493999999999971e+02
1.419551799999999957e+03,1.075206000000000017e+02
1.419554200000000037e+03,1.075588000000000051e+02
1.419556599999999889e+03,1.075600000000000023e+02
1.419559099999999944e+03,1.074992000000000019e+02
1.419561500000000024e+03,1.073602999999999952e+02
1.419564000000000078e+03,1.071916999999999973e+02
1.419566399999999931e+03,1.070936999999999983e+02
1.419568800000000010e+03,1.071363000000000056e+02
1.419571300000000065e+03,1.072929000000000030e+02
1.419573699999999917e+03,1.074506999999999977e+02
1.419576199999999972e+03,1.074882999999999953e+02
1.419578600000000051e+03,1.073645000000000067e+02
1.419581100000000106e+03,1.071423000000000059e+02
1.419583499999999958e+03,1.069342999999999932e+02
1.419585900000000038e+03,1.068372999999999990e+02
1.419588400000000092e+03,1.069067000000000007e+02
1.419590799999999945e+03,1.071454999999999984e+02
1.419593299999999999e+03,1.074864000000000033e+02
1.419595700000000079e+03,1.078029999999999973e+02
1.419598099999999931e+03,1.079745000000000061e+02
1.419600599999999986e+03,1.079590000000000032e+02
1.419603000000000065e+03,1.078104000000000013e+02
1.419605499999999893e+03,1.076166000000000054e+02
1.419607899999999972e+03,1.074198999999999984e+02
1.419610400000000027e+03,1.072152999999999992e+02
1.419612800000000107e+03,1.070185000000000031e+02
1.419615199999999959e+03,1.068917000000000002e+02
1.419617700000000013e+03,1.068786000000000058e+02
1.419620100000000093e+03,1.069449999999999932e+02
1.419622599999999920e+03,1.070215000000000032e+02
1.419625000000000000e+03,1.070985000000000014e+02
1.419627400000000080e+03,1.072326000000000050e+02
1.419629899999999907e+03,1.074479000000000042e+02
1.419632299999999987e+03,1.076667999999999950e+02
1.419634800000000041e+03,1.077728000000000037e+02
1.419637199999999893e+03,1.077282000000000011e+02
1.419639599999999973e+03,1.076089000000000055e+02
1.419642100000000028e+03,1.075341999999999985e+02
1.419644500000000107e+03,1.075798999999999950e+02
1.419646999999999935e+03,1.077379999999999995e+02
1.419649400000000014e+03,1.079231999999999942e+02
1.419651900000000069e+03,1.080224999999999937e+02
1.419654299999999921e+03,1.079724999999999966e+02
1.419656700000000001e+03,1.078042999999999978e+02
1.419659200000000055e+03,1.076157000000000039e+02
1.419661599999999908e+03,1.075039000000000016e+02
1.419664099999999962e+03,1.075190000000000055e+02
1.419666500000000042e+03,1.076526999999999958e+02
1.419668899999999894e+03,1.078434000000000026e+02
1.419671399999999949e+03,1.080126000000000062e+02
1.419673800000000028e+03,1.081196000000000055e+02
1.419676300000000083e+03,1.081687000000000012e+02
1.419678699999999935e+03,1.081633999999999958e+02
1.419681199999999990e+03,1.080841000000000065e+02
1.419683600000000069e+03,1.079172999999999973e+02
1.419685999999999922e+03,1.076817000000000064e+02
1.419688499999999976e+03,1.074224999999999994e+02
1.419690900000000056e+03,1.071988000000000056e+02
1.419693400000000111e+03,1.070718999999999994e+02
1.419695799999999963e+03,1.070768000000000058e+02
1.419698200000000043e+03,1.071838000000000051e+02
1.419700700000000097e+03,1.072972000000000037e+02
1.419703099999999949e+03,1.073191000000000059e+02
1.419705600000000004e+03,1.072227000000000032e+02
1.419708000000000084e+03,1.070602999999999980e+02
1.419710399999999936e+03,1.069110000000000014e+02
1.419712899999999991e+03,1.068290999999999968e+02
1.419715300000000070e+03,1.068271000000000015e+02
1.419717799999999897e+03,1.068812999999999960e+02
1.419720199999999977e+03,1.069465000000000003e+02
1.419722700000000032e+03,1.069848999999999961e+02
1.419725100000000111e+03,1.069942000000000064e+02
1.419727499999999964e+03,1.070041999999999973e+02
1.419730000000000018e+03,1.070473000000000070e+02
1.419732400000000098e+03,1.071431000000000040e+02
1.419734899999999925e+03,1.072984000000000009e+02
1.419737300000000005e+03,1.075010000000000048e+02
1.419739700000000084e+03,1.077104999999999961e+02
1.419742199999999912e+03,1.078645999999999958e+02
1.419744599999999991e+03,1.079078999999999979e+02
1.419747100000000046e+03,1.078322000000000003e+02
1.419749499999999898e+03,1.076945999999999941e+02
1.419751999999999953e+03,1.075862999999999943e+02
1.419754400000000032e+03,1.075775000000000006e+02
1.419756800000000112e+03,1.076783999999999963e+02
1.419759299999999939e+03,1.078328999999999951e+02
1.419761700000000019e+03,1.079561000000000064e+02
1.419764200000000073e+03,1.079953000000000003e+02
1.419766599999999926e+03,1.079471999999999952e+02
1.419769000000000005e+03,1.078185000000000002e+02
1.419771500000000060e+03,1.076075000000000017e+02
1.419773899999999912e+03,1.073494000000000028e+02
1.419776399999999967e+03,1.071428999999999974e+02
1.419778800000000047e+03,1.070819000000000045e+02
1.419781199999999899e+03,1.071676999999999964e+02
1.419783699999999953e+03,1.073195999999999941e+02
1.419786100000000033e+03,1.074578000000000060e+02
1.419788600000000088e+03,1.075469999999999970e+02
1.419790999999999940e+03,1.075858000000000061e+02
1.419793499999999995e+03,1.075961000000000070e+02
1.419795900000000074e+03,1.076253999999999991e+02
1.419798299999999927e+03,1.077257000000000033e+02
1.419800799999999981e+03,1.079140000000000015e+02
1.419803200000000061e+03,1.081518999999999977e+02
1.419805699999999888e+03,1.083585999999999956e+02
1.419808099999999968e+03,1.084421999999999997e+02
1.419810500000000047e+03,1.083466999999999985e+02
1.419813000000000102e+03,1.081069999999999993e+02
1.419815399999999954e+03,1.078449999999999989e+02
1.419817900000000009e+03,1.076811000000000007e+02
1.419820300000000088e+03,1.076420999999999992e+02
1.419822799999999916e+03,1.076722000000000037e+02
1.419825199999999995e+03,1.077231000000000023e+02
1.419827600000000075e+03,1.078062000000000040e+02
1.419830099999999902e+03,1.079575999999999993e+02
1.419832499999999982e+03,1.081757999999999953e+02
1.419835000000000036e+03,1.084038999999999930e+02
1.419837399999999889e+03,1.085588999999999942e+02
1.419839799999999968e+03,1.085842999999999989e+02
1.419842300000000023e+03,1.084989000000000061e+02
1.419844700000000103e+03,1.083887000000000000e+02
1.419847199999999930e+03,1.083273999999999972e+02
1.419849600000000009e+03,1.083037999999999954e+02
1.419852100000000064e+03,1.082471000000000032e+02
1.419854499999999916e+03,1.081166999999999945e+02
1.419856899999999996e+03,1.079381000000000057e+02
1.419859400000000051e+03,1.077560000000000002e+02
1.419861799999999903e+03,1.075908000000000015e+02
1.419864299999999957e+03,1.074521000000000015e+02
1.419866700000000037e+03,1.073673000000000002e+02
1.419869099999999889e+03,1.073752999999999957e+02
1.419871599999999944e+03,1.075023000000000053e+02
1.419874000000000024e+03,1.077454000000000036e+02
1.419876500000000078e+03,1.080606999999999971e+02
1.419878899999999931e+03,1.083619000000000057e+02
1.419881300000000010e+03,1.085660000000000025e+02
1.419883800000000065e+03,1.086533000000000015e+02
1.419886199999999917e+03,1.086620999999999952e+02
1.419888699999999972e+03,1.086150999999999982e+02
1.419891100000000051e+03,1.084960999999999984e+02
1.419893600000000106e+03,1.083182000000000045e+02
1.419895999999999958e+03,1.081589000000000027e+02
1.419898400000000038e+03,1.080883999999999929e+02
1.419900900000000092e+03,1.081055000000000064e+02
1.419903299999999945e+03,1.081777000000000015e+02
1.419905799999999999e+03,1.083021999999999991e+02
1.419908200000000079e+03,1.084882999999999953e+02
1.419910599999999931e+03,1.087052999999999940e+02
1.419913099999999986e+03,1.088867999999999938e+02
1.419915500000000065e+03,1.089876000000000005e+02
1.419917999999999893e+03,1.090181999999999931e+02
1.419920399999999972e+03,1.090182999999999964e+02
1.419922900000000027e+03,1.090097999999999985e+02
1.419925300000000107e+03,1.089893000000000001e+02
1.419927699999999959e+03,1.089547000000000025e+02
1.419930200000000013e+03,1.089086000000000070e+02
1.419932600000000093e+03,1.088324000000000069e+02
1.419935099999999920e+03,1.087022000000000048e+02
1.419937500000000000e+03,1.085571999999999946e+02
1.419939900000000080e+03,1.085180000000000007e+02
1.419942399999999907e+03,1.086856999999999971e+02
1.419944799999999987e+03,1.090343000000000018e+02
1.419947300000000041e+03,1.094295000000000044e+02
1.419949699999999893e+03,1.097423000000000002e+02
1.419952099999999973e+03,1.099166000000000025e+02
1.419954600000000028e+03,1.099595000000000056e+02
1.419957000000000107e+03,1.099226000000000028e+02
1.419959499999999935e+03,1.098833000000000055e+02
1.419961900000000014e+03,1.098867999999999938e+02
1.419964400000000069e+03,1.098987999999999943e+02
1.419966799999999921e+03,1.098495999999999952e+02
1.419969200000000001e+03,1.097291000000000025e+02
1.419971700000000055e+03,1.096119000000000057e+02
1.419974099999999908e+03,1.095904000000000025e+02
1.419976599999999962e+03,1.096948000000000008e+02
1.419979000000000042e+03,1.098766999999999996e+02
1.419981399999999894e+03,1.100531000000000006e+02
1.419983899999999949e+03,1.101547000000000054e+02
1.419986300000000028e+03,1.101456000000000017e+02
1.419988800000000083e+03,1.100413999999999959e+02
1.419991199999999935e+03,1.099273000000000025e+02
1.419993699999999990e+03,1.099222000000000037e+02
1.419996100000000069e+03,1.100904000000000025e+02
1.419998499999999922e+03,1.103800999999999988e+02
1.420000999999999976e+03,1.106392000000000024e+02
1.420003400000000056e+03,1.107132000000000005e+02
1.420005900000000111e+03,1.105737000000000023e+02
1.420008299999999963e+03,1.103567000000000036e+02
1.420010700000000043e+03,1.102317000000000036e+02
1.420013200000000097e+03,1.102339000000000055e+02
1.420015599999999949e+03,1.102630000000000052e+02
1.420018100000000004e+03,1.102249000000000052e+02
1.420020500000000084e+03,1.101098999999999961e+02
1.420022899999999936e+03,1.099501000000000062e+02
1.420025399999999991e+03,1.097887000000000057e+02
1.420027800000000070e+03,1.096983000000000033e+02
1.420030299999999897e+03,1.097364000000000033e+02
1.420032699999999977e+03,1.098519000000000005e+02
1.420035200000000032e+03,1.099253999999999962e+02
1.420037600000000111e+03,1.099334999999999951e+02
1.420039999999999964e+03,1.099904999999999973e+02
1.420042500000000018e+03,1.101748000000000047e+02
1.420044900000000098e+03,1.103893999999999949e+02
1.420047399999999925e+03,1.104677999999999969e+02
1.420049800000000005e+03,1.103783999999999992e+02
1.420052200000000084e+03,1.102486999999999995e+02
1.420054699999999912e+03,1.101983000000000033e+02
1.420057099999999991e+03,1.102121999999999957e+02
1.420059600000000046e+03,1.101822999999999979e+02
1.420061999999999898e+03,1.100310000000000059e+02
1.420064499999999953e+03,1.097804000000000002e+02
1.420066900000000032e+03,1.095249000000000024e+02
1.420069300000000112e+03,1.093521999999999963e+02
1.420071799999999939e+03,1.092796000000000021e+02
1.420074200000000019e+03,1.092540000000000049e+02
1.420076700000000073e+03,1.092085000000000008e+02
1.420079099999999926e+03,1.091244999999999976e+02
1.420081500000000005e+03,1.090485000000000042e+02
1.420084000000000060e+03,1.090625000000000000e+02
1.420086399999999912e+03,1.092289999999999992e+02
1.420088899999999967e+03,1.095425999999999931e+02
1.420091300000000047e+03,1.099244999999999948e+02
1.420093800000000101e+03,1.102579000000000065e+02
1.420096199999999953e+03,1.104361999999999995e+02
1.420098600000000033e+03,1.104034000000000049e+02
1.420101100000000088e+03,1.101889000000000038e+02
1.420103499999999940e+03,1.099012000000000029e+02
1.420105999999999995e+03,1.096616000000000071e+02
1.420108400000000074e+03,1.095290999999999997e+02
1.420110799999999927e+03,1.094772999999999996e+02
1.420113299999999981e+03,1.094275999999999982e+02
1.420115700000000061e+03,1.093220000000000027e+02
1.420118199999999888e+03,1.091880000000000024e+02
1.420120599999999968e+03,1.091183000000000050e+02
1.420123000000000047e+03,1.091650999999999954e+02
1.420125500000000102e+03,1.092660000000000053e+02
1.420127899999999954e+03,1.092981999999999942e+02
1.420130400000000009e+03,1.091992999999999938e+02
1.420132800000000088e+03,1.090126000000000062e+02
1.420135299999999916e+03,1.088218999999999994e+02
1.420137699999999995e+03,1.086782999999999930e+02
1.420140100000000075e+03,1.085975999999999999e+02
1.420142599999999902e+03,1.085845000000000056e+02
1.420144999999999982e+03,1.086175000000000068e+02
1.420147500000000036e+03,1.086308999999999969e+02
1.420149899999999889e+03,1.085647000000000020e+02
1.420152299999999968e+03,1.084412999999999982e+02
1.420154800000000023e+03,1.083619999999999948e+02
1.420157200000000103e+03,1.084016000000000020e+02
1.420159699999999930e+03,1.085327999999999946e+02
1.420162100000000009e+03,1.086766999999999967e+02
1.420164600000000064e+03,1.087982999999999976e+02
1.420166999999999916e+03,1.089200000000000017e+02
1.420169399999999996e+03,1.090648000000000053e+02
1.420171900000000051e+03,1.092270000000000039e+02
1.420174299999999903e+03,1.093785000000000025e+02
1.420176799999999957e+03,1.094787000000000035e+02
1.420179200000000037e+03,1.095001000000000033e+02
1.420181599999999889e+03,1.094612000000000052e+02
1.420184099999999944e+03,1.094056999999999960e+02
1.420186500000000024e+03,1.093507000000000033e+02
1.420189000000000078e+03,1.092961999999999989e+02
1.420191399999999931e+03,1.092720999999999947e+02
1.420193800000000010e+03,1.093222999999999985e+02
1.420196300000000065e+03,1.094364999999999952e+02
1.420198699999999917e+03,1.095394000000000005e+02
1.420201199999999972e+03,1.095534999999999997e+02
1.420203600000000051e+03,1.094548000000000059e+02
1.420206100000000106e+03,1.092861000000000047e+02
1.420208499999999958e+03,1.091457000000000050e+02
1.420210900000000038e+03,1.091337999999999937e+02
1.420213400000000092e+03,1.092566000000000059e+02
1.420215799999999945e+03,1.093875000000000028e+02
1.420218299999999999e+03,1.093733000000000004e+02
1.420220700000000079e+03,1.091855000000000047e+02
1.420223099999999931e+03,1.089398999999999944e+02
1.420225599999999986e+03,1.087757000000000005e+02
1.420228000000000065e+03,1.087468999999999966e+02
1.420230499999999893e+03,1.088121000000000009e+02
1.420232899999999972e+03,1.088863999999999947e+02
1.420235400000000027e+03,1.088984999999999985e+02
1.420237800000000107e+03,1.088341999999999956e+02
1.420240199999999959e+03,1.087421999999999969e+02
1.420242700000000013e+03,1.086931000000000012e+02
1.420245100000000093e+03,1.087261000000000024e+02
1.420247599999999920e+03,1.088298999999999950e+02
1.420250000000000000e+03,1.089723999999999933e+02
1.420252400000000080e+03,1.091342000000000070e+02
1.420254899999999907e+03,1.093021999999999991e+02
1.420257299999999987e+03,1.094403999999999968e+02
1.420259800000000041e+03,1.094975000000000023e+02
1.420262199999999893e+03,1.094540999999999968e+02
1.420264599999999973e+03,1.093506000000000000e+02
1.420267100000000028e+03,1.092623999999999995e+02
1.420269500000000107e+03,1.092639000000000067e+02
1.420271999999999935e+03,1.094033000000000015e+02
1.420274400000000014e+03,1.096691000000000003e+02
1.420276900000000069e+03,1.099742999999999995e+02
1.420279299999999921e+03,1.102117999999999967e+02
1.420281700000000001e+03,1.103479999999999990e+02
1.420284200000000055e+03,1.104531000000000063e+02
1.420286599999999908e+03,1.106270999999999987e+02
1.420289099999999962e+03,1.109000000000000057e+02
1.420291500000000042e+03,1.111992000000000047e+02
1.420293899999999894e+03,1.114141999999999939e+02
1.420296399999999949e+03,1.114819999999999993e+02
1.420298800000000028e+03,1.113913000000000011e+02
1.420301300000000083e+03,1.111393000000000058e+02
1.420303699999999935e+03,1.107518000000000029e+02
1.420306199999999990e+03,1.103371999999999957e+02
1.420308600000000069e+03,1.100431999999999988e+02
1.420310999999999922e+03,1.099465000000000003e+02
1.420313499999999976e+03,1.100245000000000033e+02
1.420315900000000056e+03,1.102231000000000023e+02
1.420318400000000111e+03,1.104956999999999994e+02
1.420320799999999963e+03,1.107802999999999969e+02
1.420323200000000043e+03,1.109988000000000028e+02
1.420325700000000097e+03,1.111075000000000017e+02
1.420328099999999949e+03,1.111246000000000009e+02
1.420330600000000004e+03,1.111003000000000043e+02
1.420333000000000084e+03,1.110765999999999991e+02
1.420335399999999936e+03,1.110754000000000019e+02
1.420337899999999991e+03,1.110929000000000002e+02
1.420340300000000070e+03,1.110961999999999961e+02
1.420342799999999897e+03,1.110473999999999961e+02
1.420345199999999977e+03,1.109646999999999935e+02
1.420347700000000032e+03,1.109650000000000034e+02
1.420350100000000111e+03,1.112145000000000010e+02
1.420352499999999964e+03,1.117895999999999930e+02
1.420355000000000018e+03,1.125750000000000028e+02
1.420357400000000098e+03,1.133131999999999948e+02
1.420359899999999925e+03,1.137633000000000010e+02
1.420362300000000005e+03,1.138396000000000043e+02
1.420364700000000084e+03,1.136531999999999982e+02
1.420367199999999912e+03,1.134312000000000040e+02
1.420369599999999991e+03,1.133585999999999956e+02
1.420372100000000046e+03,1.134792999999999950e+02
1.420374499999999898e+03,1.137339999999999947e+02
1.420376999999999953e+03,1.140491999999999990e+02
1.420379400000000032e+03,1.143670000000000044e+02
1.420381800000000112e+03,1.146372999999999962e+02
1.420384299999999939e+03,1.148412000000000006e+02
1.420386700000000019e+03,1.150159000000000020e+02
1.420389200000000073e+03,1.152138999999999953e+02
1.420391599999999926e+03,1.154488000000000056e+02
1.420394000000000005e+03,1.157155999999999949e+02
1.420396500000000060e+03,1.160391000000000048e+02
1.420398899999999912e+03,1.164461000000000013e+02
1.420401399999999967e+03,1.168941999999999979e+02
1.420403800000000047e+03,1.172793999999999954e+02
1.420406199999999899e+03,1.175232000000000028e+02
1.420408699999999953e+03,1.176334999999999980e+02
1.420411100000000033e+03,1.176932999999999936e+02
1.420413600000000088e+03,1.178174000000000063e+02
1.420415999999999940e+03,1.180996999999999986e+02
1.420418499999999995e+03,1.185708000000000055e+02
1.420420900000000074e+03,1.191948000000000008e+02
1.420423299999999927e+03,1.198983999999999952e+02
1.420425799999999981e+03,1.205895000000000010e+02
1.420428200000000061e+03,1.211666000000000025e+02
1.420430699999999888e+03,1.215550000000000068e+02
1.420433099999999968e+03,1.217540000000000049e+02
1.420435500000000047e+03,1.218404000000000025e+02
1.420438000000000102e+03,1.219296999999999969e+02
1.420440399999999954e+03,1.221384999999999934e+02
1.420442900000000009e+03,1.225557000000000016e+02
1.420445300000000088e+03,1.231991000000000014e+02
1.420447799999999916e+03,1.239936000000000007e+02
1.420450199999999995e+03,1.248071999999999946e+02
1.420452600000000075e+03,1.255127999999999986e+02
1.420455099999999902e+03,1.260404999999999944e+02
1.420457499999999982e+03,1.264108999999999980e+02
1.420460000000000036e+03,1.267169999999999987e+02
1.420462399999999889e+03,1.270442000000000036e+02
1.420464799999999968e+03,1.273961000000000041e+02
1.420467300000000023e+03,1.276997000000000071e+02
1.420469700000000103e+03,1.278795999999999964e+02
1.420472199999999930e+03,1.279415000000000049e+02
1.420474600000000009e+03,1.280020000000000095e+02
1.420477100000000064e+03,1.282314000000000078e+02
1.420479499999999916e+03,1.287305000000000064e+02
1.420481899999999996e+03,1.294489000000000090e+02
1.420484400000000051e+03,1.302316999999999894e+02
1.420486799999999903e+03,1.309550999999999874e+02
1.420489299999999957e+03,1.316028000000000020e+02
1.420491700000000037e+03,1.322139999999999986e+02
1.420494099999999889e+03,1.327960999999999956e+02
1.420496599999999944e+03,1.333164999999999907e+02
1.420499000000000024e+03,1.337646000000000015e+02
1.420501500000000078e+03,1.341771999999999991e+02
1.420503899999999931e+03,1.345843999999999880e+02
1.420506300000000010e+03,1.349498000000000104e+02
1.420508800000000065e+03,1.351876000000000033e+02
1.420511199999999917e+03,1.352161999999999864e+02
1.420513699999999972e+03,1.349652000000000100e+02
1.420516100000000051e+03,1.343730999999999938e+02
1.420518600000000106e+03,1.334450999999999965e+02
1.420520999999999958e+03,1.323001999999999896e+02
1.420523400000000038e+03,1.311158000000000072e+02
1.420525900000000092e+03,1.300218000000000131e+02
1.420528299999999945e+03,1.290356999999999914e+02
1.420530799999999999e+03,1.280663000000000125e+02
1.420533200000000079e+03,1.269921999999999969e+02
1.420535599999999931e+03,1.257757000000000005e+02
1.420538099999999986e+03,1.245048000000000030e+02
1.420540500000000065e+03,1.233038999999999987e+02
1.420542999999999893e+03,1.222006999999999977e+02
1.420545399999999972e+03,1.210959000000000003e+02
1.420547900000000027e+03,1.198738000000000028e+02
1.420550300000000107e+03,1.185413000000000068e+02
1.420552699999999959e+03,1.172500000000000000e+02
1.420555200000000013e+03,1.161769000000000034e+02
1.420557600000000093e+03,1.153793000000000006e+02
1.420560099999999920e+03,1.147697000000000003e+02
1.420562500000000000e+03,1.142279999999999944e+02
1.420564900000000080e+03,1.137201000000000022e+02
1.420567399999999907e+03,1.132884999999999991e+02
1.420569799999999987e+03,1.129544999999999959e+02
1.420572300000000041e+03,1.126842000000000041e+02
1.420574699999999893e+03,1.124528999999999996e+02
1.420577099999999973e+03,1.122818000000000040e+02
1.420579600000000028e+03,1.121745999999999981e+02
1.420582000000000107e+03,1.120758000000000010e+02
1.420584499999999935e+03,1.119376000000000033e+02
1.420586900000000014e+03,1.117768999999999977e+02
1.420589400000000069e+03,1.116192000000000064e+02
1.420591799999999921e+03,1.114281000000000006e+02
1.420594200000000001e+03,1.111460000000000008e+02
1.420596700000000055e+03,1.107943999999999960e+02
1.420599099999999908e+03,1.104887999999999977e+02
1.420601599999999962e+03,1.103318000000000012e+02
1.420604000000000042e+03,1.103058000000000050e+02
1.420606399999999894e+03,1.103010000000000019e+02
1.420608899999999949e+03,1.102476999999999947e+02
1.420611300000000028e+03,1.101838999999999942e+02
1.420613800000000083e+03,1.101821000000000055e+02
1.420616199999999935e+03,1.102479000000000013e+02
1.420618699999999990e+03,1.103221999999999952e+02
1.420621100000000069e+03,1.103580000000000041e+02
1.420623499999999922e+03,1.103479999999999990e+02
1.420625999999999976e+03,1.102849999999999966e+02
1.420628400000000056e+03,1.101465000000000032e+02
1.420630900000000111e+03,1.099325000000000045e+02
1.420633299999999963e+03,1.096864999999999952e+02
1.420635700000000043e+03,1.094611000000000018e+02
1.420638200000000097e+03,1.092835000000000036e+02
1.420640599999999949e+03,1.091538999999999930e+02
1.420643100000000004e+03,1.090592000000000041e+02
1.420645500000000084e+03,1.089865999999999957e+02
1.420647899999999936e+03,1.089449000000000041e+02
1.420650399999999991e+03,1.089547000000000025e+02
1.420652800000000070e+03,1.090002999999999957e+02
1.420655299999999897e+03,1.090181999999999931e+02
1.420657699999999977e+03,1.089693999999999932e+02
1.420660200000000032e+03,1.089030000000000058e+02
1.420662600000000111e+03,1.089141000000000048e+02
1.420664999999999964e+03,1.090481000000000051e+02
1.420667500000000018e+03,1.092633000000000010e+02
1.420669900000000098e+03,1.094616000000000042e+02
1.420672399999999925e+03,1.095438999999999936e+02
1.420674800000000005e+03,1.094676999999999936e+02
1.420677200000000084e+03,1.092792000000000030e+02
1.420679699999999912e+03,1.090793000000000035e+02
1.420682099999999991e+03,1.089484999999999957e+02
1.420684600000000046e+03,1.089086000000000070e+02
1.420686999999999898e+03,1.089428000000000054e+02
1.420689499999999953e+03,1.090315999999999974e+02
1.420691900000000032e+03,1.091672999999999973e+02
1.420694300000000112e+03,1.093440999999999974e+02
1.420696799999999939e+03,1.095441000000000003e+02
1.420699200000000019e+03,1.097382000000000062e+02
1.420701700000000073e+03,1.098957999999999942e+02
1.420704099999999926e+03,1.099908999999999963e+02
1.420706500000000005e+03,1.100206000000000017e+02
1.420709000000000060e+03,1.100232000000000028e+02
1.420711399999999912e+03,1.100488000000000000e+02
1.420713899999999967e+03,1.101020999999999930e+02
1.420716300000000047e+03,1.101320000000000050e+02
1.420718800000000101e+03,1.100835000000000008e+02
1.420721199999999953e+03,1.099523999999999972e+02
1.420723600000000033e+03,1.097985000000000042e+02
1.420726100000000088e+03,1.097105999999999995e+02
1.420728499999999940e+03,1.097385000000000019e+02
1.420730999999999995e+03,1.098462999999999994e+02
1.420733400000000074e+03,1.099325000000000045e+02
1.420735799999999927e+03,1.098992999999999967e+02
1.420738299999999981e+03,1.097185999999999950e+02
1.420740700000000061e+03,1.094552999999999940e+02
1.420743199999999888e+03,1.092242999999999995e+02
1.420745599999999968e+03,1.091123000000000047e+02
1.420748000000000047e+03,1.091441999999999979e+02
1.420750500000000102e+03,1.093105000000000047e+02
1.420752899999999954e+03,1.095820999999999970e+02
1.420755400000000009e+03,1.098923999999999950e+02
1.420757800000000088e+03,1.101526000000000067e+02
1.420760299999999916e+03,1.103191999999999950e+02
1.420762699999999995e+03,1.104235000000000042e+02
1.420765100000000075e+03,1.105123999999999995e+02
1.420767599999999902e+03,1.105708999999999946e+02
1.420769999999999982e+03,1.105169999999999959e+02
1.420772500000000036e+03,1.102804000000000002e+02
1.420774899999999889e+03,1.098931000000000040e+02
1.420777299999999968e+03,1.095024999999999977e+02
1.420779800000000023e+03,1.092647000000000048e+02
1.420782200000000103e+03,1.092042000000000002e+02
1.420784699999999930e+03,1.091998999999999995e+02
1.420787100000000009e+03,1.091247000000000043e+02
1.420789600000000064e+03,1.089715999999999951e+02
1.420791999999999916e+03,1.088316999999999979e+02
1.420794399999999996e+03,1.087946000000000026e+02
1.420796900000000051e+03,1.088940999999999946e+02
1.420799299999999903e+03,1.091162000000000063e+02
1.420801799999999957e+03,1.094145000000000039e+02
1.420804200000000037e+03,1.097049999999999983e+02
1.420806599999999889e+03,1.098743999999999943e+02
1.420809099999999944e+03,1.098382000000000005e+02
1.420811500000000024e+03,1.096150999999999982e+02
1.420814000000000078e+03,1.093346999999999980e+02
1.420816399999999931e+03,1.091507000000000005e+02
1.420818800000000010e+03,1.091347999999999985e+02
1.420821300000000065e+03,1.092416000000000054e+02
1.420823699999999917e+03,1.093627000000000038e+02
1.420826199999999972e+03,1.094189999999999969e+02
1.420828600000000051e+03,1.094080000000000013e+02
1.420831100000000106e+03,1.093714999999999975e+02
1.420833499999999958e+03,1.093397999999999968e+02
1.420835900000000038e+03,1.093196999999999974e+02
1.420838400000000092e+03,1.093168000000000006e+02
1.420840799999999945e+03,1.093370000000000033e+02
1.420843299999999999e+03,1.093619999999999948e+02
1.420845700000000079e+03,1.093468000000000018e+02
1.420848099999999931e+03,1.092609999999999957e+02
1.420850599999999986e+03,1.091302000000000021e+02
1.420853000000000065e+03,1.090233999999999952e+02
1.420855499999999893e+03,1.089923000000000002e+02
1.420857899999999972e+03,1.090337999999999994e+02
1.420860400000000027e+03,1.091169000000000011e+02
1.420862800000000107e+03,1.092201000000000022e+02
1.420865199999999959e+03,1.093157000000000068e+02
1.420867700000000013e+03,1.093470999999999975e+02
1.420870100000000093e+03,1.092669999999999959e+02
1.420872599999999920e+03,1.090948999999999955e+02
1.420875000000000000e+03,1.089131000000000000e+02
1.420877400000000080e+03,1.088032000000000039e+02
1.420879899999999907e+03,1.087976000000000028e+02
1.420882299999999987e+03,1.088853000000000009e+02
1.420884800000000041e+03,1.090366000000000071e+02
1.420887199999999893e+03,1.092112000000000052e+02
1.420889599999999973e+03,1.093618000000000023e+02
1.420892100000000028e+03,1.094552000000000049e+02
1.420894500000000107e+03,1.094956999999999994e+02
1.420896999999999935e+03,1.095191999999999979e+02
1.420899400000000014e+03,1.095611999999999995e+02
1.420901900000000069e+03,1.096324000000000041e+02
1.420904299999999921e+03,1.097156999999999982e+02
1.420906700000000001e+03,1.097813000000000017e+02
1.420909200000000055e+03,1.098025999999999982e+02
1.420911599999999908e+03,1.097530000000000001e+02
1.420914099999999962e+03,1.096007000000000033e+02
1.420916500000000042e+03,1.093452999999999946e+02
1.420918899999999894e+03,1.090644999999999953e+02
1.420921399999999949e+03,1.088752000000000066e+02
1.420923800000000028e+03,1.088242999999999938e+02
1.420926300000000083e+03,1.088588000000000022e+02
1.420928699999999935e+03,1.089162000000000035e+02
1.420931199999999990e+03,1.089865999999999957e+02
1.420933600000000069e+03,1.090665000000000049e+02
1.420935999999999922e+03,1.091126000000000005e+02
1.420938499999999976e+03,1.090869000000000000e+02
1.420940900000000056e+03,1.090229999999999961e+02
1.420943400000000111e+03,1.090078000000000031e+02
1.420945799999999963e+03,1.090936999999999983e+02
1.420948200000000043e+03,1.092399999999999949e+02
1.420950700000000097e+03,1.093486000000000047e+02
1.420953099999999949e+03,1.093568000000000069e+02
1.420955600000000004e+03,1.092857999999999947e+02
1.420958000000000084e+03,1.092055000000000007e+02
1.420960399999999936e+03,1.091808000000000050e+02
1.420962899999999991e+03,1.092502000000000066e+02
1.420965300000000070e+03,1.094089000000000027e+02
1.420967799999999897e+03,1.095789000000000044e+02
1.420970199999999977e+03,1.096294999999999931e+02
1.420972700000000032e+03,1.094749999999999943e+02
1.420975100000000111e+03,1.091426000000000016e+02
1.420977499999999964e+03,1.087289999999999992e+02
1.420980000000000018e+03,1.083207000000000022e+02
1.420982400000000098e+03,1.079752000000000010e+02
1.420984899999999925e+03,1.077379999999999995e+02
1.420987300000000005e+03,1.076427000000000049e+02
1.420989700000000084e+03,1.077001999999999953e+02
1.420992199999999912e+03,1.078914000000000044e+02
1.420994599999999991e+03,1.081483000000000061e+02
1.420997100000000046e+03,1.083429000000000002e+02
1.420999499999999898e+03,1.083460000000000036e+02
1.421001999999999953e+03,1.081467999999999989e+02
1.421004400000000032e+03,1.078962999999999965e+02
1.421006800000000112e+03,1.077870999999999952e+02
1.421009299999999939e+03,1.078866000000000014e+02
1.421011700000000019e+03,1.081020000000000039e+02
1.421014200000000073e+03,1.082854999999999990e+02
1.421016599999999926e+03,1.083559999999999945e+02
1.421019000000000005e+03,1.083389999999999986e+02
1.421021500000000060e+03,1.083215000000000003e+02
1.421023899999999912e+03,1.083713000000000051e+02
1.421026399999999967e+03,1.084800000000000040e+02
1.421028800000000047e+03,1.085789000000000044e+02
1.421031199999999899e+03,1.086205999999999960e+02
1.421033699999999953e+03,1.086346000000000060e+02
1.421036100000000033e+03,1.086747000000000014e+02
1.421038600000000088e+03,1.087244000000000028e+02
1.421040999999999940e+03,1.086942999999999984e+02
1.421043499999999995e+03,1.085195999999999970e+02
1.421045900000000074e+03,1.082443999999999988e+02
1.421048299999999927e+03,1.080041999999999973e+02
1.421050799999999981e+03,1.079236999999999966e+02
1.421053200000000061e+03,1.080207999999999942e+02
1.421055699999999888e+03,1.082098000000000013e+02
1.421058099999999968e+03,1.084034999999999940e+02
1.421060500000000047e+03,1.085936999999999983e+02
1.421063000000000102e+03,1.088074000000000012e+02
1.421065399999999954e+03,1.090080999999999989e+02
1.421067900000000009e+03,1.090949999999999989e+02
1.421070300000000088e+03,1.090036999999999949e+02
1.421072799999999916e+03,1.087704999999999984e+02
1.421075199999999995e+03,1.084992000000000019e+02
1.421077600000000075e+03,1.082967000000000013e+02
1.421080099999999902e+03,1.082292000000000058e+02
1.421082499999999982e+03,1.083079000000000036e+02
1.421085000000000036e+03,1.084972000000000065e+02
1.421087399999999889e+03,1.087211999999999961e+02
1.421089799999999968e+03,1.088734000000000037e+02
1.421092300000000023e+03,1.088777999999999935e+02
1.421094700000000103e+03,1.087690000000000055e+02
1.421097199999999930e+03,1.086778000000000048e+02
1.421099600000000009e+03,1.087073000000000036e+02
1.421102100000000064e+03,1.088385999999999996e+02
1.421104499999999916e+03,1.089749000000000052e+02
1.421106899999999996e+03,1.090553000000000026e+02
1.421109400000000051e+03,1.090974999999999966e+02
1.421111799999999903e+03,1.091456000000000017e+02
1.421114299999999957e+03,1.092086000000000041e+02
1.421116700000000037e+03,1.092565000000000026e+02
1.421119099999999889e+03,1.092459000000000060e+02
1.421121599999999944e+03,1.091290999999999940e+02
1.421124000000000024e+03,1.088654999999999973e+02
1.421126500000000078e+03,1.084672000000000054e+02
1.421128899999999931e+03,1.080314999999999941e+02
1.421131300000000010e+03,1.077082999999999942e+02
1.421133800000000065e+03,1.076144000000000034e+02
1.421136199999999917e+03,1.077650000000000006e+02
1.421138699999999972e+03,1.080703000000000031e+02
1.421141100000000051e+03,1.083950999999999993e+02
1.421143600000000106e+03,1.086418000000000035e+02
1.421145999999999958e+03,1.088061000000000007e+02
1.421148400000000038e+03,1.089552000000000049e+02
1.421150900000000092e+03,1.091346000000000060e+02
1.421153299999999945e+03,1.093015000000000043e+02
1.421155799999999999e+03,1.093721000000000032e+02
1.421158200000000079e+03,1.093262000000000000e+02
1.421160599999999931e+03,1.092344999999999970e+02
1.421163099999999986e+03,1.091778999999999940e+02
1.421165500000000065e+03,1.091664999999999992e+02
1.421167999999999893e+03,1.091491000000000042e+02
1.421170399999999972e+03,1.090836999999999932e+02
1.421172900000000027e+03,1.089782000000000011e+02
1.421175300000000107e+03,1.088620999999999981e+02
1.421177699999999959e+03,1.087323999999999984e+02
1.421180200000000013e+03,1.085544000000000011e+02
1.421182600000000093e+03,1.083259999999999934e+02
1.421185099999999920e+03,1.081132000000000062e+02
1.421187500000000000e+03,1.079986999999999995e+02
1.421189900000000080e+03,1.080099000000000018e+02
1.421192399999999907e+03,1.081089999999999947e+02
1.421194799999999987e+03,1.082280999999999977e+02
1.421197300000000041e+03,1.083118999999999943e+02
1.421199699999999893e+03,1.083482999999999947e+02
1.421202099999999973e+03,1.083780000000000001e+02
1.421204600000000028e+03,1.084566999999999979e+02
1.421207000000000107e+03,1.085986000000000047e+02
1.421209499999999935e+03,1.087613999999999947e+02
1.421211900000000014e+03,1.088860999999999990e+02
1.421214400000000069e+03,1.089296999999999969e+02
1.421216799999999921e+03,1.088676999999999992e+02
1.421219200000000001e+03,1.087087999999999965e+02
1.421221700000000055e+03,1.085232000000000028e+02
1.421224099999999908e+03,1.084281000000000006e+02
1.421226599999999962e+03,1.085142000000000024e+02
1.421229000000000042e+03,1.087781999999999982e+02
1.421231399999999894e+03,1.091171999999999969e+02
1.421233899999999949e+03,1.093860999999999990e+02
1.421236300000000028e+03,1.094853999999999985e+02
1.421238800000000083e+03,1.094201999999999941e+02
1.421241199999999935e+03,1.092720000000000056e+02
1.421243699999999990e+03,1.091174000000000035e+02
1.421246100000000069e+03,1.089920000000000044e+02
1.421248499999999922e+03,1.089120999999999952e+02
1.421250999999999976e+03,1.088949000000000069e+02
1.421253400000000056e+03,1.089508000000000010e+02
1.421255900000000111e+03,1.090685000000000002e+02
1.421258299999999963e+03,1.091953000000000031e+02
1.421260700000000043e+03,1.092366999999999990e+02
1.421263200000000097e+03,1.091103999999999985e+02
1.421265599999999949e+03,1.088230999999999966e+02
1.421268100000000004e+03,1.084876000000000005e+02
1.421270500000000084e+03,1.082526000000000010e+02
1.421272899999999936e+03,1.081984000000000066e+02
1.421275399999999991e+03,1.082751999999999981e+02
1.421277800000000070e+03,1.083465000000000060e+02
1.421280299999999897e+03,1.083151000000000010e+02
1.421282699999999977e+03,1.082081000000000017e+02
1.421285200000000032e+03,1.081227999999999980e+02
1.421287600000000111e+03,1.081102000000000061e+02
1.421289999999999964e+03,1.081390999999999991e+02
1.421292500000000018e+03,1.081584000000000003e+02
1.421294900000000098e+03,1.081661000000000001e+02
1.421297399999999925e+03,1.082219000000000051e+02
1.421299800000000005e+03,1.083986000000000018e+02
1.421302200000000084e+03,1.087124000000000024e+02
1.421304699999999912e+03,1.090896000000000043e+02
1.421307099999999991e+03,1.093991999999999933e+02
1.421309600000000046e+03,1.095279000000000025e+02
1.421311999999999898e+03,1.094560000000000031e+02
1.421314499999999953e+03,1.092840999999999951e+02
1.421316900000000032e+03,1.091628999999999934e+02
1.421319300000000112e+03,1.091667000000000058e+02
1.421321799999999939e+03,1.092394000000000034e+02
1.421324200000000019e+03,1.092767999999999944e+02
1.421326700000000073e+03,1.092433999999999941e+02
1.421329099999999926e+03,1.091885999999999939e+02
1.421331500000000005e+03,1.091670000000000016e+02
1.421334000000000060e+03,1.091745999999999981e+02
1.421336399999999912e+03,1.091616999999999962e+02
1.421338899999999967e+03,1.090918999999999954e+02
1.421341300000000047e+03,1.089847000000000037e+02
1.421343800000000101e+03,1.089047000000000054e+02
1.421346199999999953e+03,1.088975999999999971e+02
1.421348600000000033e+03,1.089341000000000008e+02
1.421351100000000088e+03,1.089338000000000051e+02
1.421353499999999940e+03,1.088528000000000020e+02
1.421355999999999995e+03,1.087207999999999970e+02
1.421358400000000074e+03,1.085845000000000056e+02
1.421360799999999927e+03,1.084531000000000063e+02
1.421363299999999981e+03,1.083292000000000002e+02
1.421365700000000061e+03,1.082626000000000062e+02
1.421368199999999888e+03,1.083252999999999986e+02
1.421370599999999968e+03,1.085186000000000064e+02
1.421373000000000047e+03,1.087322999999999951e+02
1.421375500000000102e+03,1.088174000000000063e+02
1.421377899999999954e+03,1.087022000000000048e+02
1.421380400000000009e+03,1.084401000000000010e+02
1.421382800000000088e+03,1.081620000000000061e+02
1.421385299999999916e+03,1.079933000000000050e+02
1.421387699999999995e+03,1.079929999999999950e+02
1.421390100000000075e+03,1.081281000000000034e+02
1.421392599999999902e+03,1.082967000000000013e+02
1.421394999999999982e+03,1.084155999999999977e+02
1.421397500000000036e+03,1.085040999999999940e+02
1.421399899999999889e+03,1.086525000000000034e+02
1.421402299999999968e+03,1.088967999999999989e+02
1.421404800000000023e+03,1.091542000000000030e+02
1.421407200000000103e+03,1.093025999999999982e+02
1.421409699999999930e+03,1.093134000000000015e+02
1.421412100000000009e+03,1.092814000000000050e+02
1.421414600000000064e+03,1.093225999999999942e+02
1.421416999999999916e+03,1.094556000000000040e+02
1.421419399999999996e+03,1.095893999999999977e+02
1.421421900000000051e+03,1.096159999999999997e+02
1.421424299999999903e+03,1.095071999999999974e+02
1.421426799999999957e+03,1.093302000000000049e+02
1.421429200000000037e+03,1.091838999999999942e+02
1.421431599999999889e+03,1.091217000000000041e+02
1.421434099999999944e+03,1.091278999999999968e+02
1.421436500000000024e+03,1.091531999999999982e+02
1.421439000000000078e+03,1.091556000000000068e+02
1.421441399999999931e+03,1.091055000000000064e+02
1.421443800000000010e+03,1.089855000000000018e+02
1.421446300000000065e+03,1.088114000000000061e+02
1.421448699999999917e+03,1.086388000000000034e+02
1.421451199999999972e+03,1.085326000000000022e+02
1.421453600000000051e+03,1.085310999999999950e+02
1.421456100000000106e+03,1.086307999999999936e+02
1.421458499999999958e+03,1.087857000000000056e+02
1.421460900000000038e+03,1.089312000000000040e+02
1.421463400000000092e+03,1.090279000000000025e+02
1.421465799999999945e+03,1.090745000000000005e+02
1.421468299999999999e+03,1.090598999999999990e+02
1.421470700000000079e+03,1.089346000000000032e+02
1.421473099999999931e+03,1.086715999999999980e+02
1.421475599999999986e+03,1.083487999999999971e+02
1.421478000000000065e+03,1.081302000000000021e+02
1.421480499999999893e+03,1.081491000000000042e+02
1.421482899999999972e+03,1.084081000000000046e+02
1.421485400000000027e+03,1.087793000000000063e+02
1.421487800000000107e+03,1.090888999999999953e+02
1.421490199999999959e+03,1.092326000000000050e+02
1.421492700000000013e+03,1.092393000000000001e+02
1.421495100000000093e+03,1.092215000000000060e+02
1.421497599999999920e+03,1.092530000000000001e+02
1.421500000000000000e+03,1.093088999999999942e+02
1.421502400000000080e+03,1.093250000000000028e+02
1.421504899999999907e+03,1.092686999999999955e+02
1.421507299999999987e+03,1.091273999999999944e+02
1.421509800000000041e+03,1.088794999999999931e+02
1.421512199999999893e+03,1.085327999999999946e+02
1.421514599999999973e+03,1.081812000000000040e+02
1.421517100000000028e+03,1.079756000000000000e+02
1.421519500000000107e+03,1.080140999999999991e+02
1.421521999999999935e+03,1.082674999999999983e+02
1.421524400000000014e+03,1.086110000000000042e+02
1.421526900000000069e+03,1.089107999999999947e+02
1.421529299999999921e+03,1.090893999999999977e+02
1.421531700000000001e+03,1.091431999999999931e+02
1.421534200000000055e+03,1.091205999999999960e+02
1.421536599999999908e+03,1.090815000000000055e+02
1.421539099999999962e+03,1.090691000000000059e+02
1.421541500000000042e+03,1.091015000000000015e+02
1.421543899999999894e+03,1.091603999999999957e+02
1.421546399999999949e+03,1.091834000000000060e+02
1.421548800000000028e+03,1.091025000000000063e+02
1.421551300000000083e+03,1.089245999999999981e+02
1.421553699999999935e+03,1.087633000000000010e+02
1.421556199999999990e+03,1.087514999999999930e+02
1.421558600000000069e+03,1.089048999999999978e+02
1.421560999999999922e+03,1.090871999999999957e+02
1.421563499999999976e+03,1.091243000000000052e+02
1.421565900000000056e+03,1.089556999999999931e+02
1.421568400000000111e+03,1.086567000000000007e+02
1.421570799999999963e+03,1.083298999999999950e+02
1.421573200000000043e+03,1.080387000000000057e+02
1.421575700000000097e+03,1.078464000000000027e+02
1.421578099999999949e+03,1.078378000000000014e+02
1.421580600000000004e+03,1.080550000000000068e+02
1.421583000000000084e+03,1.084465000000000003e+02
1.421585399999999936e+03,1.089004000000000048e+02
1.421587899999999991e+03,1.093067000000000064e+02
1.421590300000000070e+03,1.095972000000000008e+02
1.421592799999999897e+03,1.097600000000000051e+02
1.421595199999999977e+03,1.098355999999999995e+02
1.421597700000000032e+03,1.098863000000000056e+02
1.421600100000000111e+03,1.099445999999999941e+02
1.421602499999999964e+03,1.099874999999999972e+02
1.421605000000000018e+03,1.099656999999999982e+02
1.421607400000000098e+03,1.098452000000000055e+02
1.421609899999999925e+03,1.096214999999999975e+02
1.421612300000000005e+03,1.093200999999999965e+02
1.421614700000000084e+03,1.090035000000000025e+02
1.421617199999999912e+03,1.087588999999999970e+02
1.421619599999999991e+03,1.086521999999999935e+02
1.421622100000000046e+03,1.086918000000000006e+02
1.421624499999999898e+03,1.088452000000000055e+02
1.421626999999999953e+03,1.090802999999999940e+02
1.421629400000000032e+03,1.093687000000000040e+02
1.421631800000000112e+03,1.096556000000000068e+02
1.421634299999999939e+03,1.098532000000000011e+02
1.421636700000000019e+03,1.098825999999999965e+02
1.421639200000000073e+03,1.097283000000000044e+02
1.421641599999999926e+03,1.094609999999999985e+02
1.421644000000000005e+03,1.092018999999999949e+02
1.421646500000000060e+03,1.090478999999999985e+02
1.421648899999999912e+03,1.090178999999999974e+02
1.421651399999999967e+03,1.090588999999999942e+02
1.421653800000000047e+03,1.090969999999999942e+02
1.421656199999999899e+03,1.090983999999999980e+02
1.421658699999999953e+03,1.090917000000000030e+02
1.421661100000000033e+03,1.091169000000000011e+02
1.421663600000000088e+03,1.091675000000000040e+02
1.421665999999999940e+03,1.092146000000000043e+02
1.421668499999999995e+03,1.092617999999999938e+02
1.421670900000000074e+03,1.093183999999999969e+02
1.421673299999999927e+03,1.093332000000000050e+02
1.421675799999999981e+03,1.092313000000000045e+02
1.421678200000000061e+03,1.090294999999999987e+02
1.421680699999999888e+03,1.088569999999999993e+02
1.421683099999999968e+03,1.088400000000000034e+02
1.421685500000000047e+03,1.089963000000000051e+02
1.421688000000000102e+03,1.092479000000000013e+02
1.421690399999999954e+03,1.094960999999999984e+02
1.421692900000000009e+03,1.096586999999999961e+02
1.421695300000000088e+03,1.096697999999999951e+02
1.421697799999999916e+03,1.095032000000000068e+02
1.421700199999999995e+03,1.092235000000000014e+02
1.421702600000000075e+03,1.089812000000000012e+02
1.421705099999999902e+03,1.089004000000000048e+02
1.421707499999999982e+03,1.089672999999999945e+02
1.421710000000000036e+03,1.090664000000000016e+02
1.421712399999999889e+03,1.091139000000000010e+02
1.421714799999999968e+03,1.091153999999999940e+02
1.421717300000000023e+03,1.091131000000000029e+02
1.421719700000000103e+03,1.091263000000000005e+02
1.421722199999999930e+03,1.091375000000000028e+02
1.421724600000000009e+03,1.091116999999999990e+02
1.421727100000000064e+03,1.090297999999999945e+02
1.421729499999999916e+03,1.089141000000000048e+02
1.421731899999999996e+03,1.088247000000000071e+02
1.421734400000000051e+03,1.088439000000000050e+02
1.421736799999999903e+03,1.090396999999999963e+02
1.421739299999999957e+03,1.093969000000000023e+02
1.421741700000000037e+03,1.097827000000000055e+02
1.421744099999999889e+03,1.100356000000000023e+02
1.421746599999999944e+03,1.101019000000000005e+02
1.421749000000000024e+03,1.100542999999999978e+02
1.421751500000000078e+03,1.099766000000000048e+02
1.421753899999999931e+03,1.098680999999999983e+02
1.421756300000000010e+03,1.096812000000000040e+02
1.421758800000000065e+03,1.094273000000000025e+02
1.421761199999999917e+03,1.092009999999999934e+02
1.421763699999999972e+03,1.091047999999999973e+02
1.421766100000000051e+03,1.091825000000000045e+02
1.421768600000000106e+03,1.094138999999999982e+02
1.421770999999999958e+03,1.097154000000000025e+02
1.421773400000000038e+03,1.099471999999999952e+02
1.421775900000000092e+03,1.099855000000000018e+02
1.421778299999999945e+03,1.098258000000000010e+02
1.421780799999999999e+03,1.095925000000000011e+02
1.421783200000000079e+03,1.094245999999999981e+02
1.421785599999999931e+03,1.093585999999999956e+02
1.421788099999999986e+03,1.093358999999999952e+02
1.421790500000000065e+03,1.093034999999999997e+02
1.421792999999999893e+03,1.092794999999999987e+02
1.421795399999999972e+03,1.093328000000000060e+02
1.421797900000000027e+03,1.095177999999999940e+02
1.421800300000000107e+03,1.098237000000000023e+02
1.421802699999999959e+03,1.101721000000000004e+02
1.421805200000000013e+03,1.104604000000000070e+02
1.421807600000000093e+03,1.106162999999999954e+02
1.421810099999999920e+03,1.106217999999999932e+02
1.421812500000000000e+03,1.105006999999999948e+02
1.421814900000000080e+03,1.103058999999999941e+02
1.421817399999999907e+03,1.101219999999999999e+02
1.421819799999999987e+03,1.100387999999999948e+02
1.421822300000000041e+03,1.100835000000000008e+02
1.421824699999999893e+03,1.101980999999999966e+02
1.421827099999999973e+03,1.102990999999999957e+02
1.421829600000000028e+03,1.103335000000000008e+02
1.421832000000000107e+03,1.102742999999999967e+02
1.421834499999999935e+03,1.101179000000000059e+02
1.421836900000000014e+03,1.099170000000000016e+02
1.421839400000000069e+03,1.097730999999999995e+02
1.421841799999999921e+03,1.097467000000000041e+02
1.421844200000000001e+03,1.097827999999999946e+02
1.421846700000000055e+03,1.097614999999999981e+02
1.421849099999999908e+03,1.096244999999999976e+02
1.421851599999999962e+03,1.094273000000000025e+02
1.421854000000000042e+03,1.092716000000000065e+02
1.421856399999999894e+03,1.092128000000000014e+02
1.421858899999999949e+03,1.092360000000000042e+02
1.421861300000000028e+03,1.093025999999999982e+02
1.421863800000000083e+03,1.094016000000000020e+02
1.421866199999999935e+03,1.095498000000000047e+02
1.421868699999999990e+03,1.097467000000000041e+02
1.421871100000000069e+03,1.099435000000000002e+02
1.421873499999999922e+03,1.100606999999999971e+02
1.421875999999999976e+03,1.100444999999999993e+02
1.421878400000000056e+03,1.099142999999999972e+02
1.421880900000000111e+03,1.097560000000000002e+02
1.421883299999999963e+03,1.096641000000000048e+02
1.421885700000000043e+03,1.096927000000000021e+02
1.421888200000000097e+03,1.098447000000000031e+02
1.421890599999999949e+03,1.100824000000000069e+02
1.421893100000000004e+03,1.103439000000000050e+02
1.421895500000000084e+03,1.105705999999999989e+02
1.421897899999999936e+03,1.107258000000000067e+02
1.421900399999999991e+03,1.107809000000000026e+02
1.421902800000000070e+03,1.107049999999999983e+02
1.421905299999999897e+03,1.104997000000000043e+02
1.421907699999999977e+03,1.102370999999999981e+02
1.421910200000000032e+03,1.100194000000000045e+02
1.421912600000000111e+03,1.098892000000000024e+02
1.421914999999999964e+03,1.098003999999999962e+02
1.421917500000000018e+03,1.096860999999999962e+02
1.421919900000000098e+03,1.095384999999999991e+02
1.421922399999999925e+03,1.094197999999999951e+02
1.421924800000000005e+03,1.094038000000000039e+02
1.421927200000000084e+03,1.095019000000000062e+02
1.421929699999999912e+03,1.096508999999999929e+02
1.421932099999999991e+03,1.097811999999999983e+02
1.421934600000000046e+03,1.098773000000000053e+02
1.421936999999999898e+03,1.099505000000000052e+02
1.421939499999999953e+03,1.099823999999999984e+02
1.421941900000000032e+03,1.099266999999999967e+02
1.421944300000000112e+03,1.097523999999999944e+02
1.421946799999999939e+03,1.094784999999999968e+02
1.421949200000000019e+03,1.091735000000000042e+02
1.421951700000000073e+03,1.089128999999999934e+02
1.421954099999999926e+03,1.087291000000000025e+02
1.421956500000000005e+03,1.086110000000000042e+02
1.421959000000000060e+03,1.085420000000000016e+02
1.421961399999999912e+03,1.085228000000000037e+02
1.421963899999999967e+03,1.085711000000000013e+02
1.421966300000000047e+03,1.087195999999999998e+02
1.421968800000000101e+03,1.089967000000000041e+02
1.421971199999999953e+03,1.093786000000000058e+02
1.421973600000000033e+03,1.097498999999999967e+02
1.421976100000000088e+03,1.099401000000000010e+02
1.421978499999999940e+03,1.098280000000000030e+02
1.421980999999999995e+03,1.094291000000000054e+02
1.421983400000000074e+03,1.088999000000000024e+02
1.421985799999999927e+03,1.084706999999999937e+02
1.421988299999999981e+03,1.083362999999999943e+02
1.421990700000000061e+03,1.085464999999999947e+02
1.421993199999999888e+03,1.089676999999999936e+02
1.421995599999999968e+03,1.093725000000000023e+02
1.421998000000000047e+03,1.096003999999999934e+02
1.422000500000000102e+03,1.096413000000000011e+02
1.422002899999999954e+03,1.095762000000000000e+02
1.422005400000000009e+03,1.094745999999999952e+02
1.422007800000000088e+03,1.093679999999999950e+02
1.422010299999999916e+03,1.092779000000000025e+02
1.422012699999999995e+03,1.092185000000000059e+02
1.422015100000000075e+03,1.091841000000000008e+02
1.422017599999999902e+03,1.091740999999999957e+02
1.422019999999999982e+03,1.092203999999999979e+02
1.422022500000000036e+03,1.093452999999999946e+02
1.422024899999999889e+03,1.094937000000000040e+02
1.422027299999999968e+03,1.095562000000000040e+02
1.422029800000000023e+03,1.094829000000000008e+02
1.422032200000000103e+03,1.093376999999999981e+02
1.422034699999999930e+03,1.092168000000000063e+02
1.422037100000000009e+03,1.091471999999999980e+02
1.422039600000000064e+03,1.090942000000000007e+02
1.422041999999999916e+03,1.090390000000000015e+02
1.422044399999999996e+03,1.090079999999999956e+02
1.422046900000000051e+03,1.090334000000000003e+02
1.422049299999999903e+03,1.091145999999999958e+02
1.422051799999999957e+03,1.092232999999999947e+02
1.422054200000000037e+03,1.093268000000000058e+02
1.422056599999999889e+03,1.094013999999999953e+02
1.422059099999999944e+03,1.094522000000000048e+02
1.422061500000000024e+03,1.095345999999999975e+02
1.422064000000000078e+03,1.097176000000000045e+02
1.422066399999999931e+03,1.099916999999999945e+02
1.422068800000000010e+03,1.102318999999999960e+02
1.422071300000000065e+03,1.102843000000000018e+02
1.422073699999999917e+03,1.100953999999999979e+02
1.422076199999999972e+03,1.097562000000000069e+02
1.422078600000000051e+03,1.094341000000000008e+02
1.422081100000000106e+03,1.092706000000000017e+02
1.422083499999999958e+03,1.093217000000000070e+02
1.422085900000000038e+03,1.095481000000000051e+02
1.422088400000000092e+03,1.098218999999999994e+02
1.422090799999999945e+03,1.099659999999999940e+02
1.422093299999999999e+03,1.098615000000000066e+02
1.422095700000000079e+03,1.095499999999999972e+02
1.422098099999999931e+03,1.092027999999999963e+02
1.422100599999999986e+03,1.089741999999999962e+02
1.422103000000000065e+03,1.089003000000000014e+02
1.422105499999999893e+03,1.089304000000000059e+02
1.422107899999999972e+03,1.090210000000000008e+02
1.422110400000000027e+03,1.091717000000000013e+02
1.422112800000000107e+03,1.093763000000000005e+02
1.422115199999999959e+03,1.095729000000000042e+02
1.422117700000000013e+03,1.096714000000000055e+02
1.422120100000000093e+03,1.096223999999999990e+02
1.422122599999999920e+03,1.094389000000000038e+02
1.422125000000000000e+03,1.091646999999999963e+02
1.422127400000000080e+03,1.088536000000000001e+02
1.422129899999999907e+03,1.085726999999999975e+02
1.422132299999999987e+03,1.083877999999999986e+02
1.422134800000000041e+03,1.083207000000000022e+02
1.422137199999999893e+03,1.083375000000000057e+02
1.422139599999999973e+03,1.083953999999999951e+02
1.422142100000000028e+03,1.084972999999999956e+02
1.422144500000000107e+03,1.086877000000000066e+02
1.422146999999999935e+03,1.089939999999999998e+02
1.422149400000000014e+03,1.093661000000000030e+02
1.422151900000000069e+03,1.096752999999999929e+02
1.422154299999999921e+03,1.097984000000000009e+02
1.422156700000000001e+03,1.097117999999999967e+02
1.422159200000000055e+03,1.094989000000000061e+02
1.422161599999999908e+03,1.092804000000000002e+02
1.422164099999999962e+03,1.091457999999999942e+02
1.422166500000000042e+03,1.091243999999999943e+02
1.422168899999999894e+03,1.091792999999999978e+02
1.422171399999999949e+03,1.092184000000000026e+02
1.422173800000000028e+03,1.091452000000000027e+02
1.422176300000000083e+03,1.089372999999999934e+02
1.422178699999999935e+03,1.086731000000000051e+02
1.422181199999999990e+03,1.084528999999999996e+02
1.422183600000000069e+03,1.083091000000000008e+02
1.422185999999999922e+03,1.082279000000000053e+02
1.422188499999999976e+03,1.082279000000000053e+02
1.422190900000000056e+03,1.083538000000000068e+02
1.422193400000000111e+03,1.085973999999999933e+02
1.422195799999999963e+03,1.088819000000000017e+02
1.422198200000000043e+03,1.091372999999999962e+02
1.422200700000000097e+03,1.093447000000000031e+02
1.422203099999999949e+03,1.094939999999999998e+02
1.422205600000000004e+03,1.095528000000000048e+02
1.422208000000000084e+03,1.095106999999999999e+02
1.422210399999999936e+03,1.094355999999999938e+02
1.422212899999999991e+03,1.094478000000000009e+02
1.422215300000000070e+03,1.096312999999999960e+02
1.422217799999999897e+03,1.099649000000000001e+02
1.422220199999999977e+03,1.103114999999999952e+02
1.422222700000000032e+03,1.104771999999999963e+02
1.422225100000000111e+03,1.103323000000000036e+02
1.422227499999999964e+03,1.099137000000000057e+02
1.422230000000000018e+03,1.094039999999999964e+02
1.422232400000000098e+03,1.090074999999999932e+02
1.422234899999999925e+03,1.088352000000000004e+02
1.422237300000000005e+03,1.088581999999999965e+02
1.422239700000000084e+03,1.089301999999999992e+02
1.422242199999999912e+03,1.088936000000000064e+02
1.422244599999999991e+03,1.087241999999999962e+02
1.422247100000000046e+03,1.085668000000000006e+02
1.422249499999999898e+03,1.085858000000000061e+02
1.422251999999999953e+03,1.087897999999999996e+02
1.422254400000000032e+03,1.090374999999999943e+02
1.422256800000000112e+03,1.091838000000000051e+02
1.422259299999999939e+03,1.091852999999999980e+02
1.422261700000000019e+03,1.090973000000000042e+02
1.422264200000000073e+03,1.090138000000000034e+02
1.422266599999999926e+03,1.089870999999999981e+02
1.422269000000000005e+03,1.089772999999999996e+02
1.422271500000000060e+03,1.089021999999999935e+02
1.422273899999999912e+03,1.087488000000000028e+02
1.422276399999999967e+03,1.086064999999999969e+02
1.422278800000000047e+03,1.085853000000000037e+02
1.422281199999999899e+03,1.087232999999999947e+02
1.422283699999999953e+03,1.089602000000000004e+02
1.422286100000000033e+03,1.091638999999999982e+02
1.422288600000000088e+03,1.092031000000000063e+02
1.422290999999999940e+03,1.090472000000000037e+02
1.422293499999999995e+03,1.088079000000000036e+02
1.422295900000000074e+03,1.086646999999999963e+02
1.422298299999999927e+03,1.087289999999999992e+02
1.422300799999999981e+03,1.089745000000000061e+02
1.422303200000000061e+03,1.093042999999999978e+02
1.422305699999999888e+03,1.096598000000000042e+02
1.422308099999999968e+03,1.100227000000000004e+02
1.422310500000000047e+03,1.103376999999999981e+02
1.422313000000000102e+03,1.105045999999999964e+02
1.422315399999999954e+03,1.104660999999999973e+02
1.422317900000000009e+03,1.102741999999999933e+02
1.422320300000000088e+03,1.100664000000000016e+02
1.422322799999999916e+03,1.099739000000000004e+02
1.422325199999999995e+03,1.100241999999999933e+02
1.422327600000000075e+03,1.101208000000000027e+02
1.422330099999999902e+03,1.101387000000000000e+02
1.422332499999999982e+03,1.100384999999999991e+02
1.422335000000000036e+03,1.098821999999999974e+02
1.422337399999999889e+03,1.097573000000000008e+02
1.422339799999999968e+03,1.097043000000000035e+02
1.422342300000000023e+03,1.097028999999999996e+02
1.422344700000000103e+03,1.097129999999999939e+02
1.422347199999999930e+03,1.097253000000000043e+02
1.422349600000000009e+03,1.097723000000000013e+02
1.422352100000000064e+03,1.098875000000000028e+02
1.422354499999999916e+03,1.100584999999999951e+02
1.422356899999999996e+03,1.102241000000000071e+02
1.422359400000000051e+03,1.103145999999999987e+02
1.422361799999999903e+03,1.102896999999999963e+02
1.422364299999999957e+03,1.101449000000000069e+02
1.422366700000000037e+03,1.099168999999999983e+02
1.422369099999999889e+03,1.097026000000000039e+02
1.422371599999999944e+03,1.096419000000000068e+02
1.422374000000000024e+03,1.098178999999999945e+02
1.422376500000000078e+03,1.101540999999999997e+02
1.422378899999999931e+03,1.104493999999999971e+02
1.422381300000000010e+03,1.105424000000000007e+02
1.422383800000000065e+03,1.104265999999999934e+02
1.422386199999999917e+03,1.102042000000000002e+02
1.422388699999999972e+03,1.099693999999999932e+02
1.422391100000000051e+03,1.097673999999999950e+02
1.422393600000000106e+03,1.096296999999999997e+02
1.422395999999999958e+03,1.095982000000000056e+02
1.422398400000000038e+03,1.096910000000000025e+02
1.422400900000000092e+03,1.098569999999999993e+02
1.422403299999999945e+03,1.099903999999999940e+02
1.422405799999999999e+03,1.100109000000000066e+02
1.422408200000000079e+03,1.099274999999999949e+02
1.422410599999999931e+03,1.098177000000000021e+02
1.422413099999999986e+03,1.097562000000000069e+02
1.422415500000000065e+03,1.097647000000000048e+02
1.422417999999999893e+03,1.097981000000000051e+02
1.422420399999999972e+03,1.097669000000000068e+02
1.422422900000000027e+03,1.096062000000000012e+02
1.422425300000000107e+03,1.093400000000000034e+02
1.422427699999999959e+03,1.090584000000000060e+02
1.422430200000000013e+03,1.088288000000000011e+02
1.422432600000000093e+03,1.086642999999999972e+02
1.422435099999999920e+03,1.085713999999999970e+02
1.422437500000000000e+03,1.085755000000000052e+02
1.422439900000000080e+03,1.086773000000000025e+02
1.422442399999999907e+03,1.088169000000000040e+02
1.422444799999999987e+03,1.089137000000000057e+02
1.422447300000000041e+03,1.089322999999999979e+02
1.422449699999999893e+03,1.088961000000000041e+02
1.422452099999999973e+03,1.088503000000000043e+02
1.422454600000000028e+03,1.088378000000000014e+02
1.422457000000000107e+03,1.089050000000000011e+02
1.422459499999999935e+03,1.090861000000000018e+02
1.422461900000000014e+03,1.093550999999999931e+02
1.422464400000000069e+03,1.096124999999999972e+02
1.422466799999999921e+03,1.097545999999999964e+02
1.422469200000000001e+03,1.097609999999999957e+02
1.422471700000000055e+03,1.096970000000000027e+02
1.422474099999999908e+03,1.096302000000000021e+02
1.422476599999999962e+03,1.095596000000000032e+02
1.422479000000000042e+03,1.094301999999999992e+02
1.422481399999999894e+03,1.092117999999999967e+02
1.422483899999999949e+03,1.089595000000000056e+02
1.422486300000000028e+03,1.087913000000000068e+02
1.422488800000000083e+03,1.087914999999999992e+02
1.422491199999999935e+03,1.089440000000000026e+02
1.422493699999999990e+03,1.091658999999999935e+02
1.422496100000000069e+03,1.093798000000000030e+02
1.422498499999999922e+03,1.095404999999999944e+02
1.422500999999999976e+03,1.096298000000000030e+02
1.422503400000000056e+03,1.096603000000000065e+02
1.422505900000000111e+03,1.096688000000000045e+02
1.422508299999999963e+03,1.096894000000000062e+02
1.422510700000000043e+03,1.097256000000000000e+02
1.422513200000000097e+03,1.097566999999999950e+02
1.422515599999999949e+03,1.097797999999999945e+02
1.422518100000000004e+03,1.098465000000000060e+02
1.422520500000000084e+03,1.100335000000000036e+02
1.422522899999999936e+03,1.103640000000000043e+02
1.422525399999999991e+03,1.107644999999999982e+02
1.422527800000000070e+03,1.111055999999999955e+02
1.422530299999999897e+03,1.112809000000000026e+02
1.422532699999999977e+03,1.112616000000000014e+02
1.422535200000000032e+03,1.111093999999999937e+02
1.422537600000000111e+03,1.109351999999999947e+02
1.422539999999999964e+03,1.108048000000000002e+02
1.422542500000000018e+03,1.106748000000000047e+02
1.422544900000000098e+03,1.104496000000000038e+02
1.422547399999999925e+03,1.101063999999999936e+02
1.422549800000000005e+03,1.097424000000000035e+02
1.422552200000000084e+03,1.094976000000000056e+02
1.422554699999999912e+03,1.094487000000000023e+02
1.422557099999999991e+03,1.095808999999999997e+02
1.422559600000000046e+03,1.098344000000000023e+02
1.422561999999999898e+03,1.101410000000000053e+02
1.422564499999999953e+03,1.104124999999999943e+02
1.422566900000000032e+03,1.105448999999999984e+02
1.422569300000000112e+03,1.104895999999999958e+02
1.422571799999999939e+03,1.103062000000000040e+02
1.422574200000000019e+03,1.100998000000000019e+02
1.422576700000000073e+03,1.099076000000000022e+02
1.422579099999999926e+03,1.096953000000000031e+02
1.422581500000000005e+03,1.094628000000000014e+02
1.422584000000000060e+03,1.092908000000000044e+02
1.422586399999999912e+03,1.092513000000000005e+02
1.422588899999999967e+03,1.093221000000000060e+02
1.422591300000000047e+03,1.094226000000000028e+02
1.422593800000000101e+03,1.095040999999999940e+02
1.422596199999999953e+03,1.095742000000000047e+02
1.422598600000000033e+03,1.096628000000000043e+02
1.422601100000000088e+03,1.098031000000000006e+02
1.422603499999999940e+03,1.100144999999999982e+02
1.422605999999999995e+03,1.102669999999999959e+02
1.422608400000000074e+03,1.104853999999999985e+02
1.422610799999999927e+03,1.106187000000000040e+02
1.422613299999999981e+03,1.106743000000000023e+02
1.422615700000000061e+03,1.106675999999999931e+02
1.422618199999999888e+03,1.105807999999999964e+02
1.422620599999999968e+03,1.104009999999999962e+02
1.422623000000000047e+03,1.101684000000000054e+02
1.422625500000000102e+03,1.099491000000000014e+02
1.422627899999999954e+03,1.097643999999999949e+02
1.422630400000000009e+03,1.095739999999999981e+02
1.422632800000000088e+03,1.093366000000000042e+02
1.422635299999999916e+03,1.090634000000000015e+02
1.422637699999999995e+03,1.088078000000000003e+02
1.422640100000000075e+03,1.086423999999999950e+02
1.422642599999999902e+03,1.086534000000000049e+02
1.422644999999999982e+03,1.088974999999999937e+02
1.422647500000000036e+03,1.093201999999999998e+02
1.422649899999999889e+03,1.097541999999999973e+02
1.422652299999999968e+03,1.100469999999999970e+02
1.422654800000000023e+03,1.101888000000000005e+02
1.422657200000000103e+03,1.102873000000000019e+02
1.422659699999999930e+03,1.104207999999999998e+02
1.422662100000000009e+03,1.105523000000000025e+02
1.422664600000000064e+03,1.105985000000000014e+02
1.422666999999999916e+03,1.105554000000000059e+02
1.422669399999999996e+03,1.105146000000000015e+02
1.422671900000000051e+03,1.105537999999999954e+02
1.422674299999999903e+03,1.106522999999999968e+02
1.422676799999999957e+03,1.107366999999999990e+02
1.422679200000000037e+03,1.107788999999999930e+02
1.422681599999999889e+03,1.108127000000000066e+02
1.422684099999999944e+03,1.108645000000000067e+02
1.422686500000000024e+03,1.109117999999999995e+02
1.422689000000000078e+03,1.109265999999999934e+02
1.422691399999999931e+03,1.109300000000000068e+02
1.422693800000000010e+03,1.109681999999999960e+02
1.422696300000000065e+03,1.110404999999999944e+02
1.422698699999999917e+03,1.110927999999999969e+02
1.422701199999999972e+03,1.110897999999999968e+02
1.422703600000000051e+03,1.110529999999999973e+02
1.422706100000000106e+03,1.110126999999999953e+02
1.422708499999999958e+03,1.109604999999999961e+02
1.422710900000000038e+03,1.108710999999999984e+02
1.422713400000000092e+03,1.107497999999999934e+02
1.422715799999999945e+03,1.106360999999999990e+02
1.422718299999999999e+03,1.105619999999999976e+02
1.422720700000000079e+03,1.105083000000000055e+02
1.422723099999999931e+03,1.104108999999999980e+02
1.422725599999999986e+03,1.102228999999999957e+02
1.422728000000000065e+03,1.099720999999999975e+02
1.422730499999999893e+03,1.097483000000000004e+02
1.422732899999999972e+03,1.096264000000000038e+02
1.422735400000000027e+03,1.095934000000000026e+02
1.422737800000000107e+03,1.095618999999999943e+02
1.422740199999999959e+03,1.094694999999999965e+02
1.422742700000000013e+03,1.093592000000000013e+02
1.422745100000000093e+03,1.093457999999999970e+02
1.422747599999999920e+03,1.095044000000000040e+02
1.422750000000000000e+03,1.098038999999999987e+02
1.422752400000000080e+03,1.101299999999999955e+02
1.422754899999999907e+03,1.103479999999999990e+02
1.422757299999999987e+03,1.103696000000000055e+02
1.422759800000000041e+03,1.102112999999999943e+02
1.422762199999999893e+03,1.099876000000000005e+02
1.422764599999999973e+03,1.098173000000000030e+02
1.422767100000000028e+03,1.097353999999999985e+02
1.422769500000000107e+03,1.097073000000000036e+02
1.422771999999999935e+03,1.097065000000000055e+02
1.422774400000000014e+03,1.097429000000000059e+02
1.422776900000000069e+03,1.098305000000000007e+02
1.422779299999999921e+03,1.099699999999999989e+02
1.422781700000000001e+03,1.101587999999999994e+02
1.422784200000000055e+03,1.103812000000000069e+02
1.422786599999999908e+03,1.105814000000000021e+02
1.422789099999999962e+03,1.106838999999999942e+02
1.422791500000000042e+03,1.106619000000000028e+02
1.422793899999999894e+03,1.105763000000000034e+02
1.422796399999999949e+03,1.105257000000000005e+02
1.422798800000000028e+03,1.105631999999999948e+02
1.422801300000000083e+03,1.106691000000000003e+02
1.422803699999999935e+03,1.107884999999999991e+02
1.422806199999999990e+03,1.108816999999999950e+02
1.422808600000000069e+03,1.109570999999999970e+02
1.422810999999999922e+03,1.110594999999999999e+02
1.422813499999999976e+03,1.111949000000000041e+02
1.422815900000000056e+03,1.112643000000000058e+02
1.422818400000000111e+03,1.111187999999999931e+02
1.422820799999999963e+03,1.107100999999999971e+02
1.422823200000000043e+03,1.101645000000000039e+02
1.422825700000000097e+03,1.097009000000000043e+02
1.422828099999999949e+03,1.094895999999999958e+02
1.422830600000000004e+03,1.095631000000000057e+02
1.422833000000000084e+03,1.098208999999999946e+02
1.422835399999999936e+03,1.101162000000000063e+02
1.422837899999999991e+03,1.103613000000000000e+02
1.422840300000000070e+03,1.105604000000000013e+02
1.422842799999999897e+03,1.107399999999999949e+02
1.422845199999999977e+03,1.108658999999999963e+02
1.422847700000000032e+03,1.108451000000000022e+02
1.422850100000000111e+03,1.106123999999999938e+02
1.422852499999999964e+03,1.102098000000000013e+02
1.422855000000000018e+03,1.097810000000000059e+02
1.422857400000000098e+03,1.094865000000000066e+02
1.422859899999999925e+03,1.094089000000000027e+02
1.422862300000000005e+03,1.095258000000000038e+02
1.422864700000000084e+03,1.097584999999999980e+02
1.422867199999999912e+03,1.100297999999999945e+02
1.422869599999999991e+03,1.102703999999999951e+02
1.422872100000000046e+03,1.104034999999999940e+02
1.422874499999999898e+03,1.103649999999999949e+02
1.422876999999999953e+03,1.101494000000000000e+02
1.422879400000000032e+03,1.098195000000000050e+02
1.422881800000000112e+03,1.094624000000000024e+02
1.422884299999999939e+03,1.091497999999999990e+02
1.422886700000000019e+03,1.089346000000000032e+02
1.422889200000000073e+03,1.088533999999999935e+02
1.422891599999999926e+03,1.089099999999999966e+02
1.422894000000000005e+03,1.090636999999999972e+02
1.422896500000000060e+03,1.092557000000000045e+02
1.422898899999999912e+03,1.094496000000000038e+02
1.422901399999999967e+03,1.096304999999999978e+02
1.422903800000000047e+03,1.097727000000000004e+02
1.422906199999999899e+03,1.098438000000000017e+02
1.422908699999999953e+03,1.098568000000000069e+02
1.422911100000000033e+03,1.098796999999999997e+02
1.422913600000000088e+03,1.099699999999999989e+02
1.422915999999999940e+03,1.101129999999999995e+02
1.422918499999999995e+03,1.102396999999999991e+02
1.422920900000000074e+03,1.102964999999999947e+02
1.422923299999999927e+03,1.102974999999999994e+02
1.422925799999999981e+03,1.103092999999999932e+02
1.422928200000000061e+03,1.103855999999999966e+02
1.422930699999999888e+03,1.105161999999999978e+02
1.422933099999999968e+03,1.106427999999999940e+02
1.422935500000000047e+03,1.107055000000000007e+02
1.422938000000000102e+03,1.106696000000000026e+02
1.422940399999999954e+03,1.105301999999999936e+02
1.422942900000000009e+03,1.103178000000000054e+02
1.422945300000000088e+03,1.101003000000000043e+02
1.422947799999999916e+03,1.099565999999999946e+02
1.422950199999999995e+03,1.099300999999999959e+02
1.422952600000000075e+03,1.099955999999999960e+02
1.422955099999999902e+03,1.100742999999999938e+02
1.422957499999999982e+03,1.100854999999999961e+02
1.422960000000000036e+03,1.099956999999999994e+02
1.422962399999999889e+03,1.098396000000000043e+02
1.422964799999999968e+03,1.097103000000000037e+02
1.422967300000000023e+03,1.097125999999999948e+02
1.422969700000000103e+03,1.098850999999999942e+02
1.422972199999999930e+03,1.101637999999999948e+02
1.422974600000000009e+03,1.104321000000000055e+02
1.422977100000000064e+03,1.106056999999999988e+02
1.422979499999999916e+03,1.106685999999999979e+02
1.422981899999999996e+03,1.106529000000000025e+02
1.422984400000000051e+03,1.106046000000000049e+02
1.422986799999999903e+03,1.105611999999999995e+02
1.422989299999999957e+03,1.105421999999999940e+02
1.422991700000000037e+03,1.105489000000000033e+02
1.422994099999999889e+03,1.105704999999999956e+02
1.422996599999999944e+03,1.105948999999999955e+02
1.422999000000000024e+03,0.000000000000000000e+00
1.423001500000000078e+03,0.000000000000000000e+00
1.423003899999999931e+03,0.000000000000000000e+00
1.423006300000000010e+03,0.000000000000000000e+00
1.423008800000000065e+03,0.000000000000000000e+00
1.423011199999999917e+03,0.000000000000000000e+00
1.423013699999999972e+03,0.000000000000000000e+00
1.423016100000000051e+03,0.000000000000000000e+00
1.423018600000000106e+03,0.000000000000000000e+00
1.423020999999999958e+03,0.000000000000000000e+00
1.423023400000000038e+03,0.000000000000000000e+00
1.423025900000000092e+03,0.000000000000000000e+00
1.423028299999999945e+03,0.000000000000000000e+00
1.423030799999999999e+03,0.000000000000000000e+00
1.423033200000000079e+03,0.000000000000000000e+00
1.423035599999999931e+03,0.000000000000000000e+00
1.423038099999999986e+03,0.000000000000000000e+00
1.423040500000000065e+03,0.000000000000000000e+00
1.423042999999999893e+03,0.000000000000000000e+00
1.423045399999999972e+03,0.000000000000000000e+00
1.423047900000000027e+03,0.000000000000000000e+00
1.423050300000000107e+03,0.000000000000000000e+00
1.423052699999999959e+03,0.000000000000000000e+00
1.423055200000000013e+03,0.000000000000000000e+00
1.423057600000000093e+03,0.000000000000000000e+00
1.423060099999999920e+03,0.000000000000000000e+00
1.423062500000000000e+03,0.000000000000000000e+00
1.423064900000000080e+03,0.000000000000000000e+00
1.423067399999999907e+03,0.000000000000000000e+00
1.423069799999999987e+03,0.000000000000000000e+00
1.423072300000000041e+03,0.000000000000000000e+00
1.423074699999999893e+03,0.000000000000000000e+00
1.423077099999999973e+03,0.000000000000000000e+00
1.423079600000000028e+03,0.000000000000000000e+00
1.423082000000000107e+03,0.000000000000000000e+00
1.423084499999999935e+03,0.000000000000000000e+00
1.423086900000000014e+03,0.000000000000000000e+00
1.423089400000000069e+03,0.000000000000000000e+00
1.423091799999999921e+03,0.000000000000000000e+00
1.423094200000000001e+03,0.000000000000000000e+00
1.423096700000000055e+03,0.000000000000000000e+00
1.423099099999999908e+03,0.000000000000000000e+00
1.423101599999999962e+03,0.000000000000000000e+00
1.423104000000000042e+03,0.000000000000000000e+00
1.423106399999999894e+03,0.000000000000000000e+00
1.423108899999999949e+03,0.000000000000000000e+00
1.423111300000000028e+03,0.000000000000000000e+00
1.423113800000000083e+03,0.000000000000000000e+00
1.423116199999999935e+03,0.000000000000000000e+00
1.423118699999999990e+03,0.000000000000000000e+00
1.423121100000000069e+03,0.000000000000000000e+00
1.423123499999999922e+03,0.000000000000000000e+00
1.423125999999999976e+03,0.000000000000000000e+00
1.423128400000000056e+03,0.000000000000000000e+00
1.423130900000000111e+03,0.000000000000000000e+00
1.423133299999999963e+03,0.000000000000000000e+00
1.423135700000000043e+03,0.000000000000000000e+00
1.423138200000000097e+03,0.000000000000000000e+00
1.423140599999999949e+03,0.000000000000000000e+00
1.423143100000000004e+03,0.000000000000000000e+00
1.423145500000000084e+03,0.000000000000000000e+00
1.423147899999999936e+03,0.000000000000000000e+00
1.423150399999999991e+03,0.000000000000000000e+00
1.423152800000000070e+03,0.000000000000000000e+00
1.423155299999999897e+03,0.000000000000000000e+00
1.423157699999999977e+03,0.000000000000000000e+00
1.423160200000000032e+03,0.000000000000000000e+00
1.423162600000000111e+03,0.000000000000000000e+00
1.423164999999999964e+03,0.000000000000000000e+00
1.423167500000000018e+03,0.000000000000000000e+00
1.423169900000000098e+03,0.000000000000000000e+00
1.423172399999999925e+03,0.000000000000000000e+00
1.423174800000000005e+03,0.000000000000000000e+00
1.423177200000000084e+03,0.000000000000000000e+00
1.423179699999999912e+03,0.000000000000000000e+00
1.423182099999999991e+03,0.000000000000000000e+00
1.423184600000000046e+03,0.000000000000000000e+00
1.423186999999999898e+03,0.000000000000000000e+00
1.423189499999999953e+03,0.000000000000000000e+00
1.423191900000000032e+03,0.000000000000000000e+00
1.423194300000000112e+03,0.000000000000000000e+00
1.423196799999999939e+03,0.000000000000000000e+00
1.423199200000000019e+03,0.000000000000000000e+00
1.423201700000000073e+03,0.000000000000000000e+00
1.423204099999999926e+03,0.000000000000000000e+00
1.423206500000000005e+03,0.000000000000000000e+00
1.423209000000000060e+03,0.000000000000000000e+00
1.423211399999999912e+03,0.000000000000000000e+00
1.423213899999999967e+03,0.000000000000000000e+00
1.423216300000000047e+03,0.000000000000000000e+00
1.423218800000000101e+03,0.000000000000000000e+00
1.423221199999999953e+03,0.000000000000000000e+00
1.423223600000000033e+03,0.000000000000000000e+00
1.423226100000000088e+03,0.000000000000000000e+00
1.423228499999999940e+03,0.000000000000000000e+00
1.423230999999999995e+03,0.000000000000000000e+00
1.423233400000000074e+03,0.000000000000000000e+00
1.423235799999999927e+03,0.000000000000000000e+00
1.423238299999999981e+03,0.000000000000000000e+00
1.423240700000000061e+03,0.000000000000000000e+00
1.423243199999999888e+03,0.000000000000000000e+00
1.423245599999999968e+03,0.000000000000000000e+00
1.423248000000000047e+03,0.000000000000000000e+00
1.423250500000000102e+03,0.000000000000000000e+00
1.423252899999999954e+03,0.000000000000000000e+00
1.423255400000000009e+03,0.000000000000000000e+00
1.423257800000000088e+03,0.000000000000000000e+00
1.423260299999999916e+03,0.000000000000000000e+00
1.423262699999999995e+03,0.000000000000000000e+00
1.423265100000000075e+03,0.000000000000000000e+00
1.423267599999999902e+03,0.000000000000000000e+00
1.423269999999999982e+03,0.000000000000000000e+00
1.423272500000000036e+03,0.000000000000000000e+00
1.423274899999999889e+03,0.000000000000000000e+00
1.423277299999999968e+03,0.000000000000000000e+00
1.423279800000000023e+03,0.000000000000000000e+00
1.423282200000000103e+03,0.000000000000000000e+00
1.423284699999999930e+03,0.000000000000000000e+00
1.423287100000000009e+03,0.000000000000000000e+00
1.423289600000000064e+03,0.000000000000000000e+00
1.423291999999999916e+03,0.000000000000000000e+00
1.423294399999999996e+03,0.000000000000000000e+00
1.423296900000000051e+03,0.000000000000000000e+00
1.423299299999999903e+03,0.000000000000000000e+00
1.423301799999999957e+03,0.000000000000000000e+00
1.423304200000000037e+03,0.000000000000000000e+00
1.423306599999999889e+03,0.000000000000000000e+00
1.423309099999999944e+03,0.000000000000000000e+00
1.423311500000000024e+03,0.000000000000000000e+00
1.423314000000000078e+03,0.000000000000000000e+00
1.423316399999999931e+03,0.000000000000000000e+00
1.423318800000000010e+03,0.000000000000000000e+00
1.423321300000000065e+03,0.000000000000000000e+00
1.423323699999999917e+03,0.000000000000000000e+00
1.423326199999999972e+03,0.000000000000000000e+00
1.423328600000000051e+03,0.000000000000000000e+00
1.423331100000000106e+03,0.000000000000000000e+00
1.423333499999999958e+03,0.000000000000000000e+00
1.423335900000000038e+03,0.000000000000000000e+00
1.423338400000000092e+03,0.000000000000000000e+00
1.423340799999999945e+03,0.000000000000000000e+00
1.423343299999999999e+03,0.000000000000000000e+00
1.423345700000000079e+03,0.000000000000000000e+00
1.423348099999999931e+03,0.000000000000000000e+00
1.423350599999999986e+03,0.000000000000000000e+00
1.423353000000000065e+03,0.000000000000000000e+00
1.423355499999999893e+03,0.000000000000000000e+00
1.423357899999999972e+03,0.000000000000000000e+00
1.423360400000000027e+03,0.000000000000000000e+00
1.423362800000000107e+03,0.000000000000000000e+00
1.423365199999999959e+03,0.000000000000000000e+00
1.423367700000000013e+03,0.000000000000000000e+00
1.423370100000000093e+03,0.000000000000000000e+00
1.423372599999999920e+03,0.000000000000000000e+00
1.423375000000000000e+03,0.000000000000000000e+00
1.423377400000000080e+03,0.000000000000000000e+00
1.423379899999999907e+03,0.000000000000000000e+00
1.423382299999999987e+03,0.000000000000000000e+00
1.423384800000000041e+03,0.000000000000000000e+00
1.423387199999999893e+03,0.000000000000000000e+00
1.423389599999999973e+03,0.000000000000000000e+00
1.423392100000000028e+03,0.000000000000000000e+00
1.423394500000000107e+03,0.000000000000000000e+00
1.423396999999999935e+03,0.000000000000000000e+00
1.423399400000000014e+03,0.000000000000000000e+00
1.423401900000000069e+03,0.000000000000000000e+00
1.423404299999999921e+03,0.000000000000000000e+00
1.423406700000000001e+03,0.000000000000000000e+00
1.423409200000000055e+03,0.000000000000000000e+00
1.423411599999999908e+03,0.000000000000000000e+00
1.423414099999999962e+03,0.000000000000000000e+00
1.423416500000000042e+03,0.000000000000000000e+00
1.423418899999999894e+03,0.000000000000000000e+00
1.423421399999999949e+03,0.000000000000000000e+00
1.423423800000000028e+03,0.000000000000000000e+00
1.423426300000000083e+03,0.000000000000000000e+00
1.423428699999999935e+03,0.000000000000000000e+00
1.423431199999999990e+03,0.000000000000000000e+00
1.423433600000000069e+03,0.000000000000000000e+00
1.423435999999999922e+03,0.000000000000000000e+00
1.423438499999999976e+03,0.000000000000000000e+00
1.423440900000000056e+03,0.000000000000000000e+00
1.423443400000000111e+03,0.000000000000000000e+00
1.423445799999999963e+03,0.000000000000000000e+00
1.423448200000000043e+03,0.000000000000000000e+00
1.423450700000000097e+03,0.000000000000000000e+00
1.423453099999999949e+03,0.000000000000000000e+00
1.423455600000000004e+03,0.000000000000000000e+00
1.423458000000000084e+03,0.000000000000000000e+00
1.423460399999999936e+03,0.000000000000000000e+00
1.423462899999999991e+03,0.000000000000000000e+00
1.423465300000000070e+03,0.000000000000000000e+00
1.423467799999999897e+03,0.000000000000000000e+00
1.423470199999999977e+03,0.000000000000000000e+00
1.423472700000000032e+03,0.000000000000000000e+00
1.423475100000000111e+03,0.000000000000000000e+00
1.423477499999999964e+03,0.000000000000000000e+00
1.423480000000000018e+03,0.000000000000000000e+00
1.423482400000000098e+03,0.000000000000000000e+00
1.423484899999999925e+03,0.000000000000000000e+00
1.423487300000000005e+03,0.000000000000000000e+00
1.423489700000000084e+03,0.000000000000000000e+00
1.423492199999999912e+03,0.000000000000000000e+00
1.423494599999999991e+03,0.000000000000000000e+00
1.423497100000000046e+03,0.000000000000000000e+00
1.423499499999999898e+03,0.000000000000000000e+00
1.423501999999999953e+03,0.000000000000000000e+00
1.423504400000000032e+03,0.000000000000000000e+00
1.423506800000000112e+03,0.000000000000000000e+00
1.423509299999999939e+03,0.000000000000000000e+00
1.423511700000000019e+03,0.000000000000000000e+00
1.423514200000000073e+03,0.000000000000000000e+00
1.423516599999999926e+03,0.000000000000000000e+00
1.423519000000000005e+03,0.000000000000000000e+00
1.423521500000000060e+03,0.000000000000000000e+00
1.423523899999999912e+03,0.000000000000000000e+00
1.423526399999999967e+03,0.000000000000000000e+00
1.423528800000000047e+03,0.000000000000000000e+00
1.423531199999999899e+03,0.000000000000000000e+00
1.423533699999999953e+03,0.000000000000000000e+00
1.423536100000000033e+03,0.000000000000000000e+00
1.423538600000000088e+03,0.000000000000000000e+00
1.423540999999999940e+03,0.000000000000000000e+00
1.423543499999999995e+03,0.000000000000000000e+00
1.423545900000000074e+03,0.000000000000000000e+00
1.423548299999999927e+03,0.000000000000000000e+00
1.423550799999999981e+03,0.000000000000000000e+00
1.423553200000000061e+03,0.000000000000000000e+00
1.423555699999999888e+03,0.000000000000000000e+00
1.423558099999999968e+03,0.000000000000000000e+00
1.423560500000000047e+03,0.000000000000000000e+00
1.423563000000000102e+03,0.000000000000000000e+00
1.423565399999999954e+03,0.000000000000000000e+00
1.423567900000000009e+03,0.000000000000000000e+00
1.423570300000000088e+03,0.000000000000000000e+00
1.423572799999999916e+03,0.000000000000000000e+00
1.423575199999999995e+03,0.000000000000000000e+00
1.423577600000000075e+03,0.000000000000000000e+00
1.423580099999999902e+03,0.000000000000000000e+00
1.423582499999999982e+03,0.000000000000000000e+00
1.423585000000000036e+03,0.000000000000000000e+00
1.423587399999999889e+03,0.000000000000000000e+00
1.423589799999999968e+03,0.000000000000000000e+00
1.423592300000000023e+03,0.000000000000000000e+00
1.423594700000000103e+03,0.000000000000000000e+00
1.423597199999999930e+03,0.000000000000000000e+00
1.423599600000000009e+03,0.000000000000000000e+00
1.423602100000000064e+03,0.000000000000000000e+00
1.423604499999999916e+03,0.000000000000000000e+00
1.423606899999999996e+03,0.000000000000000000e+00
1.423609400000000051e+03,0.000000000000000000e+00
1.423611799999999903e+03,0.000000000000000000e+00
1.423614299999999957e+03,0.000000000000000000e+00
1.423616700000000037e+03,0.000000000000000000e+00
1.423619099999999889e+03,0.000000000000000000e+00
1.423621599999999944e+03,0.000000000000000000e+00
1.423624000000000024e+03,0.000000000000000000e+00
1.423626500000000078e+03,0.000000000000000000e+00
1.423628899999999931e+03,0.000000000000000000e+00
1.423631300000000010e+03,0.000000000000000000e+00
1.423633800000000065e+03,0.000000000000000000e+00
1.423636199999999917e+03,0.000000000000000000e+00
1.423638699999999972e+03,0.000000000000000000e+00
1.423641100000000051e+03,0.000000000000000000e+00
1.423643600000000106e+03,0.000000000000000000e+00
1.423645999999999958e+03,0.000000000000000000e+00
1.423648400000000038e+03,0.000000000000000000e+00
1.423650900000000092e+03,0.000000000000000000e+00
1.423653299999999945e+03,0.000000000000000000e+00
1.423655799999999999e+03,0.000000000000000000e+00
1.423658200000000079e+03,0.000000000000000000e+00
1.423660599999999931e+03,0.000000000000000000e+00
1.423663099999999986e+03,0.000000000000000000e+00
1.423665500000000065e+03,0.000000000000000000e+00
1.423667999999999893e+03,0.000000000000000000e+00
1.423670399999999972e+03,0.000000000000000000e+00
1.423672900000000027e+03,0.000000000000000000e+00
1.423675300000000107e+03,0.000000000000000000e+00
1.423677699999999959e+03,0.000000000000000000e+00
1.423680200000000013e+03,0.000000000000000000e+00
1.423682600000000093e+03,0.000000000000000000e+00
1.423685099999999920e+03,0.000000000000000000e+00
1.423687500000000000e+03,0.000000000000000000e+00
1.423689900000000080e+03,0.000000000000000000e+00
1.423692399999999907e+03,0.000000000000000000e+00
1.423694799999999987e+03,0.000000000000000000e+00
1.423697300000000041e+03,0.000000000000000000e+00
1.423699699999999893e+03,0.000000000000000000e+00
1.423702099999999973e+03,0.000000000000000000e+00
1.423704600000000028e+03,0.000000000000000000e+00
1.423707000000000107e+03,0.000000000000000000e+00
1.423709499999999935e+03,0.000000000000000000e+00
1.423711900000000014e+03,0.000000000000000000e+00
1.423714400000000069e+03,0.000000000000000000e+00
1.423716799999999921e+03,0.000000000000000000e+00
1.423719200000000001e+03,0.000000000000000000e+00
1.423721700000000055e+03,0.000000000000000000e+00
1.423724099999999908e+03,0.000000000000000000e+00
1.423726599999999962e+03,0.000000000000000000e+00
1.423729000000000042e+03,0.000000000000000000e+00
1.423731399999999894e+03,0.000000000000000000e+00
1.423733899999999949e+03,0.000000000000000000e+00
1.423736300000000028e+03,0.000000000000000000e+00
1.423738800000000083e+03,0.000000000000000000e+00
1.423741199999999935e+03,0.000000000000000000e+00
1.423743699999999990e+03,0.000000000000000000e+00
1.423746100000000069e+03,0.000000000000000000e+00
1.423748499999999922e+03,0.000000000000000000e+00
1.423750999999999976e+03,0.000000000000000000e+00
1.423753400000000056e+03,0.000000000000000000e+00
1.423755900000000111e+03,0.000000000000000000e+00
1.423758299999999963e+03,0.000000000000000000e+00
1.423760700000000043e+03,0.000000000000000000e+00
1.423763200000000097e+03,0.000000000000000000e+00
1.423765599999999949e+03,0.000000000000000000e+00
1.423768100000000004e+03,0.000000000000000000e+00
1.423770500000000084e+03,0.000000000000000000e+00
1.423772899999999936e+03,0.000000000000000000e+00
1.423775399999999991e+03,0.000000000000000000e+00
1.423777800000000070e+03,0.000000000000000000e+00
1.423780299999999897e+03,0.000000000000000000e+00
1.423782699999999977e+03,0.000000000000000000e+00
1.423785200000000032e+03,0.000000000000000000e+00
1.423787600000000111e+03,0.000000000000000000e+00
1.423789999999999964e+03,0.000000000000000000e+00
1.423792500000000018e+03,0.000000000000000000e+00
1.423794900000000098e+03,0.000000000000000000e+00
1.423797399999999925e+03,0.000000000000000000e+00
1.423799800000000005e+03,0.000000000000000000e+00
1.423802200000000084e+03,0.000000000000000000e+00
1.423804699999999912e+03,0.000000000000000000e+00
1.423807099999999991e+03,0.000000000000000000e+00
1.423809600000000046e+03,0.000000000000000000e+00
1.423811999999999898e+03,0.000000000000000000e+00
1.423814499999999953e+03,0.000000000000000000e+00
1.423816900000000032e+03,0.000000000000000000e+00
1.423819300000000112e+03,0.000000000000000000e+00
1.423821799999999939e+03,0.000000000000000000e+00
1.423824200000000019e+03,0.000000000000000000e+00
1.423826700000000073e+03,0.000000000000000000e+00
1.423829099999999926e+03,0.000000000000000000e+00
1.423831500000000005e+03,0.000000000000000000e+00
1.423834000000000060e+03,0.000000000000000000e+00
1.423836399999999912e+03,0.000000000000000000e+00
1.423838899999999967e+03,0.000000000000000000e+00
1.423841300000000047e+03,0.000000000000000000e+00
1.423843800000000101e+03,0.000000000000000000e+00
1.423846199999999953e+03,0.000000000000000000e+00
1.423848600000000033e+03,0.000000000000000000e+00
1.423851100000000088e+03,0.000000000000000000e+00
1.423853499999999940e+03,0.000000000000000000e+00
1.423855999999999995e+03,0.000000000000000000e+00
1.423858400000000074e+03,0.000000000000000000e+00
1.423860799999999927e+03,0.000000000000000000e+00
1.423863299999999981e+03,0.000000000000000000e+00
1.423865700000000061e+03,0.000000000000000000e+00
1.423868199999999888e+03,0.000000000000000000e+00
1.423870599999999968e+03,0.000000000000000000e+00
1.423873000000000047e+03,0.000000000000000000e+00
1.423875500000000102e+03,0.000000000000000000e+00
1.423877899999999954e+03,0.000000000000000000e+00
1.423880400000000009e+03,0.000000000000000000e+00
1.423882800000000088e+03,0.000000000000000000e+00
1.423885299999999916e+03,0.000000000000000000e+00
1.423887699999999995e+03,0.000000000000000000e+00
1.423890100000000075e+03,0.000000000000000000e+00
1.423892599999999902e+03,0.000000000000000000e+00
1.423894999999999982e+03,0.000000000000000000e+00
1.423897500000000036e+03,0.000000000000000000e+00
1.423899899999999889e+03,0.000000000000000000e+00
1.423902299999999968e+03,0.000000000000000000e+00
1.423904800000000023e+03,0.000000000000000000e+00
1.423907200000000103e+03,0.000000000000000000e+00
1.423909699999999930e+03,0.000000000000000000e+00
1.423912100000000009e+03,0.000000000000000000e+00
1.423914600000000064e+03,0.000000000000000000e+00
1.423916999999999916e+03,0.000000000000000000e+00
1.423919399999999996e+03,0.000000000000000000e+00
1.423921900000000051e+03,0.000000000000000000e+00
1.423924299999999903e+03,0.000000000000000000e+00
1.423926799999999957e+03,0.000000000000000000e+00
1.423929200000000037e+03,0.000000000000000000e+00
1.423931599999999889e+03,0.000000000000000000e+00
1.423934099999999944e+03,0.000000000000000000e+00
1.423936500000000024e+03,0.000000000000000000e+00
1.423939000000000078e+03,0.000000000000000000e+00
1.423941399999999931e+03,0.000000000000000000e+00
1.423943800000000010e+03,0.000000000000000000e+00
1.423946300000000065e+03,0.000000000000000000e+00
1.423948699999999917e+03,0.000000000000000000e+00
1.423951199999999972e+03,0.000000000000000000e+00
1.423953600000000051e+03,0.000000000000000000e+00
1.423956100000000106e+03,0.000000000000000000e+00
1.423958499999999958e+03,0.000000000000000000e+00
1.423960900000000038e+03,0.000000000000000000e+00
1.423963400000000092e+03,0.000000000000000000e+00
1.423965799999999945e+03,0.000000000000000000e+00
1.423968299999999999e+03,0.000000000000000000e+00
1.423970700000000079e+03,0.000000000000000000e+00
1.423973099999999931e+03,0.000000000000000000e+00
1.423975599999999986e+03,0.000000000000000000e+00
1.423978000000000065e+03,0.000000000000000000e+00
1.423980499999999893e+03,0.000000000000000000e+00
1.423982899999999972e+03,0.000000000000000000e+00
1.423985400000000027e+03,0.000000000000000000e+00
1.423987800000000107e+03,0.000000000000000000e+00
1.423990199999999959e+03,0.000000000000000000e+00
1.423992700000000013e+03,0.000000000000000000e+00
1.423995100000000093e+03,0.000000000000000000e+00
1.423997599999999920e+03,0.000000000000000000e+00
