1.414000000000000000e+03,-0.000000000000000000e+00
1.414002400000000080e+03,-0.000000000000000000e+00
1.414004899999999907e+03,-0.000000000000000000e+00
1.414007299999999987e+03,-0.000000000000000000e+00
1.414009800000000041e+03,-0.000000000000000000e+00
1.414012199999999893e+03,-0.000000000000000000e+00
1.414014599999999973e+03,-0.000000000000000000e+00
1.414017100000000028e+03,-0.000000000000000000e+00
1.414019500000000107e+03,-0.000000000000000000e+00
1.414021999999999935e+03,-0.000000000000000000e+00
1.414024400000000014e+03,-0.000000000000000000e+00
1.414026900000000069e+03,-0.000000000000000000e+00
1.414029299999999921e+03,-0.000000000000000000e+00
1.414031700000000001e+03,0.000000000000000000e+00
1.414034200000000055e+03,0.000000000000000000e+00
1.414036599999999908e+03,0.000000000000000000e+00
1.414039099999999962e+03,0.000000000000000000e+00
1.414041500000000042e+03,0.000000000000000000e+00
1.414043899999999894e+03,0.000000000000000000e+00
1.414046399999999949e+03,0.000000000000000000e+00
1.414048800000000028e+03,0.000000000000000000e+00
1.414051300000000083e+03,0.000000000000000000e+00
1.414053699999999935e+03,0.000000000000000000e+00
1.414056199999999990e+03,0.000000000000000000e+00
1.414058600000000069e+03,0.000000000000000000e+00
1.414060999999999922e+03,0.000000000000000000e+00
1.414063499999999976e+03,0.000000000000000000e+00
1.414065900000000056e+03,0.000000000000000000e+00
1.414068400000000111e+03,0.000000000000000000e+00
1.414070799999999963e+03,0.000000000000000000e+00
1.414073200000000043e+03,0.000000000000000000e+00
1.414075700000000097e+03,0.000000000000000000e+00
1.414078099999999949e+03,0.000000000000000000e+00
1.414080600000000004e+03,0.000000000000000000e+00
1.414083000000000084e+03,0.000000000000000000e+00
1.414085399999999936e+03,0.000000000000000000e+00
1.414087899999999991e+03,0.000000000000000000e+00
1.414090300000000070e+03,0.000000000000000000e+00
1.414092799999999897e+03,0.000000000000000000e+00
1.414095199999999977e+03,0.000000000000000000e+00
1.414097700000000032e+03,0.000000000000000000e+00
1.414100100000000111e+03,0.000000000000000000e+00
1.414102499999999964e+03,0.000000000000000000e+00
1.414105000000000018e+03,0.000000000000000000e+00
1.414107400000000098e+03,0.000000000000000000e+00
1.414109899999999925e+03,0.000000000000000000e+00
1.414112300000000005e+03,0.000000000000000000e+00
1.414114700000000084e+03,0.000000000000000000e+00
1.414117199999999912e+03,0.000000000000000000e+00
1.414119599999999991e+03,0.000000000000000000e+00
1.414122100000000046e+03,0.000000000000000000e+00
1.414124499999999898e+03,0.000000000000000000e+00
1.414126999999999953e+03,0.000000000000000000e+00
1.414129400000000032e+03,0.000000000000000000e+00
1.414131800000000112e+03,0.000000000000000000e+00
1.414134299999999939e+03,0.000000000000000000e+00
1.414136700000000019e+03,0.000000000000000000e+00
1.414139200000000073e+03,0.000000000000000000e+00
1.414141599999999926e+03,0.000000000000000000e+00
1.414144000000000005e+03,0.000000000000000000e+00
1.414146500000000060e+03,0.000000000000000000e+00
1.414148899999999912e+03,0.000000000000000000e+00
1.414151399999999967e+03,0.000000000000000000e+00
1.414153800000000047e+03,0.000000000000000000e+00
1.414156199999999899e+03,0.000000000000000000e+00
1.414158699999999953e+03,0.000000000000000000e+00
1.414161100000000033e+03,0.000000000000000000e+00
1.414163600000000088e+03,0.000000000000000000e+00
1.414165999999999940e+03,0.000000000000000000e+00
1.414168499999999995e+03,0.000000000000000000e+00
1.414170900000000074e+03,0.000000000000000000e+00
1.414173299999999927e+03,0.000000000000000000e+00
1.414175799999999981e+03,0.000000000000000000e+00
1.414178200000000061e+03,0.000000000000000000e+00
1.414180699999999888e+03,0.000000000000000000e+00
1.414183099999999968e+03,0.000000000000000000e+00
1.414185500000000047e+03,0.000000000000000000e+00
1.414188000000000102e+03,0.000000000000000000e+00
1.414190399999999954e+03,0.000000000000000000e+00
1.414192900000000009e+03,0.000000000000000000e+00
1.414195300000000088e+03,0.000000000000000000e+00
1.414197799999999916e+03,0.000000000000000000e+00
1.414200199999999995e+03,0.000000000000000000e+00
1.414202600000000075e+03,0.000000000000000000e+00
1.414205099999999902e+03,0.000000000000000000e+00
1.414207499999999982e+03,0.000000000000000000e+00
1.414210000000000036e+03,0.000000000000000000e+00
1.414212399999999889e+03,0.000000000000000000e+00
1.414214799999999968e+03,0.000000000000000000e+00
1.414217300000000023e+03,0.000000000000000000e+00
1.414219700000000103e+03,0.000000000000000000e+00
1.414222199999999930e+03,0.000000000000000000e+00
1.414224600000000009e+03,0.000000000000000000e+00
1.414227100000000064e+03,0.000000000000000000e+00
1.414229499999999916e+03,0.000000000000000000e+00
1.414231899999999996e+03,0.000000000000000000e+00
1.414234400000000051e+03,0.000000000000000000e+00
1.414236799999999903e+03,0.000000000000000000e+00
1.414239299999999957e+03,0.000000000000000000e+00
1.414241700000000037e+03,0.000000000000000000e+00
1.414244099999999889e+03,0.000000000000000000e+00
1.414246599999999944e+03,0.000000000000000000e+00
1.414249000000000024e+03,0.000000000000000000e+00
1.414251500000000078e+03,0.000000000000000000e+00
1.414253899999999931e+03,0.000000000000000000e+00
1.414256300000000010e+03,0.000000000000000000e+00
1.414258800000000065e+03,0.000000000000000000e+00
1.414261199999999917e+03,0.000000000000000000e+00
1.414263699999999972e+03,0.000000000000000000e+00
1.414266100000000051e+03,0.000000000000000000e+00
1.414268600000000106e+03,0.000000000000000000e+00
1.414270999999999958e+03,0.000000000000000000e+00
1.414273400000000038e+03,0.000000000000000000e+00
1.414275900000000092e+03,0.000000000000000000e+00
1.414278299999999945e+03,0.000000000000000000e+00
1.414280799999999999e+03,0.000000000000000000e+00
1.414283200000000079e+03,0.000000000000000000e+00
1.414285599999999931e+03,0.000000000000000000e+00
1.414288099999999986e+03,0.000000000000000000e+00
1.414290500000000065e+03,0.000000000000000000e+00
1.414292999999999893e+03,0.000000000000000000e+00
1.414295399999999972e+03,0.000000000000000000e+00
1.414297900000000027e+03,0.000000000000000000e+00
1.414300300000000107e+03,0.000000000000000000e+00
1.414302699999999959e+03,0.000000000000000000e+00
1.414305200000000013e+03,0.000000000000000000e+00
1.414307600000000093e+03,0.000000000000000000e+00
1.414310099999999920e+03,0.000000000000000000e+00
1.414312500000000000e+03,0.000000000000000000e+00
1.414314900000000080e+03,0.000000000000000000e+00
1.414317399999999907e+03,0.000000000000000000e+00
1.414319799999999987e+03,0.000000000000000000e+00
1.414322300000000041e+03,0.000000000000000000e+00
1.414324699999999893e+03,0.000000000000000000e+00
1.414327099999999973e+03,0.000000000000000000e+00
1.414329600000000028e+03,0.000000000000000000e+00
1.414332000000000107e+03,0.000000000000000000e+00
1.414334499999999935e+03,0.000000000000000000e+00
1.414336900000000014e+03,0.000000000000000000e+00
1.414339400000000069e+03,0.000000000000000000e+00
1.414341799999999921e+03,0.000000000000000000e+00
1.414344200000000001e+03,0.000000000000000000e+00
1.414346700000000055e+03,0.000000000000000000e+00
1.414349099999999908e+03,0.000000000000000000e+00
1.414351599999999962e+03,0.000000000000000000e+00
1.414354000000000042e+03,0.000000000000000000e+00
1.414356399999999894e+03,0.000000000000000000e+00
1.414358899999999949e+03,0.000000000000000000e+00
1.414361300000000028e+03,0.000000000000000000e+00
1.414363800000000083e+03,0.000000000000000000e+00
1.414366199999999935e+03,0.000000000000000000e+00
1.414368699999999990e+03,0.000000000000000000e+00
1.414371100000000069e+03,0.000000000000000000e+00
1.414373499999999922e+03,0.000000000000000000e+00
1.414375999999999976e+03,0.000000000000000000e+00
1.414378400000000056e+03,0.000000000000000000e+00
1.414380900000000111e+03,0.000000000000000000e+00
1.414383299999999963e+03,0.000000000000000000e+00
1.414385700000000043e+03,0.000000000000000000e+00
1.414388200000000097e+03,0.000000000000000000e+00
1.414390599999999949e+03,0.000000000000000000e+00
1.414393100000000004e+03,0.000000000000000000e+00
1.414395500000000084e+03,0.000000000000000000e+00
1.414397899999999936e+03,0.000000000000000000e+00
1.414400399999999991e+03,0.000000000000000000e+00
1.414402800000000070e+03,0.000000000000000000e+00
1.414405299999999897e+03,0.000000000000000000e+00
1.414407699999999977e+03,0.000000000000000000e+00
1.414410200000000032e+03,0.000000000000000000e+00
1.414412600000000111e+03,0.000000000000000000e+00
1.414414999999999964e+03,0.000000000000000000e+00
1.414417500000000018e+03,0.000000000000000000e+00
1.414419900000000098e+03,0.000000000000000000e+00
1.414422399999999925e+03,0.000000000000000000e+00
1.414424800000000005e+03,0.000000000000000000e+00
1.414427200000000084e+03,0.000000000000000000e+00
1.414429699999999912e+03,0.000000000000000000e+00
1.414432099999999991e+03,0.000000000000000000e+00
1.414434600000000046e+03,0.000000000000000000e+00
1.414436999999999898e+03,0.000000000000000000e+00
1.414439499999999953e+03,0.000000000000000000e+00
1.414441900000000032e+03,0.000000000000000000e+00
1.414444300000000112e+03,0.000000000000000000e+00
1.414446799999999939e+03,0.000000000000000000e+00
1.414449200000000019e+03,0.000000000000000000e+00
1.414451700000000073e+03,0.000000000000000000e+00
1.414454099999999926e+03,0.000000000000000000e+00
1.414456500000000005e+03,0.000000000000000000e+00
1.414459000000000060e+03,0.000000000000000000e+00
1.414461399999999912e+03,0.000000000000000000e+00
1.414463899999999967e+03,0.000000000000000000e+00
1.414466300000000047e+03,0.000000000000000000e+00
1.414468800000000101e+03,0.000000000000000000e+00
1.414471199999999953e+03,0.000000000000000000e+00
1.414473600000000033e+03,0.000000000000000000e+00
1.414476100000000088e+03,0.000000000000000000e+00
1.414478499999999940e+03,0.000000000000000000e+00
1.414480999999999995e+03,0.000000000000000000e+00
1.414483400000000074e+03,0.000000000000000000e+00
1.414485799999999927e+03,0.000000000000000000e+00
1.414488299999999981e+03,0.000000000000000000e+00
1.414490700000000061e+03,0.000000000000000000e+00
1.414493199999999888e+03,0.000000000000000000e+00
1.414495599999999968e+03,0.000000000000000000e+00
1.414498000000000047e+03,0.000000000000000000e+00
1.414500500000000102e+03,0.000000000000000000e+00
1.414502899999999954e+03,0.000000000000000000e+00
1.414505400000000009e+03,0.000000000000000000e+00
1.414507800000000088e+03,0.000000000000000000e+00
1.414510299999999916e+03,0.000000000000000000e+00
1.414512699999999995e+03,0.000000000000000000e+00
1.414515100000000075e+03,0.000000000000000000e+00
1.414517599999999902e+03,0.000000000000000000e+00
1.414519999999999982e+03,0.000000000000000000e+00
1.414522500000000036e+03,0.000000000000000000e+00
1.414524899999999889e+03,0.000000000000000000e+00
1.414527299999999968e+03,0.000000000000000000e+00
1.414529800000000023e+03,0.000000000000000000e+00
1.414532200000000103e+03,0.000000000000000000e+00
1.414534699999999930e+03,0.000000000000000000e+00
1.414537100000000009e+03,0.000000000000000000e+00
1.414539600000000064e+03,0.000000000000000000e+00
1.414541999999999916e+03,0.000000000000000000e+00
1.414544399999999996e+03,0.000000000000000000e+00
1.414546900000000051e+03,0.000000000000000000e+00
1.414549299999999903e+03,0.000000000000000000e+00
1.414551799999999957e+03,0.000000000000000000e+00
1.414554200000000037e+03,0.000000000000000000e+00
1.414556599999999889e+03,0.000000000000000000e+00
1.414559099999999944e+03,0.000000000000000000e+00
1.414561500000000024e+03,0.000000000000000000e+00
1.414564000000000078e+03,0.000000000000000000e+00
1.414566399999999931e+03,0.000000000000000000e+00
1.414568800000000010e+03,0.000000000000000000e+00
1.414571300000000065e+03,0.000000000000000000e+00
1.414573699999999917e+03,0.000000000000000000e+00
1.414576199999999972e+03,0.000000000000000000e+00
1.414578600000000051e+03,0.000000000000000000e+00
1.414581100000000106e+03,0.000000000000000000e+00
1.414583499999999958e+03,0.000000000000000000e+00
1.414585900000000038e+03,0.000000000000000000e+00
1.414588400000000092e+03,0.000000000000000000e+00
1.414590799999999945e+03,0.000000000000000000e+00
1.414593299999999999e+03,0.000000000000000000e+00
1.414595700000000079e+03,0.000000000000000000e+00
1.414598099999999931e+03,0.000000000000000000e+00
1.414600599999999986e+03,0.000000000000000000e+00
1.414603000000000065e+03,0.000000000000000000e+00
1.414605499999999893e+03,0.000000000000000000e+00
1.414607899999999972e+03,0.000000000000000000e+00
1.414610400000000027e+03,0.000000000000000000e+00
1.414612800000000107e+03,0.000000000000000000e+00
1.414615199999999959e+03,0.000000000000000000e+00
1.414617700000000013e+03,0.000000000000000000e+00
1.414620100000000093e+03,0.000000000000000000e+00
1.414622599999999920e+03,0.000000000000000000e+00
1.414625000000000000e+03,0.000000000000000000e+00
1.414627400000000080e+03,0.000000000000000000e+00
1.414629899999999907e+03,0.000000000000000000e+00
1.414632299999999987e+03,0.000000000000000000e+00
1.414634800000000041e+03,0.000000000000000000e+00
1.414637199999999893e+03,0.000000000000000000e+00
1.414639599999999973e+03,0.000000000000000000e+00
1.414642100000000028e+03,0.000000000000000000e+00
1.414644500000000107e+03,0.000000000000000000e+00
1.414646999999999935e+03,0.000000000000000000e+00
1.414649400000000014e+03,0.000000000000000000e+00
1.414651900000000069e+03,0.000000000000000000e+00
1.414654299999999921e+03,0.000000000000000000e+00
1.414656700000000001e+03,0.000000000000000000e+00
1.414659200000000055e+03,0.000000000000000000e+00
1.414661599999999908e+03,0.000000000000000000e+00
1.414664099999999962e+03,0.000000000000000000e+00
1.414666500000000042e+03,0.000000000000000000e+00
1.414668899999999894e+03,0.000000000000000000e+00
1.414671399999999949e+03,0.000000000000000000e+00
1.414673800000000028e+03,0.000000000000000000e+00
1.414676300000000083e+03,0.000000000000000000e+00
1.414678699999999935e+03,0.000000000000000000e+00
1.414681199999999990e+03,0.000000000000000000e+00
1.414683600000000069e+03,0.000000000000000000e+00
1.414685999999999922e+03,0.000000000000000000e+00
1.414688499999999976e+03,0.000000000000000000e+00
1.414690900000000056e+03,0.000000000000000000e+00
1.414693400000000111e+03,0.000000000000000000e+00
1.414695799999999963e+03,0.000000000000000000e+00
1.414698200000000043e+03,0.000000000000000000e+00
1.414700700000000097e+03,0.000000000000000000e+00
1.414703099999999949e+03,0.000000000000000000e+00
1.414705600000000004e+03,0.000000000000000000e+00
1.414708000000000084e+03,0.000000000000000000e+00
1.414710399999999936e+03,0.000000000000000000e+00
1.414712899999999991e+03,0.000000000000000000e+00
1.414715300000000070e+03,0.000000000000000000e+00
1.414717799999999897e+03,0.000000000000000000e+00
1.414720199999999977e+03,0.000000000000000000e+00
1.414722700000000032e+03,0.000000000000000000e+00
1.414725100000000111e+03,0.000000000000000000e+00
1.414727499999999964e+03,0.000000000000000000e+00
1.414730000000000018e+03,0.000000000000000000e+00
1.414732400000000098e+03,0.000000000000000000e+00
1.414734899999999925e+03,0.000000000000000000e+00
1.414737300000000005e+03,0.000000000000000000e+00
1.414739700000000084e+03,0.000000000000000000e+00
1.414742199999999912e+03,0.000000000000000000e+00
1.414744599999999991e+03,0.000000000000000000e+00
1.414747100000000046e+03,0.000000000000000000e+00
1.414749499999999898e+03,0.000000000000000000e+00
1.414751999999999953e+03,0.000000000000000000e+00
1.414754400000000032e+03,0.000000000000000000e+00
1.414756800000000112e+03,0.000000000000000000e+00
1.414759299999999939e+03,0.000000000000000000e+00
1.414761700000000019e+03,0.000000000000000000e+00
1.414764200000000073e+03,0.000000000000000000e+00
1.414766599999999926e+03,0.000000000000000000e+00
1.414769000000000005e+03,0.000000000000000000e+00
1.414771500000000060e+03,0.000000000000000000e+00
1.414773899999999912e+03,0.000000000000000000e+00
1.414776399999999967e+03,0.000000000000000000e+00
1.414778800000000047e+03,0.000000000000000000e+00
1.414781199999999899e+03,0.000000000000000000e+00
1.414783699999999953e+03,0.000000000000000000e+00
1.414786100000000033e+03,0.000000000000000000e+00
1.414788600000000088e+03,0.000000000000000000e+00
1.414790999999999940e+03,0.000000000000000000e+00
1.414793499999999995e+03,0.000000000000000000e+00
1.414795900000000074e+03,0.000000000000000000e+00
1.414798299999999927e+03,0.000000000000000000e+00
1.414800799999999981e+03,0.000000000000000000e+00
1.414803200000000061e+03,0.000000000000000000e+00
1.414805699999999888e+03,0.000000000000000000e+00
1.414808099999999968e+03,0.000000000000000000e+00
1.414810500000000047e+03,0.000000000000000000e+00
1.414813000000000102e+03,0.000000000000000000e+00
1.414815399999999954e+03,0.000000000000000000e+00
1.414817900000000009e+03,0.000000000000000000e+00
1.414820300000000088e+03,0.000000000000000000e+00
1.414822799999999916e+03,0.000000000000000000e+00
1.414825199999999995e+03,0.000000000000000000e+00
1.414827600000000075e+03,0.000000000000000000e+00
1.414830099999999902e+03,0.000000000000000000e+00
1.414832499999999982e+03,0.000000000000000000e+00
1.414835000000000036e+03,0.000000000000000000e+00
1.414837399999999889e+03,0.000000000000000000e+00
1.414839799999999968e+03,0.000000000000000000e+00
1.414842300000000023e+03,0.000000000000000000e+00
1.414844700000000103e+03,0.000000000000000000e+00
1.414847199999999930e+03,0.000000000000000000e+00
1.414849600000000009e+03,0.000000000000000000e+00
1.414852100000000064e+03,0.000000000000000000e+00
1.414854499999999916e+03,0.000000000000000000e+00
1.414856899999999996e+03,0.000000000000000000e+00
1.414859400000000051e+03,0.000000000000000000e+00
1.414861799999999903e+03,0.000000000000000000e+00
1.414864299999999957e+03,0.000000000000000000e+00
1.414866700000000037e+03,0.000000000000000000e+00
1.414869099999999889e+03,0.000000000000000000e+00
1.414871599999999944e+03,0.000000000000000000e+00
1.414874000000000024e+03,0.000000000000000000e+00
1.414876500000000078e+03,0.000000000000000000e+00
1.414878899999999931e+03,0.000000000000000000e+00
1.414881300000000010e+03,0.000000000000000000e+00
1.414883800000000065e+03,0.000000000000000000e+00
1.414886199999999917e+03,0.000000000000000000e+00
1.414888699999999972e+03,0.000000000000000000e+00
1.414891100000000051e+03,0.000000000000000000e+00
1.414893600000000106e+03,0.000000000000000000e+00
1.414895999999999958e+03,0.000000000000000000e+00
1.414898400000000038e+03,0.000000000000000000e+00
1.414900900000000092e+03,0.000000000000000000e+00
1.414903299999999945e+03,0.000000000000000000e+00
1.414905799999999999e+03,0.000000000000000000e+00
1.414908200000000079e+03,0.000000000000000000e+00
1.414910599999999931e+03,0.000000000000000000e+00
1.414913099999999986e+03,0.000000000000000000e+00
1.414915500000000065e+03,0.000000000000000000e+00
1.414917999999999893e+03,0.000000000000000000e+00
1.414920399999999972e+03,0.000000000000000000e+00
1.414922900000000027e+03,0.000000000000000000e+00
1.414925300000000107e+03,0.000000000000000000e+00
1.414927699999999959e+03,0.000000000000000000e+00
1.414930200000000013e+03,0.000000000000000000e+00
1.414932600000000093e+03,0.000000000000000000e+00
1.414935099999999920e+03,0.000000000000000000e+00
1.414937500000000000e+03,0.000000000000000000e+00
1.414939900000000080e+03,0.000000000000000000e+00
1.414942399999999907e+03,0.000000000000000000e+00
1.414944799999999987e+03,0.000000000000000000e+00
1.414947300000000041e+03,0.000000000000000000e+00
1.414949699999999893e+03,0.000000000000000000e+00
1.414952099999999973e+03,0.000000000000000000e+00
1.414954600000000028e+03,0.000000000000000000e+00
1.414957000000000107e+03,0.000000000000000000e+00
1.414959499999999935e+03,0.000000000000000000e+00
1.414961900000000014e+03,0.000000000000000000e+00
1.414964400000000069e+03,0.000000000000000000e+00
1.414966799999999921e+03,0.000000000000000000e+00
1.414969200000000001e+03,0.000000000000000000e+00
1.414971700000000055e+03,0.000000000000000000e+00
1.414974099999999908e+03,0.000000000000000000e+00
1.414976599999999962e+03,0.000000000000000000e+00
1.414979000000000042e+03,0.000000000000000000e+00
1.414981399999999894e+03,0.000000000000000000e+00
1.414983899999999949e+03,0.000000000000000000e+00
1.414986300000000028e+03,0.000000000000000000e+00
1.414988800000000083e+03,0.000000000000000000e+00
1.414991199999999935e+03,0.000000000000000000e+00
1.414993699999999990e+03,0.000000000000000000e+00
1.414996100000000069e+03,0.000000000000000000e+00
1.414998499999999922e+03,0.000000000000000000e+00
1.415000999999999976e+03,2.456317999999999984e+02
1.415003400000000056e+03,2.481322999999999865e+02
1.415005900000000111e+03,2.521202000000000112e+02
1.415008299999999963e+03,2.561541000000000281e+02
1.415010700000000043e+03,2.579347999999999956e+02
1.415013200000000097e+03,2.562099999999999795e+02
1.415015599999999949e+03,2.520115999999999872e+02
1.415018100000000004e+03,2.476534000000000049e+02
1.415020500000000084e+03,2.447835000000000036e+02
1.415022899999999936e+03,2.436126999999999896e+02
1.415025399999999991e+03,2.434869999999999948e+02
1.415027800000000070e+03,2.436885000000000048e+02
1.415030299999999897e+03,2.438403999999999883e+02
1.415032699999999977e+03,2.439658000000000015e+02
1.415035200000000032e+03,2.443822999999999865e+02
1.415037600000000111e+03,2.454320999999999913e+02
1.415039999999999964e+03,2.470745000000000005e+02
1.415042500000000018e+03,2.486473000000000013e+02
1.415044900000000098e+03,2.492339000000000055e+02
1.415047399999999925e+03,2.484314999999999998e+02
1.415049800000000005e+03,2.467010999999999967e+02
1.415052200000000084e+03,2.449251999999999896e+02
1.415054699999999912e+03,2.437246000000000095e+02
1.415057099999999991e+03,2.431964000000000112e+02
1.415059600000000046e+03,2.431143999999999892e+02
1.415061999999999898e+03,2.433900999999999897e+02
1.415064499999999953e+03,2.445535999999999888e+02
1.415066900000000032e+03,2.479842999999999904e+02
1.415069300000000112e+03,2.552331000000000074e+02
1.415071799999999939e+03,2.660299999999999727e+02
1.415074200000000019e+03,2.765231999999999744e+02
1.415076700000000073e+03,2.808863000000000056e+02
1.415079099999999926e+03,2.762452000000000112e+02
1.415081500000000005e+03,2.655006999999999948e+02
1.415084000000000060e+03,2.543797000000000139e+02
1.415086399999999912e+03,2.465797000000000025e+02
1.415088899999999967e+03,2.423648000000000025e+02
1.415091300000000047e+03,2.404004999999999939e+02
1.415093800000000101e+03,2.395673999999999921e+02
1.415096199999999953e+03,2.394099999999999966e+02
1.415098600000000033e+03,2.398923000000000059e+02
1.415101100000000088e+03,2.411382999999999868e+02
1.415103499999999940e+03,2.431718999999999937e+02
1.415105999999999995e+03,2.456237999999999886e+02
1.415108400000000074e+03,2.476093999999999937e+02
1.415110799999999927e+03,2.481768999999999892e+02
1.415113299999999981e+03,2.470662000000000091e+02
1.415115700000000061e+03,2.449363999999999919e+02
1.415118199999999888e+03,2.427999000000000080e+02
1.415120599999999968e+03,2.413470000000000084e+02
1.415123000000000047e+03,2.407367000000000132e+02
1.415125500000000102e+03,2.407531999999999925e+02
1.415127899999999954e+03,2.410756000000000085e+02
1.415130400000000009e+03,2.415457000000000107e+02
1.415132800000000088e+03,2.423446000000000140e+02
1.415135299999999916e+03,2.438588000000000022e+02
1.415137699999999995e+03,2.461229999999999905e+02
1.415140100000000075e+03,2.482938000000000045e+02
1.415142599999999902e+03,2.489939999999999998e+02
1.415144999999999982e+03,2.475276000000000067e+02
1.415147500000000036e+03,2.446137999999999977e+02
1.415149899999999889e+03,2.417105999999999995e+02
1.415152299999999968e+03,2.398156999999999925e+02
1.415154800000000023e+03,2.390379000000000076e+02
1.415157200000000103e+03,2.389780000000000086e+02
1.415159699999999930e+03,2.392484000000000037e+02
1.415162100000000009e+03,2.398238000000000056e+02
1.415164600000000064e+03,2.412231999999999914e+02
1.415166999999999916e+03,2.443897000000000048e+02
1.415169399999999996e+03,2.499044000000000096e+02
1.415171900000000051e+03,2.567250999999999976e+02
1.415174299999999903e+03,2.618505999999999858e+02
1.415176799999999957e+03,2.622196999999999889e+02
1.415179200000000037e+03,2.574635999999999854e+02
1.415181599999999889e+03,2.503326000000000136e+02
1.415184099999999944e+03,2.442143000000000086e+02
1.415186500000000024e+03,2.406868000000000052e+02
1.415189000000000078e+03,2.393727000000000089e+02
1.415191399999999931e+03,2.392496999999999900e+02
1.415193800000000010e+03,2.396495999999999924e+02
1.415196300000000065e+03,2.404372999999999934e+02
1.415198699999999917e+03,2.418560999999999979e+02
1.415201199999999972e+03,2.442620000000000005e+02
1.415203600000000051e+03,2.475483000000000118e+02
1.415206100000000106e+03,2.505699999999999932e+02
1.415208499999999958e+03,2.515766999999999882e+02
1.415210900000000038e+03,2.497355000000000018e+02
1.415213400000000092e+03,2.460217000000000098e+02
1.415215799999999945e+03,2.422917999999999950e+02
1.415218299999999999e+03,2.397655000000000030e+02
1.415220700000000079e+03,2.385768999999999949e+02
1.415223099999999931e+03,2.382946000000000026e+02
1.415225599999999986e+03,2.384619000000000142e+02
1.415228000000000065e+03,2.388114999999999952e+02
1.415230499999999893e+03,2.392744000000000142e+02
1.415232899999999972e+03,2.398901999999999930e+02
1.415235400000000027e+03,2.406594000000000051e+02
1.415237800000000107e+03,2.414115999999999929e+02
1.415240199999999959e+03,2.417858999999999980e+02
1.415242700000000013e+03,2.414599000000000046e+02
1.415245100000000093e+03,2.404801999999999964e+02
1.415247599999999920e+03,2.392772999999999968e+02
1.415250000000000000e+03,2.382867999999999995e+02
1.415252400000000080e+03,2.376458000000000084e+02
1.415254899999999907e+03,2.372984999999999900e+02
1.415257299999999987e+03,2.372364000000000033e+02
1.415259800000000041e+03,2.376365000000000123e+02
1.415262199999999893e+03,2.390262999999999920e+02
1.415264599999999973e+03,2.425912999999999897e+02
1.415267100000000028e+03,2.498104999999999905e+02
1.415269500000000107e+03,2.605642000000000280e+02
1.415271999999999935e+03,2.711870000000000118e+02
1.415274400000000014e+03,2.759105000000000132e+02
1.415276900000000069e+03,2.718023999999999774e+02
1.415279299999999921e+03,2.616730999999999767e+02
1.415281700000000001e+03,2.511847999999999956e+02
1.415284200000000055e+03,2.440040999999999940e+02
1.415286599999999908e+03,2.403616000000000099e+02
1.415289099999999962e+03,2.388609999999999900e+02
1.415291500000000042e+03,2.383351999999999862e+02
1.415293899999999894e+03,2.383777000000000044e+02
1.415296399999999949e+03,2.391353000000000009e+02
1.415298800000000028e+03,2.409483999999999924e+02
1.415301300000000083e+03,2.438402000000000100e+02
1.415303699999999935e+03,2.470537999999999954e+02
1.415306199999999990e+03,2.491659999999999968e+02
1.415308600000000069e+03,2.490400999999999954e+02
1.415310999999999922e+03,2.467703999999999951e+02
1.415313499999999976e+03,2.435605999999999938e+02
1.415315900000000056e+03,2.407236000000000047e+02
1.415318400000000111e+03,2.389077000000000055e+02
1.415320799999999963e+03,2.380620999999999867e+02
1.415323200000000043e+03,2.377882999999999925e+02
1.415325700000000097e+03,2.376904000000000110e+02
1.415328099999999949e+03,2.376004000000000076e+02
1.415330600000000004e+03,2.376080000000000041e+02
1.415333000000000084e+03,2.378986999999999910e+02
1.415335399999999936e+03,2.385225000000000080e+02
1.415337899999999991e+03,2.392597000000000094e+02
1.415340300000000070e+03,2.397274999999999920e+02
1.415342799999999897e+03,2.396903000000000077e+02
1.415345199999999977e+03,2.392560000000000002e+02
1.415347700000000032e+03,2.387360999999999933e+02
1.415350100000000111e+03,2.383591000000000122e+02
1.415352499999999964e+03,2.381444999999999936e+02
1.415355000000000018e+03,2.379865000000000066e+02
1.415357400000000098e+03,2.378548999999999864e+02
1.415359899999999925e+03,2.380024999999999977e+02
1.415362300000000005e+03,2.390768999999999949e+02
1.415364700000000084e+03,2.419256000000000029e+02
1.415367199999999912e+03,2.468374000000000024e+02
1.415369599999999991e+03,2.525634000000000015e+02
1.415372100000000046e+03,2.564211000000000240e+02
1.415374499999999898e+03,2.561881000000000199e+02
1.415376999999999953e+03,2.521026999999999987e+02
1.415379400000000032e+03,2.466079000000000008e+02
1.415381800000000112e+03,2.421767000000000110e+02
1.415384299999999939e+03,2.397177000000000078e+02
1.415386700000000019e+03,2.387839999999999918e+02
1.415389200000000073e+03,2.386137999999999977e+02
1.415391599999999926e+03,2.388613000000000000e+02
1.415394000000000005e+03,2.398084000000000060e+02
1.415396500000000060e+03,2.423369999999999891e+02
1.415398899999999912e+03,2.474354999999999905e+02
1.415401399999999967e+03,2.548583999999999889e+02
1.415403800000000047e+03,2.619005000000000223e+02
1.415406199999999899e+03,2.645289999999999964e+02
1.415408699999999953e+03,2.608501999999999725e+02
1.415411100000000033e+03,2.530567000000000064e+02
1.415413600000000088e+03,2.452819000000000074e+02
1.415415999999999940e+03,2.401342999999999961e+02
1.415418499999999995e+03,2.377225999999999999e+02
1.415420900000000074e+03,2.370097000000000094e+02
1.415423299999999927e+03,2.371060999999999979e+02
1.415425799999999981e+03,2.375175999999999874e+02
1.415428200000000061e+03,2.379302999999999884e+02
1.415430699999999888e+03,2.381476000000000113e+02
1.415433099999999968e+03,2.381600999999999999e+02
1.415435500000000047e+03,2.381228999999999871e+02
1.415438000000000102e+03,2.381727999999999952e+02
1.415440399999999954e+03,2.383059000000000083e+02
1.415442900000000009e+03,2.384250999999999863e+02
1.415445300000000088e+03,2.384518999999999949e+02
1.415447799999999916e+03,2.383811000000000035e+02
1.415450199999999995e+03,2.382743000000000109e+02
1.415452600000000075e+03,2.382228000000000065e+02
1.415455099999999902e+03,2.383035000000000139e+02
1.415457499999999982e+03,2.386266999999999996e+02
1.415460000000000036e+03,2.394894999999999925e+02
1.415462399999999889e+03,2.415190000000000055e+02
1.415464799999999968e+03,2.454307000000000016e+02
1.415467300000000023e+03,2.510940999999999974e+02
1.415469700000000103e+03,2.565901999999999816e+02
1.415472199999999930e+03,2.589381999999999948e+02
1.415474600000000009e+03,2.566347999999999843e+02
1.415477100000000064e+03,2.512060999999999922e+02
1.415479499999999916e+03,2.457116000000000042e+02
1.415481899999999996e+03,2.421311000000000035e+02
1.415484400000000051e+03,2.405370000000000061e+02
1.415486799999999903e+03,2.400723999999999876e+02
1.415489299999999957e+03,2.400795999999999992e+02
1.415491700000000037e+03,2.405686000000000035e+02
1.415494099999999889e+03,2.422259999999999991e+02
1.415496599999999944e+03,2.460166999999999859e+02
1.415499000000000024e+03,2.521191000000000031e+02
1.415501500000000078e+03,2.587570999999999799e+02
1.415503899999999931e+03,2.625955000000000155e+02
1.415506300000000010e+03,2.612864000000000146e+02
1.415508800000000065e+03,2.556476000000000113e+02
1.415511199999999917e+03,2.487934999999999945e+02
1.415513699999999972e+03,2.433851999999999975e+02
1.415516100000000051e+03,2.401708999999999889e+02
1.415518600000000106e+03,2.386177999999999884e+02
1.415520999999999958e+03,2.380246999999999957e+02
1.415523400000000038e+03,2.379654999999999916e+02
1.415525900000000092e+03,2.382750000000000057e+02
1.415528299999999945e+03,2.390682999999999936e+02
1.415530799999999999e+03,2.406663000000000068e+02
1.415533200000000079e+03,2.431210000000000093e+02
1.415535599999999931e+03,2.456605000000000132e+02
1.415538099999999986e+03,2.469534999999999911e+02
1.415540500000000065e+03,2.462574999999999932e+02
1.415542999999999893e+03,2.441385999999999967e+02
1.415545399999999972e+03,2.418505000000000109e+02
1.415547900000000027e+03,2.402412999999999954e+02
1.415550300000000107e+03,2.394103000000000065e+02
1.415552699999999959e+03,2.390894000000000119e+02
1.415555200000000013e+03,2.390403000000000020e+02
1.415557600000000093e+03,2.391632999999999925e+02
1.415560099999999920e+03,2.394628999999999905e+02
1.415562500000000000e+03,2.399925000000000068e+02
1.415564900000000080e+03,2.407213999999999885e+02
1.415567399999999907e+03,2.413848999999999876e+02
1.415569799999999987e+03,2.415638999999999896e+02
1.415572300000000041e+03,2.410555999999999983e+02
1.415574699999999893e+03,2.401291999999999973e+02
1.415577099999999973e+03,2.393214000000000112e+02
1.415579600000000028e+03,2.390116999999999905e+02
1.415582000000000107e+03,2.392238999999999862e+02
1.415584499999999935e+03,2.397383000000000095e+02
1.415586900000000014e+03,2.403197999999999865e+02
1.415589400000000069e+03,2.409903999999999940e+02
1.415591799999999921e+03,2.422694999999999936e+02
1.415594200000000001e+03,2.452622000000000071e+02
1.415596700000000055e+03,2.511355000000000075e+02
1.415599099999999908e+03,2.596456000000000017e+02
1.415601599999999962e+03,2.678127000000000066e+02
1.415604000000000042e+03,2.711460999999999899e+02
1.415606399999999894e+03,2.674392000000000280e+02
1.415608899999999949e+03,2.589825000000000159e+02
1.415611300000000028e+03,2.503108000000000004e+02
1.415613800000000083e+03,2.444065999999999974e+02
1.415616199999999935e+03,2.415175999999999874e+02
1.415618699999999990e+03,2.405292000000000030e+02
1.415621100000000069e+03,2.404841000000000122e+02
1.415623499999999922e+03,2.411437999999999988e+02
1.415625999999999976e+03,2.429588999999999999e+02
1.415628400000000056e+03,2.466567000000000007e+02
1.415630900000000111e+03,2.522247000000000128e+02
1.415633299999999963e+03,2.578858999999999924e+02
1.415635700000000043e+03,2.606331000000000131e+02
1.415638200000000097e+03,2.586721999999999753e+02
1.415640599999999949e+03,2.532038000000000011e+02
1.415643100000000004e+03,2.472727999999999895e+02
1.415645500000000084e+03,2.431569000000000074e+02
1.415647899999999936e+03,2.412128999999999905e+02
1.415650399999999991e+03,2.406254999999999882e+02
1.415652800000000070e+03,2.405076999999999998e+02
1.415655299999999897e+03,2.403814000000000135e+02
1.415657699999999977e+03,2.401802000000000135e+02
1.415660200000000032e+03,2.401189999999999998e+02
1.415662600000000111e+03,2.404909000000000106e+02
1.415664999999999964e+03,2.414002999999999872e+02
1.415667500000000018e+03,2.425503999999999962e+02
1.415669900000000098e+03,2.433609999999999900e+02
1.415672399999999925e+03,2.434148000000000138e+02
1.415674800000000005e+03,2.427701999999999884e+02
1.415677200000000084e+03,2.418064999999999998e+02
1.415679699999999912e+03,2.408918999999999926e+02
1.415682099999999991e+03,2.402666000000000111e+02
1.415684600000000046e+03,2.400781000000000063e+02
1.415686999999999898e+03,2.403701000000000079e+02
1.415689499999999953e+03,2.410878999999999905e+02
1.415691900000000032e+03,2.422111999999999910e+02
1.415694300000000112e+03,2.438456999999999937e+02
1.415696799999999939e+03,2.459790999999999883e+02
1.415699200000000019e+03,2.480671000000000106e+02
1.415701700000000073e+03,2.491304000000000087e+02
1.415704099999999926e+03,2.485705000000000098e+02
1.415706500000000005e+03,2.467967999999999904e+02
1.415709000000000060e+03,2.448358000000000061e+02
1.415711399999999912e+03,2.434459999999999980e+02
1.415713899999999967e+03,2.427502000000000066e+02
1.415716300000000047e+03,2.425115000000000123e+02
1.415718800000000101e+03,2.425209999999999866e+02
1.415721199999999953e+03,2.428659000000000106e+02
1.415723600000000033e+03,2.441011000000000024e+02
1.415726100000000088e+03,2.473163000000000125e+02
1.415728499999999940e+03,2.536245999999999867e+02
1.415730999999999995e+03,2.626779999999999973e+02
1.415733400000000074e+03,2.713145999999999844e+02
1.415735799999999927e+03,2.748360000000000127e+02
1.415738299999999981e+03,2.709499000000000137e+02
1.415740700000000061e+03,2.620702999999999747e+02
1.415743199999999888e+03,2.529910999999999888e+02
1.415745599999999968e+03,2.469405999999999892e+02
1.415748000000000047e+03,2.442738999999999976e+02
1.415750500000000102e+03,2.437656000000000063e+02
1.415752899999999954e+03,2.441757000000000062e+02
1.415755400000000009e+03,2.450309000000000026e+02
1.415757800000000088e+03,2.467918999999999983e+02
1.415760299999999916e+03,2.503787000000000091e+02
1.415762699999999995e+03,2.559077000000000055e+02
1.415765100000000075e+03,2.615482000000000085e+02
1.415767599999999902e+03,2.641938000000000102e+02
1.415769999999999982e+03,2.620824000000000069e+02
1.415772500000000036e+03,2.565369999999999777e+02
1.415774899999999889e+03,2.506346000000000060e+02
1.415777299999999968e+03,2.465855999999999995e+02
1.415779800000000023e+03,2.447489999999999952e+02
1.415782200000000103e+03,2.444350000000000023e+02
1.415784699999999930e+03,2.448550999999999931e+02
1.415787100000000009e+03,2.454636999999999887e+02
1.415789600000000064e+03,2.459889000000000010e+02
1.415791999999999916e+03,2.464271999999999991e+02
1.415794399999999996e+03,2.469245999999999981e+02
1.415796900000000051e+03,2.475409999999999968e+02
1.415799299999999903e+03,2.480759999999999934e+02
1.415801799999999957e+03,2.481962000000000046e+02
1.415804200000000037e+03,2.477718999999999880e+02
1.415806599999999889e+03,2.470174000000000092e+02
1.415809099999999944e+03,2.462630000000000052e+02
1.415811500000000024e+03,2.456855999999999938e+02
1.415814000000000078e+03,2.452957000000000107e+02
1.415816399999999931e+03,2.450535000000000139e+02
1.415818800000000010e+03,2.449408999999999992e+02
1.415821300000000065e+03,2.450115999999999872e+02
1.415823699999999917e+03,2.454495000000000005e+02
1.415826199999999972e+03,2.465089000000000112e+02
1.415828600000000051e+03,2.482167000000000030e+02
1.415831100000000106e+03,2.500389999999999873e+02
1.415833499999999958e+03,2.510372999999999877e+02
1.415835900000000038e+03,2.506385999999999967e+02
1.415838400000000092e+03,2.492005000000000052e+02
1.415840799999999945e+03,2.476380000000000052e+02
1.415843299999999999e+03,2.466125999999999863e+02
1.415845700000000079e+03,2.462237000000000080e+02
1.415848099999999931e+03,2.462686999999999955e+02
1.415850599999999986e+03,2.465469999999999970e+02
1.415853000000000065e+03,2.470687000000000069e+02
1.415855499999999893e+03,2.482569000000000017e+02
1.415857899999999972e+03,2.510492000000000132e+02
1.415860400000000027e+03,2.564259999999999877e+02
1.415862800000000107e+03,2.641254000000000133e+02
1.415865199999999959e+03,2.715495000000000232e+02
1.415867700000000013e+03,2.748731000000000222e+02
1.415870100000000093e+03,2.722762999999999920e+02
1.415872599999999920e+03,2.657395999999999958e+02
1.415875000000000000e+03,2.590425999999999931e+02
1.415877400000000080e+03,2.545658999999999992e+02
1.415879899999999907e+03,2.524113000000000113e+02
1.415882299999999987e+03,2.516453999999999951e+02
1.415884800000000041e+03,2.515980000000000132e+02
1.415887199999999893e+03,2.523396999999999935e+02
1.415889599999999973e+03,2.546451999999999884e+02
1.415892100000000028e+03,2.594617000000000075e+02
1.415894500000000107e+03,2.666027000000000271e+02
1.415896999999999935e+03,2.735434999999999945e+02
1.415899400000000014e+03,2.763709000000000060e+02
1.415901900000000069e+03,2.730692000000000235e+02
1.415904299999999921e+03,2.655656000000000176e+02
1.415906700000000001e+03,2.578501999999999725e+02
1.415909200000000055e+03,2.526036000000000001e+02
1.415911599999999908e+03,2.500765000000000100e+02
1.415914099999999962e+03,2.492626999999999953e+02
1.415916500000000042e+03,2.491787999999999954e+02
1.415918899999999894e+03,2.493098999999999990e+02
1.415921399999999949e+03,2.496004000000000076e+02
1.415923800000000028e+03,2.503306000000000040e+02
1.415926300000000083e+03,2.518221000000000060e+02
1.415928699999999935e+03,2.539832000000000107e+02
1.415931199999999990e+03,2.560054999999999836e+02
1.415933600000000069e+03,2.567543000000000006e+02
1.415935999999999922e+03,2.557382000000000062e+02
1.415938499999999976e+03,2.536330000000000098e+02
1.415940900000000056e+03,2.516890999999999963e+02
1.415943400000000111e+03,2.507147999999999968e+02
1.415945799999999963e+03,2.506966999999999928e+02
1.415948200000000043e+03,2.511608999999999980e+02
1.415950700000000097e+03,2.516653000000000020e+02
1.415953099999999949e+03,2.520047000000000139e+02
1.415955600000000004e+03,2.521899999999999977e+02
1.415958000000000084e+03,2.523693000000000097e+02
1.415960399999999936e+03,2.526844000000000108e+02
1.415962899999999991e+03,2.530768999999999949e+02
1.415965300000000070e+03,2.532846000000000117e+02
1.415967799999999897e+03,2.531458000000000084e+02
1.415970199999999977e+03,2.528679999999999950e+02
1.415972700000000032e+03,2.528977999999999895e+02
1.415975100000000111e+03,2.534906000000000006e+02
1.415977499999999964e+03,2.543941000000000088e+02
1.415980000000000018e+03,2.550058999999999969e+02
1.415982400000000098e+03,2.549501999999999953e+02
1.415984899999999925e+03,2.545379000000000076e+02
1.415987300000000005e+03,2.546630000000000109e+02
1.415989700000000084e+03,2.563861999999999739e+02
1.415992199999999912e+03,2.604051000000000045e+02
1.415994599999999991e+03,2.662196999999999889e+02
1.415997100000000046e+03,2.715360999999999763e+02
1.415999499999999898e+03,2.733349000000000046e+02
1.416001999999999953e+03,2.703974000000000046e+02
1.416004400000000032e+03,2.645280999999999949e+02
1.416006800000000112e+03,2.588550999999999931e+02
1.416009299999999939e+03,2.553169000000000040e+02
1.416011700000000019e+03,2.539721000000000117e+02
1.416014200000000073e+03,2.539653000000000134e+02
1.416016599999999926e+03,2.546184000000000083e+02
1.416019000000000005e+03,2.559639999999999986e+02
1.416021500000000060e+03,2.589132999999999925e+02
1.416023899999999912e+03,2.647950999999999908e+02
1.416026399999999967e+03,2.737090000000000032e+02
1.416028800000000047e+03,2.827749000000000024e+02
1.416031199999999899e+03,2.871143000000000143e+02
1.416033699999999953e+03,2.839773999999999887e+02
1.416036100000000033e+03,2.754920999999999935e+02
1.416038600000000088e+03,2.664882000000000062e+02
1.416040999999999940e+03,2.603075999999999794e+02
1.416043499999999995e+03,2.573038999999999987e+02
1.416045900000000074e+03,2.562472000000000207e+02
1.416048299999999927e+03,2.559759999999999991e+02
1.416050799999999981e+03,2.560201999999999884e+02
1.416053200000000061e+03,2.565720999999999776e+02
1.416055699999999888e+03,2.583100000000000023e+02
1.416058099999999968e+03,2.619350999999999772e+02
1.416060500000000047e+03,2.672355999999999767e+02
1.416063000000000102e+03,2.723088999999999942e+02
1.416065399999999954e+03,2.743702999999999861e+02
1.416067900000000009e+03,2.720554000000000201e+02
1.416070300000000088e+03,2.667282000000000153e+02
1.416072799999999916e+03,2.611669999999999732e+02
1.416075199999999995e+03,2.573263000000000034e+02
1.416077600000000075e+03,2.555306999999999960e+02
1.416080099999999902e+03,2.551307999999999936e+02
1.416082499999999982e+03,2.553480999999999881e+02
1.416085000000000036e+03,2.556896000000000129e+02
1.416087399999999889e+03,2.560489000000000033e+02
1.416089799999999968e+03,2.566195000000000164e+02
1.416092300000000023e+03,2.575790999999999826e+02
1.416094700000000103e+03,2.587386000000000195e+02
1.416097199999999930e+03,2.595638999999999896e+02
1.416099600000000009e+03,2.596610999999999763e+02
1.416102100000000064e+03,2.591630999999999858e+02
1.416104499999999916e+03,2.585633000000000266e+02
1.416106899999999996e+03,2.582656000000000063e+02
1.416109400000000051e+03,2.583568000000000211e+02
1.416111799999999903e+03,2.586811000000000149e+02
1.416114299999999957e+03,2.590140999999999849e+02
1.416116700000000037e+03,2.592171000000000163e+02
1.416119099999999889e+03,2.593446000000000140e+02
1.416121599999999944e+03,2.596401999999999930e+02
1.416124000000000024e+03,2.603435999999999808e+02
1.416126500000000078e+03,2.613890000000000100e+02
1.416128899999999931e+03,2.622973999999999819e+02
1.416131300000000010e+03,2.624920000000000186e+02
1.416133800000000065e+03,2.617982999999999834e+02
1.416136199999999917e+03,2.606021000000000072e+02
1.416138699999999972e+03,2.595018000000000029e+02
1.416141100000000051e+03,2.588611000000000217e+02
1.416143600000000106e+03,2.586732999999999834e+02
1.416145999999999958e+03,2.587481000000000222e+02
1.416148400000000038e+03,2.590240999999999758e+02
1.416150900000000092e+03,2.597991999999999848e+02
1.416153299999999945e+03,2.617885999999999740e+02
1.416155799999999999e+03,2.657835999999999785e+02
1.416158200000000079e+03,2.716587000000000103e+02
1.416160599999999931e+03,2.773983000000000061e+02
1.416163099999999986e+03,2.798657999999999788e+02
1.416165500000000065e+03,2.774785999999999717e+02
1.416167999999999893e+03,2.718566999999999894e+02
1.416170399999999972e+03,2.662470999999999890e+02
1.416172900000000027e+03,2.627536000000000058e+02
1.416175300000000107e+03,2.614275999999999840e+02
1.416177699999999959e+03,2.612853000000000065e+02
1.416180200000000013e+03,2.614800000000000182e+02
1.416182600000000093e+03,2.617902000000000271e+02
1.416185099999999920e+03,2.626487999999999943e+02
1.416187500000000000e+03,2.650136999999999716e+02
1.416189900000000080e+03,2.697961000000000240e+02
1.416192399999999907e+03,2.766211000000000126e+02
1.416194799999999987e+03,2.829064000000000192e+02
1.416197300000000041e+03,2.851333999999999946e+02
1.416199699999999893e+03,2.819091000000000236e+02
1.416202099999999973e+03,2.753745999999999867e+02
1.416204600000000028e+03,2.691125000000000114e+02
1.416207000000000107e+03,2.652067999999999870e+02
1.416209499999999935e+03,2.635636000000000081e+02
1.416211900000000014e+03,2.631449000000000069e+02
1.416214400000000069e+03,2.632112999999999943e+02
1.416216799999999921e+03,2.638199999999999932e+02
1.416219200000000001e+03,2.658274000000000115e+02
1.416221700000000055e+03,2.703131999999999948e+02
1.416224099999999908e+03,2.771920000000000073e+02
1.416226599999999962e+03,2.840072000000000116e+02
1.416229000000000042e+03,2.869241999999999848e+02
1.416231399999999894e+03,2.839657000000000266e+02
1.416233899999999949e+03,2.769995999999999867e+02
1.416236300000000028e+03,2.699384000000000015e+02
1.416238800000000083e+03,2.654402000000000044e+02
1.416241199999999935e+03,2.636852999999999838e+02
1.416243699999999990e+03,2.634551999999999907e+02
1.416246100000000069e+03,2.635624000000000251e+02
1.416248499999999922e+03,2.634982999999999720e+02
1.416250999999999976e+03,2.633596000000000004e+02
1.416253400000000056e+03,2.634832999999999856e+02
1.416255900000000111e+03,2.640998000000000161e+02
1.416258299999999963e+03,2.651489000000000260e+02
1.416260700000000043e+03,2.662273999999999887e+02
1.416263200000000097e+03,2.667821999999999889e+02
1.416265599999999949e+03,2.665333999999999719e+02
1.416268100000000004e+03,2.657180999999999926e+02
1.416270500000000084e+03,2.648383000000000038e+02
1.416272899999999936e+03,2.642248000000000161e+02
1.416275399999999991e+03,2.638885000000000218e+02
1.416277800000000070e+03,2.636872999999999934e+02
1.416280299999999897e+03,2.635233000000000061e+02
1.416282699999999977e+03,2.633852999999999724e+02
1.416285200000000032e+03,2.632785000000000082e+02
1.416287600000000111e+03,2.631852999999999838e+02
1.416289999999999964e+03,2.630942999999999756e+02
1.416292500000000018e+03,2.630151000000000181e+02
1.416294900000000098e+03,2.629542999999999893e+02
1.416297399999999925e+03,2.629390999999999963e+02
1.416299800000000005e+03,2.630586999999999875e+02
1.416302200000000084e+03,2.634087000000000103e+02
1.416304699999999912e+03,2.639605999999999995e+02
1.416307099999999991e+03,2.645253999999999905e+02
1.416309600000000046e+03,2.648783999999999992e+02
1.416311999999999898e+03,2.649440000000000168e+02
1.416314499999999953e+03,2.648994000000000142e+02
1.416316900000000032e+03,2.651501999999999839e+02
1.416319300000000112e+03,2.661911000000000058e+02
1.416321799999999939e+03,2.682946000000000026e+02
1.416324200000000019e+03,2.710706000000000131e+02
1.416326700000000073e+03,2.733648000000000025e+02
1.416329099999999926e+03,2.739606999999999744e+02
1.416331500000000005e+03,2.726064000000000078e+02
1.416334000000000060e+03,2.702081000000000017e+02
1.416336399999999912e+03,2.679517999999999915e+02
1.416338899999999967e+03,2.664291999999999803e+02
1.416341300000000047e+03,2.656050999999999931e+02
1.416343800000000101e+03,2.652697000000000003e+02
1.416346199999999953e+03,2.654229000000000269e+02
1.416348600000000033e+03,2.664938999999999965e+02
1.416351100000000088e+03,2.694707000000000221e+02
1.416353499999999940e+03,2.754683999999999742e+02
1.416355999999999995e+03,2.842563000000000102e+02
1.416358400000000074e+03,2.928552000000000248e+02
1.416360799999999927e+03,2.967214999999999918e+02
1.416363299999999981e+03,2.935908000000000015e+02
1.416365700000000061e+03,2.857296999999999798e+02
1.416368199999999888e+03,2.776324000000000183e+02
1.416370599999999968e+03,2.721780999999999722e+02
1.416373000000000047e+03,2.695292000000000030e+02
1.416375500000000102e+03,2.686222999999999956e+02
1.416377899999999954e+03,2.686190000000000282e+02
1.416380400000000009e+03,2.692697000000000003e+02
1.416382800000000088e+03,2.707848000000000184e+02
1.416385299999999916e+03,2.736813000000000216e+02
1.416387699999999995e+03,2.783000000000000114e+02
1.416390100000000075e+03,2.838933999999999855e+02
1.416392599999999902e+03,2.881972000000000094e+02
1.416394999999999982e+03,2.887162999999999897e+02
1.416397500000000036e+03,2.849461000000000013e+02
1.416399899999999889e+03,2.789637999999999920e+02
1.416402299999999968e+03,2.735706000000000131e+02
1.416404800000000023e+03,2.702130000000000223e+02
1.416407200000000103e+03,2.687051999999999907e+02
1.416409699999999930e+03,2.682524999999999977e+02
1.416412100000000009e+03,2.683831000000000131e+02
1.416414600000000064e+03,2.692636999999999716e+02
1.416416999999999916e+03,2.716213000000000193e+02
1.416419399999999996e+03,2.762354000000000269e+02
1.416421900000000051e+03,2.828154000000000110e+02
1.416424299999999903e+03,2.890486000000000217e+02
1.416426799999999957e+03,2.915418999999999983e+02
1.416429200000000037e+03,2.886705999999999790e+02
1.416431599999999889e+03,2.822341999999999871e+02
1.416434099999999944e+03,2.757302000000000248e+02
1.416436500000000024e+03,2.714186000000000263e+02
1.416439000000000078e+03,2.693867000000000189e+02
1.416441399999999931e+03,2.686447000000000003e+02
1.416443800000000010e+03,2.683589000000000055e+02
1.416446300000000065e+03,2.682710999999999899e+02
1.416448699999999917e+03,2.685282000000000266e+02
1.416451199999999972e+03,2.693505000000000109e+02
1.416453600000000051e+03,2.707352000000000203e+02
1.416456100000000106e+03,2.723251999999999953e+02
1.416458499999999958e+03,2.735172999999999774e+02
1.416460900000000038e+03,2.738351999999999862e+02
1.416463400000000092e+03,2.732986999999999966e+02
1.416465799999999945e+03,2.724132000000000176e+02
1.416468299999999999e+03,2.717669999999999959e+02
1.416470700000000079e+03,2.716288000000000125e+02
1.416473099999999931e+03,2.718675999999999817e+02
1.416475599999999986e+03,2.721460999999999899e+02
1.416478000000000065e+03,2.721718999999999937e+02
1.416480499999999893e+03,2.718559999999999945e+02
1.416482899999999972e+03,2.713236999999999739e+02
1.416485400000000027e+03,2.708102999999999838e+02
1.416487800000000107e+03,2.705339999999999918e+02
1.416490199999999959e+03,2.705930000000000177e+02
1.416492700000000013e+03,2.709125999999999976e+02
1.416495100000000093e+03,2.713188000000000102e+02
1.416497599999999920e+03,2.717185000000000059e+02
1.416500000000000000e+03,2.721768000000000143e+02
1.416502400000000080e+03,2.727679999999999723e+02
1.416504899999999907e+03,2.733974000000000046e+02
1.416507299999999987e+03,2.738417000000000030e+02
1.416509800000000041e+03,2.739556000000000040e+02
1.416512199999999893e+03,2.737989999999999782e+02
1.416514599999999973e+03,2.736098999999999819e+02
1.416517100000000028e+03,2.737106999999999744e+02
1.416519500000000107e+03,2.743476999999999748e+02
1.416521999999999935e+03,2.754264999999999759e+02
1.416524400000000014e+03,2.763890999999999849e+02
1.416526900000000069e+03,2.765550000000000068e+02
1.416529299999999921e+03,2.757058000000000106e+02
1.416531700000000001e+03,2.742441999999999780e+02
1.416534200000000055e+03,2.727751000000000090e+02
1.416536599999999908e+03,2.716895000000000095e+02
1.416539099999999962e+03,2.711286999999999807e+02
1.416541500000000042e+03,2.711025999999999954e+02
1.416543899999999894e+03,2.716048999999999864e+02
1.416546399999999949e+03,2.728403999999999883e+02
1.416548800000000028e+03,2.754977000000000089e+02
1.416551300000000083e+03,2.804411000000000058e+02
1.416553699999999935e+03,2.874510000000000218e+02
1.416556199999999990e+03,2.941163000000000238e+02
1.416558600000000069e+03,2.968894999999999982e+02
1.416560999999999922e+03,2.941075000000000159e+02
1.416563499999999976e+03,2.876245999999999867e+02
1.416565900000000056e+03,2.809925000000000068e+02
1.416568400000000111e+03,2.765518999999999892e+02
1.416570799999999963e+03,2.745267000000000053e+02
1.416573200000000043e+03,2.740264000000000237e+02
1.416575700000000097e+03,2.741942999999999984e+02
1.416578099999999949e+03,2.747225999999999999e+02
1.416580600000000004e+03,2.759596000000000231e+02
1.416583000000000084e+03,2.787033999999999878e+02
1.416585399999999936e+03,2.833953999999999951e+02
1.416587899999999991e+03,2.889999000000000251e+02
1.416590300000000070e+03,2.929039999999999964e+02
1.416592799999999897e+03,2.927509000000000015e+02
1.416595199999999977e+03,2.885880999999999972e+02
1.416597700000000032e+03,2.827785999999999831e+02
1.416600100000000111e+03,2.778501999999999725e+02
1.416602499999999964e+03,2.748421000000000163e+02
1.416605000000000018e+03,2.734528999999999996e+02
1.416607400000000098e+03,2.730240999999999758e+02
1.416609899999999925e+03,2.732536999999999807e+02
1.416612300000000005e+03,2.744578000000000202e+02
1.416614700000000084e+03,2.776005000000000109e+02
1.416617199999999912e+03,2.837916999999999916e+02
1.416619599999999991e+03,2.928294999999999959e+02
1.416622100000000046e+03,3.017869000000000028e+02
1.416624499999999898e+03,3.060975999999999999e+02
1.416626999999999953e+03,3.033371999999999957e+02
1.416629400000000032e+03,2.955985999999999763e+02
1.416631800000000112e+03,2.873938999999999737e+02
1.416634299999999939e+03,2.818147999999999911e+02
1.416636700000000019e+03,2.791727000000000203e+02
1.416639200000000073e+03,2.782744000000000142e+02
1.416641599999999926e+03,2.779879999999999995e+02
1.416644000000000005e+03,2.779221999999999753e+02
1.416646500000000060e+03,2.784465999999999894e+02
1.416648899999999912e+03,2.802905999999999835e+02
1.416651399999999967e+03,2.837053000000000225e+02
1.416653800000000047e+03,2.876960000000000264e+02
1.416656199999999899e+03,2.902611999999999739e+02
1.416658699999999953e+03,2.898822999999999865e+02
1.416661100000000033e+03,2.868509999999999991e+02
1.416663600000000088e+03,2.829320000000000164e+02
1.416665999999999940e+03,2.798150999999999726e+02
1.416668499999999995e+03,2.780704000000000065e+02
1.416670900000000074e+03,2.773211000000000013e+02
1.416673299999999927e+03,2.769676000000000045e+02
1.416675799999999981e+03,2.767346999999999753e+02
1.416678200000000061e+03,2.768136999999999830e+02
1.416680699999999888e+03,2.778181999999999903e+02
1.416683099999999968e+03,2.807099000000000046e+02
1.416685500000000047e+03,2.866732000000000085e+02
1.416688000000000102e+03,2.963856999999999857e+02
1.416690399999999954e+03,3.084601000000000113e+02
1.416692900000000009e+03,3.184802000000000248e+02
1.416695300000000088e+03,3.210738999999999805e+02
1.416697799999999916e+03,3.144614000000000260e+02
1.416700199999999995e+03,3.024784000000000219e+02
1.416702600000000075e+03,2.911594999999999800e+02
1.416705099999999902e+03,2.839682999999999993e+02
1.416707499999999982e+03,2.807296999999999798e+02
1.416710000000000036e+03,2.797065000000000055e+02
1.416712399999999889e+03,2.794782999999999902e+02
1.416714799999999968e+03,2.794064000000000192e+02
1.416717300000000023e+03,2.793702999999999861e+02
1.416719700000000103e+03,2.794164999999999850e+02
1.416722199999999930e+03,2.795018000000000029e+02
1.416724600000000009e+03,2.795120999999999754e+02
1.416727100000000064e+03,2.793956999999999766e+02
1.416729499999999916e+03,2.791992000000000189e+02
1.416731899999999996e+03,2.789932000000000016e+02
1.416734400000000051e+03,2.788510999999999740e+02
1.416736799999999903e+03,2.788596999999999753e+02
1.416739299999999957e+03,2.790557000000000016e+02
1.416741700000000037e+03,2.793847000000000094e+02
1.416744099999999889e+03,2.797921999999999798e+02
1.416746599999999944e+03,2.803029000000000224e+02
1.416749000000000024e+03,2.809379999999999882e+02
1.416751500000000078e+03,2.815839000000000283e+02
1.416753899999999931e+03,2.820017000000000280e+02
1.416756300000000010e+03,2.819945999999999913e+02
1.416758800000000065e+03,2.815794000000000210e+02
1.416761199999999917e+03,2.809716000000000236e+02
1.416763699999999972e+03,2.803999999999999773e+02
1.416766100000000051e+03,2.799913999999999987e+02
1.416768600000000106e+03,2.798195999999999799e+02
1.416770999999999958e+03,2.799596000000000231e+02
1.416773400000000038e+03,2.804744999999999777e+02
1.416775900000000092e+03,2.814157000000000153e+02
1.416778299999999945e+03,2.828442000000000007e+02
1.416780799999999999e+03,2.847932000000000130e+02
1.416783200000000079e+03,2.871023000000000138e+02
1.416785599999999931e+03,2.891815000000000282e+02
1.416788099999999986e+03,2.901014999999999873e+02
1.416790500000000065e+03,2.892945000000000277e+02
1.416792999999999893e+03,2.872155999999999949e+02
1.416795399999999972e+03,2.850380000000000109e+02
1.416797900000000027e+03,2.836736000000000217e+02
1.416800300000000107e+03,2.832337999999999738e+02
1.416802699999999959e+03,2.833106000000000222e+02
1.416805200000000013e+03,2.835058999999999969e+02
1.416807600000000093e+03,2.837522999999999911e+02
1.416810099999999920e+03,2.844216999999999871e+02
1.416812500000000000e+03,2.863115000000000236e+02
1.416814900000000080e+03,2.902563000000000102e+02
1.416817399999999907e+03,2.961177000000000135e+02
1.416819799999999987e+03,3.018614000000000033e+02
1.416822300000000041e+03,3.043614000000000033e+02
1.416824699999999893e+03,3.020079999999999814e+02
1.416827099999999973e+03,2.962896999999999821e+02
1.416829600000000028e+03,2.902769999999999868e+02
1.416832000000000107e+03,2.859931000000000267e+02
1.416834499999999935e+03,2.836222999999999956e+02
1.416836900000000014e+03,2.825002999999999815e+02
1.416839400000000069e+03,2.821442999999999870e+02
1.416841799999999921e+03,2.826093999999999937e+02
1.416844200000000001e+03,2.844848000000000070e+02
1.416846700000000055e+03,2.885414999999999850e+02
1.416849099999999908e+03,2.947409999999999854e+02
1.416851599999999962e+03,3.012343000000000188e+02
1.416854000000000042e+03,3.049008999999999787e+02
1.416856399999999894e+03,3.037479000000000156e+02
1.416858899999999949e+03,2.987363000000000284e+02
1.416861300000000028e+03,2.928023000000000025e+02
1.416863800000000083e+03,2.883433999999999742e+02
1.416866199999999935e+03,2.859592000000000098e+02
1.416868699999999990e+03,2.850394999999999754e+02
1.416871100000000069e+03,2.848346999999999980e+02
1.416873499999999922e+03,2.850892000000000053e+02
1.416875999999999976e+03,2.862187999999999874e+02
1.416878400000000056e+03,2.892500000000000000e+02
1.416880900000000111e+03,2.952368999999999915e+02
1.416883299999999963e+03,3.038247999999999820e+02
1.416885700000000043e+03,3.119683999999999742e+02
1.416888200000000097e+03,3.151750000000000114e+02
1.416890599999999949e+03,3.113136000000000081e+02
1.416893100000000004e+03,3.028176000000000272e+02
1.416895500000000084e+03,2.943593000000000188e+02
1.416897899999999936e+03,2.889554999999999723e+02
1.416900399999999991e+03,2.867384999999999877e+02
1.416902800000000070e+03,2.863602999999999952e+02
1.416905299999999897e+03,2.866322000000000116e+02
1.416907699999999977e+03,2.872576000000000249e+02
1.416910200000000032e+03,2.888405999999999949e+02
1.416912600000000111e+03,2.923029999999999973e+02
1.416914999999999964e+03,2.977183999999999742e+02
1.416917500000000018e+03,3.033675999999999817e+02
1.416919900000000098e+03,3.063745000000000118e+02
1.416922399999999925e+03,3.050042000000000257e+02
1.416924800000000005e+03,3.002422000000000253e+02
1.416927200000000084e+03,2.947291000000000167e+02
1.416929699999999912e+03,2.904646999999999935e+02
1.416932099999999991e+03,2.878489999999999895e+02
1.416934600000000046e+03,2.863931000000000040e+02
1.416936999999999898e+03,2.856780999999999722e+02
1.416939499999999953e+03,2.856512999999999920e+02
1.416941900000000032e+03,2.864522000000000048e+02
1.416944300000000112e+03,2.883525000000000205e+02
1.416946799999999939e+03,2.917092999999999847e+02
1.416949200000000019e+03,2.963620999999999981e+02
1.416951700000000073e+03,3.007982999999999834e+02
1.416954099999999926e+03,3.026329999999999814e+02
1.416956500000000005e+03,3.006471000000000231e+02
1.416959000000000060e+03,2.960364000000000146e+02
1.416961399999999912e+03,2.912307999999999879e+02
1.416963899999999967e+03,2.879066000000000258e+02
1.416966300000000047e+03,2.863435000000000059e+02
1.416968800000000101e+03,2.860020999999999844e+02
1.416971199999999953e+03,2.862176000000000045e+02
1.416973600000000033e+03,2.866270000000000095e+02
1.416976100000000088e+03,2.873639999999999759e+02
1.416978499999999940e+03,2.888605999999999767e+02
1.416980999999999995e+03,2.912078999999999951e+02
1.416983400000000074e+03,2.936154000000000224e+02
1.416985799999999927e+03,2.947135000000000105e+02
1.416988299999999981e+03,2.937058999999999855e+02
1.416990700000000061e+03,2.911766999999999825e+02
1.416993199999999888e+03,2.885835000000000150e+02
1.416995599999999968e+03,2.870636000000000081e+02
1.416998000000000047e+03,2.868109999999999786e+02
1.417000500000000102e+03,2.873170000000000073e+02
1.417002899999999954e+03,2.879150999999999954e+02
1.417005400000000009e+03,2.881863000000000170e+02
1.417007800000000088e+03,2.881261000000000081e+02
1.417010299999999916e+03,2.880830000000000268e+02
1.417012699999999995e+03,2.884691000000000258e+02
1.417015100000000075e+03,2.893677999999999884e+02
1.417017599999999902e+03,2.903339000000000283e+02
1.417019999999999982e+03,2.907085000000000150e+02
1.417022500000000036e+03,2.902536999999999807e+02
1.417024899999999889e+03,2.893700000000000045e+02
1.417027299999999968e+03,2.886206999999999994e+02
1.417029800000000023e+03,2.882259999999999991e+02
1.417032200000000103e+03,2.880747999999999820e+02
1.417034699999999930e+03,2.879857000000000085e+02
1.417037100000000009e+03,2.878290000000000077e+02
1.417039600000000064e+03,2.875779999999999745e+02
1.417041999999999916e+03,2.873836000000000013e+02
1.417044399999999996e+03,2.875133999999999901e+02
1.417046900000000051e+03,2.880948000000000206e+02
1.417049299999999903e+03,2.889250000000000114e+02
1.417051799999999957e+03,2.895883000000000038e+02
1.417054200000000037e+03,2.897778999999999883e+02
1.417056599999999889e+03,2.895124000000000137e+02
1.417059099999999944e+03,2.890930999999999926e+02
1.417061500000000024e+03,2.888804000000000087e+02
1.417064000000000078e+03,2.890493999999999915e+02
1.417066399999999931e+03,2.894759000000000242e+02
1.417068800000000010e+03,2.898575999999999908e+02
1.417071300000000065e+03,2.899807000000000130e+02
1.417073699999999917e+03,2.898559999999999945e+02
1.417076199999999972e+03,2.896016999999999939e+02
1.417078600000000051e+03,2.892667000000000144e+02
1.417081100000000106e+03,2.888283000000000129e+02
1.417083499999999958e+03,2.883129999999999882e+02
1.417085900000000038e+03,2.878451000000000022e+02
1.417088400000000092e+03,2.875656999999999925e+02
1.417090799999999945e+03,2.875210999999999899e+02
1.417093299999999999e+03,2.876245000000000118e+02
1.417095700000000079e+03,2.877275999999999954e+02
1.417098099999999931e+03,2.877447000000000230e+02
1.417100599999999986e+03,2.877305000000000064e+02
1.417103000000000065e+03,2.878537000000000035e+02
1.417105499999999893e+03,2.882751000000000090e+02
1.417107899999999972e+03,2.890557999999999765e+02
1.417110400000000027e+03,2.901786999999999921e+02
1.417112800000000107e+03,2.915543000000000120e+02
1.417115199999999959e+03,2.928908000000000129e+02
1.417117700000000013e+03,2.936628000000000043e+02
1.417120100000000093e+03,2.934467999999999961e+02
1.417122599999999920e+03,2.923351000000000113e+02
1.417125000000000000e+03,2.909103999999999814e+02
1.417127400000000080e+03,2.898100000000000023e+02
1.417129899999999907e+03,2.893410000000000082e+02
1.417132299999999987e+03,2.894325000000000045e+02
1.417134800000000041e+03,2.898405000000000200e+02
1.417137199999999893e+03,2.903851000000000226e+02
1.417139599999999973e+03,2.910778000000000247e+02
1.417142100000000028e+03,2.921394999999999982e+02
1.417144500000000107e+03,2.938580000000000041e+02
1.417146999999999935e+03,2.962004999999999768e+02
1.417149400000000014e+03,2.984225000000000136e+02
1.417151900000000069e+03,2.993245999999999754e+02
1.417154299999999921e+03,2.982418000000000120e+02
1.417156700000000001e+03,2.956804999999999950e+02
1.417159200000000055e+03,2.927910999999999717e+02
1.417161599999999908e+03,2.904291999999999803e+02
1.417164099999999962e+03,2.888738999999999919e+02
1.417166500000000042e+03,2.881046999999999798e+02
1.417168899999999894e+03,2.880441000000000145e+02
1.417171399999999949e+03,2.886628999999999792e+02
1.417173800000000028e+03,2.901281999999999925e+02
1.417176300000000083e+03,2.927844000000000051e+02
1.417178699999999935e+03,2.965858000000000061e+02
1.417181199999999990e+03,3.003847000000000094e+02
1.417183600000000069e+03,3.022559999999999718e+02
1.417185999999999922e+03,3.010901999999999816e+02
1.417188499999999976e+03,2.977038999999999760e+02
1.417190900000000056e+03,2.940378999999999792e+02
1.417193400000000111e+03,2.914975999999999772e+02
1.417195799999999963e+03,2.902846000000000117e+02
1.417198200000000043e+03,2.899200999999999908e+02
1.417200700000000097e+03,2.899528000000000247e+02
1.417203099999999949e+03,2.902708000000000084e+02
1.417205600000000004e+03,2.911113000000000284e+02
1.417208000000000084e+03,2.930108000000000175e+02
1.417210399999999936e+03,2.965276000000000067e+02
1.417212899999999991e+03,3.014658999999999764e+02
1.417215300000000070e+03,3.061403000000000247e+02
1.417217799999999897e+03,3.080708999999999946e+02
1.417220199999999977e+03,3.061188999999999965e+02
1.417222700000000032e+03,3.016895000000000095e+02
1.417225100000000111e+03,2.973752999999999815e+02
1.417227499999999964e+03,2.947377000000000180e+02
1.417230000000000018e+03,2.936474999999999795e+02
1.417232400000000098e+03,2.932074999999999818e+02
1.417234899999999925e+03,2.928763000000000147e+02
1.417237300000000005e+03,2.929748000000000161e+02
1.417239700000000084e+03,2.945561999999999898e+02
1.417242199999999912e+03,2.986575000000000273e+02
1.417244599999999991e+03,3.050009999999999764e+02
1.417247100000000046e+03,3.111066000000000145e+02
1.417249499999999898e+03,3.134345999999999890e+02
1.417251999999999953e+03,3.103648999999999774e+02
1.417254400000000032e+03,3.038211999999999762e+02
1.417256800000000112e+03,2.974205000000000041e+02
1.417259299999999939e+03,2.934660999999999831e+02
1.417261700000000019e+03,2.920237000000000194e+02
1.417264200000000073e+03,2.920205000000000268e+02
1.417266599999999926e+03,2.924440999999999917e+02
1.417269000000000005e+03,2.928688999999999965e+02
1.417271500000000060e+03,2.935851999999999862e+02
1.417273899999999912e+03,2.954827000000000226e+02
1.417276399999999967e+03,2.994207000000000107e+02
1.417278800000000047e+03,3.050917000000000030e+02
1.417281199999999899e+03,3.103086000000000126e+02
1.417283699999999953e+03,3.121592999999999734e+02
1.417286100000000033e+03,3.095652000000000044e+02
1.417288600000000088e+03,3.043489999999999895e+02
1.417290999999999940e+03,2.993808999999999969e+02
1.417293499999999995e+03,2.961960000000000264e+02
1.417295900000000074e+03,2.946526999999999816e+02
1.417298299999999927e+03,2.940625000000000000e+02
1.417300799999999981e+03,2.940620000000000118e+02
1.417303200000000061e+03,2.948184999999999718e+02
1.417305699999999888e+03,2.970670999999999822e+02
1.417308099999999968e+03,3.017896999999999821e+02
1.417310500000000047e+03,3.089447000000000116e+02
1.417313000000000102e+03,3.161268999999999778e+02
1.417315399999999954e+03,3.194388000000000147e+02
1.417317900000000009e+03,3.167755000000000223e+02
1.417320300000000088e+03,3.098838000000000079e+02
1.417322799999999916e+03,3.025552999999999884e+02
1.417325199999999995e+03,2.973831000000000131e+02
1.417327600000000075e+03,2.946793999999999869e+02
1.417330099999999902e+03,2.935813999999999737e+02
1.417332499999999982e+03,2.932789000000000215e+02
1.417335000000000036e+03,2.934674999999999727e+02
1.417337399999999889e+03,2.943607999999999834e+02
1.417339799999999968e+03,2.965779999999999745e+02
1.417342300000000023e+03,3.006793000000000120e+02
1.417344700000000103e+03,3.062318000000000211e+02
1.417347199999999930e+03,3.111614999999999895e+02
1.417349600000000009e+03,3.127461999999999875e+02
1.417352100000000064e+03,3.099422000000000139e+02
1.417354499999999916e+03,3.044886000000000195e+02
1.417356899999999996e+03,2.993220999999999776e+02
1.417359400000000051e+03,2.962144000000000119e+02
1.417361799999999903e+03,2.950765999999999849e+02
1.417364299999999957e+03,2.948903000000000247e+02
1.417366700000000037e+03,2.948777999999999793e+02
1.417369099999999889e+03,2.951172000000000253e+02
1.417371599999999944e+03,2.965670999999999822e+02
1.417374000000000024e+03,3.004264000000000010e+02
1.417376500000000078e+03,3.067585000000000264e+02
1.417378899999999931e+03,3.133437999999999874e+02
1.417381300000000010e+03,3.166021999999999821e+02
1.417383800000000065e+03,3.145975999999999999e+02
1.417386199999999917e+03,3.088788999999999874e+02
1.417388699999999972e+03,3.028184999999999718e+02
1.417391100000000051e+03,2.986238999999999919e+02
1.417393600000000106e+03,2.963767000000000280e+02
1.417395999999999958e+03,2.952067000000000121e+02
1.417398400000000038e+03,2.945230000000000246e+02
1.417400900000000092e+03,2.942506000000000199e+02
1.417403299999999945e+03,2.945880000000000223e+02
1.417405799999999999e+03,2.959528999999999996e+02
1.417408200000000079e+03,2.988473999999999933e+02
1.417410599999999931e+03,3.031360000000000241e+02
1.417413099999999986e+03,3.073052999999999884e+02
1.417415500000000065e+03,3.091419999999999959e+02
1.417417999999999893e+03,3.076997999999999820e+02
1.417420399999999972e+03,3.042594000000000278e+02
1.417422900000000027e+03,3.009984999999999786e+02
1.417425300000000107e+03,2.990973000000000184e+02
1.417427699999999959e+03,2.983432000000000244e+02
1.417430200000000013e+03,2.980282000000000266e+02
1.417432600000000093e+03,2.978290000000000077e+02
1.417435099999999920e+03,2.980552999999999884e+02
1.417437500000000000e+03,2.994402999999999793e+02
1.417439900000000080e+03,3.026376999999999953e+02
1.417442399999999907e+03,3.074046999999999912e+02
1.417444799999999987e+03,3.119703000000000088e+02
1.417447300000000041e+03,3.137799999999999727e+02
1.417449699999999893e+03,3.116571999999999889e+02
1.417452099999999973e+03,3.070287000000000148e+02
1.417454600000000028e+03,3.025163000000000011e+02
1.417457000000000107e+03,2.996696000000000026e+02
1.417459499999999935e+03,2.983867999999999938e+02
1.417461900000000014e+03,2.979089000000000169e+02
1.417464400000000069e+03,2.977380999999999744e+02
1.417466799999999921e+03,2.978034000000000106e+02
1.417469200000000001e+03,2.982656999999999812e+02
1.417471700000000055e+03,2.993890999999999849e+02
1.417474099999999908e+03,3.013849999999999909e+02
1.417476599999999962e+03,3.040061999999999784e+02
1.417479000000000042e+03,3.062169000000000096e+02
1.417481399999999894e+03,3.067257999999999925e+02
1.417483899999999949e+03,3.051671000000000049e+02
1.417486300000000028e+03,3.025004999999999882e+02
1.417488800000000083e+03,3.000602000000000089e+02
1.417491199999999935e+03,2.985043000000000006e+02
1.417493699999999990e+03,2.977656999999999812e+02
1.417496100000000069e+03,2.975688999999999851e+02
1.417498499999999922e+03,2.977264000000000124e+02
1.417500999999999976e+03,2.981841000000000008e+02
1.417503400000000056e+03,2.991059000000000196e+02
1.417505900000000111e+03,3.008256000000000085e+02
1.417508299999999963e+03,3.033394000000000119e+02
1.417510700000000043e+03,3.057289000000000101e+02
1.417513200000000097e+03,3.065162000000000262e+02
1.417515599999999949e+03,3.050101999999999975e+02
1.417518100000000004e+03,3.020781999999999812e+02
1.417520500000000084e+03,2.992864999999999895e+02
1.417522899999999936e+03,2.975514999999999759e+02
1.417525399999999991e+03,2.968360000000000127e+02
1.417527800000000070e+03,2.967611999999999739e+02
1.417530299999999897e+03,2.970847999999999729e+02
1.417532699999999977e+03,2.976757000000000062e+02
1.417535200000000032e+03,2.983849000000000160e+02
1.417537600000000111e+03,2.991458000000000084e+02
1.417539999999999964e+03,3.000819999999999936e+02
1.417542500000000018e+03,3.012850999999999999e+02
1.417544900000000098e+03,3.024461000000000013e+02
1.417547399999999925e+03,3.029434999999999718e+02
1.417549800000000005e+03,3.024397000000000162e+02
1.417552200000000084e+03,3.012755000000000223e+02
1.417554699999999912e+03,3.001816999999999780e+02
1.417557099999999991e+03,2.996886000000000081e+02
1.417559600000000046e+03,2.998355999999999995e+02
1.417561999999999898e+03,3.002869999999999777e+02
1.417564499999999953e+03,3.006383999999999901e+02
1.417566900000000032e+03,3.007257999999999925e+02
1.417569300000000112e+03,3.008097999999999956e+02
1.417571799999999939e+03,3.014311000000000149e+02
1.417574200000000019e+03,3.028641999999999825e+02
1.417576700000000073e+03,3.046145000000000209e+02
1.417579099999999926e+03,3.056605999999999881e+02
1.417581500000000005e+03,3.053835000000000264e+02
1.417584000000000060e+03,3.041179000000000201e+02
1.417586399999999912e+03,3.026909999999999741e+02
1.417588899999999967e+03,3.016492999999999824e+02
1.417591300000000047e+03,3.010339000000000169e+02
1.417593800000000101e+03,3.006211000000000126e+02
1.417596199999999953e+03,3.001752999999999929e+02
1.417598600000000033e+03,2.996009000000000242e+02
1.417601100000000088e+03,2.990303999999999860e+02
1.417603499999999940e+03,2.987957000000000107e+02
1.417605999999999995e+03,2.992250999999999976e+02
1.417608400000000074e+03,3.003335999999999899e+02
1.417610799999999927e+03,3.016433999999999855e+02
1.417613299999999981e+03,3.024392000000000280e+02
1.417615700000000061e+03,3.023469999999999800e+02
1.417618199999999888e+03,3.016247000000000185e+02
1.417620599999999968e+03,3.008453000000000088e+02
1.417623000000000047e+03,3.003958999999999833e+02
1.417625500000000102e+03,3.002982999999999834e+02
1.417627899999999954e+03,3.003457999999999970e+02
1.417630400000000009e+03,3.003355999999999995e+02
1.417632800000000088e+03,3.002717000000000098e+02
1.417635299999999916e+03,3.004515999999999849e+02
1.417637699999999995e+03,3.012891000000000190e+02
1.417640100000000075e+03,3.028566000000000145e+02
1.417642599999999902e+03,3.045378000000000043e+02
1.417644999999999982e+03,3.053412000000000148e+02
1.417647500000000036e+03,3.047594000000000278e+02
1.417649899999999889e+03,3.032210000000000036e+02
1.417652299999999968e+03,3.015932999999999993e+02
1.417654800000000023e+03,3.004334000000000060e+02
1.417657200000000103e+03,2.998369999999999891e+02
1.417659699999999930e+03,2.997447000000000230e+02
1.417662100000000009e+03,3.001232999999999720e+02
1.417664600000000064e+03,3.009008000000000038e+02
1.417666999999999916e+03,3.018874000000000137e+02
1.417669399999999996e+03,3.028177000000000021e+02
1.417671900000000051e+03,3.034660999999999831e+02
1.417674299999999903e+03,3.037389000000000010e+02
1.417676799999999957e+03,3.036695000000000277e+02
1.417679200000000037e+03,3.033629999999999995e+02
1.417681599999999889e+03,3.029540000000000077e+02
1.417684099999999944e+03,3.025670999999999822e+02
1.417686500000000024e+03,3.022543000000000006e+02
1.417689000000000078e+03,3.019737000000000080e+02
1.417691399999999931e+03,3.016709999999999923e+02
1.417693800000000010e+03,3.013806000000000154e+02
1.417696300000000065e+03,3.012234000000000265e+02
1.417698699999999917e+03,3.013283000000000129e+02
1.417701199999999972e+03,3.018068000000000097e+02
1.417703600000000051e+03,3.027302000000000248e+02
1.417706100000000106e+03,3.039793000000000234e+02
1.417708499999999958e+03,3.051034999999999968e+02
1.417710900000000038e+03,3.055323000000000206e+02
1.417713400000000092e+03,3.050751999999999953e+02
1.417715799999999945e+03,3.041238999999999919e+02
1.417718299999999999e+03,3.032930000000000064e+02
1.417720700000000079e+03,3.029460000000000264e+02
1.417723099999999931e+03,3.030586999999999875e+02
1.417725599999999986e+03,3.033675999999999817e+02
1.417728000000000065e+03,3.035815999999999804e+02
1.417730499999999893e+03,3.035430000000000064e+02
1.417732899999999972e+03,3.032753999999999905e+02
1.417735400000000027e+03,3.029266999999999825e+02
1.417737800000000107e+03,3.026895999999999844e+02
1.417740199999999959e+03,3.027216000000000236e+02
1.417742700000000013e+03,3.030294999999999845e+02
1.417745100000000093e+03,3.034250000000000114e+02
1.417747599999999920e+03,3.036662999999999784e+02
1.417750000000000000e+03,3.036712999999999738e+02
1.417752400000000080e+03,3.035577000000000112e+02
1.417754899999999907e+03,3.034748000000000161e+02
1.417757299999999987e+03,3.034375999999999749e+02
1.417759800000000041e+03,3.033389999999999986e+02
1.417762199999999893e+03,3.031039000000000101e+02
1.417764599999999973e+03,3.028073999999999728e+02
1.417767100000000028e+03,3.026492000000000075e+02
1.417769500000000107e+03,3.028215000000000146e+02
1.417771999999999935e+03,3.033453000000000088e+02
1.417774400000000014e+03,3.039712000000000103e+02
1.417776900000000069e+03,3.042821999999999889e+02
1.417779299999999921e+03,3.040070999999999799e+02
1.417781700000000001e+03,3.032515000000000214e+02
1.417784200000000055e+03,3.023883999999999901e+02
1.417786599999999908e+03,3.017549000000000206e+02
1.417789099999999962e+03,3.014802000000000248e+02
1.417791500000000042e+03,3.015337999999999852e+02
1.417793899999999894e+03,3.018573000000000093e+02
1.417796399999999949e+03,3.024397999999999911e+02
1.417798800000000028e+03,3.032998999999999796e+02
1.417801300000000083e+03,3.043951000000000136e+02
1.417803699999999935e+03,3.055385999999999740e+02
1.417806199999999990e+03,3.064261999999999944e+02
1.417808600000000069e+03,3.067932999999999879e+02
1.417810999999999922e+03,3.065704999999999814e+02
1.417813499999999976e+03,3.059078999999999837e+02
1.417815900000000056e+03,3.050880000000000223e+02
1.417818400000000111e+03,3.043910999999999945e+02
1.417820799999999963e+03,3.039682000000000244e+02
1.417823200000000043e+03,3.038290999999999826e+02
1.417825700000000097e+03,3.039379000000000133e+02
1.417828099999999949e+03,3.042373999999999796e+02
1.417830600000000004e+03,3.045821000000000254e+02
1.417833000000000084e+03,3.047733999999999810e+02
1.417835399999999936e+03,3.047307000000000130e+02
1.417837899999999991e+03,3.045788999999999760e+02
1.417840300000000070e+03,3.045307999999999993e+02
1.417842799999999897e+03,3.046994000000000256e+02
1.417845199999999977e+03,3.050025999999999726e+02
1.417847700000000032e+03,3.052110000000000127e+02
1.417850100000000111e+03,3.051216000000000008e+02
1.417852499999999964e+03,3.047341999999999871e+02
1.417855000000000018e+03,3.042395000000000209e+02
1.417857400000000098e+03,3.038154000000000110e+02
1.417859899999999925e+03,3.034873999999999796e+02
1.417862300000000005e+03,3.032139000000000237e+02
1.417864700000000084e+03,3.030253000000000156e+02
1.417867199999999912e+03,3.029968999999999824e+02
1.417869599999999991e+03,3.031206999999999994e+02
1.417872100000000046e+03,3.032830999999999904e+02
1.417874499999999898e+03,3.033609000000000151e+02
1.417876999999999953e+03,3.033038999999999987e+02
1.417879400000000032e+03,3.031666999999999916e+02
1.417881800000000112e+03,3.031078999999999724e+02
1.417884299999999939e+03,3.033247000000000071e+02
1.417886700000000019e+03,3.039239999999999782e+02
1.417889200000000073e+03,3.048380999999999972e+02
1.417891599999999926e+03,3.058460000000000036e+02
1.417894000000000005e+03,3.066632999999999925e+02
1.417896500000000060e+03,3.070715999999999894e+02
1.417898899999999912e+03,3.070362999999999829e+02
1.417901399999999967e+03,3.066960000000000264e+02
1.417903800000000047e+03,3.062389000000000010e+02
1.417906199999999899e+03,3.057966999999999871e+02
1.417908699999999953e+03,3.054254000000000246e+02
1.417911100000000033e+03,3.051333999999999946e+02
1.417913600000000088e+03,3.049426000000000272e+02
1.417915999999999940e+03,3.049520999999999731e+02
1.417918499999999995e+03,3.052842999999999734e+02
1.417920900000000074e+03,3.058955000000000268e+02
1.417923299999999927e+03,3.064889999999999759e+02
1.417925799999999981e+03,3.067096000000000231e+02
1.417928200000000061e+03,3.064349000000000274e+02
1.417930699999999888e+03,3.058566000000000145e+02
1.417933099999999968e+03,3.053068999999999846e+02
1.417935500000000047e+03,3.050029000000000110e+02
1.417938000000000102e+03,3.049211000000000240e+02
1.417940399999999954e+03,3.048983999999999810e+02
1.417942900000000009e+03,3.048276000000000181e+02
1.417945300000000088e+03,3.047182999999999993e+02
1.417947799999999916e+03,3.046150000000000091e+02
1.417950199999999995e+03,3.045360000000000014e+02
1.417952600000000075e+03,3.044870000000000232e+02
1.417955099999999902e+03,3.044839999999999804e+02
1.417957499999999982e+03,3.045674000000000206e+02
1.417960000000000036e+03,3.048072999999999979e+02
1.417962399999999889e+03,3.052601000000000226e+02
1.417964799999999968e+03,3.058811000000000035e+02
1.417967300000000023e+03,3.065049000000000206e+02
1.417969700000000103e+03,3.069834000000000174e+02
1.417972199999999930e+03,3.073509999999999991e+02
1.417974600000000009e+03,3.077943000000000211e+02
1.417977100000000064e+03,3.084327000000000112e+02
1.417979499999999916e+03,3.091616999999999962e+02
1.417981899999999996e+03,3.097314999999999827e+02
1.417984400000000051e+03,3.099585000000000150e+02
1.417986799999999903e+03,3.098410999999999831e+02
1.417989299999999957e+03,3.095158000000000129e+02
1.417991700000000037e+03,3.091413000000000011e+02
1.417994099999999889e+03,3.087887999999999806e+02
1.417996599999999944e+03,3.084057000000000244e+02
1.417999000000000024e+03,3.078985999999999876e+02
1.418001500000000078e+03,3.072735000000000127e+02
1.418003899999999931e+03,3.066820000000000164e+02
1.418006300000000010e+03,3.063023999999999774e+02
1.418008800000000065e+03,3.061752999999999929e+02
1.418011199999999917e+03,3.061906000000000176e+02
1.418013699999999972e+03,3.062325000000000159e+02
1.418016100000000051e+03,3.062789000000000215e+02
1.418018600000000106e+03,3.063412000000000148e+02
1.418020999999999958e+03,3.063740000000000236e+02
1.418023400000000038e+03,3.063086999999999875e+02
1.418025900000000092e+03,3.061759999999999877e+02
1.418028299999999945e+03,3.061369000000000256e+02
1.418030799999999999e+03,3.063494999999999777e+02
1.418033200000000079e+03,3.068127000000000066e+02
1.418035599999999931e+03,3.073664999999999736e+02
1.418038099999999986e+03,3.078330000000000268e+02
1.418040500000000065e+03,3.081397000000000048e+02
1.418042999999999893e+03,3.083360000000000127e+02
1.418045399999999972e+03,3.085233000000000061e+02
1.418047900000000027e+03,3.087567999999999984e+02
1.418050300000000107e+03,3.090095999999999776e+02
1.418052699999999959e+03,3.092341999999999871e+02
1.418055200000000013e+03,3.094445000000000050e+02
1.418057600000000093e+03,3.097223000000000184e+02
1.418060099999999920e+03,3.101331000000000131e+02
1.418062500000000000e+03,3.106206000000000245e+02
1.418064900000000080e+03,3.109927999999999884e+02
1.418067399999999907e+03,3.110452999999999975e+02
1.418069799999999987e+03,3.107223999999999933e+02
1.418072300000000041e+03,3.101501000000000090e+02
1.418074699999999893e+03,3.095196000000000254e+02
1.418077099999999973e+03,3.089653999999999883e+02
1.418079600000000028e+03,3.085568000000000097e+02
1.418082000000000107e+03,3.083627000000000180e+02
1.418084499999999935e+03,3.084802000000000248e+02
1.418086900000000014e+03,3.089601000000000113e+02
1.418089400000000069e+03,3.096791999999999803e+02
1.418091799999999921e+03,3.103088999999999942e+02
1.418094200000000001e+03,3.104993000000000052e+02
1.418096700000000055e+03,3.101600999999999999e+02
1.418099099999999908e+03,3.095604000000000156e+02
1.418101599999999962e+03,3.091082000000000107e+02
1.418104000000000042e+03,3.090217999999999847e+02
1.418106399999999894e+03,3.092475000000000023e+02
1.418108899999999949e+03,3.096669999999999732e+02
1.418111300000000028e+03,3.102522999999999911e+02
1.418113800000000083e+03,3.109476999999999975e+02
1.418116199999999935e+03,3.115335999999999785e+02
1.418118699999999990e+03,3.117624000000000137e+02
1.418121100000000069e+03,3.116259999999999764e+02
1.418123499999999922e+03,3.114042000000000030e+02
1.418125999999999976e+03,3.114112999999999829e+02
1.418128400000000056e+03,3.116979000000000042e+02
1.418130900000000111e+03,3.120056000000000154e+02
1.418133299999999963e+03,3.120235000000000127e+02
1.418135700000000043e+03,3.116861000000000104e+02
1.418138200000000097e+03,3.112155000000000200e+02
1.418140599999999949e+03,3.108924000000000092e+02
1.418143100000000004e+03,3.108197000000000116e+02
1.418145500000000084e+03,3.108872999999999820e+02
1.418147899999999936e+03,3.109196999999999775e+02
1.418150399999999991e+03,3.108745000000000118e+02
1.418152800000000070e+03,3.109023000000000252e+02
1.418155299999999897e+03,3.111725000000000136e+02
1.418157699999999977e+03,3.116369000000000256e+02
1.418160200000000032e+03,3.120285999999999831e+02
1.418162600000000111e+03,3.121046000000000049e+02
1.418164999999999964e+03,3.118473000000000184e+02
1.418167500000000018e+03,3.114316000000000031e+02
1.418169900000000098e+03,3.110572000000000230e+02
1.418172399999999925e+03,3.108444999999999823e+02
1.418174800000000005e+03,3.108496000000000095e+02
1.418177200000000084e+03,3.110942999999999756e+02
1.418179699999999912e+03,3.115323000000000206e+02
1.418182099999999991e+03,3.120212999999999965e+02
1.418184600000000046e+03,3.123860000000000241e+02
1.418186999999999898e+03,3.125350000000000250e+02
1.418189499999999953e+03,3.125086999999999762e+02
1.418191900000000032e+03,3.124119999999999777e+02
1.418194300000000112e+03,3.123186000000000035e+02
1.418196799999999939e+03,3.122595999999999776e+02
1.418199200000000019e+03,3.122832000000000221e+02
1.418201700000000073e+03,3.124737999999999829e+02
1.418204099999999926e+03,3.128679999999999950e+02
1.418206500000000005e+03,3.133521999999999821e+02
1.418209000000000060e+03,3.136780999999999722e+02
1.418211399999999912e+03,3.136437999999999988e+02
1.418213899999999967e+03,3.133086000000000126e+02
1.418216300000000047e+03,3.129717999999999734e+02
1.418218800000000101e+03,3.128910000000000196e+02
1.418221199999999953e+03,3.130736999999999739e+02
1.418223600000000033e+03,3.133679999999999950e+02
1.418226100000000088e+03,3.136390999999999849e+02
1.418228499999999940e+03,3.137885999999999740e+02
1.418230999999999995e+03,3.137269000000000005e+02
1.418233400000000074e+03,3.134510000000000218e+02
1.418235799999999927e+03,3.131139999999999759e+02
1.418238299999999981e+03,3.129363000000000170e+02
1.418240700000000061e+03,3.130523999999999774e+02
1.418243199999999888e+03,3.134469000000000278e+02
1.418245599999999968e+03,3.139857999999999834e+02
1.418248000000000047e+03,3.144743000000000279e+02
1.418250500000000102e+03,3.147287999999999784e+02
1.418252899999999954e+03,3.146544000000000096e+02
1.418255400000000009e+03,3.142907999999999902e+02
1.418257800000000088e+03,3.137882999999999925e+02
1.418260299999999916e+03,3.133174999999999955e+02
1.418262699999999995e+03,3.129821999999999775e+02
1.418265100000000075e+03,3.128156999999999925e+02
1.418267599999999902e+03,3.128344000000000165e+02
1.418269999999999982e+03,3.130387999999999806e+02
1.418272500000000036e+03,3.133641000000000076e+02
1.418274899999999889e+03,3.136711000000000240e+02
1.418277299999999968e+03,3.138030999999999722e+02
1.418279800000000023e+03,3.136827000000000112e+02
1.418282200000000103e+03,3.134146000000000072e+02
1.418284699999999930e+03,3.132731999999999744e+02
1.418287100000000009e+03,3.134956999999999994e+02
1.418289600000000064e+03,3.140883000000000038e+02
1.418291999999999916e+03,3.148611000000000217e+02
1.418294399999999996e+03,3.155908999999999764e+02
1.418296900000000051e+03,3.161302999999999770e+02
1.418299299999999903e+03,3.164492999999999938e+02
1.418301799999999957e+03,3.166234000000000037e+02
1.418304200000000037e+03,3.167500000000000000e+02
1.418306599999999889e+03,3.168747999999999934e+02
1.418309099999999944e+03,3.170024999999999977e+02
1.418311500000000024e+03,3.171392000000000166e+02
1.418314000000000078e+03,3.173043999999999869e+02
1.418316399999999931e+03,3.175210000000000150e+02
1.418318800000000010e+03,3.177764000000000237e+02
1.418321300000000065e+03,3.179791999999999916e+02
1.418323699999999917e+03,3.179873000000000047e+02
1.418326199999999972e+03,3.177092999999999847e+02
1.418328600000000051e+03,3.171879000000000133e+02
1.418331100000000106e+03,3.165916000000000281e+02
1.418333499999999958e+03,3.161222999999999956e+02
1.418335900000000038e+03,3.158938999999999737e+02
1.418338400000000092e+03,3.158788000000000125e+02
1.418340799999999945e+03,3.159798000000000116e+02
1.418343299999999999e+03,3.161535999999999831e+02
1.418345700000000079e+03,3.164542999999999893e+02
1.418348099999999931e+03,3.169685000000000059e+02
1.418350599999999986e+03,3.176863000000000170e+02
1.418353000000000065e+03,3.184103000000000065e+02
1.418355499999999893e+03,3.188308999999999855e+02
1.418357899999999972e+03,3.187644999999999982e+02
1.418360400000000027e+03,3.183050999999999817e+02
1.418362800000000107e+03,3.177047000000000025e+02
1.418365199999999959e+03,3.171505000000000223e+02
1.418367700000000013e+03,3.167004999999999768e+02
1.418370100000000093e+03,3.163858999999999924e+02
1.418372599999999920e+03,3.162898999999999887e+02
1.418375000000000000e+03,3.164723999999999933e+02
1.418377400000000080e+03,3.168414999999999964e+02
1.418379899999999907e+03,3.171892000000000280e+02
1.418382299999999987e+03,3.173987000000000194e+02
1.418384800000000041e+03,3.175527000000000157e+02
1.418387199999999893e+03,3.177998000000000047e+02
1.418389599999999973e+03,3.181745999999999981e+02
1.418392100000000028e+03,3.185860000000000127e+02
1.418394500000000107e+03,3.189193999999999960e+02
1.418396999999999935e+03,3.191044999999999732e+02
1.418399400000000014e+03,3.191286999999999807e+02
1.418401900000000069e+03,3.190240999999999758e+02
1.418404299999999921e+03,3.188374999999999773e+02
1.418406700000000001e+03,3.186082000000000107e+02
1.418409200000000055e+03,3.183566999999999894e+02
1.418411599999999908e+03,3.181016999999999939e+02
1.418414099999999962e+03,3.179032000000000266e+02
1.418416500000000042e+03,3.178593000000000188e+02
1.418418899999999894e+03,3.180317999999999756e+02
1.418421399999999949e+03,3.184049999999999727e+02
1.418423800000000028e+03,3.189189000000000078e+02
1.418426300000000083e+03,3.194923000000000002e+02
1.418428699999999935e+03,3.200201999999999884e+02
1.418431199999999990e+03,3.204094999999999800e+02
1.418433600000000069e+03,3.205976999999999748e+02
1.418435999999999922e+03,3.205167999999999893e+02
1.418438499999999976e+03,3.201476000000000113e+02
1.418440900000000056e+03,3.196546000000000163e+02
1.418443400000000111e+03,3.193217000000000212e+02
1.418445799999999963e+03,3.192708000000000084e+02
1.418448200000000043e+03,3.193519000000000005e+02
1.418450700000000097e+03,3.193765000000000214e+02
1.418453099999999949e+03,3.193553999999999746e+02
1.418455600000000004e+03,3.194298999999999751e+02
1.418458000000000084e+03,3.196446000000000254e+02
1.418460399999999936e+03,3.199008000000000038e+02
1.418462899999999991e+03,3.201381000000000085e+02
1.418465300000000070e+03,3.204631999999999721e+02
1.418467799999999897e+03,3.210067000000000235e+02
1.418470199999999977e+03,3.216958999999999946e+02
1.418472700000000032e+03,3.222878000000000043e+02
1.418475100000000111e+03,3.226392000000000166e+02
1.418477499999999964e+03,3.228294999999999959e+02
1.418480000000000018e+03,3.229694999999999823e+02
1.418482400000000098e+03,3.230029000000000110e+02
1.418484899999999925e+03,3.227968999999999937e+02
1.418487300000000005e+03,3.223715000000000259e+02
1.418489700000000084e+03,3.219420999999999822e+02
1.418492199999999912e+03,3.217384999999999877e+02
1.418494599999999991e+03,3.218208000000000197e+02
1.418497100000000046e+03,3.220667000000000257e+02
1.418499499999999898e+03,3.222914999999999850e+02
1.418501999999999953e+03,3.223570000000000277e+02
1.418504400000000032e+03,3.222130000000000223e+02
1.418506800000000112e+03,3.219212999999999738e+02
1.418509299999999939e+03,3.216476000000000113e+02
1.418511700000000019e+03,3.215339000000000169e+02
1.418514200000000073e+03,3.215448000000000093e+02
1.418516599999999926e+03,3.215163000000000011e+02
1.418519000000000005e+03,3.213673999999999751e+02
1.418521500000000060e+03,3.211918999999999755e+02
1.418523899999999912e+03,3.211345000000000027e+02
1.418526399999999967e+03,3.212393000000000143e+02
1.418528800000000047e+03,3.214146000000000072e+02
1.418531199999999899e+03,3.215074000000000183e+02
1.418533699999999953e+03,3.214277000000000157e+02
1.418536100000000033e+03,3.212303999999999746e+02
1.418538600000000088e+03,3.210806999999999789e+02
1.418540999999999940e+03,3.211505999999999972e+02
1.418543499999999995e+03,3.215278999999999883e+02
1.418545900000000074e+03,3.221668000000000234e+02
1.418548299999999927e+03,3.229236000000000217e+02
1.418550799999999981e+03,3.236625000000000227e+02
1.418553200000000061e+03,3.242957000000000107e+02
1.418555699999999888e+03,3.247067999999999870e+02
1.418558099999999968e+03,3.247375999999999863e+02
1.418560500000000047e+03,3.243607000000000085e+02
1.418563000000000102e+03,3.238158000000000243e+02
1.418565399999999954e+03,3.234567999999999870e+02
1.418567900000000009e+03,3.234562999999999988e+02
1.418570300000000088e+03,3.237300999999999931e+02
1.418572799999999916e+03,3.241245999999999867e+02
1.418575199999999995e+03,3.245738999999999805e+02
1.418577600000000075e+03,3.250738000000000056e+02
1.418580099999999902e+03,3.255754000000000019e+02
1.418582499999999982e+03,3.259236000000000217e+02
1.418585000000000036e+03,3.259195000000000277e+02
1.418587399999999889e+03,3.255086999999999762e+02
1.418589799999999968e+03,3.249008000000000038e+02
1.418592300000000023e+03,3.244293000000000120e+02
1.418594700000000103e+03,3.242973000000000070e+02
1.418597199999999930e+03,3.244891999999999825e+02
1.418599600000000009e+03,3.248675999999999817e+02
1.418602100000000064e+03,3.252927999999999997e+02
1.418604499999999916e+03,3.256499000000000024e+02
1.418606899999999996e+03,3.258242999999999938e+02
1.418609400000000051e+03,3.257477000000000089e+02
1.418611799999999903e+03,3.255136999999999716e+02
1.418614299999999957e+03,3.253645999999999958e+02
1.418616700000000037e+03,3.254873000000000047e+02
1.418619099999999889e+03,3.258552999999999997e+02
1.418621599999999944e+03,3.262980999999999767e+02
1.418624000000000024e+03,3.266707999999999856e+02
1.418626500000000078e+03,3.269236000000000217e+02
1.418628899999999931e+03,3.270525999999999840e+02
1.418631300000000010e+03,3.270421000000000049e+02
1.418633800000000065e+03,3.269005999999999972e+02
1.418636199999999917e+03,3.267590000000000146e+02
1.418638699999999972e+03,3.268747999999999934e+02
1.418641100000000051e+03,3.274583000000000084e+02
1.418643600000000106e+03,3.284780000000000086e+02
1.418645999999999958e+03,3.296571000000000140e+02
1.418648400000000038e+03,3.306308000000000220e+02
1.418650900000000092e+03,3.310985000000000014e+02
1.418653299999999945e+03,3.309148000000000138e+02
1.418655799999999999e+03,3.301519000000000119e+02
1.418658200000000079e+03,3.291211999999999875e+02
1.418660599999999931e+03,3.282771000000000186e+02
1.418663099999999986e+03,3.279608000000000061e+02
1.418665500000000065e+03,3.281410999999999945e+02
1.418667999999999893e+03,3.284574000000000069e+02
1.418670399999999972e+03,3.285860999999999876e+02
1.418672900000000027e+03,3.285140000000000100e+02
1.418675300000000107e+03,3.284057999999999993e+02
1.418677699999999959e+03,3.283052000000000135e+02
1.418680200000000013e+03,3.281032000000000153e+02
1.418682600000000093e+03,3.277595000000000027e+02
1.418685099999999920e+03,3.273894999999999982e+02
1.418687500000000000e+03,3.271145000000000209e+02
1.418689900000000080e+03,3.269712000000000103e+02
1.418692399999999907e+03,3.269991999999999734e+02
1.418694799999999987e+03,3.272592999999999961e+02
1.418697300000000041e+03,3.277056000000000040e+02
1.418699699999999893e+03,3.281886999999999830e+02
1.418702099999999973e+03,3.286471000000000231e+02
1.418704600000000028e+03,3.291424000000000092e+02
1.418707000000000107e+03,3.296431999999999789e+02
1.418709499999999935e+03,3.299332999999999743e+02
1.418711900000000014e+03,3.298353999999999928e+02
1.418714400000000069e+03,3.294365000000000236e+02
1.418716799999999921e+03,3.290210000000000150e+02
1.418719200000000001e+03,3.288235999999999990e+02
1.418721700000000055e+03,3.288854999999999791e+02
1.418724099999999908e+03,3.291170999999999935e+02
1.418726599999999962e+03,3.294547000000000025e+02
1.418729000000000042e+03,3.298992000000000075e+02
1.418731399999999894e+03,3.304105999999999881e+02
1.418733899999999949e+03,3.308790999999999940e+02
1.418736300000000028e+03,3.312397000000000276e+02
1.418738800000000083e+03,3.314918999999999869e+02
1.418741199999999935e+03,3.315715000000000146e+02
1.418743699999999990e+03,3.313464999999999918e+02
1.418746100000000069e+03,3.308070999999999913e+02
1.418748499999999922e+03,3.301576999999999771e+02
1.418750999999999976e+03,3.296709999999999923e+02
1.418753400000000056e+03,3.295029000000000110e+02
1.418755900000000111e+03,3.296211999999999875e+02
1.418758299999999963e+03,3.298351000000000113e+02
1.418760700000000043e+03,3.299091999999999985e+02
1.418763200000000097e+03,3.297246999999999844e+02
1.418765599999999949e+03,3.293645000000000209e+02
1.418768100000000004e+03,3.290366000000000213e+02
1.418770500000000084e+03,3.289089000000000169e+02
1.418772899999999936e+03,3.290065999999999917e+02
1.418775399999999991e+03,3.292497999999999934e+02
1.418777800000000070e+03,3.295701999999999998e+02
1.418780299999999897e+03,3.299716000000000236e+02
1.418782699999999977e+03,3.304735000000000014e+02
1.418785200000000032e+03,3.310316000000000258e+02
1.418787600000000111e+03,3.315577999999999861e+02
1.418789999999999964e+03,3.320090999999999894e+02
1.418792500000000018e+03,3.324119999999999777e+02
1.418794900000000098e+03,3.327846000000000117e+02
1.418797399999999925e+03,3.330634999999999764e+02
1.418799800000000005e+03,3.331388999999999783e+02
1.418802200000000084e+03,3.329821999999999775e+02
1.418804699999999912e+03,3.327325000000000159e+02
1.418807099999999991e+03,3.326274999999999977e+02
1.418809600000000046e+03,3.328195999999999799e+02
1.418811999999999898e+03,3.332456999999999994e+02
1.418814499999999953e+03,3.336573000000000206e+02
1.418816900000000032e+03,3.337803999999999860e+02
1.418819300000000112e+03,3.335126999999999953e+02
1.418821799999999939e+03,3.330244000000000142e+02
1.418824200000000019e+03,3.326437000000000239e+02
1.418826700000000073e+03,3.326055000000000064e+02
1.418829099999999926e+03,3.329008999999999787e+02
1.418831500000000005e+03,3.333387999999999920e+02
1.418834000000000060e+03,3.337241999999999962e+02
1.418836399999999912e+03,3.339904000000000224e+02
1.418838899999999967e+03,3.341811000000000149e+02
1.418841300000000047e+03,3.343265000000000100e+02
1.418843800000000101e+03,3.343747999999999934e+02
1.418846199999999953e+03,3.342604999999999791e+02
1.418848600000000033e+03,3.340059999999999718e+02
1.418851100000000088e+03,3.337142000000000053e+02
1.418853499999999940e+03,3.334685999999999808e+02
1.418855999999999995e+03,3.332619000000000256e+02
1.418858400000000074e+03,3.330181999999999789e+02
1.418860799999999927e+03,3.326669999999999732e+02
1.418863299999999981e+03,3.322160000000000082e+02
1.418865700000000061e+03,3.317968999999999937e+02
1.418868199999999888e+03,3.316254999999999882e+02
1.418870599999999968e+03,3.318516000000000190e+02
1.418873000000000047e+03,3.324397999999999911e+02
1.418875500000000102e+03,3.332275000000000205e+02
1.418877899999999954e+03,3.340620000000000118e+02
1.418880400000000009e+03,3.348340999999999781e+02
1.418882800000000088e+03,3.354125999999999976e+02
1.418885299999999916e+03,3.356521999999999935e+02
1.418887699999999995e+03,3.355321999999999889e+02
1.418890100000000075e+03,3.352884000000000242e+02
1.418892599999999902e+03,3.353290999999999826e+02
1.418894999999999982e+03,3.359064999999999941e+02
1.418897500000000036e+03,3.368423999999999978e+02
1.418899899999999889e+03,3.376614000000000146e+02
1.418902299999999968e+03,3.380355000000000132e+02
1.418904800000000023e+03,3.380418000000000234e+02
1.418907200000000103e+03,3.379649999999999750e+02
1.418909699999999930e+03,3.379349000000000274e+02
1.418912100000000009e+03,3.378525999999999954e+02
1.418914600000000064e+03,3.376220000000000141e+02
1.418916999999999916e+03,3.373120000000000118e+02
1.418919399999999996e+03,3.370283000000000015e+02
1.418921900000000051e+03,3.367259000000000242e+02
1.418924299999999903e+03,3.362671000000000276e+02
1.418926799999999957e+03,3.356506999999999721e+02
1.418929200000000037e+03,3.350890999999999735e+02
1.418931599999999889e+03,3.348197999999999865e+02
1.418934099999999944e+03,3.349062999999999874e+02
1.418936500000000024e+03,3.352669999999999959e+02
1.418939000000000078e+03,3.358168999999999755e+02
1.418941399999999931e+03,3.364834999999999923e+02
1.418943800000000010e+03,3.371231999999999971e+02
1.418946300000000065e+03,3.375489999999999782e+02
1.418948699999999917e+03,3.377003000000000270e+02
1.418951199999999972e+03,3.377183999999999742e+02
1.418953600000000051e+03,3.377758999999999787e+02
1.418956100000000106e+03,3.378666000000000054e+02
1.418958499999999958e+03,3.378324000000000069e+02
1.418960900000000038e+03,3.375944999999999823e+02
1.418963400000000092e+03,3.372959999999999923e+02
1.418965799999999945e+03,3.371856999999999971e+02
1.418968299999999999e+03,3.373999999999999773e+02
1.418970700000000079e+03,3.378908000000000129e+02
1.418973099999999931e+03,3.385183999999999855e+02
1.418975599999999986e+03,3.391383999999999901e+02
1.418978000000000065e+03,3.396302000000000021e+02
1.418980499999999893e+03,3.399311000000000149e+02
1.418982899999999972e+03,3.400479000000000269e+02
1.418985400000000027e+03,3.399916000000000054e+02
1.418987800000000107e+03,3.397551000000000272e+02
1.418990199999999959e+03,3.394218999999999937e+02
1.418992700000000013e+03,3.392069999999999936e+02
1.418995100000000093e+03,3.392697999999999752e+02
1.418997599999999920e+03,3.395138999999999783e+02
1.419000000000000000e+03,3.396524999999999750e+02
1.419002400000000080e+03,3.394723999999999933e+02
1.419004899999999907e+03,3.390126999999999953e+02
1.419007299999999987e+03,3.385065000000000168e+02
1.419009800000000041e+03,3.381933000000000220e+02
1.419012199999999893e+03,3.381900999999999726e+02
1.419014599999999973e+03,3.384746999999999844e+02
1.419017100000000028e+03,3.389155000000000086e+02
1.419019500000000107e+03,3.393251000000000204e+02
1.419021999999999935e+03,3.395792999999999893e+02
1.419024400000000014e+03,3.397124000000000024e+02
1.419026900000000069e+03,3.398446000000000140e+02
1.419029299999999921e+03,3.400156999999999812e+02
1.419031700000000001e+03,3.401703999999999724e+02
1.419034200000000055e+03,3.403063000000000216e+02
1.419036599999999908e+03,3.405181000000000040e+02
1.419039099999999962e+03,3.408571000000000026e+02
1.419041500000000042e+03,3.412615000000000123e+02
1.419043899999999894e+03,3.416598999999999933e+02
1.419046399999999949e+03,3.420455000000000041e+02
1.419048800000000028e+03,3.424064999999999941e+02
1.419051300000000083e+03,3.426709000000000174e+02
1.419053699999999935e+03,3.427651000000000181e+02
1.419056199999999990e+03,3.426836999999999875e+02
1.419058600000000069e+03,3.424875000000000114e+02
1.419060999999999922e+03,3.422740000000000009e+02
1.419063499999999976e+03,3.421508000000000038e+02
1.419065900000000056e+03,3.422085000000000150e+02
1.419068400000000111e+03,3.424834000000000174e+02
1.419070799999999963e+03,3.429134999999999991e+02
1.419073200000000043e+03,3.433256000000000085e+02
1.419075700000000097e+03,3.435076999999999998e+02
1.419078099999999949e+03,3.433491000000000213e+02
1.419080600000000004e+03,3.429379000000000133e+02
1.419083000000000084e+03,3.425013000000000147e+02
1.419085399999999936e+03,3.422287999999999784e+02
1.419087899999999991e+03,3.421729000000000269e+02
1.419090300000000070e+03,3.423188999999999851e+02
1.419092799999999897e+03,3.426913000000000125e+02
1.419095199999999977e+03,3.433376999999999839e+02
1.419097700000000032e+03,3.442169999999999845e+02
1.419100100000000111e+03,3.451297000000000139e+02
1.419102499999999964e+03,3.457726000000000113e+02
1.419105000000000018e+03,3.459019000000000119e+02
1.419107400000000098e+03,3.455038000000000125e+02
1.419109899999999925e+03,3.448199000000000183e+02
1.419112300000000005e+03,3.441791999999999803e+02
1.419114700000000084e+03,3.437995000000000232e+02
1.419117199999999912e+03,3.437502999999999815e+02
1.419119599999999991e+03,3.440248000000000275e+02
1.419122100000000046e+03,3.445504999999999995e+02
1.419124499999999898e+03,3.451557999999999993e+02
1.419126999999999953e+03,3.456485999999999876e+02
1.419129400000000032e+03,3.459739000000000146e+02
1.419131800000000112e+03,3.462466999999999757e+02
1.419134299999999939e+03,3.466111000000000217e+02
1.419136700000000019e+03,3.470951999999999771e+02
1.419139200000000073e+03,3.475881999999999721e+02
1.419141599999999926e+03,3.479150000000000205e+02
1.419144000000000005e+03,3.479452999999999747e+02
1.419146500000000060e+03,3.477067999999999870e+02
1.419148899999999912e+03,3.474153000000000020e+02
1.419151399999999967e+03,3.473432000000000244e+02
1.419153800000000047e+03,3.476141000000000076e+02
1.419156199999999899e+03,3.481071999999999775e+02
1.419158699999999953e+03,3.485396999999999821e+02
1.419161100000000033e+03,3.486437000000000239e+02
1.419163600000000088e+03,3.483261999999999716e+02
1.419165999999999940e+03,3.477346000000000004e+02
1.419168499999999995e+03,3.471784999999999854e+02
1.419170900000000074e+03,3.469266999999999825e+02
1.419173299999999927e+03,3.470190999999999804e+02
1.419175799999999981e+03,3.472447000000000230e+02
1.419178200000000061e+03,3.473183000000000220e+02
1.419180699999999888e+03,3.471455000000000268e+02
1.419183099999999968e+03,3.469524999999999864e+02
1.419185500000000047e+03,3.470964999999999918e+02
1.419188000000000102e+03,3.476877000000000066e+02
1.419190399999999954e+03,3.484438000000000102e+02
1.419192900000000009e+03,3.489764999999999873e+02
1.419195300000000088e+03,3.491890999999999963e+02
1.419197799999999916e+03,3.493118000000000052e+02
1.419200199999999995e+03,3.495572000000000230e+02
1.419202600000000075e+03,3.498555000000000064e+02
1.419205099999999902e+03,3.499877999999999929e+02
1.419207499999999982e+03,3.499021000000000186e+02
1.419210000000000036e+03,3.497930000000000064e+02
1.419212399999999889e+03,3.498566999999999894e+02
1.419214799999999968e+03,3.500432000000000130e+02
1.419217300000000023e+03,3.501170999999999935e+02
1.419219700000000103e+03,3.499218999999999937e+02
1.419222199999999930e+03,3.495201000000000136e+02
1.419224600000000009e+03,3.491016000000000190e+02
1.419227100000000064e+03,3.488278000000000247e+02
1.419229499999999916e+03,3.487552999999999770e+02
1.419231899999999996e+03,3.488596000000000004e+02
1.419234400000000051e+03,3.491111000000000217e+02
1.419236799999999903e+03,3.495169000000000210e+02
1.419239299999999957e+03,3.500758000000000152e+02
1.419241700000000037e+03,3.507285999999999717e+02
1.419244099999999889e+03,3.513897999999999797e+02
1.419246599999999944e+03,3.520122000000000071e+02
1.419249000000000024e+03,3.526105999999999767e+02
1.419251500000000078e+03,3.532420999999999935e+02
1.419253899999999931e+03,3.539336999999999875e+02
1.419256300000000010e+03,3.545803999999999974e+02
1.419258800000000065e+03,3.549399999999999977e+02
1.419261199999999917e+03,3.547848000000000184e+02
1.419263699999999972e+03,3.541159000000000106e+02
1.419266100000000051e+03,3.532561999999999784e+02
1.419268600000000106e+03,3.526900999999999726e+02
1.419270999999999958e+03,3.527244999999999777e+02
1.419273400000000038e+03,3.532783999999999764e+02
1.419275900000000092e+03,3.540138999999999783e+02
1.419278299999999945e+03,3.546268000000000029e+02
1.419280799999999999e+03,3.549816999999999894e+02
1.419283200000000079e+03,3.550591999999999757e+02
1.419285599999999931e+03,3.548987999999999943e+02
1.419288099999999986e+03,3.546066999999999894e+02
1.419290500000000065e+03,3.543498999999999910e+02
1.419292999999999893e+03,3.542660999999999945e+02
1.419295399999999972e+03,3.543614999999999782e+02
1.419297900000000027e+03,3.545217999999999847e+02
1.419300300000000107e+03,3.546424999999999841e+02
1.419302699999999959e+03,3.547545999999999822e+02
1.419305200000000013e+03,3.550437000000000012e+02
1.419307600000000093e+03,3.556967000000000212e+02
1.419310099999999920e+03,3.566451999999999884e+02
1.419312500000000000e+03,3.575056000000000154e+02
1.419314900000000080e+03,3.578790999999999940e+02
1.419317399999999907e+03,3.576951000000000249e+02
1.419319799999999987e+03,3.571958000000000197e+02
1.419322300000000041e+03,3.566616000000000213e+02
1.419324699999999893e+03,3.562586999999999762e+02
1.419327099999999973e+03,3.560824000000000069e+02
1.419329600000000028e+03,3.561816000000000031e+02
1.419332000000000107e+03,3.564990000000000236e+02
1.419334499999999935e+03,3.568519999999999754e+02
1.419336900000000014e+03,3.570242999999999824e+02
1.419339400000000069e+03,3.569076999999999771e+02
1.419341799999999921e+03,3.565819999999999936e+02
1.419344200000000001e+03,3.562629000000000019e+02
1.419346700000000055e+03,3.561530000000000200e+02
1.419349099999999908e+03,3.563102999999999838e+02
1.419351599999999962e+03,3.566234000000000037e+02
1.419354000000000042e+03,3.568929999999999723e+02
1.419356399999999894e+03,3.569716999999999985e+02
1.419358899999999949e+03,3.568498000000000161e+02
1.419361300000000028e+03,3.566184000000000083e+02
1.419363800000000083e+03,3.563856000000000108e+02
1.419366199999999935e+03,3.562635999999999967e+02
1.419368699999999990e+03,3.563953000000000202e+02
1.419371100000000069e+03,3.569005000000000223e+02
1.419373499999999922e+03,3.577524999999999977e+02
1.419375999999999976e+03,3.587294999999999732e+02
1.419378400000000056e+03,3.595260000000000105e+02
1.419380900000000111e+03,3.599486999999999739e+02
1.419383299999999963e+03,3.600339000000000169e+02
1.419385700000000043e+03,3.599902000000000157e+02
1.419388200000000097e+03,3.600366000000000213e+02
1.419390599999999949e+03,3.602787999999999897e+02
1.419393100000000004e+03,3.606895999999999844e+02
1.419395500000000084e+03,3.611852000000000089e+02
1.419397899999999936e+03,3.617314000000000078e+02
1.419400399999999991e+03,3.623467999999999734e+02
1.419402800000000070e+03,3.629796000000000049e+02
1.419405299999999897e+03,3.634590000000000032e+02
1.419407699999999977e+03,3.636372000000000071e+02
1.419410200000000032e+03,3.635280999999999949e+02
1.419412600000000111e+03,3.632416999999999803e+02
1.419414999999999964e+03,3.628319000000000187e+02
1.419417500000000018e+03,3.623029999999999973e+02
1.419419900000000098e+03,3.617502999999999815e+02
1.419422399999999925e+03,3.613886999999999716e+02
1.419424800000000005e+03,3.613799999999999955e+02
1.419427200000000084e+03,3.616558999999999742e+02
1.419429699999999912e+03,3.619547000000000025e+02
1.419432099999999991e+03,3.620291000000000281e+02
1.419434600000000046e+03,3.618072999999999979e+02
1.419436999999999898e+03,3.613777000000000044e+02
1.419439499999999953e+03,3.608813999999999851e+02
1.419441900000000032e+03,3.604540999999999826e+02
1.419444300000000112e+03,3.602405999999999722e+02
1.419446799999999939e+03,3.603953000000000202e+02
1.419449200000000019e+03,3.610088999999999828e+02
1.419451700000000073e+03,3.620022999999999911e+02
1.419454099999999926e+03,3.631046000000000049e+02
1.419456500000000005e+03,3.639880999999999744e+02
1.419459000000000060e+03,3.644646999999999935e+02
1.419461399999999912e+03,3.645706000000000131e+02
1.419463899999999967e+03,3.645031999999999925e+02
1.419466300000000047e+03,3.644782999999999902e+02
1.419468800000000101e+03,3.645570000000000164e+02
1.419471199999999953e+03,3.645889999999999986e+02
1.419473600000000033e+03,3.644114000000000146e+02
1.419476100000000088e+03,3.640964999999999918e+02
1.419478499999999940e+03,3.638865000000000123e+02
1.419480999999999995e+03,3.639030999999999949e+02
1.419483400000000074e+03,3.640620000000000118e+02
1.419485799999999927e+03,3.642493000000000052e+02
1.419488299999999981e+03,3.644214000000000055e+02
1.419490700000000061e+03,3.645360000000000014e+02
1.419493199999999888e+03,3.645389999999999873e+02
1.419495599999999968e+03,3.644460000000000264e+02
1.419498000000000047e+03,3.643428000000000111e+02
1.419500500000000102e+03,3.642973000000000070e+02
1.419502899999999954e+03,3.643414000000000215e+02
1.419505400000000009e+03,3.645240999999999758e+02
1.419507800000000088e+03,3.649078999999999837e+02
1.419510299999999916e+03,3.654907000000000039e+02
1.419512699999999995e+03,3.661406000000000063e+02
1.419515100000000075e+03,3.666358999999999924e+02
1.419517599999999902e+03,3.668276999999999930e+02
1.419519999999999982e+03,3.667617999999999938e+02
1.419522500000000036e+03,3.665826999999999884e+02
1.419524899999999889e+03,3.663564999999999827e+02
1.419527299999999968e+03,3.660631000000000199e+02
1.419529800000000023e+03,3.656990999999999872e+02
1.419532200000000103e+03,3.653036000000000172e+02
1.419534699999999930e+03,3.649399999999999977e+02
1.419537100000000009e+03,3.647423000000000002e+02
1.419539600000000064e+03,3.649137000000000057e+02
1.419541999999999916e+03,3.655600000000000023e+02
1.419544399999999996e+03,3.665167000000000144e+02
1.419546900000000051e+03,3.674347999999999956e+02
1.419549299999999903e+03,3.680541000000000054e+02
1.419551799999999957e+03,3.683326000000000136e+02
1.419554200000000037e+03,3.683496999999999844e+02
1.419556599999999889e+03,3.682257999999999925e+02
1.419559099999999944e+03,3.681422999999999774e+02
1.419561500000000024e+03,3.682671000000000276e+02
1.419564000000000078e+03,3.685858999999999810e+02
1.419566399999999931e+03,3.689080000000000155e+02
1.419568800000000010e+03,3.690951999999999771e+02
1.419571300000000065e+03,3.692160999999999831e+02
1.419573699999999917e+03,3.694329999999999927e+02
1.419576199999999972e+03,3.697975999999999885e+02
1.419578600000000051e+03,3.701995000000000005e+02
1.419581100000000106e+03,3.704734000000000265e+02
1.419583499999999958e+03,3.705264999999999986e+02
1.419585900000000038e+03,3.704030999999999949e+02
1.419588400000000092e+03,3.702364000000000033e+02
1.419590799999999945e+03,3.700993000000000279e+02
1.419593299999999999e+03,3.699134999999999991e+02
1.419595700000000079e+03,3.695620999999999867e+02
1.419598099999999931e+03,3.690948999999999955e+02
1.419600599999999986e+03,3.687640000000000100e+02
1.419603000000000065e+03,3.688245000000000005e+02
1.419605499999999893e+03,3.693025999999999840e+02
1.419607899999999972e+03,3.699692999999999756e+02
1.419610400000000027e+03,3.705147999999999797e+02
1.419612800000000107e+03,3.707418000000000120e+02
1.419615199999999959e+03,3.706610999999999763e+02
1.419617700000000013e+03,3.704710000000000036e+02
1.419620100000000093e+03,3.704234000000000151e+02
1.419622599999999920e+03,3.706417999999999893e+02
1.419625000000000000e+03,3.710471999999999753e+02
1.419627400000000080e+03,3.714434999999999718e+02
1.419629899999999907e+03,3.716605999999999881e+02
1.419632299999999987e+03,3.716342999999999961e+02
1.419634800000000041e+03,3.713917999999999893e+02
1.419637199999999893e+03,3.709952999999999861e+02
1.419639599999999973e+03,3.705498000000000047e+02
1.419642100000000028e+03,3.702946000000000026e+02
1.419644500000000107e+03,3.706073000000000093e+02
1.419646999999999935e+03,3.717622000000000071e+02
1.419649400000000014e+03,3.735894000000000119e+02
1.419651900000000069e+03,3.754275999999999840e+02
1.419654299999999921e+03,3.765255000000000223e+02
1.419656700000000001e+03,3.765151000000000181e+02
1.419659200000000055e+03,3.755228000000000179e+02
1.419661599999999908e+03,3.739947000000000230e+02
1.419664099999999962e+03,3.725359000000000265e+02
1.419666500000000042e+03,3.717273000000000138e+02
1.419668899999999894e+03,3.718265999999999849e+02
1.419671399999999949e+03,3.726150000000000091e+02
1.419673800000000028e+03,3.736163999999999987e+02
1.419676300000000083e+03,3.744411999999999807e+02
1.419678699999999935e+03,3.749404000000000110e+02
1.419681199999999990e+03,3.751632000000000176e+02
1.419683600000000069e+03,3.752259999999999991e+02
1.419685999999999922e+03,3.751934999999999718e+02
1.419688499999999976e+03,3.750779999999999745e+02
1.419690900000000056e+03,3.749320999999999913e+02
1.419693400000000111e+03,3.748652000000000157e+02
1.419695799999999963e+03,3.749322999999999979e+02
1.419698200000000043e+03,3.750543999999999869e+02
1.419700700000000097e+03,3.751172000000000253e+02
1.419703099999999949e+03,3.751326999999999998e+02
1.419705600000000004e+03,3.752377000000000180e+02
1.419708000000000084e+03,3.755294999999999845e+02
1.419710399999999936e+03,3.759465999999999894e+02
1.419712899999999991e+03,3.763125000000000000e+02
1.419715300000000070e+03,3.764753999999999792e+02
1.419717799999999897e+03,3.764297000000000253e+02
1.419720199999999977e+03,3.763405999999999949e+02
1.419722700000000032e+03,3.764166999999999916e+02
1.419725100000000111e+03,3.767092999999999847e+02
1.419727499999999964e+03,3.770502000000000180e+02
1.419730000000000018e+03,3.772223999999999933e+02
1.419732400000000098e+03,3.771707999999999856e+02
1.419734899999999925e+03,3.770208000000000084e+02
1.419737300000000005e+03,3.769297000000000253e+02
1.419739700000000084e+03,3.769800000000000182e+02
1.419742199999999912e+03,3.771750000000000114e+02
1.419744599999999991e+03,3.774660999999999831e+02
1.419747100000000046e+03,3.777825000000000273e+02
1.419749499999999898e+03,3.780887999999999920e+02
1.419751999999999953e+03,3.784069999999999823e+02
1.419754400000000032e+03,3.787336000000000240e+02
1.419756800000000112e+03,3.789456000000000131e+02
1.419759299999999939e+03,3.788732999999999720e+02
1.419761700000000019e+03,3.785027000000000044e+02
1.419764200000000073e+03,3.780538999999999987e+02
1.419766599999999926e+03,3.778102999999999838e+02
1.419769000000000005e+03,3.778922999999999774e+02
1.419771500000000060e+03,3.782194000000000074e+02
1.419773899999999912e+03,3.786623999999999910e+02
1.419776399999999967e+03,3.791680999999999813e+02
1.419778800000000047e+03,3.797300999999999931e+02
1.419781199999999899e+03,3.803088999999999942e+02
1.419783699999999953e+03,3.808426999999999794e+02
1.419786100000000033e+03,3.813131000000000199e+02
1.419788600000000088e+03,3.817429999999999950e+02
1.419790999999999940e+03,3.821052000000000248e+02
1.419793499999999995e+03,3.822735000000000127e+02
1.419795900000000074e+03,3.821258000000000266e+02
1.419798299999999927e+03,3.817216000000000236e+02
1.419800799999999981e+03,3.813107999999999720e+02
1.419803200000000061e+03,3.811161000000000172e+02
1.419805699999999888e+03,3.811406999999999812e+02
1.419808099999999968e+03,3.812255000000000109e+02
1.419810500000000047e+03,3.812565999999999917e+02
1.419813000000000102e+03,3.812894000000000005e+02
1.419815399999999954e+03,3.814990000000000236e+02
1.419817900000000009e+03,3.820244999999999891e+02
1.419820300000000088e+03,3.828306999999999789e+02
1.419822799999999916e+03,3.837151000000000067e+02
1.419825199999999995e+03,3.844642000000000053e+02
1.419827600000000075e+03,3.850108999999999924e+02
1.419830099999999902e+03,3.854379999999999882e+02
1.419832499999999982e+03,3.858392999999999802e+02
1.419835000000000036e+03,3.862196999999999889e+02
1.419837399999999889e+03,3.865439999999999827e+02
1.419839799999999968e+03,3.867918999999999983e+02
1.419842300000000023e+03,3.869168000000000234e+02
1.419844700000000103e+03,3.868122000000000185e+02
1.419847199999999930e+03,3.864139999999999873e+02
1.419849600000000009e+03,3.858424999999999727e+02
1.419852100000000064e+03,3.853895999999999731e+02
1.419854499999999916e+03,3.853176000000000272e+02
1.419856899999999996e+03,3.856526999999999816e+02
1.419859400000000051e+03,3.861709000000000174e+02
1.419861799999999903e+03,3.866001999999999725e+02
1.419864299999999957e+03,3.868709999999999809e+02
1.419866700000000037e+03,3.871720000000000255e+02
1.419869099999999889e+03,3.877328999999999724e+02
1.419871599999999944e+03,3.885538999999999987e+02
1.419874000000000024e+03,3.893716999999999757e+02
1.419876500000000078e+03,3.899078999999999837e+02
1.419878899999999931e+03,3.901616000000000213e+02
1.419881300000000010e+03,3.904395999999999844e+02
1.419883800000000065e+03,3.910552999999999884e+02
1.419886199999999917e+03,3.920049999999999955e+02
1.419888699999999972e+03,3.929671000000000163e+02
1.419891100000000051e+03,3.935987999999999829e+02
1.419893600000000106e+03,3.938245000000000005e+02
1.419895999999999958e+03,3.938895999999999731e+02
1.419898400000000038e+03,3.941668000000000234e+02
1.419900900000000092e+03,3.948564999999999827e+02
1.419903299999999945e+03,3.958115999999999985e+02
1.419905799999999999e+03,3.966537999999999897e+02
1.419908200000000079e+03,3.970663000000000125e+02
1.419910599999999931e+03,3.969759000000000242e+02
1.419913099999999986e+03,3.965061000000000035e+02
1.419915500000000065e+03,3.958611000000000217e+02
1.419917999999999893e+03,3.952765999999999735e+02
1.419920399999999972e+03,3.949644999999999868e+02
1.419922900000000027e+03,3.950063999999999851e+02
1.419925300000000107e+03,3.953260999999999967e+02
1.419927699999999959e+03,3.958102000000000089e+02
1.419930200000000013e+03,3.964182999999999879e+02
1.419932600000000093e+03,3.971245000000000118e+02
1.419935099999999920e+03,3.977767999999999802e+02
1.419937500000000000e+03,3.981263999999999896e+02
1.419939900000000080e+03,3.980738000000000056e+02
1.419942399999999907e+03,3.978231000000000108e+02
1.419944799999999987e+03,3.977239999999999895e+02
1.419947300000000041e+03,3.980156999999999812e+02
1.419949699999999893e+03,3.987520000000000095e+02
1.419952099999999973e+03,3.998322000000000003e+02
1.419954600000000028e+03,4.009895000000000209e+02
1.419957000000000107e+03,4.018491000000000213e+02
1.419959499999999935e+03,4.021413999999999760e+02
1.419961900000000014e+03,4.018775999999999726e+02
1.419964400000000069e+03,4.013306000000000040e+02
1.419966799999999921e+03,4.009118000000000279e+02
1.419969200000000001e+03,4.010174000000000092e+02
1.419971700000000055e+03,4.018066999999999780e+02
1.419974099999999908e+03,4.030267000000000053e+02
1.419976599999999962e+03,4.041442000000000121e+02
1.419979000000000042e+03,4.047432000000000016e+02
1.419981399999999894e+03,4.047796999999999912e+02
1.419983899999999949e+03,4.044866999999999848e+02
1.419986300000000028e+03,4.041650000000000205e+02
1.419988800000000083e+03,4.040724999999999909e+02
1.419991199999999935e+03,4.043645999999999958e+02
1.419993699999999990e+03,4.050398000000000138e+02
1.419996100000000069e+03,4.059735000000000014e+02
1.419998499999999922e+03,4.070235000000000127e+02
1.420000999999999976e+03,4.080593999999999824e+02
1.420003400000000056e+03,4.088944999999999936e+02
1.420005900000000111e+03,4.092864000000000146e+02
1.420008299999999963e+03,4.090883999999999787e+02
1.420010700000000043e+03,4.083978999999999928e+02
1.420013200000000097e+03,4.075156999999999812e+02
1.420015599999999949e+03,4.067350999999999885e+02
1.420018100000000004e+03,4.061721999999999753e+02
1.420020500000000084e+03,4.058118999999999801e+02
1.420022899999999936e+03,4.056462999999999965e+02
1.420025399999999991e+03,4.056789999999999736e+02
1.420027800000000070e+03,4.058331999999999766e+02
1.420030299999999897e+03,4.059553999999999974e+02
1.420032699999999977e+03,4.059245000000000232e+02
1.420035200000000032e+03,4.057409999999999854e+02
1.420037600000000111e+03,4.055190000000000055e+02
1.420039999999999964e+03,4.053734999999999786e+02
1.420042500000000018e+03,4.052783000000000015e+02
1.420044900000000098e+03,4.050935000000000059e+02
1.420047399999999925e+03,4.047685000000000173e+02
1.420049800000000005e+03,4.044329999999999927e+02
1.420052200000000084e+03,4.042624999999999886e+02
1.420054699999999912e+03,4.043553999999999746e+02
1.420057099999999991e+03,4.047316999999999894e+02
1.420059600000000046e+03,4.053419999999999845e+02
1.420061999999999898e+03,4.060926000000000045e+02
1.420064499999999953e+03,4.069252000000000180e+02
1.420066900000000032e+03,4.078292999999999893e+02
1.420069300000000112e+03,4.087604000000000042e+02
1.420071799999999939e+03,4.096043000000000234e+02
1.420074200000000019e+03,4.102352000000000203e+02
1.420076700000000073e+03,4.105749000000000137e+02
1.420079099999999926e+03,4.106113000000000284e+02
1.420081500000000005e+03,4.103947999999999752e+02
1.420084000000000060e+03,4.100190000000000055e+02
1.420086399999999912e+03,4.095855000000000246e+02
1.420088899999999967e+03,4.091831000000000245e+02
1.420091300000000047e+03,4.088980999999999995e+02
1.420093800000000101e+03,4.088260999999999967e+02
1.420096199999999953e+03,4.090326999999999771e+02
1.420098600000000033e+03,4.094477999999999724e+02
1.420101100000000088e+03,4.098039999999999736e+02
1.420103499999999940e+03,4.098142000000000280e+02
1.420105999999999995e+03,4.094941999999999780e+02
1.420108400000000074e+03,4.092237999999999829e+02
1.420110799999999927e+03,4.094123999999999910e+02
1.420113299999999981e+03,4.101659999999999968e+02
1.420115700000000061e+03,4.112726999999999862e+02
1.420118199999999888e+03,4.123706999999999994e+02
1.420120599999999968e+03,4.131313999999999851e+02
1.420123000000000047e+03,4.134651000000000067e+02
1.420125500000000102e+03,4.136173000000000002e+02
1.420127899999999954e+03,4.139764000000000124e+02
1.420130400000000009e+03,4.147918999999999983e+02
1.420132800000000088e+03,4.160885999999999854e+02
1.420135299999999916e+03,4.177158000000000015e+02
1.420137699999999995e+03,4.193613000000000284e+02
1.420140100000000075e+03,4.206236000000000104e+02
1.420142599999999902e+03,4.212443000000000097e+02
1.420144999999999982e+03,4.213084000000000060e+02
1.420147500000000036e+03,4.211782000000000039e+02
1.420149899999999889e+03,4.212230000000000132e+02
1.420152299999999968e+03,4.215475999999999885e+02
1.420154800000000023e+03,4.218922000000000025e+02
1.420157200000000103e+03,4.218383999999999787e+02
1.420159699999999930e+03,4.212040000000000077e+02
1.420162100000000009e+03,4.202130000000000223e+02
1.420164600000000064e+03,4.192674999999999841e+02
1.420166999999999916e+03,4.186501000000000090e+02
1.420169399999999996e+03,4.184443999999999733e+02
1.420171900000000051e+03,4.185588000000000193e+02
1.420174299999999903e+03,4.187380999999999744e+02
1.420176799999999957e+03,4.187139000000000237e+02
1.420179200000000037e+03,4.184526000000000181e+02
1.420181599999999889e+03,4.181641000000000190e+02
1.420184099999999944e+03,4.180242000000000075e+02
1.420186500000000024e+03,4.180074000000000183e+02
1.420189000000000078e+03,4.180228000000000179e+02
1.420191399999999931e+03,4.180810000000000173e+02
1.420193800000000010e+03,4.182594000000000278e+02
1.420196300000000065e+03,4.185887000000000171e+02
1.420198699999999917e+03,4.190611000000000104e+02
1.420201199999999972e+03,4.197142000000000053e+02
1.420203600000000051e+03,4.206059999999999945e+02
1.420206100000000106e+03,4.216827000000000112e+02
1.420208499999999958e+03,4.227450000000000045e+02
1.420210900000000038e+03,4.235846999999999980e+02
1.420213400000000092e+03,4.241005000000000109e+02
1.420215799999999945e+03,4.242701999999999884e+02
1.420218299999999999e+03,4.241089999999999804e+02
1.420220700000000079e+03,4.237101999999999862e+02
1.420223099999999931e+03,4.232520000000000095e+02
1.420225599999999986e+03,4.228926000000000158e+02
1.420228000000000065e+03,4.226342000000000212e+02
1.420230499999999893e+03,4.222996999999999730e+02
1.420232899999999972e+03,4.216913000000000125e+02
1.420235400000000027e+03,4.208047000000000253e+02
1.420237800000000107e+03,4.198437000000000126e+02
1.420240199999999959e+03,4.189959000000000060e+02
1.420242700000000013e+03,4.182520999999999844e+02
1.420245100000000093e+03,4.174785999999999717e+02
1.420247599999999920e+03,4.166001999999999725e+02
1.420250000000000000e+03,4.156709999999999923e+02
1.420252400000000080e+03,4.148272999999999797e+02
1.420254899999999907e+03,4.142221000000000117e+02
1.420257299999999987e+03,4.139594000000000165e+02
1.420259800000000041e+03,4.140246999999999957e+02
1.420262199999999893e+03,4.142615999999999872e+02
1.420264599999999973e+03,4.144270000000000209e+02
1.420267100000000028e+03,4.142993999999999915e+02
1.420269500000000107e+03,4.137934000000000196e+02
1.420271999999999935e+03,4.130221000000000231e+02
1.420274400000000014e+03,4.122456999999999994e+02
1.420276900000000069e+03,4.117110999999999876e+02
1.420279299999999921e+03,4.115237000000000194e+02
1.420281700000000001e+03,4.116659000000000219e+02
1.420284200000000055e+03,4.120869999999999891e+02
1.420286599999999908e+03,4.127164000000000215e+02
1.420289099999999962e+03,4.134195000000000277e+02
1.420291500000000042e+03,4.140244000000000142e+02
1.420293899999999894e+03,4.144083999999999719e+02
1.420296399999999949e+03,4.145477000000000203e+02
1.420298800000000028e+03,4.145040999999999940e+02
1.420301300000000083e+03,4.143598000000000070e+02
1.420303699999999935e+03,4.141279999999999859e+02
1.420306199999999990e+03,4.137348999999999819e+02
1.420308600000000069e+03,4.131444000000000187e+02
1.420310999999999922e+03,4.124945999999999913e+02
1.420313499999999976e+03,4.120665000000000191e+02
1.420315900000000056e+03,4.121114999999999782e+02
1.420318400000000111e+03,4.127060000000000173e+02
1.420320799999999963e+03,4.137167999999999779e+02
1.420323200000000043e+03,4.148455000000000155e+02
1.420325700000000097e+03,4.157278000000000020e+02
1.420328099999999949e+03,4.161064000000000078e+02
1.420330600000000004e+03,4.159968000000000075e+02
1.420333000000000084e+03,4.156541000000000281e+02
1.420335399999999936e+03,4.153405000000000200e+02
1.420337899999999991e+03,4.151508999999999787e+02
1.420340300000000070e+03,4.150595000000000141e+02
1.420342799999999897e+03,4.150448000000000093e+02
1.420345199999999977e+03,4.151245999999999867e+02
1.420347700000000032e+03,4.153242999999999938e+02
1.420350100000000111e+03,4.156329000000000065e+02
1.420352499999999964e+03,4.159420000000000073e+02
1.420355000000000018e+03,4.160482000000000085e+02
1.420357400000000098e+03,4.158385000000000105e+02
1.420359899999999925e+03,4.154785999999999717e+02
1.420362300000000005e+03,4.152900999999999954e+02
1.420364700000000084e+03,4.154173999999999864e+02
1.420367199999999912e+03,4.157139000000000237e+02
1.420369599999999991e+03,4.159476000000000226e+02
1.420372100000000046e+03,4.160029999999999859e+02
1.420374499999999898e+03,4.158707999999999743e+02
1.420376999999999953e+03,4.155638999999999896e+02
1.420379400000000032e+03,4.151385000000000218e+02
1.420381800000000112e+03,4.147703000000000202e+02
1.420384299999999939e+03,4.147235000000000014e+02
1.420386700000000019e+03,4.152121000000000208e+02
1.420389200000000073e+03,4.162932000000000130e+02
1.420391599999999926e+03,4.178331999999999766e+02
1.420394000000000005e+03,4.194902000000000157e+02
1.420396500000000060e+03,4.207699000000000069e+02
1.420398899999999912e+03,4.212740000000000009e+02
1.420401399999999967e+03,4.210233000000000061e+02
1.420403800000000047e+03,4.204920999999999935e+02
1.420406199999999899e+03,4.202359999999999900e+02
1.420408699999999953e+03,4.204870000000000232e+02
1.420411100000000033e+03,4.210969000000000051e+02
1.420413600000000088e+03,4.217524000000000228e+02
1.420415999999999940e+03,4.221958000000000197e+02
1.420418499999999995e+03,4.223523000000000138e+02
1.420420900000000074e+03,4.223374999999999773e+02
1.420423299999999927e+03,4.222989999999999782e+02
1.420425799999999981e+03,4.222248000000000161e+02
1.420428200000000061e+03,4.219531999999999812e+02
1.420430699999999888e+03,4.213775999999999726e+02
1.420433099999999968e+03,4.205846999999999980e+02
1.420435500000000047e+03,4.197764999999999986e+02
1.420438000000000102e+03,4.191198999999999728e+02
1.420440399999999954e+03,4.187162999999999897e+02
1.420442900000000009e+03,4.186714999999999804e+02
1.420445300000000088e+03,4.191152999999999906e+02
1.420447799999999916e+03,4.200749999999999886e+02
1.420450199999999995e+03,4.212905000000000086e+02
1.420452600000000075e+03,4.222180000000000177e+02
1.420455099999999902e+03,4.223869000000000256e+02
1.420457499999999982e+03,4.218394000000000119e+02
1.420460000000000036e+03,4.211435000000000173e+02
1.420462399999999889e+03,4.209064999999999941e+02
1.420464799999999968e+03,4.212998000000000047e+02
1.420467300000000023e+03,4.220228000000000179e+02
1.420469700000000103e+03,4.226302000000000021e+02
1.420472199999999930e+03,4.228758000000000266e+02
1.420474600000000009e+03,4.228353000000000179e+02
1.420477100000000064e+03,4.227853999999999814e+02
1.420479499999999916e+03,4.229692999999999756e+02
1.420481899999999996e+03,4.234537000000000262e+02
1.420484400000000051e+03,4.241893000000000029e+02
1.420486799999999903e+03,4.251245999999999867e+02
1.420489299999999957e+03,4.261630000000000109e+02
1.420491700000000037e+03,4.270536000000000172e+02
1.420494099999999889e+03,4.274868000000000166e+02
1.420496599999999944e+03,4.273688999999999965e+02
1.420499000000000024e+03,4.269245000000000232e+02
1.420501500000000078e+03,4.264538999999999760e+02
1.420503899999999931e+03,4.260475999999999885e+02
1.420506300000000010e+03,4.256048000000000116e+02
1.420508800000000065e+03,4.250520000000000209e+02
1.420511199999999917e+03,4.244583000000000084e+02
1.420513699999999972e+03,4.239861999999999966e+02
1.420516100000000051e+03,4.237710000000000150e+02
1.420518600000000106e+03,4.238007999999999811e+02
1.420520999999999958e+03,4.238749000000000251e+02
1.420523400000000038e+03,4.237244999999999777e+02
1.420525900000000092e+03,4.232452000000000112e+02
1.420528299999999945e+03,4.226370000000000005e+02
1.420530799999999999e+03,4.222837000000000103e+02
1.420533200000000079e+03,4.224506999999999834e+02
1.420535599999999931e+03,4.230899000000000001e+02
1.420538099999999986e+03,4.239322999999999979e+02
1.420540500000000065e+03,4.247334999999999923e+02
1.420542999999999893e+03,4.254304999999999950e+02
1.420545399999999972e+03,4.261005000000000109e+02
1.420547900000000027e+03,4.267916999999999916e+02
1.420550300000000107e+03,4.274010000000000105e+02
1.420552699999999959e+03,4.277203000000000088e+02
1.420555200000000013e+03,4.276066000000000145e+02
1.420557600000000093e+03,4.271279000000000110e+02
1.420560099999999920e+03,4.265577999999999861e+02
1.420562500000000000e+03,4.262049999999999841e+02
1.420564900000000080e+03,4.262065999999999804e+02
1.420567399999999907e+03,4.264601999999999862e+02
1.420569799999999987e+03,4.267669999999999959e+02
1.420572300000000041e+03,4.270446000000000026e+02
1.420574699999999893e+03,4.273860000000000241e+02
1.420577099999999973e+03,4.279012999999999920e+02
1.420579600000000028e+03,4.285278000000000134e+02
1.420582000000000107e+03,4.290471999999999753e+02
1.420584499999999935e+03,4.292828000000000088e+02
1.420586900000000014e+03,4.292112999999999943e+02
1.420589400000000069e+03,4.288915000000000077e+02
1.420591799999999921e+03,4.284067000000000007e+02
1.420594200000000001e+03,4.279334999999999809e+02
1.420596700000000055e+03,4.277223999999999933e+02
1.420599099999999908e+03,4.278833000000000197e+02
1.420601599999999962e+03,4.282672999999999774e+02
1.420604000000000042e+03,4.286489000000000260e+02
1.420606399999999894e+03,4.289537000000000262e+02
1.420608899999999949e+03,4.292518999999999778e+02
1.420611300000000028e+03,4.296354000000000042e+02
1.420613800000000083e+03,4.301524999999999750e+02
1.420616199999999935e+03,4.307318999999999960e+02
1.420618699999999990e+03,4.311080999999999790e+02
1.420621100000000069e+03,4.309798999999999864e+02
1.420623499999999922e+03,4.303559000000000196e+02
1.420625999999999976e+03,4.296417000000000144e+02
1.420628400000000056e+03,4.292726000000000113e+02
1.420630900000000111e+03,4.293240000000000123e+02
1.420633299999999963e+03,4.295484999999999900e+02
1.420635700000000043e+03,4.297096999999999980e+02
1.420638200000000097e+03,4.297762999999999920e+02
1.420640599999999949e+03,4.298335000000000150e+02
1.420643100000000004e+03,4.299420999999999822e+02
1.420645500000000084e+03,4.301539000000000215e+02
1.420647899999999936e+03,4.305964999999999918e+02
1.420650399999999991e+03,4.314037999999999897e+02
1.420652800000000070e+03,4.324902999999999906e+02
1.420655299999999897e+03,4.334719999999999800e+02
1.420657699999999977e+03,4.339560999999999922e+02
1.420660200000000032e+03,4.339418000000000006e+02
1.420662600000000111e+03,4.338407000000000266e+02
1.420664999999999964e+03,4.340606999999999971e+02
1.420667500000000018e+03,4.346456000000000017e+02
1.420669900000000098e+03,4.353362999999999943e+02
1.420672399999999925e+03,4.358799999999999955e+02
1.420674800000000005e+03,4.362248999999999910e+02
1.420677200000000084e+03,4.364769999999999754e+02
1.420679699999999912e+03,4.367205000000000155e+02
1.420682099999999991e+03,4.368772999999999911e+02
1.420684600000000046e+03,4.367529999999999859e+02
1.420686999999999898e+03,4.362638000000000034e+02
1.420689499999999953e+03,4.355989999999999895e+02
1.420691900000000032e+03,4.350697999999999865e+02
1.420694300000000112e+03,4.347880999999999858e+02
1.420696799999999939e+03,4.345867999999999824e+02
1.420699200000000019e+03,4.342925000000000182e+02
1.420701700000000073e+03,4.339861999999999966e+02
1.420704099999999926e+03,4.339030000000000200e+02
1.420706500000000005e+03,4.341066999999999894e+02
1.420709000000000060e+03,4.343586999999999989e+02
1.420711399999999912e+03,4.343512999999999806e+02
1.420713899999999967e+03,4.340317000000000007e+02
1.420716300000000047e+03,4.336628999999999792e+02
1.420718800000000101e+03,4.335969000000000051e+02
1.420721199999999953e+03,4.340215000000000032e+02
1.420723600000000033e+03,4.348802999999999770e+02
1.420726100000000088e+03,4.359449999999999932e+02
1.420728499999999940e+03,4.369220000000000255e+02
1.420730999999999995e+03,4.375745999999999754e+02
1.420733400000000074e+03,4.378670999999999935e+02
1.420735799999999927e+03,4.380102999999999724e+02
1.420738299999999981e+03,4.383034999999999854e+02
1.420740700000000061e+03,4.388788000000000125e+02
1.420743199999999888e+03,4.395892000000000053e+02
1.420745599999999968e+03,4.401580000000000155e+02
1.420748000000000047e+03,4.404456999999999880e+02
1.420750500000000102e+03,4.405412000000000035e+02
1.420752899999999954e+03,4.405813999999999737e+02
1.420755400000000009e+03,4.405341999999999985e+02
1.420757800000000088e+03,4.402384999999999877e+02
1.420760299999999916e+03,4.396446000000000254e+02
1.420762699999999995e+03,4.389413000000000125e+02
1.420765100000000075e+03,4.384195000000000277e+02
1.420767599999999902e+03,4.382468999999999824e+02
1.420769999999999982e+03,4.383693999999999846e+02
1.420772500000000036e+03,4.385975000000000250e+02
1.420774899999999889e+03,4.387855000000000132e+02
1.420777299999999968e+03,4.389311999999999898e+02
1.420779800000000023e+03,4.391019000000000005e+02
1.420782200000000103e+03,4.393068000000000097e+02
1.420784699999999930e+03,4.394787000000000035e+02
1.420787100000000009e+03,4.395627999999999815e+02
1.420789600000000064e+03,4.396148000000000025e+02
1.420791999999999916e+03,4.398091000000000008e+02
1.420794399999999996e+03,4.403172000000000139e+02
1.420796900000000051e+03,4.411505000000000223e+02
1.420799299999999903e+03,4.421256000000000199e+02
1.420801799999999957e+03,4.429891000000000076e+02
1.420804200000000037e+03,4.435618000000000052e+02
1.420806599999999889e+03,4.437755000000000223e+02
1.420809099999999944e+03,4.436487999999999943e+02
1.420811500000000024e+03,4.433095999999999890e+02
1.420814000000000078e+03,4.430228000000000179e+02
1.420816399999999931e+03,4.430663000000000125e+02
1.420818800000000010e+03,4.434957999999999743e+02
1.420821300000000065e+03,4.440693999999999733e+02
1.420823699999999917e+03,4.444298000000000002e+02
1.420826199999999972e+03,4.443512999999999806e+02
1.420828600000000051e+03,4.438851999999999975e+02
1.420831100000000106e+03,4.433641000000000076e+02
1.420833499999999958e+03,4.432302999999999997e+02
1.420835900000000038e+03,4.437466000000000008e+02
1.420838400000000092e+03,4.448093999999999824e+02
1.420840799999999945e+03,4.460043000000000006e+02
1.420843299999999999e+03,4.468557000000000130e+02
1.420845700000000079e+03,4.470980999999999881e+02
1.420848099999999931e+03,4.467549999999999955e+02
1.420850599999999986e+03,4.459741000000000213e+02
1.420853000000000065e+03,4.448684999999999832e+02
1.420855499999999893e+03,4.435975000000000250e+02
1.420857899999999972e+03,4.425380999999999858e+02
1.420860400000000027e+03,4.421985000000000241e+02
1.420862800000000107e+03,4.428568000000000211e+02
1.420865199999999959e+03,4.443068999999999846e+02
1.420867700000000013e+03,4.460095000000000027e+02
1.420870100000000093e+03,4.474898999999999774e+02
1.420872599999999920e+03,4.485729999999999791e+02
1.420875000000000000e+03,4.492751999999999839e+02
1.420877400000000080e+03,4.495953999999999837e+02
1.420879899999999907e+03,4.495131000000000085e+02
1.420882299999999987e+03,4.491370999999999754e+02
1.420884800000000041e+03,4.487099999999999795e+02
1.420887199999999893e+03,4.484139000000000124e+02
1.420889599999999973e+03,4.482253999999999792e+02
1.420892100000000028e+03,4.480163000000000011e+02
1.420894500000000107e+03,4.477706999999999766e+02
1.420896999999999935e+03,4.476381999999999834e+02
1.420899400000000014e+03,4.477690000000000055e+02
1.420901900000000069e+03,4.481847999999999956e+02
1.420904299999999921e+03,4.488308999999999855e+02
1.420906700000000001e+03,4.496578999999999837e+02
1.420909200000000055e+03,4.505824999999999818e+02
1.420911599999999908e+03,4.514320000000000164e+02
1.420914099999999962e+03,4.520260999999999854e+02
1.420916500000000042e+03,4.523090000000000259e+02
1.420918899999999894e+03,4.523561000000000263e+02
1.420921399999999949e+03,4.522456999999999994e+02
1.420923800000000028e+03,4.519689000000000192e+02
1.420926300000000083e+03,4.514916000000000054e+02
1.420928699999999935e+03,4.508917000000000144e+02
1.420931199999999990e+03,4.504123999999999910e+02
1.420933600000000069e+03,4.503365999999999758e+02
1.420935999999999922e+03,4.507237000000000080e+02
1.420938499999999976e+03,4.512601000000000226e+02
1.420940900000000056e+03,4.514451000000000249e+02
1.420943400000000111e+03,4.509626999999999839e+02
1.420945799999999963e+03,4.498747000000000185e+02
1.420948200000000043e+03,4.485376999999999725e+02
1.420950700000000097e+03,4.474159000000000219e+02
1.420953099999999949e+03,4.468894999999999982e+02
1.420955600000000004e+03,4.470837000000000216e+02
1.420958000000000084e+03,4.478416000000000281e+02
1.420960399999999936e+03,4.488836000000000013e+02
1.420962899999999991e+03,4.499834999999999923e+02
1.420965300000000070e+03,4.509913000000000238e+02
1.420967799999999897e+03,4.517645999999999731e+02
1.420970199999999977e+03,4.521788999999999987e+02
1.420972700000000032e+03,4.522531999999999925e+02
1.420975100000000111e+03,4.522015000000000100e+02
1.420977499999999964e+03,4.522572999999999865e+02
1.420980000000000018e+03,4.524402000000000044e+02
1.420982400000000098e+03,4.525688999999999851e+02
1.420984899999999925e+03,4.524957999999999743e+02
1.420987300000000005e+03,4.522701999999999884e+02
1.420989700000000084e+03,4.520647999999999911e+02
1.420992199999999912e+03,4.520056000000000154e+02
1.420994599999999991e+03,4.521071999999999775e+02
1.420997100000000046e+03,4.523174999999999955e+02
1.420999499999999898e+03,4.525584000000000060e+02
1.421001999999999953e+03,4.527551000000000272e+02
1.421004400000000032e+03,4.528917000000000144e+02
1.421006800000000112e+03,4.530239000000000260e+02
1.421009299999999939e+03,4.532001000000000204e+02
1.421011700000000019e+03,4.533947000000000003e+02
1.421014200000000073e+03,4.535876000000000090e+02
1.421016599999999926e+03,4.538926999999999907e+02
1.421019000000000005e+03,4.544821000000000026e+02
1.421021500000000060e+03,4.553138000000000147e+02
1.421023899999999912e+03,4.560353000000000065e+02
1.421026399999999967e+03,4.562694999999999936e+02
1.421028800000000047e+03,4.559900000000000091e+02
1.421031199999999899e+03,4.555719000000000278e+02
1.421033699999999953e+03,4.554610999999999876e+02
1.421036100000000033e+03,4.557769000000000119e+02
1.421038600000000088e+03,4.562352000000000203e+02
1.421040999999999940e+03,4.564721000000000117e+02
1.421043499999999995e+03,4.564109000000000265e+02
1.421045900000000074e+03,4.562844999999999800e+02
1.421048299999999927e+03,4.563788999999999874e+02
1.421050799999999981e+03,4.568267000000000166e+02
1.421053200000000061e+03,4.575758000000000152e+02
1.421055699999999888e+03,4.584245000000000232e+02
1.421058099999999968e+03,4.590674000000000206e+02
1.421060500000000047e+03,4.591942000000000235e+02
1.421063000000000102e+03,4.586376999999999953e+02
1.421065399999999954e+03,4.574995999999999867e+02
1.421067900000000009e+03,4.561693000000000211e+02
1.421070300000000088e+03,4.551847999999999956e+02
1.421072799999999916e+03,4.549780000000000086e+02
1.421075199999999995e+03,4.556734000000000151e+02
1.421077600000000075e+03,4.570770999999999731e+02
1.421080099999999902e+03,4.587932999999999879e+02
1.421082499999999982e+03,4.603512000000000057e+02
1.421085000000000036e+03,4.613790000000000191e+02
1.421087399999999889e+03,4.618057999999999765e+02
1.421089799999999968e+03,4.618786000000000058e+02
1.421092300000000023e+03,4.619100999999999999e+02
1.421094700000000103e+03,4.620135999999999967e+02
1.421097199999999930e+03,4.620962000000000103e+02
1.421099600000000009e+03,4.620586000000000126e+02
1.421102100000000064e+03,4.619295999999999935e+02
1.421104499999999916e+03,4.617832999999999970e+02
1.421106899999999996e+03,4.616016000000000190e+02
1.421109400000000051e+03,4.613138999999999896e+02
1.421111799999999903e+03,4.609617000000000075e+02
1.421114299999999957e+03,4.607418000000000120e+02
1.421116700000000037e+03,4.608394999999999868e+02
1.421119099999999889e+03,4.612379000000000246e+02
1.421121599999999944e+03,4.617031000000000063e+02
1.421124000000000024e+03,4.619671999999999912e+02
1.421126500000000078e+03,4.619406999999999925e+02
1.421128899999999931e+03,4.617653999999999996e+02
1.421131300000000010e+03,4.616940000000000168e+02
1.421133800000000065e+03,4.619315000000000282e+02
1.421136199999999917e+03,4.625262000000000171e+02
1.421138699999999972e+03,4.633109999999999786e+02
1.421141100000000051e+03,4.639673000000000229e+02
1.421143600000000106e+03,4.642595000000000027e+02
1.421145999999999958e+03,4.642525999999999726e+02
1.421148400000000038e+03,4.642531000000000176e+02
1.421150900000000092e+03,4.645142999999999915e+02
1.421153299999999945e+03,4.650072000000000116e+02
1.421155799999999999e+03,4.654741000000000213e+02
1.421158200000000079e+03,4.656845000000000141e+02
1.421160599999999931e+03,4.656041999999999916e+02
1.421163099999999986e+03,4.653165999999999940e+02
1.421165500000000065e+03,4.648817999999999984e+02
1.421167999999999893e+03,4.643946000000000254e+02
1.421170399999999972e+03,4.640958999999999719e+02
1.421172900000000027e+03,4.642124000000000024e+02
1.421175300000000107e+03,4.646768000000000143e+02
1.421177699999999959e+03,4.651750000000000114e+02
1.421180200000000013e+03,4.654703999999999837e+02
1.421182600000000093e+03,4.655448999999999842e+02
1.421185099999999920e+03,4.654705999999999904e+02
1.421187500000000000e+03,4.653057000000000016e+02
1.421189900000000080e+03,4.651263999999999896e+02
1.421192399999999907e+03,4.650543999999999869e+02
1.421194799999999987e+03,4.652010999999999967e+02
1.421197300000000041e+03,4.655706000000000131e+02
1.421199699999999893e+03,4.660217999999999847e+02
1.421202099999999973e+03,4.663697000000000230e+02
1.421204600000000028e+03,4.665235000000000127e+02
1.421207000000000107e+03,4.664816000000000145e+02
1.421209499999999935e+03,4.662552999999999770e+02
1.421211900000000014e+03,4.658958000000000084e+02
1.421214400000000069e+03,4.655418000000000234e+02
1.421216799999999921e+03,4.653208999999999946e+02
1.421219200000000001e+03,4.652033999999999878e+02
1.421221700000000055e+03,4.650269000000000119e+02
1.421224099999999908e+03,4.646791999999999803e+02
1.421226599999999962e+03,4.642434000000000083e+02
1.421229000000000042e+03,4.639823000000000093e+02
1.421231399999999894e+03,4.641723999999999819e+02
1.421233899999999949e+03,4.648926000000000158e+02
1.421236300000000028e+03,4.659511999999999716e+02
1.421238800000000083e+03,4.670459999999999923e+02
1.421241199999999935e+03,4.679676999999999794e+02
1.421243699999999990e+03,4.686188000000000216e+02
1.421246100000000069e+03,4.689359000000000037e+02
1.421248499999999922e+03,4.689313999999999965e+02
1.421250999999999976e+03,4.687787000000000148e+02
1.421253400000000056e+03,4.687364999999999782e+02
1.421255900000000111e+03,4.689635000000000105e+02
1.421258299999999963e+03,4.694232999999999834e+02
1.421260700000000043e+03,4.699368999999999801e+02
1.421263200000000097e+03,4.703065000000000282e+02
1.421265599999999949e+03,4.704413000000000125e+02
1.421268100000000004e+03,4.704003000000000156e+02
1.421270500000000084e+03,4.702705000000000268e+02
1.421272899999999936e+03,4.700081000000000131e+02
1.421275399999999991e+03,4.694952000000000112e+02
1.421277800000000070e+03,4.687579999999999814e+02
1.421280299999999897e+03,4.680215000000000032e+02
1.421282699999999977e+03,4.675303999999999860e+02
1.421285200000000032e+03,4.673971000000000231e+02
1.421287600000000111e+03,4.675840999999999781e+02
1.421289999999999964e+03,4.679089999999999918e+02
1.421292500000000018e+03,4.681091999999999871e+02
1.421294900000000098e+03,4.680414999999999850e+02
1.421297399999999925e+03,4.678081999999999994e+02
1.421299800000000005e+03,4.676533999999999764e+02
1.421302200000000084e+03,4.678041000000000054e+02
1.421304699999999912e+03,4.683992999999999824e+02
1.421307099999999991e+03,4.694341999999999757e+02
1.421309600000000046e+03,4.707284000000000219e+02
1.421311999999999898e+03,4.719877999999999929e+02
1.421314499999999953e+03,4.729015999999999735e+02
1.421316900000000032e+03,4.732524000000000228e+02
1.421319300000000112e+03,4.730774999999999864e+02
1.421321799999999939e+03,4.727020999999999731e+02
1.421324200000000019e+03,4.724911000000000172e+02
1.421326700000000073e+03,4.725765999999999849e+02
1.421329099999999926e+03,4.728634000000000128e+02
1.421331500000000005e+03,4.731806000000000267e+02
1.421334000000000060e+03,4.733792000000000257e+02
1.421336399999999912e+03,4.734148999999999887e+02
1.421338899999999967e+03,4.734121000000000095e+02
1.421341300000000047e+03,4.735629999999999882e+02
1.421343800000000101e+03,4.739270000000000209e+02
1.421346199999999953e+03,4.743652000000000157e+02
1.421348600000000033e+03,4.746571000000000140e+02
1.421351100000000088e+03,4.746446000000000254e+02
1.421353499999999940e+03,4.743288999999999760e+02
1.421355999999999995e+03,4.739057000000000244e+02
1.421358400000000074e+03,4.736625000000000227e+02
1.421360799999999927e+03,4.737363000000000284e+02
1.421363299999999981e+03,4.739434999999999718e+02
1.421365700000000061e+03,4.739037000000000148e+02
1.421368199999999888e+03,4.733829000000000065e+02
1.421370599999999968e+03,4.725373000000000161e+02
1.421373000000000047e+03,4.718050999999999817e+02
1.421375500000000102e+03,4.715337000000000103e+02
1.421377899999999954e+03,4.717287999999999784e+02
1.421380400000000009e+03,4.721784999999999854e+02
1.421382800000000088e+03,4.727334999999999923e+02
1.421385299999999916e+03,4.733844000000000278e+02
1.421387699999999995e+03,4.741197000000000230e+02
1.421390100000000075e+03,4.747955000000000041e+02
1.421392599999999902e+03,4.751922000000000139e+02
1.421394999999999982e+03,4.752325000000000159e+02
1.421397500000000036e+03,4.751229999999999905e+02
1.421399899999999889e+03,4.751929000000000087e+02
1.421402299999999968e+03,4.755776000000000181e+02
1.421404800000000023e+03,4.761306000000000154e+02
1.421407200000000103e+03,4.766474000000000046e+02
1.421409699999999930e+03,4.770799999999999841e+02
1.421412100000000009e+03,4.775083000000000197e+02
1.421414600000000064e+03,4.779999000000000251e+02
1.421416999999999916e+03,4.785511999999999944e+02
1.421419399999999996e+03,4.790792000000000144e+02
1.421421900000000051e+03,4.794148999999999887e+02
1.421424299999999903e+03,4.793876999999999953e+02
1.421426799999999957e+03,4.789800000000000182e+02
1.421429200000000037e+03,4.783618999999999915e+02
1.421431599999999889e+03,4.777887000000000057e+02
1.421434099999999944e+03,4.775029000000000110e+02
1.421436500000000024e+03,4.776360999999999990e+02
1.421439000000000078e+03,4.780790000000000077e+02
1.421441399999999931e+03,4.785203999999999951e+02
1.421443800000000010e+03,4.787151000000000067e+02
1.421446300000000065e+03,4.786598999999999933e+02
1.421448699999999917e+03,4.784775999999999954e+02
1.421451199999999972e+03,4.782275000000000205e+02
1.421453600000000051e+03,4.778629000000000246e+02
1.421456100000000106e+03,4.772957999999999856e+02
1.421458499999999958e+03,4.765373999999999910e+02
1.421460900000000038e+03,4.758437999999999874e+02
1.421463400000000092e+03,4.756379000000000019e+02
1.421465799999999945e+03,4.761736000000000217e+02
1.421468299999999999e+03,4.772842999999999734e+02
1.421470700000000079e+03,4.784884999999999877e+02
1.421473099999999931e+03,4.793093999999999824e+02
1.421475599999999986e+03,4.795527000000000157e+02
1.421478000000000065e+03,4.794024000000000001e+02
1.421480499999999893e+03,4.792642000000000166e+02
1.421482899999999972e+03,4.794191999999999894e+02
1.421485400000000027e+03,4.798066999999999780e+02
1.421487800000000107e+03,4.801743999999999915e+02
1.421490199999999959e+03,4.803951999999999884e+02
1.421492700000000013e+03,4.805534999999999854e+02
1.421495100000000093e+03,4.807438000000000216e+02
1.421497599999999920e+03,4.808928999999999974e+02
1.421500000000000000e+03,4.808292000000000144e+02
1.421502400000000080e+03,4.804861000000000217e+02
1.421504899999999907e+03,4.800104999999999791e+02
1.421507299999999987e+03,4.796492000000000075e+02
1.421509800000000041e+03,4.795249999999999773e+02
1.421512199999999893e+03,4.795808000000000106e+02
1.421514599999999973e+03,4.797416999999999803e+02
1.421517100000000028e+03,4.799882999999999811e+02
1.421519500000000107e+03,4.802622000000000071e+02
1.421521999999999935e+03,4.804696999999999889e+02
1.421524400000000014e+03,4.806052999999999997e+02
1.421526900000000069e+03,4.807149999999999750e+02
1.421529299999999921e+03,4.807463000000000193e+02
1.421531700000000001e+03,4.805770999999999731e+02
1.421534200000000055e+03,4.802148000000000252e+02
1.421536599999999908e+03,4.798666999999999803e+02
1.421539099999999962e+03,4.797389999999999759e+02
1.421541500000000042e+03,4.798133000000000266e+02
1.421543899999999894e+03,4.799085999999999785e+02
1.421546399999999949e+03,4.799495999999999754e+02
1.421548800000000028e+03,4.800942999999999756e+02
1.421551300000000083e+03,4.805665000000000191e+02
1.421553699999999935e+03,4.813967999999999847e+02
1.421556199999999990e+03,4.823394000000000119e+02
1.421558600000000069e+03,4.830384000000000242e+02
1.421560999999999922e+03,4.832946999999999775e+02
1.421563499999999976e+03,4.832119999999999891e+02
1.421565900000000056e+03,4.831080000000000041e+02
1.421568400000000111e+03,4.832778999999999883e+02
1.421570799999999963e+03,4.838045999999999935e+02
1.421573200000000043e+03,4.845371999999999844e+02
1.421575700000000097e+03,4.852158000000000015e+02
1.421578099999999949e+03,4.856084000000000174e+02
1.421580600000000004e+03,4.855801000000000158e+02
1.421583000000000084e+03,4.851383000000000152e+02
1.421585399999999936e+03,4.844845000000000255e+02
1.421587899999999991e+03,4.839802999999999997e+02
1.421590300000000070e+03,4.839630999999999972e+02
1.421592799999999897e+03,4.845253999999999905e+02
1.421595199999999977e+03,4.854334999999999809e+02
1.421597700000000032e+03,4.862615999999999872e+02
1.421600100000000111e+03,4.866478999999999928e+02
1.421602499999999964e+03,4.865144999999999982e+02
1.421605000000000018e+03,4.861093999999999937e+02
1.421607400000000098e+03,4.858238999999999805e+02
1.421609899999999925e+03,4.859144000000000005e+02
1.421612300000000005e+03,4.863505999999999858e+02
1.421614700000000084e+03,4.868715000000000259e+02
1.421617199999999912e+03,4.871383000000000152e+02
1.421619599999999991e+03,4.868985999999999876e+02
1.421622100000000046e+03,4.861474000000000046e+02
1.421624499999999898e+03,4.851784000000000106e+02
1.421626999999999953e+03,4.844128000000000043e+02
1.421629400000000032e+03,4.841250999999999749e+02
1.421631800000000112e+03,4.843224000000000160e+02
1.421634299999999939e+03,4.848570000000000277e+02
1.421636700000000019e+03,4.855819999999999936e+02
1.421639200000000073e+03,4.863614999999999782e+02
1.421641599999999926e+03,4.870036000000000058e+02
1.421644000000000005e+03,4.872971999999999753e+02
1.421646500000000060e+03,4.871759999999999877e+02
1.421648899999999912e+03,4.868389000000000237e+02
1.421651399999999967e+03,4.866628999999999792e+02
1.421653800000000047e+03,4.869119000000000028e+02
1.421656199999999899e+03,4.874744000000000028e+02
1.421658699999999953e+03,4.879347000000000207e+02
1.421661100000000033e+03,4.879855000000000018e+02
1.421663600000000088e+03,4.877583000000000197e+02
1.421665999999999940e+03,4.876646000000000072e+02
1.421668499999999995e+03,4.878969999999999914e+02
1.421670900000000074e+03,4.882097999999999729e+02
1.421673299999999927e+03,4.882862000000000080e+02
1.421675799999999981e+03,4.881983999999999924e+02
1.421678200000000061e+03,4.883319999999999936e+02
1.421680699999999888e+03,4.889116999999999962e+02
1.421683099999999968e+03,4.897744000000000142e+02
1.421685500000000047e+03,4.905980999999999881e+02
1.421688000000000102e+03,4.912035000000000196e+02
1.421690399999999954e+03,4.915989999999999895e+02
1.421692900000000009e+03,4.918235000000000241e+02
1.421695300000000088e+03,4.918231000000000108e+02
1.421697799999999916e+03,4.915040999999999940e+02
1.421700199999999995e+03,4.909008000000000038e+02
1.421702600000000075e+03,4.902667000000000144e+02
1.421705099999999902e+03,4.899420000000000073e+02
1.421707499999999982e+03,4.900545999999999935e+02
1.421710000000000036e+03,4.903589999999999804e+02
1.421712399999999889e+03,4.904671999999999912e+02
1.421714799999999968e+03,4.902606999999999857e+02
1.421717300000000023e+03,4.899950999999999794e+02
1.421719700000000103e+03,4.900013000000000147e+02
1.421722199999999930e+03,4.904005999999999972e+02
1.421724600000000009e+03,4.910939999999999941e+02
1.421727100000000064e+03,4.918697999999999979e+02
1.421729499999999916e+03,4.924891000000000076e+02
1.421731899999999996e+03,4.927932000000000130e+02
1.421734400000000051e+03,4.928091000000000008e+02
1.421736799999999903e+03,4.927533999999999992e+02
1.421739299999999957e+03,4.928863000000000056e+02
1.421741700000000037e+03,4.933082999999999743e+02
1.421744099999999889e+03,4.938985999999999876e+02
1.421746599999999944e+03,4.944705000000000155e+02
1.421749000000000024e+03,4.949463999999999828e+02
1.421751500000000078e+03,4.953394999999999868e+02
1.421753899999999931e+03,4.956197999999999979e+02
1.421756300000000010e+03,4.956929999999999836e+02
1.421758800000000065e+03,4.955147000000000048e+02
1.421761199999999917e+03,4.951603000000000065e+02
1.421763699999999972e+03,4.947531000000000176e+02
1.421766100000000051e+03,4.943756000000000199e+02
1.421768600000000106e+03,4.940663999999999874e+02
1.421770999999999958e+03,4.938009999999999877e+02
1.421773400000000038e+03,4.934390000000000214e+02
1.421775900000000092e+03,4.928134999999999764e+02
1.421778299999999945e+03,4.919682000000000244e+02
1.421780799999999999e+03,4.912604999999999791e+02
1.421783200000000079e+03,4.911209000000000060e+02
1.421785599999999931e+03,4.916836000000000126e+02
1.421788099999999986e+03,4.926933000000000220e+02
1.421790500000000065e+03,4.937812999999999874e+02
1.421792999999999893e+03,4.947724999999999795e+02
1.421795399999999972e+03,4.956967999999999961e+02
1.421797900000000027e+03,4.965760000000000218e+02
1.421800300000000107e+03,4.972744000000000142e+02
1.421802699999999959e+03,4.975495000000000232e+02
1.421805200000000013e+03,4.972321999999999775e+02
1.421807600000000093e+03,4.963892999999999915e+02
1.421810099999999920e+03,4.953023999999999774e+02
1.421812500000000000e+03,4.942719999999999914e+02
1.421814900000000080e+03,4.934922000000000253e+02
1.421817399999999907e+03,4.931190000000000282e+02
1.421819799999999987e+03,4.933100999999999772e+02
1.421822300000000041e+03,4.940593999999999824e+02
1.421824699999999893e+03,4.950615999999999985e+02
1.421827099999999973e+03,4.958614000000000033e+02
1.421829600000000028e+03,4.961499000000000024e+02
1.421832000000000107e+03,4.959243999999999915e+02
1.421834499999999935e+03,4.954542000000000144e+02
1.421836900000000014e+03,4.951139999999999759e+02
1.421839400000000069e+03,4.951702000000000226e+02
1.421841799999999921e+03,4.956596000000000117e+02
1.421844200000000001e+03,4.964164000000000101e+02
1.421846700000000055e+03,4.971662000000000035e+02
1.421849099999999908e+03,4.976267000000000280e+02
1.421851599999999962e+03,4.976544000000000096e+02
1.421854000000000042e+03,4.973654000000000224e+02
1.421856399999999894e+03,4.970482999999999834e+02
1.421858899999999949e+03,4.969051000000000045e+02
1.421861300000000028e+03,4.969261000000000195e+02
1.421863800000000083e+03,4.970441999999999894e+02
1.421866199999999935e+03,4.973090000000000259e+02
1.421868699999999990e+03,4.977948000000000093e+02
1.421871100000000069e+03,4.983926999999999907e+02
1.421873499999999922e+03,4.988355999999999995e+02
1.421875999999999976e+03,4.989395000000000095e+02
1.421878400000000056e+03,4.987284000000000219e+02
1.421880900000000111e+03,4.983285999999999945e+02
1.421883299999999963e+03,4.978328000000000202e+02
1.421885700000000043e+03,4.973032999999999788e+02
1.421888200000000097e+03,4.968512999999999806e+02
1.421890599999999949e+03,4.966736000000000217e+02
1.421893100000000004e+03,4.969594999999999914e+02
1.421895500000000084e+03,4.977099999999999795e+02
1.421897899999999936e+03,4.986854999999999905e+02
1.421900399999999991e+03,4.995828999999999951e+02
1.421902800000000070e+03,5.002110999999999876e+02
1.421905299999999897e+03,5.004705999999999904e+02
1.421907699999999977e+03,5.003014999999999759e+02
1.421910200000000032e+03,4.997497999999999934e+02
1.421912600000000111e+03,4.990106000000000108e+02
1.421914999999999964e+03,4.983441000000000258e+02
1.421917500000000018e+03,4.979524999999999864e+02
1.421919900000000098e+03,4.979137999999999806e+02
1.421922399999999925e+03,4.981687000000000012e+02
1.421924800000000005e+03,4.985425999999999931e+02
1.421927200000000084e+03,4.988229999999999791e+02
1.421929699999999912e+03,4.988913999999999760e+02
1.421932099999999991e+03,4.987918999999999983e+02
1.421934600000000046e+03,4.986580000000000155e+02
1.421936999999999898e+03,4.985733000000000175e+02
1.421939499999999953e+03,4.985058999999999969e+02
1.421941900000000032e+03,4.983706999999999994e+02
1.421944300000000112e+03,4.981480000000000246e+02
1.421946799999999939e+03,4.979553000000000225e+02
1.421949200000000019e+03,4.980298000000000229e+02
1.421951700000000073e+03,4.985930999999999926e+02
1.421954099999999926e+03,4.996173000000000002e+02
1.421956500000000005e+03,5.007131999999999721e+02
1.421959000000000060e+03,5.013838999999999828e+02
1.421961399999999912e+03,5.014413000000000125e+02
1.421963899999999967e+03,5.011113000000000284e+02
1.421966300000000047e+03,5.007337999999999738e+02
1.421968800000000101e+03,5.004547000000000025e+02
1.421971199999999953e+03,5.002350999999999885e+02
1.421973600000000033e+03,5.000627000000000066e+02
1.421976100000000088e+03,5.000448999999999842e+02
1.421978499999999940e+03,5.002783999999999764e+02
1.421980999999999995e+03,5.007010999999999967e+02
1.421983400000000074e+03,5.011553000000000111e+02
1.421985799999999927e+03,5.015645999999999844e+02
1.421988299999999981e+03,5.019390999999999963e+02
1.421990700000000061e+03,5.022425000000000068e+02
1.421993199999999888e+03,5.024116999999999962e+02
1.421995599999999968e+03,5.025201000000000136e+02
1.421998000000000047e+03,5.027961000000000240e+02
1.422000500000000102e+03,5.034132000000000176e+02
1.422002899999999954e+03,5.042740000000000009e+02
1.422005400000000009e+03,5.050158999999999878e+02
1.422007800000000088e+03,5.052828999999999837e+02
1.422010299999999916e+03,5.050548999999999751e+02
1.422012699999999995e+03,5.046653000000000020e+02
1.422015100000000075e+03,5.044311000000000149e+02
1.422017599999999902e+03,5.043294000000000210e+02
1.422019999999999982e+03,5.041055000000000064e+02
1.422022500000000036e+03,5.036198999999999728e+02
1.422024899999999889e+03,5.029990000000000236e+02
1.422027299999999968e+03,5.024970999999999890e+02
1.422029800000000023e+03,5.022735999999999876e+02
1.422032200000000103e+03,5.022567000000000235e+02
1.422034699999999930e+03,5.022042999999999893e+02
1.422037100000000009e+03,5.019578999999999951e+02
1.422039600000000064e+03,5.016345000000000027e+02
1.422041999999999916e+03,5.015353999999999814e+02
1.422044399999999996e+03,5.018999000000000024e+02
1.422046900000000051e+03,5.027400999999999840e+02
1.422049299999999903e+03,5.038038000000000238e+02
1.422051799999999957e+03,5.046585000000000036e+02
1.422054200000000037e+03,5.049519999999999982e+02
1.422056599999999889e+03,5.046849000000000274e+02
1.422059099999999944e+03,5.041707999999999856e+02
1.422061500000000024e+03,5.036997000000000071e+02
1.422064000000000078e+03,5.033063999999999965e+02
1.422066399999999931e+03,5.028747999999999934e+02
1.422068800000000010e+03,5.023879000000000019e+02
1.422071300000000065e+03,5.020303000000000111e+02
1.422073699999999917e+03,5.020387000000000057e+02
1.422076199999999972e+03,5.024574000000000069e+02
1.422078600000000051e+03,5.030674999999999955e+02
1.422081100000000106e+03,5.035812000000000239e+02
1.422083499999999958e+03,5.038818999999999733e+02
1.422085900000000038e+03,5.040837000000000216e+02
1.422088400000000092e+03,5.043903999999999996e+02
1.422090799999999945e+03,5.048922999999999774e+02
1.422093299999999999e+03,5.054820000000000277e+02
1.422095700000000079e+03,5.059601999999999862e+02
1.422098099999999931e+03,5.061938999999999851e+02
1.422100599999999986e+03,5.061263000000000147e+02
1.422103000000000065e+03,5.056999999999999886e+02
1.422105499999999893e+03,5.049094000000000051e+02
1.422107899999999972e+03,5.039307999999999765e+02
1.422110400000000027e+03,5.030767000000000166e+02
1.422112800000000107e+03,5.025808000000000106e+02
1.422115199999999959e+03,5.024739000000000146e+02
1.422117700000000013e+03,5.026372000000000071e+02
1.422120100000000093e+03,5.028940999999999804e+02
1.422122599999999920e+03,5.030738000000000056e+02
1.422125000000000000e+03,5.030928000000000111e+02
1.422127400000000080e+03,5.030203999999999951e+02
1.422129899999999907e+03,5.030140000000000100e+02
1.422132299999999987e+03,5.031403000000000247e+02
1.422134800000000041e+03,5.032925000000000182e+02
1.422137199999999893e+03,5.033580999999999790e+02
1.422139599999999973e+03,5.034277999999999906e+02
1.422142100000000028e+03,5.037099000000000046e+02
1.422144500000000107e+03,5.042237999999999829e+02
1.422146999999999935e+03,5.047149999999999750e+02
1.422149400000000014e+03,5.049424000000000206e+02
1.422151900000000069e+03,5.049506000000000085e+02
1.422154299999999921e+03,5.049680999999999926e+02
1.422156700000000001e+03,5.051114999999999782e+02
1.422159200000000055e+03,5.052939999999999827e+02
1.422161599999999908e+03,5.053998000000000275e+02
1.422164099999999962e+03,5.054535999999999945e+02
1.422166500000000042e+03,5.055783999999999878e+02
1.422168899999999894e+03,5.058161999999999807e+02
1.422171399999999949e+03,5.060496999999999730e+02
1.422173800000000028e+03,5.061145000000000209e+02
1.422176300000000083e+03,5.059454000000000065e+02
1.422178699999999935e+03,5.055710000000000264e+02
1.422181199999999990e+03,5.050027999999999793e+02
1.422183600000000069e+03,5.042504000000000133e+02
1.422185999999999922e+03,5.034914999999999736e+02
1.422188499999999976e+03,5.030910000000000082e+02
1.422190900000000056e+03,5.033063000000000216e+02
1.422193400000000111e+03,5.040185000000000173e+02
1.422195799999999963e+03,5.048124000000000251e+02
1.422198200000000043e+03,5.052466999999999757e+02
1.422200700000000097e+03,5.050774000000000115e+02
1.422203099999999949e+03,5.044175000000000182e+02
1.422205600000000004e+03,5.037262000000000057e+02
1.422208000000000084e+03,5.034830999999999790e+02
1.422210399999999936e+03,5.038014000000000010e+02
1.422212899999999991e+03,5.043903999999999996e+02
1.422215300000000070e+03,5.048740999999999985e+02
1.422217799999999897e+03,5.050971999999999866e+02
1.422220199999999977e+03,5.051324999999999932e+02
1.422222700000000032e+03,5.050620000000000118e+02
1.422225100000000111e+03,5.048448999999999955e+02
1.422227499999999964e+03,5.044653000000000134e+02
1.422230000000000018e+03,5.041055999999999813e+02
1.422232400000000098e+03,5.039895999999999958e+02
1.422234899999999925e+03,5.040683000000000220e+02
1.422237300000000005e+03,5.040819000000000187e+02
1.422239700000000084e+03,5.039875999999999863e+02
1.422242199999999912e+03,5.041333000000000197e+02
1.422244599999999991e+03,5.048990000000000009e+02
1.422247100000000046e+03,5.062576000000000249e+02
1.422249499999999898e+03,5.077361999999999966e+02
1.422251999999999953e+03,5.087328999999999724e+02
1.422254400000000032e+03,5.089152000000000271e+02
1.422256800000000112e+03,5.084606999999999744e+02
1.422259299999999939e+03,5.079397000000000162e+02
1.422261700000000019e+03,5.078439999999999941e+02
1.422264200000000073e+03,5.081331999999999880e+02
1.422266599999999926e+03,5.082608000000000175e+02
1.422269000000000005e+03,5.076938999999999851e+02
1.422271500000000060e+03,5.064365999999999985e+02
1.422273899999999912e+03,5.050557999999999765e+02
1.422276399999999967e+03,5.042144000000000119e+02
1.422278800000000047e+03,5.041580000000000155e+02
1.422281199999999899e+03,5.045885000000000105e+02
1.422283699999999953e+03,5.049877999999999929e+02
1.422286100000000033e+03,5.050529999999999973e+02
1.422288600000000088e+03,5.048466999999999985e+02
1.422290999999999940e+03,5.046104000000000269e+02
1.422293499999999995e+03,5.045296999999999912e+02
1.422295900000000074e+03,5.046818999999999846e+02
1.422298299999999927e+03,5.050962000000000103e+02
1.422300799999999981e+03,5.057223000000000184e+02
1.422303200000000061e+03,5.063444999999999823e+02
1.422305699999999888e+03,5.066784999999999854e+02
1.422308099999999968e+03,5.066360999999999990e+02
1.422310500000000047e+03,5.064456000000000131e+02
1.422313000000000102e+03,5.064474999999999909e+02
1.422315399999999954e+03,5.067746000000000208e+02
1.422317900000000009e+03,5.072307000000000130e+02
1.422320300000000088e+03,5.074737000000000080e+02
1.422322799999999916e+03,5.073365000000000009e+02
1.422325199999999995e+03,5.069961000000000126e+02
1.422327600000000075e+03,5.068016999999999825e+02
1.422330099999999902e+03,5.069110999999999763e+02
1.422332499999999982e+03,5.071152000000000157e+02
1.422335000000000036e+03,5.070622999999999934e+02
1.422337399999999889e+03,5.066743999999999915e+02
1.422339799999999968e+03,5.062862999999999829e+02
1.422342300000000023e+03,5.063093000000000075e+02
1.422344700000000103e+03,5.068109999999999786e+02
1.422347199999999930e+03,5.074759999999999991e+02
1.422349600000000009e+03,5.078838999999999828e+02
1.422352100000000064e+03,5.077522999999999911e+02
1.422354499999999916e+03,5.070427999999999997e+02
1.422356899999999996e+03,5.059705000000000155e+02
1.422359400000000051e+03,5.049037000000000148e+02
1.422361799999999903e+03,5.041949999999999932e+02
1.422364299999999957e+03,5.040294000000000096e+02
1.422366700000000037e+03,5.043496999999999844e+02
1.422369099999999889e+03,5.049112999999999829e+02
1.422371599999999944e+03,5.054280999999999722e+02
1.422374000000000024e+03,5.056791000000000054e+02
1.422376500000000078e+03,5.055593999999999824e+02
1.422378899999999931e+03,5.051426000000000158e+02
1.422381300000000010e+03,5.047174999999999727e+02
1.422383800000000065e+03,5.046764000000000010e+02
1.422386199999999917e+03,5.052606999999999857e+02
1.422388699999999972e+03,5.063543000000000234e+02
1.422391100000000051e+03,5.075536000000000172e+02
1.422393600000000106e+03,5.084943000000000097e+02
1.422395999999999958e+03,5.091173000000000002e+02
1.422398400000000038e+03,5.096413000000000011e+02
1.422400900000000092e+03,5.103253000000000270e+02
1.422403299999999945e+03,5.112208999999999719e+02
1.422405799999999999e+03,5.120617999999999483e+02
1.422408200000000079e+03,5.124067999999999756e+02
1.422410599999999931e+03,5.119974000000000274e+02
1.422413099999999986e+03,5.110248000000000275e+02
1.422415500000000065e+03,5.100070000000000050e+02
1.422417999999999893e+03,5.093822000000000116e+02
1.422420399999999972e+03,5.092103000000000179e+02
1.422422900000000027e+03,5.091918999999999755e+02
1.422425300000000107e+03,5.089483000000000175e+02
1.422427699999999959e+03,5.083675999999999817e+02
1.422430200000000013e+03,5.077131999999999721e+02
1.422432600000000093e+03,5.073294999999999959e+02
1.422435099999999920e+03,5.072708000000000084e+02
1.422437500000000000e+03,5.073215000000000146e+02
1.422439900000000080e+03,5.073369000000000142e+02
1.422442399999999907e+03,5.074096000000000117e+02
1.422444799999999987e+03,5.076904999999999859e+02
1.422447300000000041e+03,5.081832999999999743e+02
1.422449699999999893e+03,5.087538000000000125e+02
1.422452099999999973e+03,5.092500000000000000e+02
1.422454600000000028e+03,5.096100000000000136e+02
1.422457000000000107e+03,5.099193000000000211e+02
1.422459499999999935e+03,5.103147000000000162e+02
1.422461900000000014e+03,5.107674000000000092e+02
1.422464400000000069e+03,5.110482000000000085e+02
1.422466799999999921e+03,5.109726999999999748e+02
1.422469200000000001e+03,5.105869999999999891e+02
1.422471700000000055e+03,5.100609999999999786e+02
1.422474099999999908e+03,5.095235999999999876e+02
1.422476599999999962e+03,5.090645000000000095e+02
1.422479000000000042e+03,5.087708000000000084e+02
1.422481399999999894e+03,5.086777000000000157e+02
1.422483899999999949e+03,5.087574000000000183e+02
1.422486300000000028e+03,5.090133000000000152e+02
1.422488800000000083e+03,5.095054999999999836e+02
1.422491199999999935e+03,5.102142000000000053e+02
1.422493699999999990e+03,5.109626999999999839e+02
1.422496100000000069e+03,5.115862000000000194e+02
1.422498499999999922e+03,5.121232999999999720e+02
1.422500999999999976e+03,5.127173000000000229e+02
1.422503400000000056e+03,5.133440000000000509e+02
1.422505900000000111e+03,5.137423000000000002e+02
1.422508299999999963e+03,5.136337999999999511e+02
1.422510700000000043e+03,5.130025000000000546e+02
1.422513200000000097e+03,5.121946000000000367e+02
1.422515599999999949e+03,5.117481000000000222e+02
1.422518100000000004e+03,5.120306000000000495e+02
1.422520500000000084e+03,5.129308999999999514e+02
1.422522899999999936e+03,5.138922000000000025e+02
1.422525399999999991e+03,5.142957000000000107e+02
1.422527800000000070e+03,5.138550999999999931e+02
1.422530299999999897e+03,5.127168000000000347e+02
1.422532699999999977e+03,5.112934999999999945e+02
1.422535200000000032e+03,5.100337000000000103e+02
1.422537600000000111e+03,5.092341000000000122e+02
1.422539999999999964e+03,5.089306000000000267e+02
1.422542500000000018e+03,5.089291999999999803e+02
1.422544900000000098e+03,5.089716999999999985e+02
1.422547399999999925e+03,5.089526999999999930e+02
1.422549800000000005e+03,5.090208999999999833e+02
1.422552200000000084e+03,5.094100000000000250e+02
1.422554699999999912e+03,5.101170000000000186e+02
1.422557099999999991e+03,5.108355999999999995e+02
1.422559600000000046e+03,5.112719000000000165e+02
1.422561999999999898e+03,5.114354000000000156e+02
1.422564499999999953e+03,5.115333999999999719e+02
1.422566900000000032e+03,5.116711000000000240e+02
1.422569300000000112e+03,5.117599000000000160e+02
1.422571799999999939e+03,5.117058000000000106e+02
1.422574200000000019e+03,5.116202000000000112e+02
1.422576700000000073e+03,5.117785000000000082e+02
1.422579099999999926e+03,5.123252999999999702e+02
1.422581500000000005e+03,5.130592000000000326e+02
1.422584000000000060e+03,5.135877000000000407e+02
1.422586399999999912e+03,5.137109000000000378e+02
1.422588899999999967e+03,5.136204999999999927e+02
1.422591300000000047e+03,5.137056999999999789e+02
1.422593800000000101e+03,5.141900000000000546e+02
1.422596199999999953e+03,5.149660000000000082e+02
1.422598600000000033e+03,5.157110999999999876e+02
1.422601100000000088e+03,5.160890000000000555e+02
1.422603499999999940e+03,5.158808000000000220e+02
1.422605999999999995e+03,5.150711999999999762e+02
1.422608400000000074e+03,5.139207999999999856e+02
1.422610799999999927e+03,5.129316999999999780e+02
1.422613299999999981e+03,5.125836000000000467e+02
1.422615700000000061e+03,5.129790000000000418e+02
1.422618199999999888e+03,5.137546999999999571e+02
1.422620599999999968e+03,5.143822999999999865e+02
1.422623000000000047e+03,5.145648999999999660e+02
1.422625500000000102e+03,5.143715999999999440e+02
1.422627899999999954e+03,5.140543000000000120e+02
1.422630400000000009e+03,5.137676999999999907e+02
1.422632800000000088e+03,5.134560000000000173e+02
1.422635299999999916e+03,5.129778999999999769e+02
1.422637699999999995e+03,5.123185999999999467e+02
1.422640100000000075e+03,5.116576999999999771e+02
1.422642599999999902e+03,5.112293000000000234e+02
1.422644999999999982e+03,5.111311000000000035e+02
1.422647500000000036e+03,5.112409000000000106e+02
1.422649899999999889e+03,5.113213000000000079e+02
1.422652299999999968e+03,5.112984000000000151e+02
1.422654800000000023e+03,5.114540999999999826e+02
1.422657200000000103e+03,5.121832000000000562e+02
1.422659699999999930e+03,5.135008000000000266e+02
1.422662100000000009e+03,5.149329999999999927e+02
1.422664600000000064e+03,5.159529999999999745e+02
1.422666999999999916e+03,5.164247000000000298e+02
1.422669399999999996e+03,5.165869999999999891e+02
1.422671900000000051e+03,5.167308000000000447e+02
1.422674299999999903e+03,5.169803000000000566e+02
1.422676799999999957e+03,5.173220000000000027e+02
1.422679200000000037e+03,5.177019999999999982e+02
1.422681599999999889e+03,5.180421000000000049e+02
1.422684099999999944e+03,5.182340000000000373e+02
1.422686500000000024e+03,5.181898999999999660e+02
1.422689000000000078e+03,5.179027999999999565e+02
1.422691399999999931e+03,5.174420000000000073e+02
1.422693800000000010e+03,5.169079000000000406e+02
1.422696300000000065e+03,5.164130000000000109e+02
1.422698699999999917e+03,5.160887000000000171e+02
1.422701199999999972e+03,5.160434999999999945e+02
1.422703600000000051e+03,5.162621000000000322e+02
1.422706100000000106e+03,5.165725999999999658e+02
1.422708499999999958e+03,5.167662000000000262e+02
1.422710900000000038e+03,5.167580000000000382e+02
1.422713400000000092e+03,5.166036000000000286e+02
1.422715799999999945e+03,5.163792999999999438e+02
1.422718299999999999e+03,5.161083999999999605e+02
1.422720700000000079e+03,5.158295000000000528e+02
1.422723099999999931e+03,5.156638000000000375e+02
1.422725599999999986e+03,5.157359999999999900e+02
1.422728000000000065e+03,5.160525999999999840e+02
1.422730499999999893e+03,5.165049999999999955e+02
1.422732899999999972e+03,5.169574999999999818e+02
1.422735400000000027e+03,5.173005000000000564e+02
1.422737800000000107e+03,5.174723000000000184e+02
1.422740199999999959e+03,5.174909999999999854e+02
1.422742700000000013e+03,5.174561999999999671e+02
1.422745100000000093e+03,5.174991999999999734e+02
1.422747599999999920e+03,5.177105999999999995e+02
1.422750000000000000e+03,5.180814000000000306e+02
1.422752400000000080e+03,5.185098000000000411e+02
1.422754899999999907e+03,5.188927999999999656e+02
1.422757299999999987e+03,5.192018000000000484e+02
1.422759800000000041e+03,5.194625999999999522e+02
1.422762199999999893e+03,5.196964000000000397e+02
1.422764599999999973e+03,5.199054999999999609e+02
1.422767100000000028e+03,5.200993999999999460e+02
1.422769500000000107e+03,5.202961000000000240e+02
1.422771999999999935e+03,5.204778999999999769e+02
1.422774400000000014e+03,5.205727000000000544e+02
1.422776900000000069e+03,5.205198000000000320e+02
1.422779299999999921e+03,5.203718000000000075e+02
1.422781700000000001e+03,5.202976999999999634e+02
1.422784200000000055e+03,5.204488000000000056e+02
1.422786599999999908e+03,5.208197000000000116e+02
1.422789099999999962e+03,5.212563999999999851e+02
1.422791500000000042e+03,5.215850000000000364e+02
1.422793899999999894e+03,5.217197999999999638e+02
1.422796399999999949e+03,5.216937000000000353e+02
1.422798800000000028e+03,5.216476999999999862e+02
1.422801300000000083e+03,5.217713999999999714e+02
1.422803699999999935e+03,5.221849999999999454e+02
1.422806199999999990e+03,5.228500000000000227e+02
1.422808600000000069e+03,5.236035000000000537e+02
1.422810999999999922e+03,5.242770000000000437e+02
1.422813499999999976e+03,5.247859999999999445e+02
1.422815900000000056e+03,5.251413000000000011e+02
1.422818400000000111e+03,5.254049999999999727e+02
1.422820799999999963e+03,5.256396999999999480e+02
1.422823200000000043e+03,5.258778999999999542e+02
1.422825700000000097e+03,5.261154999999999973e+02
1.422828099999999949e+03,5.263250000000000455e+02
1.422830600000000004e+03,5.264792999999999665e+02
1.422833000000000084e+03,5.265786000000000513e+02
1.422835399999999936e+03,5.266607000000000198e+02
1.422837899999999991e+03,5.267831999999999653e+02
1.422840300000000070e+03,5.269864999999999782e+02
1.422842799999999897e+03,5.272655999999999494e+02
1.422845199999999977e+03,5.275729000000000042e+02
1.422847700000000032e+03,5.278550999999999931e+02
1.422850100000000111e+03,5.280954000000000406e+02
1.422852499999999964e+03,5.283238000000000056e+02
1.422855000000000018e+03,5.285816999999999553e+02
1.422857400000000098e+03,5.288816000000000486e+02
1.422859899999999925e+03,5.292042000000000144e+02
1.422862300000000005e+03,5.295211000000000467e+02
1.422864700000000084e+03,5.298120000000000118e+02
1.422867199999999912e+03,5.300783000000000129e+02
1.422869599999999991e+03,5.303473000000000184e+02
1.422872100000000046e+03,5.306535999999999831e+02
1.422874499999999898e+03,5.310071000000000367e+02
1.422876999999999953e+03,5.313854000000000042e+02
1.422879400000000032e+03,5.317617999999999938e+02
1.422881800000000112e+03,5.321316000000000486e+02
1.422884299999999939e+03,5.325069999999999482e+02
1.422886700000000019e+03,5.329021999999999935e+02
1.422889200000000073e+03,5.333405000000000200e+02
1.422891599999999926e+03,5.338691999999999780e+02
1.422894000000000005e+03,5.345439000000000078e+02
1.422896500000000060e+03,5.353736999999999853e+02
1.422898899999999912e+03,5.362812999999999874e+02
1.422901399999999967e+03,5.371330000000000382e+02
1.422903800000000047e+03,5.378188999999999851e+02
1.422906199999999899e+03,5.383134000000000015e+02
1.422908699999999953e+03,5.386702999999999975e+02
1.422911100000000033e+03,5.389790000000000418e+02
1.422913600000000088e+03,5.393165000000000191e+02
1.422915999999999940e+03,5.397191000000000258e+02
1.422918499999999995e+03,5.401803999999999633e+02
1.422920900000000074e+03,5.406707999999999856e+02
1.422923299999999927e+03,5.411615000000000464e+02
1.422925799999999981e+03,5.416345000000000027e+02
1.422928200000000061e+03,5.420815000000000055e+02
1.422930699999999888e+03,5.424968999999999824e+02
1.422933099999999968e+03,5.428790000000000191e+02
1.422935500000000047e+03,5.432377000000000180e+02
1.422938000000000102e+03,5.435979999999999563e+02
1.422940399999999954e+03,5.439946999999999662e+02
1.422942900000000009e+03,5.444693999999999505e+02
1.422945300000000088e+03,5.450626999999999498e+02
1.422947799999999916e+03,5.457883000000000493e+02
1.422950199999999995e+03,5.466082000000000107e+02
1.422952600000000075e+03,5.474510999999999967e+02
1.422955099999999902e+03,5.482608999999999924e+02
1.422957499999999982e+03,5.490240999999999758e+02
1.422960000000000036e+03,5.497608999999999924e+02
1.422962399999999889e+03,5.504994000000000369e+02
1.422964799999999968e+03,5.512508000000000266e+02
1.422967300000000023e+03,5.520005999999999631e+02
1.422969700000000103e+03,5.527295000000000300e+02
1.422972199999999930e+03,5.534455000000000382e+02
1.422974600000000009e+03,5.541811000000000149e+02
1.422977100000000064e+03,5.549470999999999776e+02
1.422979499999999916e+03,5.557006000000000085e+02
1.422981899999999996e+03,5.563700999999999794e+02
1.422984400000000051e+03,5.569134000000000242e+02
1.422986799999999903e+03,5.573452999999999520e+02
1.422989299999999957e+03,5.577224999999999682e+02
1.422991700000000037e+03,5.581215999999999440e+02
1.422994099999999889e+03,5.586268000000000029e+02
1.422996599999999944e+03,5.593070000000000164e+02
1.422999000000000024e+03,0.000000000000000000e+00
1.423001500000000078e+03,0.000000000000000000e+00
1.423003899999999931e+03,0.000000000000000000e+00
1.423006300000000010e+03,0.000000000000000000e+00
1.423008800000000065e+03,0.000000000000000000e+00
1.423011199999999917e+03,0.000000000000000000e+00
1.423013699999999972e+03,0.000000000000000000e+00
1.423016100000000051e+03,0.000000000000000000e+00
1.423018600000000106e+03,0.000000000000000000e+00
1.423020999999999958e+03,0.000000000000000000e+00
1.423023400000000038e+03,0.000000000000000000e+00
1.423025900000000092e+03,0.000000000000000000e+00
1.423028299999999945e+03,0.000000000000000000e+00
1.423030799999999999e+03,0.000000000000000000e+00
1.423033200000000079e+03,0.000000000000000000e+00
1.423035599999999931e+03,0.000000000000000000e+00
1.423038099999999986e+03,0.000000000000000000e+00
1.423040500000000065e+03,0.000000000000000000e+00
1.423042999999999893e+03,0.000000000000000000e+00
1.423045399999999972e+03,0.000000000000000000e+00
1.423047900000000027e+03,0.000000000000000000e+00
1.423050300000000107e+03,0.000000000000000000e+00
1.423052699999999959e+03,0.000000000000000000e+00
1.423055200000000013e+03,0.000000000000000000e+00
1.423057600000000093e+03,0.000000000000000000e+00
1.423060099999999920e+03,0.000000000000000000e+00
1.423062500000000000e+03,0.000000000000000000e+00
1.423064900000000080e+03,0.000000000000000000e+00
1.423067399999999907e+03,0.000000000000000000e+00
1.423069799999999987e+03,0.000000000000000000e+00
1.423072300000000041e+03,0.000000000000000000e+00
1.423074699999999893e+03,0.000000000000000000e+00
1.423077099999999973e+03,0.000000000000000000e+00
1.423079600000000028e+03,0.000000000000000000e+00
1.423082000000000107e+03,0.000000000000000000e+00
1.423084499999999935e+03,0.000000000000000000e+00
1.423086900000000014e+03,0.000000000000000000e+00
1.423089400000000069e+03,0.000000000000000000e+00
1.423091799999999921e+03,0.000000000000000000e+00
1.423094200000000001e+03,0.000000000000000000e+00
1.423096700000000055e+03,0.000000000000000000e+00
1.423099099999999908e+03,0.000000000000000000e+00
1.423101599999999962e+03,0.000000000000000000e+00
1.423104000000000042e+03,0.000000000000000000e+00
1.423106399999999894e+03,0.000000000000000000e+00
1.423108899999999949e+03,0.000000000000000000e+00
1.423111300000000028e+03,0.000000000000000000e+00
1.423113800000000083e+03,0.000000000000000000e+00
1.423116199999999935e+03,0.000000000000000000e+00
1.423118699999999990e+03,0.000000000000000000e+00
1.423121100000000069e+03,0.000000000000000000e+00
1.423123499999999922e+03,0.000000000000000000e+00
1.423125999999999976e+03,0.000000000000000000e+00
1.423128400000000056e+03,0.000000000000000000e+00
1.423130900000000111e+03,0.000000000000000000e+00
1.423133299999999963e+03,0.000000000000000000e+00
1.423135700000000043e+03,0.000000000000000000e+00
1.423138200000000097e+03,0.000000000000000000e+00
1.423140599999999949e+03,0.000000000000000000e+00
1.423143100000000004e+03,0.000000000000000000e+00
1.423145500000000084e+03,0.000000000000000000e+00
1.423147899999999936e+03,0.000000000000000000e+00
1.423150399999999991e+03,0.000000000000000000e+00
1.423152800000000070e+03,0.000000000000000000e+00
1.423155299999999897e+03,0.000000000000000000e+00
1.423157699999999977e+03,0.000000000000000000e+00
1.423160200000000032e+03,0.000000000000000000e+00
1.423162600000000111e+03,0.000000000000000000e+00
1.423164999999999964e+03,0.000000000000000000e+00
1.423167500000000018e+03,0.000000000000000000e+00
1.423169900000000098e+03,0.000000000000000000e+00
1.423172399999999925e+03,0.000000000000000000e+00
1.423174800000000005e+03,0.000000000000000000e+00
1.423177200000000084e+03,0.000000000000000000e+00
1.423179699999999912e+03,0.000000000000000000e+00
1.423182099999999991e+03,0.000000000000000000e+00
1.423184600000000046e+03,0.000000000000000000e+00
1.423186999999999898e+03,0.000000000000000000e+00
1.423189499999999953e+03,0.000000000000000000e+00
1.423191900000000032e+03,0.000000000000000000e+00
1.423194300000000112e+03,0.000000000000000000e+00
1.423196799999999939e+03,0.000000000000000000e+00
1.423199200000000019e+03,0.000000000000000000e+00
1.423201700000000073e+03,0.000000000000000000e+00
1.423204099999999926e+03,0.000000000000000000e+00
1.423206500000000005e+03,0.000000000000000000e+00
1.423209000000000060e+03,0.000000000000000000e+00
1.423211399999999912e+03,0.000000000000000000e+00
1.423213899999999967e+03,0.000000000000000000e+00
1.423216300000000047e+03,0.000000000000000000e+00
1.423218800000000101e+03,0.000000000000000000e+00
1.423221199999999953e+03,0.000000000000000000e+00
1.423223600000000033e+03,0.000000000000000000e+00
1.423226100000000088e+03,0.000000000000000000e+00
1.423228499999999940e+03,0.000000000000000000e+00
1.423230999999999995e+03,0.000000000000000000e+00
1.423233400000000074e+03,0.000000000000000000e+00
1.423235799999999927e+03,0.000000000000000000e+00
1.423238299999999981e+03,0.000000000000000000e+00
1.423240700000000061e+03,0.000000000000000000e+00
1.423243199999999888e+03,0.000000000000000000e+00
1.423245599999999968e+03,0.000000000000000000e+00
1.423248000000000047e+03,0.000000000000000000e+00
1.423250500000000102e+03,0.000000000000000000e+00
1.423252899999999954e+03,0.000000000000000000e+00
1.423255400000000009e+03,0.000000000000000000e+00
1.423257800000000088e+03,0.000000000000000000e+00
1.423260299999999916e+03,0.000000000000000000e+00
1.423262699999999995e+03,0.000000000000000000e+00
1.423265100000000075e+03,0.000000000000000000e+00
1.423267599999999902e+03,0.000000000000000000e+00
1.423269999999999982e+03,0.000000000000000000e+00
1.423272500000000036e+03,0.000000000000000000e+00
1.423274899999999889e+03,0.000000000000000000e+00
1.423277299999999968e+03,0.000000000000000000e+00
1.423279800000000023e+03,0.000000000000000000e+00
1.423282200000000103e+03,0.000000000000000000e+00
1.423284699999999930e+03,0.000000000000000000e+00
1.423287100000000009e+03,0.000000000000000000e+00
1.423289600000000064e+03,0.000000000000000000e+00
1.423291999999999916e+03,0.000000000000000000e+00
1.423294399999999996e+03,0.000000000000000000e+00
1.423296900000000051e+03,0.000000000000000000e+00
1.423299299999999903e+03,0.000000000000000000e+00
1.423301799999999957e+03,0.000000000000000000e+00
1.423304200000000037e+03,0.000000000000000000e+00
1.423306599999999889e+03,0.000000000000000000e+00
1.423309099999999944e+03,0.000000000000000000e+00
1.423311500000000024e+03,0.000000000000000000e+00
1.423314000000000078e+03,0.000000000000000000e+00
1.423316399999999931e+03,0.000000000000000000e+00
1.423318800000000010e+03,0.000000000000000000e+00
1.423321300000000065e+03,0.000000000000000000e+00
1.423323699999999917e+03,0.000000000000000000e+00
1.423326199999999972e+03,0.000000000000000000e+00
1.423328600000000051e+03,0.000000000000000000e+00
1.423331100000000106e+03,0.000000000000000000e+00
1.423333499999999958e+03,0.000000000000000000e+00
1.423335900000000038e+03,0.000000000000000000e+00
1.423338400000000092e+03,0.000000000000000000e+00
1.423340799999999945e+03,0.000000000000000000e+00
1.423343299999999999e+03,0.000000000000000000e+00
1.423345700000000079e+03,0.000000000000000000e+00
1.423348099999999931e+03,0.000000000000000000e+00
1.423350599999999986e+03,0.000000000000000000e+00
1.423353000000000065e+03,0.000000000000000000e+00
1.423355499999999893e+03,0.000000000000000000e+00
1.423357899999999972e+03,0.000000000000000000e+00
1.423360400000000027e+03,0.000000000000000000e+00
1.423362800000000107e+03,0.000000000000000000e+00
1.423365199999999959e+03,0.000000000000000000e+00
1.423367700000000013e+03,0.000000000000000000e+00
1.423370100000000093e+03,0.000000000000000000e+00
1.423372599999999920e+03,0.000000000000000000e+00
1.423375000000000000e+03,0.000000000000000000e+00
1.423377400000000080e+03,0.000000000000000000e+00
1.423379899999999907e+03,0.000000000000000000e+00
1.423382299999999987e+03,0.000000000000000000e+00
1.423384800000000041e+03,0.000000000000000000e+00
1.423387199999999893e+03,0.000000000000000000e+00
1.423389599999999973e+03,0.000000000000000000e+00
1.423392100000000028e+03,0.000000000000000000e+00
1.423394500000000107e+03,0.000000000000000000e+00
1.423396999999999935e+03,0.000000000000000000e+00
1.423399400000000014e+03,0.000000000000000000e+00
1.423401900000000069e+03,0.000000000000000000e+00
1.423404299999999921e+03,0.000000000000000000e+00
1.423406700000000001e+03,0.000000000000000000e+00
1.423409200000000055e+03,0.000000000000000000e+00
1.423411599999999908e+03,0.000000000000000000e+00
1.423414099999999962e+03,0.000000000000000000e+00
1.423416500000000042e+03,0.000000000000000000e+00
1.423418899999999894e+03,0.000000000000000000e+00
1.423421399999999949e+03,0.000000000000000000e+00
1.423423800000000028e+03,0.000000000000000000e+00
1.423426300000000083e+03,0.000000000000000000e+00
1.423428699999999935e+03,0.000000000000000000e+00
1.423431199999999990e+03,0.000000000000000000e+00
1.423433600000000069e+03,0.000000000000000000e+00
1.423435999999999922e+03,0.000000000000000000e+00
1.423438499999999976e+03,0.000000000000000000e+00
1.423440900000000056e+03,0.000000000000000000e+00
1.423443400000000111e+03,0.000000000000000000e+00
1.423445799999999963e+03,0.000000000000000000e+00
1.423448200000000043e+03,0.000000000000000000e+00
1.423450700000000097e+03,0.000000000000000000e+00
1.423453099999999949e+03,0.000000000000000000e+00
1.423455600000000004e+03,0.000000000000000000e+00
1.423458000000000084e+03,0.000000000000000000e+00
1.423460399999999936e+03,0.000000000000000000e+00
1.423462899999999991e+03,0.000000000000000000e+00
1.423465300000000070e+03,0.000000000000000000e+00
1.423467799999999897e+03,0.000000000000000000e+00
1.423470199999999977e+03,0.000000000000000000e+00
1.423472700000000032e+03,0.000000000000000000e+00
1.423475100000000111e+03,0.000000000000000000e+00
1.423477499999999964e+03,0.000000000000000000e+00
1.423480000000000018e+03,0.000000000000000000e+00
1.423482400000000098e+03,0.000000000000000000e+00
1.423484899999999925e+03,0.000000000000000000e+00
1.423487300000000005e+03,0.000000000000000000e+00
1.423489700000000084e+03,0.000000000000000000e+00
1.423492199999999912e+03,0.000000000000000000e+00
1.423494599999999991e+03,0.000000000000000000e+00
1.423497100000000046e+03,0.000000000000000000e+00
1.423499499999999898e+03,0.000000000000000000e+00
1.423501999999999953e+03,0.000000000000000000e+00
1.423504400000000032e+03,0.000000000000000000e+00
1.423506800000000112e+03,0.000000000000000000e+00
1.423509299999999939e+03,0.000000000000000000e+00
1.423511700000000019e+03,0.000000000000000000e+00
1.423514200000000073e+03,0.000000000000000000e+00
1.423516599999999926e+03,0.000000000000000000e+00
1.423519000000000005e+03,0.000000000000000000e+00
1.423521500000000060e+03,0.000000000000000000e+00
1.423523899999999912e+03,0.000000000000000000e+00
1.423526399999999967e+03,0.000000000000000000e+00
1.423528800000000047e+03,0.000000000000000000e+00
1.423531199999999899e+03,0.000000000000000000e+00
1.423533699999999953e+03,0.000000000000000000e+00
1.423536100000000033e+03,0.000000000000000000e+00
1.423538600000000088e+03,0.000000000000000000e+00
1.423540999999999940e+03,0.000000000000000000e+00
1.423543499999999995e+03,0.000000000000000000e+00
1.423545900000000074e+03,0.000000000000000000e+00
1.423548299999999927e+03,0.000000000000000000e+00
1.423550799999999981e+03,0.000000000000000000e+00
1.423553200000000061e+03,0.000000000000000000e+00
1.423555699999999888e+03,0.000000000000000000e+00
1.423558099999999968e+03,0.000000000000000000e+00
1.423560500000000047e+03,0.000000000000000000e+00
1.423563000000000102e+03,-0.000000000000000000e+00
1.423565399999999954e+03,-0.000000000000000000e+00
1.423567900000000009e+03,-0.000000000000000000e+00
1.423570300000000088e+03,-0.000000000000000000e+00
1.423572799999999916e+03,-0.000000000000000000e+00
1.423575199999999995e+03,-0.000000000000000000e+00
1.423577600000000075e+03,-0.000000000000000000e+00
1.423580099999999902e+03,-0.000000000000000000e+00
1.423582499999999982e+03,-0.000000000000000000e+00
1.423585000000000036e+03,-0.000000000000000000e+00
1.423587399999999889e+03,-0.000000000000000000e+00
1.423589799999999968e+03,-0.000000000000000000e+00
1.423592300000000023e+03,-0.000000000000000000e+00
1.423594700000000103e+03,-0.000000000000000000e+00
1.423597199999999930e+03,-0.000000000000000000e+00
1.423599600000000009e+03,-0.000000000000000000e+00
1.423602100000000064e+03,-0.000000000000000000e+00
1.423604499999999916e+03,-0.000000000000000000e+00
1.423606899999999996e+03,-0.000000000000000000e+00
1.423609400000000051e+03,-0.000000000000000000e+00
1.423611799999999903e+03,-0.000000000000000000e+00
1.423614299999999957e+03,-0.000000000000000000e+00
1.423616700000000037e+03,-0.000000000000000000e+00
1.423619099999999889e+03,-0.000000000000000000e+00
1.423621599999999944e+03,-0.000000000000000000e+00
1.423624000000000024e+03,-0.000000000000000000e+00
1.423626500000000078e+03,-0.000000000000000000e+00
1.423628899999999931e+03,-0.000000000000000000e+00
1.423631300000000010e+03,-0.000000000000000000e+00
1.423633800000000065e+03,-0.000000000000000000e+00
1.423636199999999917e+03,-0.000000000000000000e+00
1.423638699999999972e+03,-0.000000000000000000e+00
1.423641100000000051e+03,-0.000000000000000000e+00
1.423643600000000106e+03,-0.000000000000000000e+00
1.423645999999999958e+03,-0.000000000000000000e+00
1.423648400000000038e+03,-0.000000000000000000e+00
1.423650900000000092e+03,-0.000000000000000000e+00
1.423653299999999945e+03,-0.000000000000000000e+00
1.423655799999999999e+03,-0.000000000000000000e+00
1.423658200000000079e+03,-0.000000000000000000e+00
1.423660599999999931e+03,-0.000000000000000000e+00
1.423663099999999986e+03,-0.000000000000000000e+00
1.423665500000000065e+03,-0.000000000000000000e+00
1.423667999999999893e+03,-0.000000000000000000e+00
1.423670399999999972e+03,-0.000000000000000000e+00
1.423672900000000027e+03,-0.000000000000000000e+00
1.423675300000000107e+03,-0.000000000000000000e+00
1.423677699999999959e+03,-0.000000000000000000e+00
1.423680200000000013e+03,-0.000000000000000000e+00
1.423682600000000093e+03,-0.000000000000000000e+00
1.423685099999999920e+03,-0.000000000000000000e+00
1.423687500000000000e+03,-0.000000000000000000e+00
1.423689900000000080e+03,-0.000000000000000000e+00
1.423692399999999907e+03,-0.000000000000000000e+00
1.423694799999999987e+03,-0.000000000000000000e+00
1.423697300000000041e+03,-0.000000000000000000e+00
1.423699699999999893e+03,-0.000000000000000000e+00
1.423702099999999973e+03,-0.000000000000000000e+00
1.423704600000000028e+03,-0.000000000000000000e+00
1.423707000000000107e+03,-0.000000000000000000e+00
1.423709499999999935e+03,-0.000000000000000000e+00
1.423711900000000014e+03,-0.000000000000000000e+00
1.423714400000000069e+03,-0.000000000000000000e+00
1.423716799999999921e+03,-0.000000000000000000e+00
1.423719200000000001e+03,-0.000000000000000000e+00
1.423721700000000055e+03,-0.000000000000000000e+00
1.423724099999999908e+03,-0.000000000000000000e+00
1.423726599999999962e+03,-0.000000000000000000e+00
1.423729000000000042e+03,-0.000000000000000000e+00
1.423731399999999894e+03,-0.000000000000000000e+00
1.423733899999999949e+03,-0.000000000000000000e+00
1.423736300000000028e+03,-0.000000000000000000e+00
1.423738800000000083e+03,-0.000000000000000000e+00
1.423741199999999935e+03,-0.000000000000000000e+00
1.423743699999999990e+03,-0.000000000000000000e+00
1.423746100000000069e+03,-0.000000000000000000e+00
1.423748499999999922e+03,-0.000000000000000000e+00
1.423750999999999976e+03,-0.000000000000000000e+00
1.423753400000000056e+03,-0.000000000000000000e+00
1.423755900000000111e+03,-0.000000000000000000e+00
1.423758299999999963e+03,-0.000000000000000000e+00
1.423760700000000043e+03,-0.000000000000000000e+00
1.423763200000000097e+03,-0.000000000000000000e+00
1.423765599999999949e+03,-0.000000000000000000e+00
1.423768100000000004e+03,-0.000000000000000000e+00
1.423770500000000084e+03,-0.000000000000000000e+00
1.423772899999999936e+03,-0.000000000000000000e+00
1.423775399999999991e+03,-0.000000000000000000e+00
1.423777800000000070e+03,-0.000000000000000000e+00
1.423780299999999897e+03,-0.000000000000000000e+00
1.423782699999999977e+03,-0.000000000000000000e+00
1.423785200000000032e+03,-0.000000000000000000e+00
1.423787600000000111e+03,-0.000000000000000000e+00
1.423789999999999964e+03,-0.000000000000000000e+00
1.423792500000000018e+03,-0.000000000000000000e+00
1.423794900000000098e+03,-0.000000000000000000e+00
1.423797399999999925e+03,-0.000000000000000000e+00
1.423799800000000005e+03,-0.000000000000000000e+00
1.423802200000000084e+03,-0.000000000000000000e+00
1.423804699999999912e+03,-0.000000000000000000e+00
1.423807099999999991e+03,-0.000000000000000000e+00
1.423809600000000046e+03,-0.000000000000000000e+00
1.423811999999999898e+03,-0.000000000000000000e+00
1.423814499999999953e+03,-0.000000000000000000e+00
1.423816900000000032e+03,-0.000000000000000000e+00
1.423819300000000112e+03,-0.000000000000000000e+00
1.423821799999999939e+03,-0.000000000000000000e+00
1.423824200000000019e+03,-0.000000000000000000e+00
1.423826700000000073e+03,-0.000000000000000000e+00
1.423829099999999926e+03,-0.000000000000000000e+00
1.423831500000000005e+03,-0.000000000000000000e+00
1.423834000000000060e+03,-0.000000000000000000e+00
1.423836399999999912e+03,-0.000000000000000000e+00
1.423838899999999967e+03,-0.000000000000000000e+00
1.423841300000000047e+03,-0.000000000000000000e+00
1.423843800000000101e+03,-0.000000000000000000e+00
1.423846199999999953e+03,-0.000000000000000000e+00
1.423848600000000033e+03,-0.000000000000000000e+00
1.423851100000000088e+03,-0.000000000000000000e+00
1.423853499999999940e+03,-0.000000000000000000e+00
1.423855999999999995e+03,-0.000000000000000000e+00
1.423858400000000074e+03,-0.000000000000000000e+00
1.423860799999999927e+03,-0.000000000000000000e+00
1.423863299999999981e+03,-0.000000000000000000e+00
1.423865700000000061e+03,-0.000000000000000000e+00
1.423868199999999888e+03,-0.000000000000000000e+00
1.423870599999999968e+03,-0.000000000000000000e+00
1.423873000000000047e+03,-0.000000000000000000e+00
1.423875500000000102e+03,-0.000000000000000000e+00
1.423877899999999954e+03,-0.000000000000000000e+00
1.423880400000000009e+03,-0.000000000000000000e+00
1.423882800000000088e+03,-0.000000000000000000e+00
1.423885299999999916e+03,-0.000000000000000000e+00
1.423887699999999995e+03,-0.000000000000000000e+00
1.423890100000000075e+03,-0.000000000000000000e+00
1.423892599999999902e+03,-0.000000000000000000e+00
1.423894999999999982e+03,-0.000000000000000000e+00
1.423897500000000036e+03,-0.000000000000000000e+00
1.423899899999999889e+03,-0.000000000000000000e+00
1.423902299999999968e+03,-0.000000000000000000e+00
1.423904800000000023e+03,-0.000000000000000000e+00
1.423907200000000103e+03,-0.000000000000000000e+00
1.423909699999999930e+03,-0.000000000000000000e+00
1.423912100000000009e+03,-0.000000000000000000e+00
1.423914600000000064e+03,-0.000000000000000000e+00
1.423916999999999916e+03,-0.000000000000000000e+00
1.423919399999999996e+03,-0.000000000000000000e+00
1.423921900000000051e+03,-0.000000000000000000e+00
1.423924299999999903e+03,-0.000000000000000000e+00
1.423926799999999957e+03,-0.000000000000000000e+00
1.423929200000000037e+03,-0.000000000000000000e+00
1.423931599999999889e+03,-0.000000000000000000e+00
1.423934099999999944e+03,-0.000000000000000000e+00
1.423936500000000024e+03,-0.000000000000000000e+00
1.423939000000000078e+03,-0.000000000000000000e+00
1.423941399999999931e+03,-0.000000000000000000e+00
1.423943800000000010e+03,-0.000000000000000000e+00
1.423946300000000065e+03,-0.000000000000000000e+00
1.423948699999999917e+03,-0.000000000000000000e+00
1.423951199999999972e+03,-0.000000000000000000e+00
1.423953600000000051e+03,-0.000000000000000000e+00
1.423956100000000106e+03,-0.000000000000000000e+00
1.423958499999999958e+03,-0.000000000000000000e+00
1.423960900000000038e+03,-0.000000000000000000e+00
1.423963400000000092e+03,-0.000000000000000000e+00
1.423965799999999945e+03,-0.000000000000000000e+00
1.423968299999999999e+03,-0.000000000000000000e+00
1.423970700000000079e+03,-0.000000000000000000e+00
1.423973099999999931e+03,-0.000000000000000000e+00
1.423975599999999986e+03,-0.000000000000000000e+00
1.423978000000000065e+03,-0.000000000000000000e+00
1.423980499999999893e+03,-0.000000000000000000e+00
1.423982899999999972e+03,-0.000000000000000000e+00
1.423985400000000027e+03,-0.000000000000000000e+00
1.423987800000000107e+03,-0.000000000000000000e+00
1.423990199999999959e+03,-0.000000000000000000e+00
1.423992700000000013e+03,-0.000000000000000000e+00
1.423995100000000093e+03,-0.000000000000000000e+00
1.423997599999999920e+03,-0.000000000000000000e+00
