1.414000000000000000e+03,0.000000000000000000e+00
1.414002400000000080e+03,0.000000000000000000e+00
1.414004899999999907e+03,0.000000000000000000e+00
1.414007299999999987e+03,0.000000000000000000e+00
1.414009800000000041e+03,0.000000000000000000e+00
1.414012199999999893e+03,0.000000000000000000e+00
1.414014599999999973e+03,0.000000000000000000e+00
1.414017100000000028e+03,0.000000000000000000e+00
1.414019500000000107e+03,0.000000000000000000e+00
1.414021999999999935e+03,0.000000000000000000e+00
1.414024400000000014e+03,0.000000000000000000e+00
1.414026900000000069e+03,0.000000000000000000e+00
1.414029299999999921e+03,0.000000000000000000e+00
1.414031700000000001e+03,0.000000000000000000e+00
1.414034200000000055e+03,0.000000000000000000e+00
1.414036599999999908e+03,0.000000000000000000e+00
1.414039099999999962e+03,0.000000000000000000e+00
1.414041500000000042e+03,0.000000000000000000e+00
1.414043899999999894e+03,0.000000000000000000e+00
1.414046399999999949e+03,0.000000000000000000e+00
1.414048800000000028e+03,0.000000000000000000e+00
1.414051300000000083e+03,0.000000000000000000e+00
1.414053699999999935e+03,0.000000000000000000e+00
1.414056199999999990e+03,0.000000000000000000e+00
1.414058600000000069e+03,0.000000000000000000e+00
1.414060999999999922e+03,0.000000000000000000e+00
1.414063499999999976e+03,0.000000000000000000e+00
1.414065900000000056e+03,0.000000000000000000e+00
1.414068400000000111e+03,0.000000000000000000e+00
1.414070799999999963e+03,0.000000000000000000e+00
1.414073200000000043e+03,0.000000000000000000e+00
1.414075700000000097e+03,0.000000000000000000e+00
1.414078099999999949e+03,0.000000000000000000e+00
1.414080600000000004e+03,0.000000000000000000e+00
1.414083000000000084e+03,0.000000000000000000e+00
1.414085399999999936e+03,0.000000000000000000e+00
1.414087899999999991e+03,0.000000000000000000e+00
1.414090300000000070e+03,0.000000000000000000e+00
1.414092799999999897e+03,0.000000000000000000e+00
1.414095199999999977e+03,0.000000000000000000e+00
1.414097700000000032e+03,0.000000000000000000e+00
1.414100100000000111e+03,0.000000000000000000e+00
1.414102499999999964e+03,0.000000000000000000e+00
1.414105000000000018e+03,0.000000000000000000e+00
1.414107400000000098e+03,0.000000000000000000e+00
1.414109899999999925e+03,0.000000000000000000e+00
1.414112300000000005e+03,0.000000000000000000e+00
1.414114700000000084e+03,0.000000000000000000e+00
1.414117199999999912e+03,0.000000000000000000e+00
1.414119599999999991e+03,0.000000000000000000e+00
1.414122100000000046e+03,0.000000000000000000e+00
1.414124499999999898e+03,0.000000000000000000e+00
1.414126999999999953e+03,0.000000000000000000e+00
1.414129400000000032e+03,0.000000000000000000e+00
1.414131800000000112e+03,0.000000000000000000e+00
1.414134299999999939e+03,0.000000000000000000e+00
1.414136700000000019e+03,0.000000000000000000e+00
1.414139200000000073e+03,0.000000000000000000e+00
1.414141599999999926e+03,0.000000000000000000e+00
1.414144000000000005e+03,0.000000000000000000e+00
1.414146500000000060e+03,0.000000000000000000e+00
1.414148899999999912e+03,0.000000000000000000e+00
1.414151399999999967e+03,0.000000000000000000e+00
1.414153800000000047e+03,0.000000000000000000e+00
1.414156199999999899e+03,0.000000000000000000e+00
1.414158699999999953e+03,0.000000000000000000e+00
1.414161100000000033e+03,0.000000000000000000e+00
1.414163600000000088e+03,0.000000000000000000e+00
1.414165999999999940e+03,0.000000000000000000e+00
1.414168499999999995e+03,0.000000000000000000e+00
1.414170900000000074e+03,0.000000000000000000e+00
1.414173299999999927e+03,0.000000000000000000e+00
1.414175799999999981e+03,0.000000000000000000e+00
1.414178200000000061e+03,0.000000000000000000e+00
1.414180699999999888e+03,0.000000000000000000e+00
1.414183099999999968e+03,0.000000000000000000e+00
1.414185500000000047e+03,0.000000000000000000e+00
1.414188000000000102e+03,0.000000000000000000e+00
1.414190399999999954e+03,0.000000000000000000e+00
1.414192900000000009e+03,0.000000000000000000e+00
1.414195300000000088e+03,0.000000000000000000e+00
1.414197799999999916e+03,0.000000000000000000e+00
1.414200199999999995e+03,0.000000000000000000e+00
1.414202600000000075e+03,0.000000000000000000e+00
1.414205099999999902e+03,0.000000000000000000e+00
1.414207499999999982e+03,0.000000000000000000e+00
1.414210000000000036e+03,0.000000000000000000e+00
1.414212399999999889e+03,0.000000000000000000e+00
1.414214799999999968e+03,0.000000000000000000e+00
1.414217300000000023e+03,0.000000000000000000e+00
1.414219700000000103e+03,0.000000000000000000e+00
1.414222199999999930e+03,0.000000000000000000e+00
1.414224600000000009e+03,0.000000000000000000e+00
1.414227100000000064e+03,0.000000000000000000e+00
1.414229499999999916e+03,0.000000000000000000e+00
1.414231899999999996e+03,0.000000000000000000e+00
1.414234400000000051e+03,0.000000000000000000e+00
1.414236799999999903e+03,0.000000000000000000e+00
1.414239299999999957e+03,0.000000000000000000e+00
1.414241700000000037e+03,0.000000000000000000e+00
1.414244099999999889e+03,0.000000000000000000e+00
1.414246599999999944e+03,0.000000000000000000e+00
1.414249000000000024e+03,0.000000000000000000e+00
1.414251500000000078e+03,0.000000000000000000e+00
1.414253899999999931e+03,0.000000000000000000e+00
1.414256300000000010e+03,0.000000000000000000e+00
1.414258800000000065e+03,0.000000000000000000e+00
1.414261199999999917e+03,0.000000000000000000e+00
1.414263699999999972e+03,0.000000000000000000e+00
1.414266100000000051e+03,0.000000000000000000e+00
1.414268600000000106e+03,0.000000000000000000e+00
1.414270999999999958e+03,0.000000000000000000e+00
1.414273400000000038e+03,0.000000000000000000e+00
1.414275900000000092e+03,0.000000000000000000e+00
1.414278299999999945e+03,0.000000000000000000e+00
1.414280799999999999e+03,0.000000000000000000e+00
1.414283200000000079e+03,0.000000000000000000e+00
1.414285599999999931e+03,0.000000000000000000e+00
1.414288099999999986e+03,0.000000000000000000e+00
1.414290500000000065e+03,0.000000000000000000e+00
1.414292999999999893e+03,0.000000000000000000e+00
1.414295399999999972e+03,0.000000000000000000e+00
1.414297900000000027e+03,0.000000000000000000e+00
1.414300300000000107e+03,0.000000000000000000e+00
1.414302699999999959e+03,0.000000000000000000e+00
1.414305200000000013e+03,0.000000000000000000e+00
1.414307600000000093e+03,0.000000000000000000e+00
1.414310099999999920e+03,0.000000000000000000e+00
1.414312500000000000e+03,0.000000000000000000e+00
1.414314900000000080e+03,0.000000000000000000e+00
1.414317399999999907e+03,0.000000000000000000e+00
1.414319799999999987e+03,0.000000000000000000e+00
1.414322300000000041e+03,0.000000000000000000e+00
1.414324699999999893e+03,0.000000000000000000e+00
1.414327099999999973e+03,0.000000000000000000e+00
1.414329600000000028e+03,0.000000000000000000e+00
1.414332000000000107e+03,0.000000000000000000e+00
1.414334499999999935e+03,0.000000000000000000e+00
1.414336900000000014e+03,0.000000000000000000e+00
1.414339400000000069e+03,0.000000000000000000e+00
1.414341799999999921e+03,0.000000000000000000e+00
1.414344200000000001e+03,0.000000000000000000e+00
1.414346700000000055e+03,0.000000000000000000e+00
1.414349099999999908e+03,0.000000000000000000e+00
1.414351599999999962e+03,0.000000000000000000e+00
1.414354000000000042e+03,0.000000000000000000e+00
1.414356399999999894e+03,0.000000000000000000e+00
1.414358899999999949e+03,0.000000000000000000e+00
1.414361300000000028e+03,0.000000000000000000e+00
1.414363800000000083e+03,0.000000000000000000e+00
1.414366199999999935e+03,0.000000000000000000e+00
1.414368699999999990e+03,0.000000000000000000e+00
1.414371100000000069e+03,0.000000000000000000e+00
1.414373499999999922e+03,0.000000000000000000e+00
1.414375999999999976e+03,0.000000000000000000e+00
1.414378400000000056e+03,0.000000000000000000e+00
1.414380900000000111e+03,0.000000000000000000e+00
1.414383299999999963e+03,0.000000000000000000e+00
1.414385700000000043e+03,0.000000000000000000e+00
1.414388200000000097e+03,0.000000000000000000e+00
1.414390599999999949e+03,0.000000000000000000e+00
1.414393100000000004e+03,0.000000000000000000e+00
1.414395500000000084e+03,0.000000000000000000e+00
1.414397899999999936e+03,0.000000000000000000e+00
1.414400399999999991e+03,0.000000000000000000e+00
1.414402800000000070e+03,0.000000000000000000e+00
1.414405299999999897e+03,0.000000000000000000e+00
1.414407699999999977e+03,0.000000000000000000e+00
1.414410200000000032e+03,0.000000000000000000e+00
1.414412600000000111e+03,0.000000000000000000e+00
1.414414999999999964e+03,0.000000000000000000e+00
1.414417500000000018e+03,0.000000000000000000e+00
1.414419900000000098e+03,0.000000000000000000e+00
1.414422399999999925e+03,0.000000000000000000e+00
1.414424800000000005e+03,0.000000000000000000e+00
1.414427200000000084e+03,0.000000000000000000e+00
1.414429699999999912e+03,0.000000000000000000e+00
1.414432099999999991e+03,0.000000000000000000e+00
1.414434600000000046e+03,0.000000000000000000e+00
1.414436999999999898e+03,0.000000000000000000e+00
1.414439499999999953e+03,0.000000000000000000e+00
1.414441900000000032e+03,0.000000000000000000e+00
1.414444300000000112e+03,0.000000000000000000e+00
1.414446799999999939e+03,0.000000000000000000e+00
1.414449200000000019e+03,0.000000000000000000e+00
1.414451700000000073e+03,0.000000000000000000e+00
1.414454099999999926e+03,0.000000000000000000e+00
1.414456500000000005e+03,0.000000000000000000e+00
1.414459000000000060e+03,0.000000000000000000e+00
1.414461399999999912e+03,0.000000000000000000e+00
1.414463899999999967e+03,0.000000000000000000e+00
1.414466300000000047e+03,0.000000000000000000e+00
1.414468800000000101e+03,0.000000000000000000e+00
1.414471199999999953e+03,0.000000000000000000e+00
1.414473600000000033e+03,0.000000000000000000e+00
1.414476100000000088e+03,0.000000000000000000e+00
1.414478499999999940e+03,0.000000000000000000e+00
1.414480999999999995e+03,0.000000000000000000e+00
1.414483400000000074e+03,0.000000000000000000e+00
1.414485799999999927e+03,0.000000000000000000e+00
1.414488299999999981e+03,0.000000000000000000e+00
1.414490700000000061e+03,0.000000000000000000e+00
1.414493199999999888e+03,0.000000000000000000e+00
1.414495599999999968e+03,0.000000000000000000e+00
1.414498000000000047e+03,0.000000000000000000e+00
1.414500500000000102e+03,0.000000000000000000e+00
1.414502899999999954e+03,0.000000000000000000e+00
1.414505400000000009e+03,0.000000000000000000e+00
1.414507800000000088e+03,0.000000000000000000e+00
1.414510299999999916e+03,0.000000000000000000e+00
1.414512699999999995e+03,0.000000000000000000e+00
1.414515100000000075e+03,0.000000000000000000e+00
1.414517599999999902e+03,0.000000000000000000e+00
1.414519999999999982e+03,0.000000000000000000e+00
1.414522500000000036e+03,0.000000000000000000e+00
1.414524899999999889e+03,0.000000000000000000e+00
1.414527299999999968e+03,0.000000000000000000e+00
1.414529800000000023e+03,0.000000000000000000e+00
1.414532200000000103e+03,0.000000000000000000e+00
1.414534699999999930e+03,0.000000000000000000e+00
1.414537100000000009e+03,0.000000000000000000e+00
1.414539600000000064e+03,0.000000000000000000e+00
1.414541999999999916e+03,0.000000000000000000e+00
1.414544399999999996e+03,0.000000000000000000e+00
1.414546900000000051e+03,0.000000000000000000e+00
1.414549299999999903e+03,0.000000000000000000e+00
1.414551799999999957e+03,0.000000000000000000e+00
1.414554200000000037e+03,0.000000000000000000e+00
1.414556599999999889e+03,0.000000000000000000e+00
1.414559099999999944e+03,0.000000000000000000e+00
1.414561500000000024e+03,0.000000000000000000e+00
1.414564000000000078e+03,0.000000000000000000e+00
1.414566399999999931e+03,0.000000000000000000e+00
1.414568800000000010e+03,0.000000000000000000e+00
1.414571300000000065e+03,0.000000000000000000e+00
1.414573699999999917e+03,0.000000000000000000e+00
1.414576199999999972e+03,0.000000000000000000e+00
1.414578600000000051e+03,0.000000000000000000e+00
1.414581100000000106e+03,0.000000000000000000e+00
1.414583499999999958e+03,0.000000000000000000e+00
1.414585900000000038e+03,0.000000000000000000e+00
1.414588400000000092e+03,0.000000000000000000e+00
1.414590799999999945e+03,0.000000000000000000e+00
1.414593299999999999e+03,0.000000000000000000e+00
1.414595700000000079e+03,0.000000000000000000e+00
1.414598099999999931e+03,0.000000000000000000e+00
1.414600599999999986e+03,0.000000000000000000e+00
1.414603000000000065e+03,0.000000000000000000e+00
1.414605499999999893e+03,0.000000000000000000e+00
1.414607899999999972e+03,0.000000000000000000e+00
1.414610400000000027e+03,0.000000000000000000e+00
1.414612800000000107e+03,0.000000000000000000e+00
1.414615199999999959e+03,0.000000000000000000e+00
1.414617700000000013e+03,0.000000000000000000e+00
1.414620100000000093e+03,0.000000000000000000e+00
1.414622599999999920e+03,0.000000000000000000e+00
1.414625000000000000e+03,0.000000000000000000e+00
1.414627400000000080e+03,0.000000000000000000e+00
1.414629899999999907e+03,0.000000000000000000e+00
1.414632299999999987e+03,0.000000000000000000e+00
1.414634800000000041e+03,0.000000000000000000e+00
1.414637199999999893e+03,0.000000000000000000e+00
1.414639599999999973e+03,0.000000000000000000e+00
1.414642100000000028e+03,0.000000000000000000e+00
1.414644500000000107e+03,0.000000000000000000e+00
1.414646999999999935e+03,0.000000000000000000e+00
1.414649400000000014e+03,0.000000000000000000e+00
1.414651900000000069e+03,0.000000000000000000e+00
1.414654299999999921e+03,0.000000000000000000e+00
1.414656700000000001e+03,0.000000000000000000e+00
1.414659200000000055e+03,0.000000000000000000e+00
1.414661599999999908e+03,0.000000000000000000e+00
1.414664099999999962e+03,0.000000000000000000e+00
1.414666500000000042e+03,0.000000000000000000e+00
1.414668899999999894e+03,0.000000000000000000e+00
1.414671399999999949e+03,0.000000000000000000e+00
1.414673800000000028e+03,0.000000000000000000e+00
1.414676300000000083e+03,0.000000000000000000e+00
1.414678699999999935e+03,0.000000000000000000e+00
1.414681199999999990e+03,0.000000000000000000e+00
1.414683600000000069e+03,0.000000000000000000e+00
1.414685999999999922e+03,0.000000000000000000e+00
1.414688499999999976e+03,0.000000000000000000e+00
1.414690900000000056e+03,0.000000000000000000e+00
1.414693400000000111e+03,0.000000000000000000e+00
1.414695799999999963e+03,0.000000000000000000e+00
1.414698200000000043e+03,0.000000000000000000e+00
1.414700700000000097e+03,0.000000000000000000e+00
1.414703099999999949e+03,0.000000000000000000e+00
1.414705600000000004e+03,0.000000000000000000e+00
1.414708000000000084e+03,0.000000000000000000e+00
1.414710399999999936e+03,0.000000000000000000e+00
1.414712899999999991e+03,0.000000000000000000e+00
1.414715300000000070e+03,0.000000000000000000e+00
1.414717799999999897e+03,0.000000000000000000e+00
1.414720199999999977e+03,0.000000000000000000e+00
1.414722700000000032e+03,0.000000000000000000e+00
1.414725100000000111e+03,0.000000000000000000e+00
1.414727499999999964e+03,0.000000000000000000e+00
1.414730000000000018e+03,0.000000000000000000e+00
1.414732400000000098e+03,0.000000000000000000e+00
1.414734899999999925e+03,0.000000000000000000e+00
1.414737300000000005e+03,0.000000000000000000e+00
1.414739700000000084e+03,0.000000000000000000e+00
1.414742199999999912e+03,0.000000000000000000e+00
1.414744599999999991e+03,0.000000000000000000e+00
1.414747100000000046e+03,0.000000000000000000e+00
1.414749499999999898e+03,0.000000000000000000e+00
1.414751999999999953e+03,0.000000000000000000e+00
1.414754400000000032e+03,0.000000000000000000e+00
1.414756800000000112e+03,0.000000000000000000e+00
1.414759299999999939e+03,0.000000000000000000e+00
1.414761700000000019e+03,0.000000000000000000e+00
1.414764200000000073e+03,0.000000000000000000e+00
1.414766599999999926e+03,0.000000000000000000e+00
1.414769000000000005e+03,0.000000000000000000e+00
1.414771500000000060e+03,0.000000000000000000e+00
1.414773899999999912e+03,0.000000000000000000e+00
1.414776399999999967e+03,0.000000000000000000e+00
1.414778800000000047e+03,0.000000000000000000e+00
1.414781199999999899e+03,0.000000000000000000e+00
1.414783699999999953e+03,0.000000000000000000e+00
1.414786100000000033e+03,0.000000000000000000e+00
1.414788600000000088e+03,0.000000000000000000e+00
1.414790999999999940e+03,0.000000000000000000e+00
1.414793499999999995e+03,0.000000000000000000e+00
1.414795900000000074e+03,0.000000000000000000e+00
1.414798299999999927e+03,0.000000000000000000e+00
1.414800799999999981e+03,0.000000000000000000e+00
1.414803200000000061e+03,0.000000000000000000e+00
1.414805699999999888e+03,0.000000000000000000e+00
1.414808099999999968e+03,0.000000000000000000e+00
1.414810500000000047e+03,0.000000000000000000e+00
1.414813000000000102e+03,0.000000000000000000e+00
1.414815399999999954e+03,0.000000000000000000e+00
1.414817900000000009e+03,0.000000000000000000e+00
1.414820300000000088e+03,0.000000000000000000e+00
1.414822799999999916e+03,0.000000000000000000e+00
1.414825199999999995e+03,0.000000000000000000e+00
1.414827600000000075e+03,0.000000000000000000e+00
1.414830099999999902e+03,0.000000000000000000e+00
1.414832499999999982e+03,0.000000000000000000e+00
1.414835000000000036e+03,0.000000000000000000e+00
1.414837399999999889e+03,0.000000000000000000e+00
1.414839799999999968e+03,0.000000000000000000e+00
1.414842300000000023e+03,0.000000000000000000e+00
1.414844700000000103e+03,0.000000000000000000e+00
1.414847199999999930e+03,0.000000000000000000e+00
1.414849600000000009e+03,0.000000000000000000e+00
1.414852100000000064e+03,0.000000000000000000e+00
1.414854499999999916e+03,0.000000000000000000e+00
1.414856899999999996e+03,0.000000000000000000e+00
1.414859400000000051e+03,0.000000000000000000e+00
1.414861799999999903e+03,0.000000000000000000e+00
1.414864299999999957e+03,0.000000000000000000e+00
1.414866700000000037e+03,0.000000000000000000e+00
1.414869099999999889e+03,0.000000000000000000e+00
1.414871599999999944e+03,0.000000000000000000e+00
1.414874000000000024e+03,0.000000000000000000e+00
1.414876500000000078e+03,0.000000000000000000e+00
1.414878899999999931e+03,0.000000000000000000e+00
1.414881300000000010e+03,0.000000000000000000e+00
1.414883800000000065e+03,0.000000000000000000e+00
1.414886199999999917e+03,0.000000000000000000e+00
1.414888699999999972e+03,0.000000000000000000e+00
1.414891100000000051e+03,0.000000000000000000e+00
1.414893600000000106e+03,0.000000000000000000e+00
1.414895999999999958e+03,0.000000000000000000e+00
1.414898400000000038e+03,0.000000000000000000e+00
1.414900900000000092e+03,0.000000000000000000e+00
1.414903299999999945e+03,0.000000000000000000e+00
1.414905799999999999e+03,0.000000000000000000e+00
1.414908200000000079e+03,0.000000000000000000e+00
1.414910599999999931e+03,0.000000000000000000e+00
1.414913099999999986e+03,0.000000000000000000e+00
1.414915500000000065e+03,0.000000000000000000e+00
1.414917999999999893e+03,0.000000000000000000e+00
1.414920399999999972e+03,0.000000000000000000e+00
1.414922900000000027e+03,0.000000000000000000e+00
1.414925300000000107e+03,0.000000000000000000e+00
1.414927699999999959e+03,0.000000000000000000e+00
1.414930200000000013e+03,0.000000000000000000e+00
1.414932600000000093e+03,0.000000000000000000e+00
1.414935099999999920e+03,0.000000000000000000e+00
1.414937500000000000e+03,0.000000000000000000e+00
1.414939900000000080e+03,0.000000000000000000e+00
1.414942399999999907e+03,0.000000000000000000e+00
1.414944799999999987e+03,0.000000000000000000e+00
1.414947300000000041e+03,0.000000000000000000e+00
1.414949699999999893e+03,0.000000000000000000e+00
1.414952099999999973e+03,0.000000000000000000e+00
1.414954600000000028e+03,0.000000000000000000e+00
1.414957000000000107e+03,0.000000000000000000e+00
1.414959499999999935e+03,0.000000000000000000e+00
1.414961900000000014e+03,0.000000000000000000e+00
1.414964400000000069e+03,0.000000000000000000e+00
1.414966799999999921e+03,0.000000000000000000e+00
1.414969200000000001e+03,0.000000000000000000e+00
1.414971700000000055e+03,0.000000000000000000e+00
1.414974099999999908e+03,0.000000000000000000e+00
1.414976599999999962e+03,0.000000000000000000e+00
1.414979000000000042e+03,0.000000000000000000e+00
1.414981399999999894e+03,0.000000000000000000e+00
1.414983899999999949e+03,0.000000000000000000e+00
1.414986300000000028e+03,0.000000000000000000e+00
1.414988800000000083e+03,0.000000000000000000e+00
1.414991199999999935e+03,0.000000000000000000e+00
1.414993699999999990e+03,0.000000000000000000e+00
1.414996100000000069e+03,0.000000000000000000e+00
1.414998499999999922e+03,0.000000000000000000e+00
1.415000999999999976e+03,2.372850000000000037e+01
1.415003400000000056e+03,2.376170000000000115e+01
1.415005900000000111e+03,2.371270000000000167e+01
1.415008299999999963e+03,2.360050000000000026e+01
1.415010700000000043e+03,2.347479999999999833e+01
1.415013200000000097e+03,2.337669999999999959e+01
1.415015599999999949e+03,2.332979999999999876e+01
1.415018100000000004e+03,2.335069999999999979e+01
1.415020500000000084e+03,2.344069999999999965e+01
1.415022899999999936e+03,2.356520000000000081e+01
1.415025399999999991e+03,2.367060000000000031e+01
1.415027800000000070e+03,2.372409999999999997e+01
1.415030299999999897e+03,2.372100000000000009e+01
1.415032699999999977e+03,2.366349999999999909e+01
1.415035200000000032e+03,2.356749999999999901e+01
1.415037600000000111e+03,2.347640000000000171e+01
1.415039999999999964e+03,2.343449999999999989e+01
1.415042500000000018e+03,2.344239999999999924e+01
1.415044900000000098e+03,2.345899999999999963e+01
1.415047399999999925e+03,2.344729999999999848e+01
1.415049800000000005e+03,2.340220000000000056e+01
1.415052200000000084e+03,2.333559999999999945e+01
1.415054699999999912e+03,2.325529999999999831e+01
1.415057099999999991e+03,2.316809999999999903e+01
1.415059600000000046e+03,2.308999999999999986e+01
1.415061999999999898e+03,2.304700000000000060e+01
1.415064499999999953e+03,2.306739999999999924e+01
1.415066900000000032e+03,2.317050000000000054e+01
1.415069300000000112e+03,2.334669999999999845e+01
1.415071799999999939e+03,2.354710000000000036e+01
1.415074200000000019e+03,2.370479999999999876e+01
1.415076700000000073e+03,2.377479999999999905e+01
1.415079099999999926e+03,2.375740000000000052e+01
1.415081500000000005e+03,2.369600000000000151e+01
1.415084000000000060e+03,2.365459999999999852e+01
1.415086399999999912e+03,2.367879999999999896e+01
1.415088899999999967e+03,2.376490000000000080e+01
1.415091300000000047e+03,2.386439999999999984e+01
1.415093800000000101e+03,2.392259999999999920e+01
1.415096199999999953e+03,2.391359999999999886e+01
1.415098600000000033e+03,2.384900000000000020e+01
1.415101100000000088e+03,2.375690000000000168e+01
1.415103499999999940e+03,2.364709999999999823e+01
1.415105999999999995e+03,2.350250000000000128e+01
1.415108400000000074e+03,2.331299999999999883e+01
1.415110799999999927e+03,2.311339999999999861e+01
1.415113299999999981e+03,2.297510000000000119e+01
1.415115700000000061e+03,2.295499999999999829e+01
1.415118199999999888e+03,2.304810000000000159e+01
1.415120599999999968e+03,2.318809999999999860e+01
1.415123000000000047e+03,2.329260000000000019e+01
1.415125500000000102e+03,2.331869999999999976e+01
1.415127899999999954e+03,2.328590000000000160e+01
1.415130400000000009e+03,2.324620000000000175e+01
1.415132800000000088e+03,2.323549999999999827e+01
1.415135299999999916e+03,2.326190000000000069e+01
1.415137699999999995e+03,2.332379999999999853e+01
1.415140100000000075e+03,2.340370000000000061e+01
1.415142599999999902e+03,2.344590000000000174e+01
1.415144999999999982e+03,2.338139999999999930e+01
1.415147500000000036e+03,2.320230000000000103e+01
1.415149899999999889e+03,2.299800000000000111e+01
1.415152299999999968e+03,2.289209999999999923e+01
1.415154800000000023e+03,2.293740000000000023e+01
1.415157200000000103e+03,2.307920000000000016e+01
1.415159699999999930e+03,2.321600000000000108e+01
1.415162100000000009e+03,2.328419999999999845e+01
1.415164600000000064e+03,2.328239999999999910e+01
1.415166999999999916e+03,2.323920000000000030e+01
1.415169399999999996e+03,2.318469999999999942e+01
1.415171900000000051e+03,2.316039999999999921e+01
1.415174299999999903e+03,2.322139999999999915e+01
1.415176799999999957e+03,2.339720000000000155e+01
1.415179200000000037e+03,2.365099999999999980e+01
1.415181599999999889e+03,2.389470000000000027e+01
1.415184099999999944e+03,2.404739999999999966e+01
1.415186500000000024e+03,2.408020000000000138e+01
1.415189000000000078e+03,2.401190000000000069e+01
1.415191399999999931e+03,2.388019999999999854e+01
1.415193800000000010e+03,2.373059999999999903e+01
1.415196300000000065e+03,2.361520000000000152e+01
1.415198699999999917e+03,2.357389999999999830e+01
1.415201199999999972e+03,2.360600000000000165e+01
1.415203600000000051e+03,2.366570000000000107e+01
1.415206100000000106e+03,2.369539999999999935e+01
1.415208499999999958e+03,2.366560000000000130e+01
1.415210900000000038e+03,2.358180000000000121e+01
1.415213400000000092e+03,2.346099999999999852e+01
1.415215799999999945e+03,2.331879999999999953e+01
1.415218299999999999e+03,2.317640000000000100e+01
1.415220700000000079e+03,2.305969999999999942e+01
1.415223099999999931e+03,2.298000000000000043e+01
1.415225599999999986e+03,2.292999999999999972e+01
1.415228000000000065e+03,2.290279999999999916e+01
1.415230499999999893e+03,2.290050000000000097e+01
1.415232899999999972e+03,2.292350000000000065e+01
1.415235400000000027e+03,2.296770000000000067e+01
1.415237800000000107e+03,2.303409999999999869e+01
1.415240199999999959e+03,2.312209999999999965e+01
1.415242700000000013e+03,2.320769999999999911e+01
1.415245100000000093e+03,2.324670000000000059e+01
1.415247599999999920e+03,2.321069999999999922e+01
1.415250000000000000e+03,2.311129999999999995e+01
1.415252400000000080e+03,2.298900000000000077e+01
1.415254899999999907e+03,2.288690000000000069e+01
1.415257299999999987e+03,2.283680000000000021e+01
1.415259800000000041e+03,2.285239999999999938e+01
1.415262199999999893e+03,2.291440000000000055e+01
1.415264599999999973e+03,2.296509999999999962e+01
1.415267100000000028e+03,2.294140000000000157e+01
1.415269500000000107e+03,2.284029999999999916e+01
1.415271999999999935e+03,2.274780000000000157e+01
1.415274400000000014e+03,2.278259999999999863e+01
1.415276900000000069e+03,2.299810000000000088e+01
1.415279299999999921e+03,2.334009999999999962e+01
1.415281700000000001e+03,2.369109999999999872e+01
1.415284200000000055e+03,2.394920000000000115e+01
1.415286599999999908e+03,2.407560000000000144e+01
1.415289099999999962e+03,2.408599999999999852e+01
1.415291500000000042e+03,2.400939999999999941e+01
1.415293899999999894e+03,2.386990000000000123e+01
1.415296399999999949e+03,2.370400000000000063e+01
1.415298800000000028e+03,2.356960000000000122e+01
1.415301300000000083e+03,2.351079999999999970e+01
1.415303699999999935e+03,2.351760000000000161e+01
1.415306199999999990e+03,2.352919999999999945e+01
1.415308600000000069e+03,2.348349999999999937e+01
1.415310999999999922e+03,2.337069999999999936e+01
1.415313499999999976e+03,2.324470000000000169e+01
1.415315900000000056e+03,2.317820000000000036e+01
1.415318400000000111e+03,2.319889999999999830e+01
1.415320799999999963e+03,2.326810000000000045e+01
1.415323200000000043e+03,2.331719999999999970e+01
1.415325700000000097e+03,2.330720000000000169e+01
1.415328099999999949e+03,2.325400000000000134e+01
1.415330600000000004e+03,2.320319999999999894e+01
1.415333000000000084e+03,2.318759999999999977e+01
1.415335399999999936e+03,2.320830000000000126e+01
1.415337899999999991e+03,2.324640000000000128e+01
1.415340300000000070e+03,2.327420000000000044e+01
1.415342799999999897e+03,2.326079999999999970e+01
1.415345199999999977e+03,2.319279999999999831e+01
1.415347700000000032e+03,2.310020000000000095e+01
1.415350100000000111e+03,2.304230000000000089e+01
1.415352499999999964e+03,2.305600000000000094e+01
1.415355000000000018e+03,2.312379999999999924e+01
1.415357400000000098e+03,2.319490000000000052e+01
1.415359899999999925e+03,2.323079999999999856e+01
1.415362300000000005e+03,2.323450000000000060e+01
1.415364700000000084e+03,2.324399999999999977e+01
1.415367199999999912e+03,2.329439999999999955e+01
1.415369599999999991e+03,2.338279999999999959e+01
1.415372100000000046e+03,2.347569999999999979e+01
1.415374499999999898e+03,2.355099999999999838e+01
1.415376999999999953e+03,2.363019999999999854e+01
1.415379400000000032e+03,2.376549999999999940e+01
1.415381800000000112e+03,2.399810000000000088e+01
1.415384299999999939e+03,2.431559999999999988e+01
1.415386700000000019e+03,2.463350000000000151e+01
1.415389200000000073e+03,2.481929999999999836e+01
1.415391599999999926e+03,2.477120000000000033e+01
1.415394000000000005e+03,2.449909999999999854e+01
1.415396500000000060e+03,2.411589999999999989e+01
1.415398899999999912e+03,2.374230000000000018e+01
1.415401399999999967e+03,2.343459999999999965e+01
1.415403800000000047e+03,2.320120000000000005e+01
1.415406199999999899e+03,2.304840000000000089e+01
1.415408699999999953e+03,2.298369999999999891e+01
1.415411100000000033e+03,2.299010000000000176e+01
1.415413600000000088e+03,2.302649999999999864e+01
1.415415999999999940e+03,2.305900000000000105e+01
1.415418499999999995e+03,2.307880000000000109e+01
1.415420900000000074e+03,2.309069999999999823e+01
1.415423299999999927e+03,2.310190000000000055e+01
1.415425799999999981e+03,2.311970000000000169e+01
1.415428200000000061e+03,2.314089999999999847e+01
1.415430699999999888e+03,2.314260000000000161e+01
1.415433099999999968e+03,2.310219999999999985e+01
1.415435500000000047e+03,2.302720000000000056e+01
1.415438000000000102e+03,2.296130000000000138e+01
1.415440399999999954e+03,2.295420000000000016e+01
1.415442900000000009e+03,2.301719999999999899e+01
1.415445300000000088e+03,2.310190000000000055e+01
1.415447799999999916e+03,2.313139999999999930e+01
1.415450199999999995e+03,2.307010000000000005e+01
1.415452600000000075e+03,2.296420000000000172e+01
1.415455099999999902e+03,2.290780000000000172e+01
1.415457499999999982e+03,2.296079999999999899e+01
1.415460000000000036e+03,2.309189999999999898e+01
1.415462399999999889e+03,2.319369999999999976e+01
1.415464799999999968e+03,2.315889999999999915e+01
1.415467300000000023e+03,2.296150000000000091e+01
1.415469700000000103e+03,2.268250000000000099e+01
1.415472199999999930e+03,2.246120000000000161e+01
1.415474600000000009e+03,2.240609999999999857e+01
1.415477100000000064e+03,2.253130000000000166e+01
1.415479499999999916e+03,2.276679999999999993e+01
1.415481899999999996e+03,2.302609999999999957e+01
1.415484400000000051e+03,2.326229999999999976e+01
1.415486799999999903e+03,2.346730000000000160e+01
1.415489299999999957e+03,2.363850000000000051e+01
1.415491700000000037e+03,2.375890000000000057e+01
1.415494099999999889e+03,2.380859999999999843e+01
1.415496599999999944e+03,2.378910000000000124e+01
1.415499000000000024e+03,2.372820000000000107e+01
1.415501500000000078e+03,2.365200000000000102e+01
1.415503899999999931e+03,2.355809999999999960e+01
1.415506300000000010e+03,2.343130000000000024e+01
1.415508800000000065e+03,2.328030000000000044e+01
1.415511199999999917e+03,2.314000000000000057e+01
1.415513699999999972e+03,2.303650000000000020e+01
1.415516100000000051e+03,2.296750000000000114e+01
1.415518600000000106e+03,2.291329999999999956e+01
1.415520999999999958e+03,2.285140000000000171e+01
1.415523400000000038e+03,2.276549999999999940e+01
1.415525900000000092e+03,2.266069999999999851e+01
1.415528299999999945e+03,2.256980000000000075e+01
1.415530799999999999e+03,2.253130000000000166e+01
1.415533200000000079e+03,2.255890000000000128e+01
1.415535599999999931e+03,2.263340000000000174e+01
1.415538099999999986e+03,2.272109999999999985e+01
1.415540500000000065e+03,2.279149999999999920e+01
1.415542999999999893e+03,2.282600000000000051e+01
1.415545399999999972e+03,2.282010000000000005e+01
1.415547900000000027e+03,2.278470000000000084e+01
1.415550300000000107e+03,2.274869999999999948e+01
1.415552699999999959e+03,2.275329999999999941e+01
1.415555200000000013e+03,2.282659999999999911e+01
1.415557600000000093e+03,2.295609999999999928e+01
1.415560099999999920e+03,2.309509999999999863e+01
1.415562500000000000e+03,2.320299999999999940e+01
1.415564900000000080e+03,2.326920000000000144e+01
1.415567399999999907e+03,2.330310000000000059e+01
1.415569799999999987e+03,2.332590000000000074e+01
1.415572300000000041e+03,2.338279999999999959e+01
1.415574699999999893e+03,2.353890000000000171e+01
1.415577099999999973e+03,2.384740000000000038e+01
1.415579600000000028e+03,2.433330000000000126e+01
1.415582000000000107e+03,2.501439999999999841e+01
1.415584499999999935e+03,2.589730000000000132e+01
1.415586900000000014e+03,2.688939999999999841e+01
1.415589400000000069e+03,2.770909999999999940e+01
1.415591799999999921e+03,2.798450000000000060e+01
1.415594200000000001e+03,2.754149999999999920e+01
1.415596700000000055e+03,2.657339999999999947e+01
1.415599099999999908e+03,2.548479999999999990e+01
1.415601599999999962e+03,2.460739999999999839e+01
1.415604000000000042e+03,2.406869999999999976e+01
1.415606399999999894e+03,2.383010000000000161e+01
1.415608899999999949e+03,2.376940000000000097e+01
1.415611300000000028e+03,2.375499999999999901e+01
1.415613800000000083e+03,2.370550000000000068e+01
1.415616199999999935e+03,2.361139999999999972e+01
1.415618699999999990e+03,2.350110000000000099e+01
1.415621100000000069e+03,2.339089999999999847e+01
1.415623499999999922e+03,2.327199999999999847e+01
1.415625999999999976e+03,2.313739999999999952e+01
1.415628400000000056e+03,2.300169999999999959e+01
1.415630900000000111e+03,2.289219999999999899e+01
1.415633299999999963e+03,2.282959999999999923e+01
1.415635700000000043e+03,2.281459999999999866e+01
1.415638200000000097e+03,2.282880000000000109e+01
1.415640599999999949e+03,2.285800000000000054e+01
1.415643100000000004e+03,2.291189999999999927e+01
1.415645500000000084e+03,2.300720000000000098e+01
1.415647899999999936e+03,2.312659999999999982e+01
1.415650399999999991e+03,2.321730000000000160e+01
1.415652800000000070e+03,2.324309999999999832e+01
1.415655299999999897e+03,2.322419999999999973e+01
1.415657699999999977e+03,2.321089999999999876e+01
1.415660200000000032e+03,2.322609999999999886e+01
1.415662600000000111e+03,2.324510000000000076e+01
1.415664999999999964e+03,2.322530000000000072e+01
1.415667500000000018e+03,2.314519999999999911e+01
1.415669900000000098e+03,2.302009999999999934e+01
1.415672399999999925e+03,2.289580000000000126e+01
1.415674800000000005e+03,2.282610000000000028e+01
1.415677200000000084e+03,2.284479999999999933e+01
1.415679699999999912e+03,2.294559999999999889e+01
1.415682099999999991e+03,2.308380000000000010e+01
1.415684600000000046e+03,2.320380000000000109e+01
1.415686999999999898e+03,2.328030000000000044e+01
1.415689499999999953e+03,2.334159999999999968e+01
1.415691900000000032e+03,2.343819999999999837e+01
1.415694300000000112e+03,2.358259999999999934e+01
1.415696799999999939e+03,2.372749999999999915e+01
1.415699200000000019e+03,2.380399999999999849e+01
1.415701700000000073e+03,2.376999999999999957e+01
1.415704099999999926e+03,2.362549999999999883e+01
1.415706500000000005e+03,2.340650000000000119e+01
1.415709000000000060e+03,2.317490000000000094e+01
1.415711399999999912e+03,2.299540000000000006e+01
1.415713899999999967e+03,2.290070000000000050e+01
1.415716300000000047e+03,2.287480000000000047e+01
1.415718800000000101e+03,2.287010000000000076e+01
1.415721199999999953e+03,2.283909999999999840e+01
1.415723600000000033e+03,2.275949999999999918e+01
1.415726100000000088e+03,2.264260000000000161e+01
1.415728499999999940e+03,2.251960000000000051e+01
1.415730999999999995e+03,2.242030000000000101e+01
1.415733400000000074e+03,2.236639999999999873e+01
1.415735799999999927e+03,2.236690000000000111e+01
1.415738299999999981e+03,2.240690000000000026e+01
1.415740700000000061e+03,2.245550000000000068e+01
1.415743199999999888e+03,2.249630000000000152e+01
1.415745599999999968e+03,2.253839999999999932e+01
1.415748000000000047e+03,2.259369999999999834e+01
1.415750500000000102e+03,2.266369999999999862e+01
1.415752899999999954e+03,2.275150000000000006e+01
1.415755400000000009e+03,2.286510000000000176e+01
1.415757800000000088e+03,2.299390000000000001e+01
1.415760299999999916e+03,2.310229999999999961e+01
1.415762699999999995e+03,2.316570000000000107e+01
1.415765100000000075e+03,2.320100000000000051e+01
1.415767599999999902e+03,2.324540000000000006e+01
1.415769999999999982e+03,2.331169999999999831e+01
1.415772500000000036e+03,2.338220000000000098e+01
1.415774899999999889e+03,2.345080000000000098e+01
1.415777299999999968e+03,2.355790000000000006e+01
1.415779800000000023e+03,2.377449999999999974e+01
1.415782200000000103e+03,2.415180000000000149e+01
1.415784699999999930e+03,2.469259999999999877e+01
1.415787100000000009e+03,2.536080000000000112e+01
1.415789600000000064e+03,2.609459999999999980e+01
1.415791999999999916e+03,2.679230000000000089e+01
1.415794399999999996e+03,2.729879999999999995e+01
1.415796900000000051e+03,2.744930000000000092e+01
1.415799299999999903e+03,2.717579999999999885e+01
1.415801799999999957e+03,2.658950000000000102e+01
1.415804200000000037e+03,2.592940000000000111e+01
1.415806599999999889e+03,2.539620000000000033e+01
1.415809099999999944e+03,2.503699999999999903e+01
1.415811500000000024e+03,2.478290000000000148e+01
1.415814000000000078e+03,2.455099999999999838e+01
1.415816399999999931e+03,2.429700000000000060e+01
1.415818800000000010e+03,2.402139999999999986e+01
1.415821300000000065e+03,2.377070000000000149e+01
1.415823699999999917e+03,2.361680000000000135e+01
1.415826199999999972e+03,2.360760000000000147e+01
1.415828600000000051e+03,2.372530000000000072e+01
1.415831100000000106e+03,2.389209999999999923e+01
1.415833499999999958e+03,2.402319999999999922e+01
1.415835900000000038e+03,2.407809999999999917e+01
1.415838400000000092e+03,2.406330000000000169e+01
1.415840799999999945e+03,2.399589999999999890e+01
1.415843299999999999e+03,2.388250000000000028e+01
1.415845700000000079e+03,2.373689999999999856e+01
1.415848099999999931e+03,2.361179999999999879e+01
1.415850599999999986e+03,2.358670000000000044e+01
1.415853000000000065e+03,2.369490000000000052e+01
1.415855499999999893e+03,2.386540000000000106e+01
1.415857899999999972e+03,2.396809999999999974e+01
1.415860400000000027e+03,2.393049999999999855e+01
1.415862800000000107e+03,2.380229999999999890e+01
1.415865199999999959e+03,2.369610000000000127e+01
1.415867700000000013e+03,2.368280000000000030e+01
1.415870100000000093e+03,2.374299999999999855e+01
1.415872599999999920e+03,2.380799999999999983e+01
1.415875000000000000e+03,2.383040000000000092e+01
1.415877400000000080e+03,2.381599999999999895e+01
1.415879899999999907e+03,2.381350000000000122e+01
1.415882299999999987e+03,2.390330000000000155e+01
1.415884800000000041e+03,2.420980000000000132e+01
1.415887199999999893e+03,2.488370000000000104e+01
1.415889599999999973e+03,2.598120000000000118e+01
1.415892100000000028e+03,2.728960000000000008e+01
1.415894500000000107e+03,2.831990000000000052e+01
1.415896999999999935e+03,2.859659999999999869e+01
1.415899400000000014e+03,2.802240000000000109e+01
1.415901900000000069e+03,2.693400000000000105e+01
1.415904299999999921e+03,2.580260000000000176e+01
1.415906700000000001e+03,2.492389999999999972e+01
1.415909200000000055e+03,2.436009999999999920e+01
1.415911599999999908e+03,2.404729999999999990e+01
1.415914099999999962e+03,2.388660000000000139e+01
1.415916500000000042e+03,2.378280000000000172e+01
1.415918899999999894e+03,2.367729999999999890e+01
1.415921399999999949e+03,2.356520000000000081e+01
1.415923800000000028e+03,2.346880000000000166e+01
1.415926300000000083e+03,2.339529999999999887e+01
1.415928699999999935e+03,2.332669999999999888e+01
1.415931199999999990e+03,2.324409999999999954e+01
1.415933600000000069e+03,2.314799999999999969e+01
1.415935999999999922e+03,2.304840000000000089e+01
1.415938499999999976e+03,2.294140000000000157e+01
1.415940900000000056e+03,2.280359999999999943e+01
1.415943400000000111e+03,2.261929999999999907e+01
1.415945799999999963e+03,2.241049999999999898e+01
1.415948200000000043e+03,2.223019999999999996e+01
1.415950700000000097e+03,2.211799999999999855e+01
1.415953099999999949e+03,2.205489999999999995e+01
1.415955600000000004e+03,2.197030000000000172e+01
1.415958000000000084e+03,2.180620000000000047e+01
1.415960399999999936e+03,2.156840000000000046e+01
1.415962899999999991e+03,2.130219999999999914e+01
1.415965300000000070e+03,2.103569999999999851e+01
1.415967799999999897e+03,2.079029999999999845e+01
1.415970199999999977e+03,2.064079999999999870e+01
1.415972700000000032e+03,2.074480000000000146e+01
1.415975100000000111e+03,2.126679999999999993e+01
1.415977499999999964e+03,2.219020000000000081e+01
1.415980000000000018e+03,2.315559999999999974e+01
1.415982400000000098e+03,2.361100000000000065e+01
1.415984899999999925e+03,2.330369999999999919e+01
1.415987300000000005e+03,2.260679999999999978e+01
1.415989700000000084e+03,2.227899999999999991e+01
1.415992199999999912e+03,2.290190000000000126e+01
1.415994599999999991e+03,2.445789999999999864e+01
1.415997100000000046e+03,2.624960000000000093e+01
1.415999499999999898e+03,2.728409999999999869e+01
1.416001999999999953e+03,2.700410000000000110e+01
1.416004400000000032e+03,2.570720000000000027e+01
1.416006800000000112e+03,2.417989999999999995e+01
1.416009299999999939e+03,2.302769999999999939e+01
1.416011700000000019e+03,2.241489999999999938e+01
1.416014200000000073e+03,2.223110000000000142e+01
1.416016599999999926e+03,2.230529999999999902e+01
1.416019000000000005e+03,2.249500000000000099e+01
1.416021500000000060e+03,2.270149999999999935e+01
1.416023899999999912e+03,2.287699999999999889e+01
1.416026399999999967e+03,2.302590000000000003e+01
1.416028800000000047e+03,2.318169999999999931e+01
1.416031199999999899e+03,2.335670000000000002e+01
1.416033699999999953e+03,2.352220000000000155e+01
1.416036100000000033e+03,2.364059999999999917e+01
1.416038600000000088e+03,2.370649999999999835e+01
1.416040999999999940e+03,2.375019999999999953e+01
1.416043499999999995e+03,2.380969999999999942e+01
1.416045900000000074e+03,2.391079999999999828e+01
1.416048299999999927e+03,2.406099999999999994e+01
1.416050799999999981e+03,2.424630000000000152e+01
1.416053200000000061e+03,2.443329999999999913e+01
1.416055699999999888e+03,2.458589999999999876e+01
1.416058099999999968e+03,2.468750000000000000e+01
1.416060500000000047e+03,2.474569999999999936e+01
1.416063000000000102e+03,2.477769999999999939e+01
1.416065399999999954e+03,2.479820000000000135e+01
1.416067900000000009e+03,2.482140000000000057e+01
1.416070300000000088e+03,2.487180000000000035e+01
1.416072799999999916e+03,2.498400000000000176e+01
1.416075199999999995e+03,2.517999999999999972e+01
1.416077600000000075e+03,2.544429999999999836e+01
1.416080099999999902e+03,2.573120000000000118e+01
1.416082499999999982e+03,2.600049999999999883e+01
1.416085000000000036e+03,2.624520000000000053e+01
1.416087399999999889e+03,2.649020000000000152e+01
1.416089799999999968e+03,2.677009999999999934e+01
1.416092300000000023e+03,2.710180000000000078e+01
1.416094700000000103e+03,2.747139999999999915e+01
1.416097199999999930e+03,2.784159999999999968e+01
1.416099600000000009e+03,2.816260000000000119e+01
1.416102100000000064e+03,2.838459999999999894e+01
1.416104499999999916e+03,2.850750000000000028e+01
1.416106899999999996e+03,2.865350000000000108e+01
1.416109400000000051e+03,2.906169999999999831e+01
1.416111799999999903e+03,2.995899999999999963e+01
1.416114299999999957e+03,3.139720000000000155e+01
1.416116700000000037e+03,3.317240000000000322e+01
1.416119099999999889e+03,3.483579999999999899e+01
1.416121599999999944e+03,3.582229999999999848e+01
1.416124000000000024e+03,3.574110000000000298e+01
1.416126500000000078e+03,3.466279999999999717e+01
1.416128899999999931e+03,3.308939999999999770e+01
1.416131300000000010e+03,3.159750000000000014e+01
1.416133800000000065e+03,3.050400000000000134e+01
1.416136199999999917e+03,2.980720000000000169e+01
1.416138699999999972e+03,2.933759999999999835e+01
1.416141100000000051e+03,2.893809999999999860e+01
1.416143600000000106e+03,2.855559999999999832e+01
1.416145999999999958e+03,2.821559999999999846e+01
1.416148400000000038e+03,2.794640000000000057e+01
1.416150900000000092e+03,2.774010000000000176e+01
1.416153299999999945e+03,2.757010000000000005e+01
1.416155799999999999e+03,2.741209999999999880e+01
1.416158200000000079e+03,2.724699999999999989e+01
1.416160599999999931e+03,2.706729999999999947e+01
1.416163099999999986e+03,2.689130000000000109e+01
1.416165500000000065e+03,2.675979999999999848e+01
1.416167999999999893e+03,2.670730000000000004e+01
1.416170399999999972e+03,2.673310000000000031e+01
1.416172900000000027e+03,2.679550000000000054e+01
1.416175300000000107e+03,2.683490000000000109e+01
1.416177699999999959e+03,2.681180000000000163e+01
1.416180200000000013e+03,2.672719999999999985e+01
1.416182600000000093e+03,2.660859999999999914e+01
1.416185099999999920e+03,2.648999999999999844e+01
1.416187500000000000e+03,2.641829999999999856e+01
1.416189900000000080e+03,2.645649999999999835e+01
1.416192399999999907e+03,2.663950000000000173e+01
1.416194799999999987e+03,2.691469999999999985e+01
1.416197300000000041e+03,2.715259999999999962e+01
1.416199699999999893e+03,2.723489999999999966e+01
1.416202099999999973e+03,2.712979999999999947e+01
1.416204600000000028e+03,2.688390000000000057e+01
1.416207000000000107e+03,2.657560000000000144e+01
1.416209499999999935e+03,2.629439999999999955e+01
1.416211900000000014e+03,2.612160000000000082e+01
1.416214400000000069e+03,2.607629999999999981e+01
1.416216799999999921e+03,2.608579999999999899e+01
1.416219200000000001e+03,2.604749999999999943e+01
1.416221700000000055e+03,2.592350000000000065e+01
1.416224099999999908e+03,2.576229999999999976e+01
1.416226599999999962e+03,2.563670000000000115e+01
1.416229000000000042e+03,2.557910000000000039e+01
1.416231399999999894e+03,2.556230000000000047e+01
1.416233899999999949e+03,2.552260000000000062e+01
1.416236300000000028e+03,2.539410000000000167e+01
1.416238800000000083e+03,2.514320000000000022e+01
1.416241199999999935e+03,2.479769999999999897e+01
1.416243699999999990e+03,2.444869999999999877e+01
1.416246100000000069e+03,2.419490000000000052e+01
1.416248499999999922e+03,2.406929999999999836e+01
1.416250999999999976e+03,2.402789999999999893e+01
1.416253400000000056e+03,2.400529999999999831e+01
1.416255900000000111e+03,2.397190000000000154e+01
1.416258299999999963e+03,2.394440000000000168e+01
1.416260700000000043e+03,2.395279999999999987e+01
1.416263200000000097e+03,2.399490000000000123e+01
1.416265599999999949e+03,2.402560000000000073e+01
1.416268100000000004e+03,2.399759999999999849e+01
1.416270500000000084e+03,2.390940000000000154e+01
1.416272899999999936e+03,2.380150000000000077e+01
1.416275399999999991e+03,2.371490000000000009e+01
1.416277800000000070e+03,2.366590000000000060e+01
1.416280299999999897e+03,2.366110000000000113e+01
1.416282699999999977e+03,2.371300000000000097e+01
1.416285200000000032e+03,2.382160000000000011e+01
1.416287600000000111e+03,2.395410000000000039e+01
1.416289999999999964e+03,2.406690000000000040e+01
1.416292500000000018e+03,2.415139999999999887e+01
1.416294900000000098e+03,2.424820000000000064e+01
1.416297399999999925e+03,2.441619999999999990e+01
1.416299800000000005e+03,2.467920000000000158e+01
1.416302200000000084e+03,2.498280000000000101e+01
1.416304699999999912e+03,2.520810000000000173e+01
1.416307099999999991e+03,2.525560000000000116e+01
1.416309600000000046e+03,2.511899999999999977e+01
1.416311999999999898e+03,2.487719999999999843e+01
1.416314499999999953e+03,2.463309999999999889e+01
1.416316900000000032e+03,2.446450000000000102e+01
1.416319300000000112e+03,2.439819999999999922e+01
1.416321799999999939e+03,2.439399999999999835e+01
1.416324200000000019e+03,2.436690000000000111e+01
1.416326700000000073e+03,2.425319999999999965e+01
1.416329099999999926e+03,2.406360000000000099e+01
1.416331500000000005e+03,2.386430000000000007e+01
1.416334000000000060e+03,2.371600000000000108e+01
1.416336399999999912e+03,2.363550000000000040e+01
1.416338899999999967e+03,2.360239999999999938e+01
1.416341300000000047e+03,2.358239999999999981e+01
1.416343800000000101e+03,2.354449999999999932e+01
1.416346199999999953e+03,2.347279999999999944e+01
1.416348600000000033e+03,2.337750000000000128e+01
1.416351100000000088e+03,2.328679999999999950e+01
1.416353499999999940e+03,2.321959999999999980e+01
1.416355999999999995e+03,2.316369999999999862e+01
1.416358400000000074e+03,2.308980000000000032e+01
1.416360799999999927e+03,2.298339999999999961e+01
1.416363299999999981e+03,2.286510000000000176e+01
1.416365700000000061e+03,2.278440000000000154e+01
1.416368199999999888e+03,2.278859999999999886e+01
1.416370599999999968e+03,2.288700000000000045e+01
1.416373000000000047e+03,2.303790000000000049e+01
1.416375500000000102e+03,2.317630000000000123e+01
1.416377899999999954e+03,2.326069999999999993e+01
1.416380400000000009e+03,2.329980000000000118e+01
1.416382800000000088e+03,2.333490000000000109e+01
1.416385299999999916e+03,2.339969999999999928e+01
1.416387699999999995e+03,2.349330000000000140e+01
1.416390100000000075e+03,2.358660000000000068e+01
1.416392599999999902e+03,2.365719999999999956e+01
1.416394999999999982e+03,2.371819999999999951e+01
1.416397500000000036e+03,2.381240000000000023e+01
1.416399899999999889e+03,2.397100000000000009e+01
1.416402299999999968e+03,2.416600000000000037e+01
1.416404800000000023e+03,2.429980000000000118e+01
1.416407200000000103e+03,2.426429999999999865e+01
1.416409699999999930e+03,2.403669999999999973e+01
1.416412100000000009e+03,2.371049999999999969e+01
1.416414600000000064e+03,2.342109999999999914e+01
1.416416999999999916e+03,2.324480000000000146e+01
1.416419399999999996e+03,2.317279999999999873e+01
1.416421900000000051e+03,2.315790000000000148e+01
1.416424299999999903e+03,2.316270000000000095e+01
1.416426799999999957e+03,2.316979999999999862e+01
1.416429200000000037e+03,2.317409999999999926e+01
1.416431599999999889e+03,2.317480000000000118e+01
1.416434099999999944e+03,2.316359999999999886e+01
1.416436500000000024e+03,2.312239999999999895e+01
1.416439000000000078e+03,2.304660000000000153e+01
1.416441399999999931e+03,2.296659999999999968e+01
1.416443800000000010e+03,2.293179999999999907e+01
1.416446300000000065e+03,2.296829999999999927e+01
1.416448699999999917e+03,2.305959999999999965e+01
1.416451199999999972e+03,2.316359999999999886e+01
1.416453600000000051e+03,2.324709999999999965e+01
1.416456100000000106e+03,2.330260000000000176e+01
1.416458499999999958e+03,2.333869999999999933e+01
1.416460900000000038e+03,2.336080000000000112e+01
1.416463400000000092e+03,2.336090000000000089e+01
1.416465799999999945e+03,2.332860000000000156e+01
1.416468299999999999e+03,2.326829999999999998e+01
1.416470700000000079e+03,2.319849999999999923e+01
1.416473099999999931e+03,2.313739999999999952e+01
1.416475599999999986e+03,2.310160000000000124e+01
1.416478000000000065e+03,2.311619999999999919e+01
1.416480499999999893e+03,2.320009999999999906e+01
1.416482899999999972e+03,2.334090000000000131e+01
1.416485400000000027e+03,2.350090000000000146e+01
1.416487800000000107e+03,2.365249999999999986e+01
1.416490199999999959e+03,2.380760000000000076e+01
1.416492700000000013e+03,2.401760000000000161e+01
1.416495100000000093e+03,2.435480000000000089e+01
1.416497599999999920e+03,2.488060000000000116e+01
1.416500000000000000e+03,2.559939999999999927e+01
1.416502400000000080e+03,2.641570000000000107e+01
1.416504899999999907e+03,2.714890000000000114e+01
1.416507299999999987e+03,2.760800000000000054e+01
1.416509800000000041e+03,2.765680000000000049e+01
1.416512199999999893e+03,2.725000000000000000e+01
1.416514599999999973e+03,2.647909999999999897e+01
1.416517100000000028e+03,2.556889999999999930e+01
1.416519500000000107e+03,2.476150000000000162e+01
1.416521999999999935e+03,2.418659999999999854e+01
1.416524400000000014e+03,2.384090000000000131e+01
1.416526900000000069e+03,2.365009999999999835e+01
1.416529299999999921e+03,2.352990000000000137e+01
1.416531700000000001e+03,2.342729999999999890e+01
1.416534200000000055e+03,2.333739999999999881e+01
1.416536599999999908e+03,2.328460000000000107e+01
1.416539099999999962e+03,2.328040000000000020e+01
1.416541500000000042e+03,2.330620000000000047e+01
1.416543899999999894e+03,2.334110000000000085e+01
1.416546399999999949e+03,2.339329999999999998e+01
1.416548800000000028e+03,2.347879999999999967e+01
1.416551300000000083e+03,2.357489999999999952e+01
1.416553699999999935e+03,2.362219999999999942e+01
1.416556199999999990e+03,2.357740000000000080e+01
1.416558600000000069e+03,2.345129999999999981e+01
1.416560999999999922e+03,2.329670000000000130e+01
1.416563499999999976e+03,2.317020000000000124e+01
1.416565900000000056e+03,2.309400000000000119e+01
1.416568400000000111e+03,2.303989999999999938e+01
1.416570799999999963e+03,2.295880000000000010e+01
1.416573200000000043e+03,2.283510000000000062e+01
1.416575700000000097e+03,2.270469999999999899e+01
1.416578099999999949e+03,2.262109999999999843e+01
1.416580600000000004e+03,2.261499999999999844e+01
1.416583000000000084e+03,2.268319999999999936e+01
1.416585399999999936e+03,2.279220000000000113e+01
1.416587899999999991e+03,2.289000000000000057e+01
1.416590300000000070e+03,2.294040000000000035e+01
1.416592799999999897e+03,2.296409999999999840e+01
1.416595199999999977e+03,2.302860000000000085e+01
1.416597700000000032e+03,2.317680000000000007e+01
1.416600100000000111e+03,2.336970000000000169e+01
1.416602499999999964e+03,2.351760000000000161e+01
1.416605000000000018e+03,2.356340000000000146e+01
1.416607400000000098e+03,2.352670000000000172e+01
1.416609899999999925e+03,2.347299999999999898e+01
1.416612300000000005e+03,2.345700000000000074e+01
1.416614700000000084e+03,2.349540000000000006e+01
1.416617199999999912e+03,2.357689999999999841e+01
1.416619599999999991e+03,2.367569999999999908e+01
1.416622100000000046e+03,2.375590000000000046e+01
1.416624499999999898e+03,2.378109999999999857e+01
1.416626999999999953e+03,2.373170000000000002e+01
1.416629400000000032e+03,2.361230000000000118e+01
1.416631800000000112e+03,2.344910000000000139e+01
1.416634299999999939e+03,2.328500000000000014e+01
1.416636700000000019e+03,2.316550000000000153e+01
1.416639200000000073e+03,2.311100000000000065e+01
1.416641599999999926e+03,2.310450000000000159e+01
1.416644000000000005e+03,2.310800000000000054e+01
1.416646500000000060e+03,2.309199999999999875e+01
1.416648899999999912e+03,2.306030000000000157e+01
1.416651399999999967e+03,2.304710000000000036e+01
1.416653800000000047e+03,2.307829999999999870e+01
1.416656199999999899e+03,2.313269999999999982e+01
1.416658699999999953e+03,2.315680000000000049e+01
1.416661100000000033e+03,2.311949999999999861e+01
1.416663600000000088e+03,2.303750000000000142e+01
1.416665999999999940e+03,2.294910000000000139e+01
1.416668499999999995e+03,2.288279999999999959e+01
1.416670900000000074e+03,2.285269999999999868e+01
1.416673299999999927e+03,2.286629999999999896e+01
1.416675799999999981e+03,2.292419999999999902e+01
1.416678200000000061e+03,2.300989999999999824e+01
1.416680699999999888e+03,2.309149999999999991e+01
1.416683099999999968e+03,2.314600000000000080e+01
1.416685500000000047e+03,2.319160000000000110e+01
1.416688000000000102e+03,2.329090000000000060e+01
1.416690399999999954e+03,2.352430000000000021e+01
1.416692900000000009e+03,2.394300000000000139e+01
1.416695300000000088e+03,2.450230000000000175e+01
1.416697799999999916e+03,2.502309999999999945e+01
1.416700199999999995e+03,2.529500000000000171e+01
1.416702600000000075e+03,2.528350000000000009e+01
1.416705099999999902e+03,2.518720000000000070e+01
1.416707499999999982e+03,2.522050000000000125e+01
1.416710000000000036e+03,2.538109999999999999e+01
1.416712399999999889e+03,2.548420000000000130e+01
1.416714799999999968e+03,2.537669999999999959e+01
1.416717300000000023e+03,2.506449999999999889e+01
1.416719700000000103e+03,2.466639999999999944e+01
1.416722199999999930e+03,2.430730000000000146e+01
1.416724600000000009e+03,2.405420000000000158e+01
1.416727100000000064e+03,2.390640000000000143e+01
1.416729499999999916e+03,2.382189999999999941e+01
1.416731899999999996e+03,2.375159999999999982e+01
1.416734400000000051e+03,2.366349999999999909e+01
1.416736799999999903e+03,2.355699999999999861e+01
1.416739299999999957e+03,2.346099999999999852e+01
1.416741700000000037e+03,2.341280000000000072e+01
1.416744099999999889e+03,2.342749999999999844e+01
1.416746599999999944e+03,2.348120000000000118e+01
1.416749000000000024e+03,2.352469999999999928e+01
1.416751500000000078e+03,2.352359999999999829e+01
1.416753899999999931e+03,2.348499999999999943e+01
1.416756300000000010e+03,2.343540000000000134e+01
1.416758800000000065e+03,2.338380000000000081e+01
1.416761199999999917e+03,2.331739999999999924e+01
1.416763699999999972e+03,2.323130000000000095e+01
1.416766100000000051e+03,2.315299999999999869e+01
1.416768600000000106e+03,2.313100000000000023e+01
1.416770999999999958e+03,2.319150000000000134e+01
1.416773400000000038e+03,2.329670000000000130e+01
1.416775900000000092e+03,2.336070000000000135e+01
1.416778299999999945e+03,2.331960000000000122e+01
1.416780799999999999e+03,2.318599999999999994e+01
1.416783200000000079e+03,2.303089999999999904e+01
1.416785599999999931e+03,2.291710000000000136e+01
1.416788099999999986e+03,2.285849999999999937e+01
1.416790500000000065e+03,2.284130000000000038e+01
1.416792999999999893e+03,2.285790000000000077e+01
1.416795399999999972e+03,2.290510000000000090e+01
1.416797900000000027e+03,2.296689999999999898e+01
1.416800300000000107e+03,2.301739999999999853e+01
1.416802699999999959e+03,2.303829999999999956e+01
1.416805200000000013e+03,2.302929999999999922e+01
1.416807600000000093e+03,2.301429999999999865e+01
1.416810099999999920e+03,2.303559999999999874e+01
1.416812500000000000e+03,2.311390000000000100e+01
1.416814900000000080e+03,2.320550000000000068e+01
1.416817399999999907e+03,2.321859999999999857e+01
1.416819799999999987e+03,2.309459999999999980e+01
1.416822300000000041e+03,2.287320000000000064e+01
1.416824699999999893e+03,2.267370000000000019e+01
1.416827099999999973e+03,2.260320000000000107e+01
1.416829600000000028e+03,2.267419999999999902e+01
1.416832000000000107e+03,2.281429999999999936e+01
1.416834499999999935e+03,2.294879999999999853e+01
1.416836900000000014e+03,2.305529999999999902e+01
1.416839400000000069e+03,2.314199999999999946e+01
1.416841799999999921e+03,2.320990000000000109e+01
1.416844200000000001e+03,2.324970000000000070e+01
1.416846700000000055e+03,2.325400000000000134e+01
1.416849099999999908e+03,2.322650000000000148e+01
1.416851599999999962e+03,2.319030000000000058e+01
1.416854000000000042e+03,2.318120000000000047e+01
1.416856399999999894e+03,2.322299999999999898e+01
1.416858899999999949e+03,2.330949999999999989e+01
1.416861300000000028e+03,2.341469999999999985e+01
1.416863800000000083e+03,2.350860000000000127e+01
1.416866199999999935e+03,2.356019999999999825e+01
1.416868699999999990e+03,2.353869999999999862e+01
1.416871100000000069e+03,2.343199999999999861e+01
1.416873499999999922e+03,2.327130000000000010e+01
1.416875999999999976e+03,2.312099999999999866e+01
1.416878400000000056e+03,2.303679999999999950e+01
1.416880900000000111e+03,2.303920000000000101e+01
1.416883299999999963e+03,2.311730000000000018e+01
1.416885700000000043e+03,2.324060000000000059e+01
1.416888200000000097e+03,2.336739999999999995e+01
1.416890599999999949e+03,2.345700000000000074e+01
1.416893100000000004e+03,2.347749999999999915e+01
1.416895500000000084e+03,2.341679999999999851e+01
1.416897899999999936e+03,2.330460000000000065e+01
1.416900399999999991e+03,2.321010000000000062e+01
1.416902800000000070e+03,2.319590000000000174e+01
1.416905299999999897e+03,2.327520000000000167e+01
1.416907699999999977e+03,2.341379999999999839e+01
1.416910200000000032e+03,2.355679999999999907e+01
1.416912600000000111e+03,2.365080000000000027e+01
1.416914999999999964e+03,2.365820000000000078e+01
1.416917500000000018e+03,2.357059999999999889e+01
1.416919900000000098e+03,2.341679999999999851e+01
1.416922399999999925e+03,2.324930000000000163e+01
1.416924800000000005e+03,2.310660000000000025e+01
1.416927200000000084e+03,2.298529999999999873e+01
1.416929699999999912e+03,2.286420000000000030e+01
1.416932099999999991e+03,2.274889999999999901e+01
1.416934600000000046e+03,2.267060000000000031e+01
1.416936999999999898e+03,2.264679999999999893e+01
1.416939499999999953e+03,2.266769999999999996e+01
1.416941900000000032e+03,2.271989999999999910e+01
1.416944300000000112e+03,2.279889999999999972e+01
1.416946799999999939e+03,2.289379999999999882e+01
1.416949200000000019e+03,2.297299999999999898e+01
1.416951700000000073e+03,2.299660000000000082e+01
1.416954099999999926e+03,2.294569999999999865e+01
1.416956500000000005e+03,2.284169999999999945e+01
1.416959000000000060e+03,2.273430000000000106e+01
1.416961399999999912e+03,2.266839999999999833e+01
1.416963899999999967e+03,2.265650000000000119e+01
1.416966300000000047e+03,2.268349999999999866e+01
1.416968800000000101e+03,2.274230000000000018e+01
1.416971199999999953e+03,2.284990000000000165e+01
1.416973600000000033e+03,2.301739999999999853e+01
1.416976100000000088e+03,2.321340000000000003e+01
1.416978499999999940e+03,2.338139999999999930e+01
1.416980999999999995e+03,2.348730000000000118e+01
1.416983400000000074e+03,2.352880000000000038e+01
1.416985799999999927e+03,2.350550000000000139e+01
1.416988299999999981e+03,2.341169999999999973e+01
1.416990700000000061e+03,2.326579999999999870e+01
1.416993199999999888e+03,2.312359999999999971e+01
1.416995599999999968e+03,2.305020000000000024e+01
1.416998000000000047e+03,2.308070000000000022e+01
1.417000500000000102e+03,2.320820000000000149e+01
1.417002899999999954e+03,2.340050000000000097e+01
1.417005400000000009e+03,2.362269999999999825e+01
1.417007800000000088e+03,2.384700000000000131e+01
1.417010299999999916e+03,2.404380000000000095e+01
1.417012699999999995e+03,2.417299999999999827e+01
1.417015100000000075e+03,2.419610000000000127e+01
1.417017599999999902e+03,2.411469999999999914e+01
1.417019999999999982e+03,2.399360000000000070e+01
1.417022500000000036e+03,2.391880000000000095e+01
1.417024899999999889e+03,2.392689999999999984e+01
1.417027299999999968e+03,2.398089999999999833e+01
1.417029800000000023e+03,2.401139999999999830e+01
1.417032200000000103e+03,2.397139999999999915e+01
1.417034699999999930e+03,2.386319999999999908e+01
1.417037100000000009e+03,2.372479999999999833e+01
1.417039600000000064e+03,2.359499999999999886e+01
1.417041999999999916e+03,2.349579999999999913e+01
1.417044399999999996e+03,2.344259999999999877e+01
1.417046900000000051e+03,2.344910000000000139e+01
1.417049299999999903e+03,2.350710000000000122e+01
1.417051799999999957e+03,2.357590000000000074e+01
1.417054200000000037e+03,2.360310000000000130e+01
1.417056599999999889e+03,2.356090000000000018e+01
1.417059099999999944e+03,2.346559999999999846e+01
1.417061500000000024e+03,2.336299999999999955e+01
1.417064000000000078e+03,2.329009999999999891e+01
1.417066399999999931e+03,2.324790000000000134e+01
1.417068800000000010e+03,2.321440000000000126e+01
1.417071300000000065e+03,2.317920000000000158e+01
1.417073699999999917e+03,2.316059999999999874e+01
1.417076199999999972e+03,2.318349999999999866e+01
1.417078600000000051e+03,2.324289999999999878e+01
1.417081100000000106e+03,2.330369999999999919e+01
1.417083499999999958e+03,2.334290000000000020e+01
1.417085900000000038e+03,2.337259999999999849e+01
1.417088400000000092e+03,2.340980000000000061e+01
1.417090799999999945e+03,2.344900000000000162e+01
1.417093299999999999e+03,2.348019999999999996e+01
1.417095700000000079e+03,2.351150000000000162e+01
1.417098099999999931e+03,2.355940000000000012e+01
1.417100599999999986e+03,2.363289999999999935e+01
1.417103000000000065e+03,2.373760000000000048e+01
1.417105499999999893e+03,2.388159999999999883e+01
1.417107899999999972e+03,2.407140000000000057e+01
1.417110400000000027e+03,2.430849999999999866e+01
1.417112800000000107e+03,2.458549999999999969e+01
1.417115199999999959e+03,2.486240000000000094e+01
1.417117700000000013e+03,2.504370000000000118e+01
1.417120100000000093e+03,2.501980000000000004e+01
1.417122599999999920e+03,2.477570000000000050e+01
1.417125000000000000e+03,2.443599999999999994e+01
1.417127400000000080e+03,2.416100000000000136e+01
1.417129899999999907e+03,2.400300000000000011e+01
1.417132299999999987e+03,2.389570000000000149e+01
1.417134800000000041e+03,2.377110000000000056e+01
1.417137199999999893e+03,2.364280000000000115e+01
1.417139599999999973e+03,2.356650000000000134e+01
1.417142100000000028e+03,2.355809999999999960e+01
1.417144500000000107e+03,2.358429999999999893e+01
1.417146999999999935e+03,2.361789999999999878e+01
1.417149400000000014e+03,2.366789999999999949e+01
1.417151900000000069e+03,2.375049999999999883e+01
1.417154299999999921e+03,2.384570000000000078e+01
1.417156700000000001e+03,2.389150000000000063e+01
1.417159200000000055e+03,2.382819999999999894e+01
1.417161599999999908e+03,2.365259999999999962e+01
1.417164099999999962e+03,2.342229999999999990e+01
1.417166500000000042e+03,2.321430000000000149e+01
1.417168899999999894e+03,2.308239999999999981e+01
1.417171399999999949e+03,2.303409999999999869e+01
1.417173800000000028e+03,2.303659999999999997e+01
1.417176300000000083e+03,2.305689999999999884e+01
1.417178699999999935e+03,2.309799999999999898e+01
1.417181199999999990e+03,2.318400000000000105e+01
1.417183600000000069e+03,2.331190000000000140e+01
1.417185999999999922e+03,2.343619999999999948e+01
1.417188499999999976e+03,2.350300000000000011e+01
1.417190900000000056e+03,2.348959999999999937e+01
1.417193400000000111e+03,2.341339999999999932e+01
1.417195799999999963e+03,2.331950000000000145e+01
1.417198200000000043e+03,2.326839999999999975e+01
1.417200700000000097e+03,2.331619999999999848e+01
1.417203099999999949e+03,2.348069999999999879e+01
1.417205600000000004e+03,2.372360000000000113e+01
1.417208000000000084e+03,2.397869999999999990e+01
1.417210399999999936e+03,2.419709999999999894e+01
1.417212899999999991e+03,2.436649999999999849e+01
1.417215300000000070e+03,2.449759999999999849e+01
1.417217799999999897e+03,2.459669999999999845e+01
1.417220199999999977e+03,2.464339999999999975e+01
1.417222700000000032e+03,2.460040000000000049e+01
1.417225100000000111e+03,2.445660000000000167e+01
1.417227499999999964e+03,2.425860000000000127e+01
1.417230000000000018e+03,2.408940000000000126e+01
1.417232400000000098e+03,2.400260000000000105e+01
1.417234899999999925e+03,2.396920000000000073e+01
1.417237300000000005e+03,2.389870000000000161e+01
1.417239700000000084e+03,2.373229999999999862e+01
1.417242199999999912e+03,2.350799999999999912e+01
1.417244599999999991e+03,2.332290000000000063e+01
1.417247100000000046e+03,2.323849999999999838e+01
1.417249499999999898e+03,2.323720000000000141e+01
1.417251999999999953e+03,2.325700000000000145e+01
1.417254400000000032e+03,2.325069999999999837e+01
1.417256800000000112e+03,2.321359999999999957e+01
1.417259299999999939e+03,2.316959999999999908e+01
1.417261700000000019e+03,2.314659999999999940e+01
1.417264200000000073e+03,2.316199999999999903e+01
1.417266599999999926e+03,2.321000000000000085e+01
1.417269000000000005e+03,2.325720000000000098e+01
1.417271500000000060e+03,2.326549999999999940e+01
1.417273899999999912e+03,2.322800000000000153e+01
1.417276399999999967e+03,2.317709999999999937e+01
1.417278800000000047e+03,2.315579999999999927e+01
1.417281199999999899e+03,2.317589999999999861e+01
1.417283699999999953e+03,2.320400000000000063e+01
1.417286100000000033e+03,2.319399999999999906e+01
1.417288600000000088e+03,2.313749999999999929e+01
1.417290999999999940e+03,2.307290000000000063e+01
1.417293499999999995e+03,2.304789999999999850e+01
1.417295900000000074e+03,2.308999999999999986e+01
1.417298299999999927e+03,2.320410000000000039e+01
1.417300799999999981e+03,2.337340000000000018e+01
1.417303200000000061e+03,2.355799999999999983e+01
1.417305699999999888e+03,2.371059999999999945e+01
1.417308099999999968e+03,2.380409999999999826e+01
1.417310500000000047e+03,2.384519999999999840e+01
1.417313000000000102e+03,2.386820000000000164e+01
1.417315399999999954e+03,2.390889999999999915e+01
1.417317900000000009e+03,2.396519999999999939e+01
1.417320300000000088e+03,2.398809999999999931e+01
1.417322799999999916e+03,2.392480000000000118e+01
1.417325199999999995e+03,2.377019999999999911e+01
1.417327600000000075e+03,2.357110000000000127e+01
1.417330099999999902e+03,2.339179999999999993e+01
1.417332499999999982e+03,2.327819999999999823e+01
1.417335000000000036e+03,2.324099999999999966e+01
1.417337399999999889e+03,2.326170000000000115e+01
1.417339799999999968e+03,2.330859999999999843e+01
1.417342300000000023e+03,2.334819999999999851e+01
1.417344700000000103e+03,2.335350000000000037e+01
1.417347199999999930e+03,2.331510000000000105e+01
1.417349600000000009e+03,2.324490000000000123e+01
1.417352100000000064e+03,2.316440000000000055e+01
1.417354499999999916e+03,2.309600000000000009e+01
1.417356899999999996e+03,2.305630000000000024e+01
1.417359400000000051e+03,2.304469999999999885e+01
1.417361799999999903e+03,2.304029999999999845e+01
1.417364299999999957e+03,2.302390000000000114e+01
1.417366700000000037e+03,2.300179999999999936e+01
1.417369099999999889e+03,2.300189999999999912e+01
1.417371599999999944e+03,2.304919999999999902e+01
1.417374000000000024e+03,2.314150000000000063e+01
1.417376500000000078e+03,2.323959999999999937e+01
1.417378899999999931e+03,2.329009999999999891e+01
1.417381300000000010e+03,2.327380000000000138e+01
1.417383800000000065e+03,2.322759999999999891e+01
1.417386199999999917e+03,2.320489999999999853e+01
1.417388699999999972e+03,2.322490000000000165e+01
1.417391100000000051e+03,2.327230000000000132e+01
1.417393600000000106e+03,2.332689999999999841e+01
1.417395999999999958e+03,2.337829999999999941e+01
1.417398400000000038e+03,2.342500000000000071e+01
1.417400900000000092e+03,2.348219999999999885e+01
1.417403299999999945e+03,2.358709999999999951e+01
1.417405799999999999e+03,2.378209999999999980e+01
1.417408200000000079e+03,2.408170000000000144e+01
1.417410599999999931e+03,2.445789999999999864e+01
1.417413099999999986e+03,2.486250000000000071e+01
1.417415500000000065e+03,2.525609999999999999e+01
1.417417999999999893e+03,2.559900000000000020e+01
1.417420399999999972e+03,2.582369999999999877e+01
1.417422900000000027e+03,2.584979999999999833e+01
1.417425300000000107e+03,2.565129999999999910e+01
1.417427699999999959e+03,2.529339999999999833e+01
1.417430200000000013e+03,2.488319999999999865e+01
1.417432600000000093e+03,2.449620000000000175e+01
1.417435099999999920e+03,2.416710000000000136e+01
1.417437500000000000e+03,2.392530000000000001e+01
1.417439900000000080e+03,2.379260000000000019e+01
1.417442399999999907e+03,2.375000000000000000e+01
1.417444799999999987e+03,2.374159999999999826e+01
1.417447300000000041e+03,2.371079999999999899e+01
1.417449699999999893e+03,2.361890000000000001e+01
1.417452099999999973e+03,2.344790000000000063e+01
1.417454600000000028e+03,2.320779999999999887e+01
1.417457000000000107e+03,2.293609999999999971e+01
1.417459499999999935e+03,2.267820000000000036e+01
1.417461900000000014e+03,2.247119999999999962e+01
1.417464400000000069e+03,2.233739999999999881e+01
1.417466799999999921e+03,2.227779999999999916e+01
1.417469200000000001e+03,2.227100000000000080e+01
1.417471700000000055e+03,2.228839999999999932e+01
1.417474099999999908e+03,2.231800000000000139e+01
1.417476599999999962e+03,2.237679999999999936e+01
1.417479000000000042e+03,2.249249999999999972e+01
1.417481399999999894e+03,2.266610000000000014e+01
1.417483899999999949e+03,2.286070000000000135e+01
1.417486300000000028e+03,2.303399999999999892e+01
1.417488800000000083e+03,2.316829999999999856e+01
1.417491199999999935e+03,2.325900000000000034e+01
1.417493699999999990e+03,2.328729999999999833e+01
1.417496100000000069e+03,2.321369999999999933e+01
1.417498499999999922e+03,2.300789999999999935e+01
1.417500999999999976e+03,2.269259999999999877e+01
1.417503400000000056e+03,2.235559999999999903e+01
1.417505900000000111e+03,2.210569999999999879e+01
1.417508299999999963e+03,2.201040000000000063e+01
1.417510700000000043e+03,2.207010000000000005e+01
1.417513200000000097e+03,2.223570000000000135e+01
1.417515599999999949e+03,2.244209999999999994e+01
1.417518100000000004e+03,2.263749999999999929e+01
1.417520500000000084e+03,2.279029999999999845e+01
1.417522899999999936e+03,2.287879999999999825e+01
1.417525399999999991e+03,2.289410000000000167e+01
1.417527800000000070e+03,2.286299999999999955e+01
1.417530299999999897e+03,2.284990000000000165e+01
1.417532699999999977e+03,2.290790000000000148e+01
1.417535200000000032e+03,2.302690000000000126e+01
1.417537600000000111e+03,2.314000000000000057e+01
1.417539999999999964e+03,2.318189999999999884e+01
1.417542500000000018e+03,2.313489999999999824e+01
1.417544900000000098e+03,2.302479999999999905e+01
1.417547399999999925e+03,2.289160000000000039e+01
1.417549800000000005e+03,2.276869999999999905e+01
1.417552200000000084e+03,2.267950000000000088e+01
1.417554699999999912e+03,2.264160000000000039e+01
1.417557099999999991e+03,2.266499999999999915e+01
1.417559600000000046e+03,2.274089999999999989e+01
1.417561999999999898e+03,2.284029999999999916e+01
1.417564499999999953e+03,2.293519999999999825e+01
1.417566900000000032e+03,2.301129999999999853e+01
1.417569300000000112e+03,2.305559999999999832e+01
1.417571799999999939e+03,2.305150000000000077e+01
1.417574200000000019e+03,2.300260000000000105e+01
1.417576700000000073e+03,2.294549999999999912e+01
1.417579099999999926e+03,2.292180000000000106e+01
1.417581500000000005e+03,2.294249999999999901e+01
1.417584000000000060e+03,2.299220000000000041e+01
1.417586399999999912e+03,2.306340000000000146e+01
1.417588899999999967e+03,2.317089999999999961e+01
1.417591300000000047e+03,2.332539999999999836e+01
1.417593800000000101e+03,2.350669999999999860e+01
1.417596199999999953e+03,2.367170000000000130e+01
1.417598600000000033e+03,2.377830000000000155e+01
1.417601100000000088e+03,2.379960000000000164e+01
1.417603499999999940e+03,2.373239999999999839e+01
1.417605999999999995e+03,2.360000000000000142e+01
1.417608400000000074e+03,2.343990000000000151e+01
1.417610799999999927e+03,2.328630000000000067e+01
1.417613299999999981e+03,2.317010000000000147e+01
1.417615700000000061e+03,2.312049999999999983e+01
1.417618199999999888e+03,2.315070000000000050e+01
1.417620599999999968e+03,2.324239999999999995e+01
1.417623000000000047e+03,2.335800000000000054e+01
1.417625500000000102e+03,2.346770000000000067e+01
1.417627899999999954e+03,2.356040000000000134e+01
1.417630400000000009e+03,2.362890000000000157e+01
1.417632800000000088e+03,2.365810000000000102e+01
1.417635299999999916e+03,2.363870000000000005e+01
1.417637699999999995e+03,2.358950000000000102e+01
1.417640100000000075e+03,2.354870000000000019e+01
1.417642599999999902e+03,2.353989999999999938e+01
1.417644999999999982e+03,2.355699999999999861e+01
1.417647500000000036e+03,2.357799999999999940e+01
1.417649899999999889e+03,2.357939999999999969e+01
1.417652299999999968e+03,2.354129999999999967e+01
1.417654800000000023e+03,2.345810000000000173e+01
1.417657200000000103e+03,2.334639999999999915e+01
1.417659699999999930e+03,2.323620000000000019e+01
1.417662100000000009e+03,2.315830000000000055e+01
1.417664600000000064e+03,2.314369999999999905e+01
1.417666999999999916e+03,2.321979999999999933e+01
1.417669399999999996e+03,2.338329999999999842e+01
1.417671900000000051e+03,2.357319999999999993e+01
1.417674299999999903e+03,2.369539999999999935e+01
1.417676799999999957e+03,2.369800000000000040e+01
1.417679200000000037e+03,2.361929999999999907e+01
1.417681599999999889e+03,2.354759999999999920e+01
1.417684099999999944e+03,2.354179999999999851e+01
1.417686500000000024e+03,2.359870000000000090e+01
1.417689000000000078e+03,2.368009999999999948e+01
1.417691399999999931e+03,2.375339999999999918e+01
1.417693800000000010e+03,2.380839999999999890e+01
1.417696300000000065e+03,2.384369999999999834e+01
1.417698699999999917e+03,2.384819999999999851e+01
1.417701199999999972e+03,2.380969999999999942e+01
1.417703600000000051e+03,2.374340000000000117e+01
1.417706100000000106e+03,2.369229999999999947e+01
1.417708499999999958e+03,2.368990000000000151e+01
1.417710900000000038e+03,2.373049999999999926e+01
1.417713400000000092e+03,2.377939999999999898e+01
1.417715799999999945e+03,2.380300000000000082e+01
1.417718299999999999e+03,2.378539999999999921e+01
1.417720700000000079e+03,2.372569999999999979e+01
1.417723099999999931e+03,2.363370000000000104e+01
1.417725599999999986e+03,2.352580000000000027e+01
1.417728000000000065e+03,2.341979999999999862e+01
1.417730499999999893e+03,2.333660000000000068e+01
1.417732899999999972e+03,2.329980000000000118e+01
1.417735400000000027e+03,2.332130000000000081e+01
1.417737800000000107e+03,2.338609999999999900e+01
1.417740199999999959e+03,2.345639999999999858e+01
1.417742700000000013e+03,2.349309999999999832e+01
1.417745100000000093e+03,2.347680000000000078e+01
1.417747599999999920e+03,2.341540000000000177e+01
1.417750000000000000e+03,2.333370000000000033e+01
1.417752400000000080e+03,2.325410000000000110e+01
1.417754899999999907e+03,2.318550000000000111e+01
1.417757299999999987e+03,2.313179999999999836e+01
1.417759800000000041e+03,2.310310000000000130e+01
1.417762199999999893e+03,2.310889999999999844e+01
1.417764599999999973e+03,2.314270000000000138e+01
1.417767100000000028e+03,2.319500000000000028e+01
1.417769500000000107e+03,2.328310000000000102e+01
1.417771999999999935e+03,2.343489999999999895e+01
1.417774400000000014e+03,2.362890000000000157e+01
1.417776900000000069e+03,2.378760000000000119e+01
1.417779299999999921e+03,2.385610000000000142e+01
1.417781700000000001e+03,2.385589999999999833e+01
1.417784200000000055e+03,2.383620000000000161e+01
1.417786599999999908e+03,2.380399999999999849e+01
1.417789099999999962e+03,2.372680000000000078e+01
1.417791500000000042e+03,2.358399999999999963e+01
1.417793899999999894e+03,2.339460000000000051e+01
1.417796399999999949e+03,2.320329999999999870e+01
1.417798800000000028e+03,2.305330000000000013e+01
1.417801300000000083e+03,2.297159999999999869e+01
1.417803699999999935e+03,2.296499999999999986e+01
1.417806199999999990e+03,2.301490000000000080e+01
1.417808600000000069e+03,2.308050000000000068e+01
1.417810999999999922e+03,2.312569999999999837e+01
1.417813499999999976e+03,2.315090000000000003e+01
1.417815900000000056e+03,2.319290000000000163e+01
1.417818400000000111e+03,2.329149999999999920e+01
1.417820799999999963e+03,2.345449999999999946e+01
1.417823200000000043e+03,2.365449999999999875e+01
1.417825700000000097e+03,2.385210000000000008e+01
1.417828099999999949e+03,2.401429999999999865e+01
1.417830600000000004e+03,2.410760000000000147e+01
1.417833000000000084e+03,2.409759999999999991e+01
1.417835399999999936e+03,2.397879999999999967e+01
1.417837899999999991e+03,2.380180000000000007e+01
1.417840300000000070e+03,2.365119999999999933e+01
1.417842799999999897e+03,2.359349999999999881e+01
1.417845199999999977e+03,2.364179999999999993e+01
1.417847700000000032e+03,2.375110000000000099e+01
1.417850100000000111e+03,2.383940000000000126e+01
1.417852499999999964e+03,2.383089999999999975e+01
1.417855000000000018e+03,2.370459999999999923e+01
1.417857400000000098e+03,2.350669999999999860e+01
1.417859899999999925e+03,2.331259999999999977e+01
1.417862300000000005e+03,2.317379999999999995e+01
1.417864700000000084e+03,2.309570000000000078e+01
1.417867199999999912e+03,2.306040000000000134e+01
1.417869599999999991e+03,2.306099999999999994e+01
1.417872100000000046e+03,2.309949999999999903e+01
1.417874499999999898e+03,2.315670000000000073e+01
1.417876999999999953e+03,2.318799999999999883e+01
1.417879400000000032e+03,2.316760000000000019e+01
1.417881800000000112e+03,2.312709999999999866e+01
1.417884299999999939e+03,2.313510000000000133e+01
1.417886700000000019e+03,2.323379999999999868e+01
1.417889200000000073e+03,2.339620000000000033e+01
1.417891599999999926e+03,2.354319999999999879e+01
1.417894000000000005e+03,2.360399999999999920e+01
1.417896500000000060e+03,2.357130000000000081e+01
1.417898899999999912e+03,2.349549999999999983e+01
1.417901399999999967e+03,2.342340000000000089e+01
1.417903800000000047e+03,2.335439999999999827e+01
1.417906199999999899e+03,2.326780000000000115e+01
1.417908699999999953e+03,2.317289999999999850e+01
1.417911100000000033e+03,2.310729999999999862e+01
1.417913600000000088e+03,2.309189999999999898e+01
1.417915999999999940e+03,2.311380000000000123e+01
1.417918499999999995e+03,2.315680000000000049e+01
1.417920900000000074e+03,2.323250000000000171e+01
1.417923299999999927e+03,2.336990000000000123e+01
1.417925799999999981e+03,2.357489999999999952e+01
1.417928200000000061e+03,2.381210000000000093e+01
1.417930699999999888e+03,2.402149999999999963e+01
1.417933099999999968e+03,2.414260000000000161e+01
1.417935500000000047e+03,2.413599999999999923e+01
1.417938000000000102e+03,2.401180000000000092e+01
1.417940399999999954e+03,2.383470000000000155e+01
1.417942900000000009e+03,2.367770000000000152e+01
1.417945300000000088e+03,2.356889999999999930e+01
1.417947799999999916e+03,2.348780000000000001e+01
1.417950199999999995e+03,2.340159999999999840e+01
1.417952600000000075e+03,2.330320000000000036e+01
1.417955099999999902e+03,2.322879999999999967e+01
1.417957499999999982e+03,2.324050000000000082e+01
1.417960000000000036e+03,2.337750000000000128e+01
1.417962399999999889e+03,2.360960000000000036e+01
1.417964799999999968e+03,2.384069999999999823e+01
1.417967300000000023e+03,2.396409999999999840e+01
1.417969700000000103e+03,2.393209999999999837e+01
1.417972199999999930e+03,2.379040000000000177e+01
1.417974600000000009e+03,2.364870000000000161e+01
1.417977100000000064e+03,2.359469999999999956e+01
1.417979499999999916e+03,2.362010000000000076e+01
1.417981899999999996e+03,2.363579999999999970e+01
1.417984400000000051e+03,2.356469999999999843e+01
1.417986799999999903e+03,2.341570000000000107e+01
1.417989299999999957e+03,2.327189999999999870e+01
1.417991700000000037e+03,2.321549999999999869e+01
1.417994099999999889e+03,2.326409999999999911e+01
1.417996599999999944e+03,2.337879999999999825e+01
1.417999000000000024e+03,2.352189999999999870e+01
1.418001500000000078e+03,2.368359999999999843e+01
1.418003899999999931e+03,2.384400000000000119e+01
1.418006300000000010e+03,2.394379999999999953e+01
1.418008800000000065e+03,2.392379999999999995e+01
1.418011199999999917e+03,2.378590000000000160e+01
1.418013699999999972e+03,2.359860000000000113e+01
1.418016100000000051e+03,2.344869999999999877e+01
1.418018600000000106e+03,2.339509999999999934e+01
1.418020999999999958e+03,2.345449999999999946e+01
1.418023400000000038e+03,2.361670000000000158e+01
1.418025900000000092e+03,2.386309999999999931e+01
1.418028299999999945e+03,2.416159999999999997e+01
1.418030799999999999e+03,2.445309999999999917e+01
1.418033200000000079e+03,2.466740000000000066e+01
1.418035599999999931e+03,2.476060000000000016e+01
1.418038099999999986e+03,2.472550000000000026e+01
1.418040500000000065e+03,2.457499999999999929e+01
1.418042999999999893e+03,2.433999999999999986e+01
1.418045399999999972e+03,2.408699999999999974e+01
1.418047900000000027e+03,2.390299999999999869e+01
1.418050300000000107e+03,2.383129999999999882e+01
1.418052699999999959e+03,2.382720000000000127e+01
1.418055200000000013e+03,2.380359999999999943e+01
1.418057600000000093e+03,2.372139999999999915e+01
1.418060099999999920e+03,2.361270000000000024e+01
1.418062500000000000e+03,2.352130000000000010e+01
1.418064900000000080e+03,2.345769999999999911e+01
1.418067399999999907e+03,2.341939999999999955e+01
1.418069799999999987e+03,2.341410000000000124e+01
1.418072300000000041e+03,2.343750000000000000e+01
1.418074699999999893e+03,2.345540000000000092e+01
1.418077099999999973e+03,2.343169999999999931e+01
1.418079600000000028e+03,2.336449999999999960e+01
1.418082000000000107e+03,2.328940000000000055e+01
1.418084499999999935e+03,2.324909999999999854e+01
1.418086900000000014e+03,2.325309999999999988e+01
1.418089400000000069e+03,2.326170000000000115e+01
1.418091799999999921e+03,2.321559999999999846e+01
1.418094200000000001e+03,2.309059999999999846e+01
1.418096700000000055e+03,2.293019999999999925e+01
1.418099099999999908e+03,2.282290000000000063e+01
1.418101599999999962e+03,2.283830000000000027e+01
1.418104000000000042e+03,2.297240000000000038e+01
1.418106399999999894e+03,2.315319999999999823e+01
1.418108899999999949e+03,2.330020000000000024e+01
1.418111300000000028e+03,2.337920000000000087e+01
1.418113800000000083e+03,2.340650000000000119e+01
1.418116199999999935e+03,2.342129999999999868e+01
1.418118699999999990e+03,2.346300000000000097e+01
1.418121100000000069e+03,2.356690000000000040e+01
1.418123499999999922e+03,2.376300000000000168e+01
1.418125999999999976e+03,2.406569999999999965e+01
1.418128400000000056e+03,2.445400000000000063e+01
1.418130900000000111e+03,2.485239999999999938e+01
1.418133299999999963e+03,2.514089999999999847e+01
1.418135700000000043e+03,2.521109999999999829e+01
1.418138200000000097e+03,2.503559999999999874e+01
1.418140599999999949e+03,2.469460000000000122e+01
1.418143100000000004e+03,2.433170000000000144e+01
1.418145500000000084e+03,2.407659999999999911e+01
1.418147899999999936e+03,2.398130000000000095e+01
1.418150399999999991e+03,2.400540000000000163e+01
1.418152800000000070e+03,2.405969999999999942e+01
1.418155299999999897e+03,2.408060000000000045e+01
1.418157699999999977e+03,2.407280000000000086e+01
1.418160200000000032e+03,2.408480000000000132e+01
1.418162600000000111e+03,2.414270000000000138e+01
1.418164999999999964e+03,2.421140000000000114e+01
1.418167500000000018e+03,2.422200000000000131e+01
1.418169900000000098e+03,2.413889999999999958e+01
1.418172399999999925e+03,2.399719999999999942e+01
1.418174800000000005e+03,2.387940000000000040e+01
1.418177200000000084e+03,2.385999999999999943e+01
1.418179699999999912e+03,2.396099999999999852e+01
1.418182099999999991e+03,2.414410000000000167e+01
1.418184600000000046e+03,2.434179999999999922e+01
1.418186999999999898e+03,2.449579999999999913e+01
1.418189499999999953e+03,2.457049999999999912e+01
1.418191900000000032e+03,2.454720000000000013e+01
1.418194300000000112e+03,2.442980000000000018e+01
1.418196799999999939e+03,2.425659999999999883e+01
1.418199200000000019e+03,2.408960000000000079e+01
1.418201700000000073e+03,2.397459999999999880e+01
1.418204099999999926e+03,2.390859999999999985e+01
1.418206500000000005e+03,2.385219999999999985e+01
1.418209000000000060e+03,2.377680000000000149e+01
1.418211399999999912e+03,2.369519999999999982e+01
1.418213899999999967e+03,2.364920000000000044e+01
1.418216300000000047e+03,2.367210000000000036e+01
1.418218800000000101e+03,2.376490000000000080e+01
1.418221199999999953e+03,2.390500000000000114e+01
1.418223600000000033e+03,2.407270000000000110e+01
1.418226100000000088e+03,2.426069999999999993e+01
1.418228499999999940e+03,2.445840000000000103e+01
1.418230999999999995e+03,2.464130000000000109e+01
1.418233400000000074e+03,2.478239999999999910e+01
1.418235799999999927e+03,2.487030000000000030e+01
1.418238299999999981e+03,2.490749999999999886e+01
1.418240700000000061e+03,2.489570000000000149e+01
1.418243199999999888e+03,2.483160000000000167e+01
1.418245599999999968e+03,2.471499999999999986e+01
1.418248000000000047e+03,2.455489999999999995e+01
1.418250500000000102e+03,2.436629999999999896e+01
1.418252899999999954e+03,2.416159999999999997e+01
1.418255400000000009e+03,2.395100000000000051e+01
1.418257800000000088e+03,2.375669999999999860e+01
1.418260299999999916e+03,2.361749999999999972e+01
1.418262699999999995e+03,2.356350000000000122e+01
1.418265100000000075e+03,2.358960000000000079e+01
1.418267599999999902e+03,2.366489999999999938e+01
1.418269999999999982e+03,2.376190000000000069e+01
1.418272500000000036e+03,2.386250000000000071e+01
1.418274899999999889e+03,2.394399999999999906e+01
1.418277299999999968e+03,2.398610000000000042e+01
1.418279800000000023e+03,2.398989999999999867e+01
1.418282200000000103e+03,2.397269999999999968e+01
1.418284699999999930e+03,2.395189999999999841e+01
1.418287100000000009e+03,2.394559999999999889e+01
1.418289600000000064e+03,2.396610000000000085e+01
1.418291999999999916e+03,2.399630000000000152e+01
1.418294399999999996e+03,2.399759999999999849e+01
1.418296900000000051e+03,2.395959999999999823e+01
1.418299299999999903e+03,2.392269999999999897e+01
1.418301799999999957e+03,2.394099999999999895e+01
1.418304200000000037e+03,2.403819999999999979e+01
1.418306599999999889e+03,2.419650000000000034e+01
1.418309099999999944e+03,2.437280000000000157e+01
1.418311500000000024e+03,2.452439999999999998e+01
1.418314000000000078e+03,2.462490000000000023e+01
1.418316399999999931e+03,2.466189999999999927e+01
1.418318800000000010e+03,2.463400000000000034e+01
1.418321300000000065e+03,2.456180000000000163e+01
1.418323699999999917e+03,2.449899999999999878e+01
1.418326199999999972e+03,2.452680000000000149e+01
1.418328600000000051e+03,2.471940000000000026e+01
1.418331100000000106e+03,2.508279999999999887e+01
1.418333499999999958e+03,2.551389999999999958e+01
1.418335900000000038e+03,2.584799999999999898e+01
1.418338400000000092e+03,2.596320000000000050e+01
1.418340799999999945e+03,2.583360000000000056e+01
1.418343299999999999e+03,2.550450000000000017e+01
1.418345700000000079e+03,2.506370000000000076e+01
1.418348099999999931e+03,2.463060000000000116e+01
1.418350599999999986e+03,2.431469999999999843e+01
1.418353000000000065e+03,2.415510000000000090e+01
1.418355499999999893e+03,2.411530000000000129e+01
1.418357899999999972e+03,2.414480000000000004e+01
1.418360400000000027e+03,2.422380000000000067e+01
1.418362800000000107e+03,2.433970000000000056e+01
1.418365199999999959e+03,2.444999999999999929e+01
1.418367700000000013e+03,2.450169999999999959e+01
1.418370100000000093e+03,2.448110000000000142e+01
1.418372599999999920e+03,2.441159999999999997e+01
1.418375000000000000e+03,2.430480000000000018e+01
1.418377400000000080e+03,2.414740000000000109e+01
1.418379899999999907e+03,2.394010000000000105e+01
1.418382299999999987e+03,2.371539999999999893e+01
1.418384800000000041e+03,2.351200000000000045e+01
1.418387199999999893e+03,2.335279999999999845e+01
1.418389599999999973e+03,2.325209999999999866e+01
1.418392100000000028e+03,2.323539999999999850e+01
1.418394500000000107e+03,2.333960000000000079e+01
1.418396999999999935e+03,2.357250000000000156e+01
1.418399400000000014e+03,2.386319999999999908e+01
1.418401900000000069e+03,2.408050000000000068e+01
1.418404299999999921e+03,2.412760000000000105e+01
1.418406700000000001e+03,2.401770000000000138e+01
1.418409200000000055e+03,2.384990000000000165e+01
1.418411599999999908e+03,2.372149999999999892e+01
1.418414099999999962e+03,2.366509999999999891e+01
1.418416500000000042e+03,2.365370000000000061e+01
1.418418899999999894e+03,2.365340000000000131e+01
1.418421399999999949e+03,2.367210000000000036e+01
1.418423800000000028e+03,2.374699999999999989e+01
1.418426300000000083e+03,2.388169999999999860e+01
1.418428699999999935e+03,2.401190000000000069e+01
1.418431199999999990e+03,2.405730000000000146e+01
1.418433600000000069e+03,2.400000000000000000e+01
1.418435999999999922e+03,2.388560000000000016e+01
1.418438499999999976e+03,2.376089999999999947e+01
1.418440900000000056e+03,2.363419999999999987e+01
1.418443400000000111e+03,2.348979999999999890e+01
1.418445799999999963e+03,2.332069999999999865e+01
1.418448200000000043e+03,2.315259999999999962e+01
1.418450700000000097e+03,2.304350000000000165e+01
1.418453099999999949e+03,2.304149999999999920e+01
1.418455600000000004e+03,2.313579999999999970e+01
1.418458000000000084e+03,2.326150000000000162e+01
1.418460399999999936e+03,2.335099999999999909e+01
1.418462899999999991e+03,2.337379999999999924e+01
1.418465300000000070e+03,2.334400000000000119e+01
1.418467799999999897e+03,2.330359999999999943e+01
1.418470199999999977e+03,2.329009999999999891e+01
1.418472700000000032e+03,2.331400000000000006e+01
1.418475100000000111e+03,2.337140000000000128e+01
1.418477499999999964e+03,2.346509999999999962e+01
1.418480000000000018e+03,2.359509999999999863e+01
1.418482400000000098e+03,2.373750000000000071e+01
1.418484899999999925e+03,2.385229999999999961e+01
1.418487300000000005e+03,2.390330000000000155e+01
1.418489700000000084e+03,2.386339999999999861e+01
1.418492199999999912e+03,2.372129999999999939e+01
1.418494599999999991e+03,2.351089999999999947e+01
1.418497100000000046e+03,2.331749999999999901e+01
1.418499499999999898e+03,2.322139999999999915e+01
1.418501999999999953e+03,2.323310000000000031e+01
1.418504400000000032e+03,2.329990000000000094e+01
1.418506800000000112e+03,2.337099999999999866e+01
1.418509299999999939e+03,2.343590000000000018e+01
1.418511700000000019e+03,2.350049999999999883e+01
1.418514200000000073e+03,2.355740000000000123e+01
1.418516599999999926e+03,2.359120000000000061e+01
1.418519000000000005e+03,2.359019999999999939e+01
1.418521500000000060e+03,2.353669999999999973e+01
1.418523899999999912e+03,2.340940000000000154e+01
1.418526399999999967e+03,2.322609999999999886e+01
1.418528800000000047e+03,2.306950000000000145e+01
1.418531199999999899e+03,2.303200000000000003e+01
1.418533699999999953e+03,2.312999999999999901e+01
1.418536100000000033e+03,2.328920000000000101e+01
1.418538600000000088e+03,2.341410000000000124e+01
1.418540999999999940e+03,2.345560000000000045e+01
1.418543499999999995e+03,2.341880000000000095e+01
1.418545900000000074e+03,2.333480000000000132e+01
1.418548299999999927e+03,2.324670000000000059e+01
1.418550799999999981e+03,2.320739999999999981e+01
1.418553200000000061e+03,2.325979999999999848e+01
1.418555699999999888e+03,2.340289999999999893e+01
1.418558099999999968e+03,2.358079999999999998e+01
1.418560500000000047e+03,2.371709999999999852e+01
1.418563000000000102e+03,2.377439999999999998e+01
1.418565399999999954e+03,2.378130000000000166e+01
1.418567900000000009e+03,2.379210000000000136e+01
1.418570300000000088e+03,2.382160000000000011e+01
1.418572799999999916e+03,2.383119999999999905e+01
1.418575199999999995e+03,2.377690000000000126e+01
1.418577600000000075e+03,2.366140000000000043e+01
1.418580099999999902e+03,2.353900000000000148e+01
1.418582499999999982e+03,2.348140000000000072e+01
1.418585000000000036e+03,2.353320000000000078e+01
1.418587399999999889e+03,2.368449999999999989e+01
1.418589799999999968e+03,2.387819999999999965e+01
1.418592300000000023e+03,2.404339999999999833e+01
1.418594700000000103e+03,2.413009999999999877e+01
1.418597199999999930e+03,2.412819999999999965e+01
1.418599600000000009e+03,2.407110000000000127e+01
1.418602100000000064e+03,2.402090000000000103e+01
1.418604499999999916e+03,2.402899999999999991e+01
1.418606899999999996e+03,2.409509999999999863e+01
1.418609400000000051e+03,2.416819999999999879e+01
1.418611799999999903e+03,2.420100000000000051e+01
1.418614299999999957e+03,2.419170000000000087e+01
1.418616700000000037e+03,2.416029999999999944e+01
1.418619099999999889e+03,2.409669999999999845e+01
1.418621599999999944e+03,2.396340000000000003e+01
1.418624000000000024e+03,2.375900000000000034e+01
1.418626500000000078e+03,2.355369999999999919e+01
1.418628899999999931e+03,2.344229999999999947e+01
1.418631300000000010e+03,2.347259999999999991e+01
1.418633800000000065e+03,2.362450000000000117e+01
1.418636199999999917e+03,2.383480000000000132e+01
1.418638699999999972e+03,2.402449999999999974e+01
1.418641100000000051e+03,2.413090000000000046e+01
1.418643600000000106e+03,2.414120000000000132e+01
1.418645999999999958e+03,2.409740000000000038e+01
1.418648400000000038e+03,2.406090000000000018e+01
1.418650900000000092e+03,2.407430000000000092e+01
1.418653299999999945e+03,2.414849999999999852e+01
1.418655799999999999e+03,2.426370000000000005e+01
1.418658200000000079e+03,2.437580000000000169e+01
1.418660599999999931e+03,2.443179999999999907e+01
1.418663099999999986e+03,2.439339999999999975e+01
1.418665500000000065e+03,2.425959999999999894e+01
1.418667999999999893e+03,2.407319999999999993e+01
1.418670399999999972e+03,2.390769999999999840e+01
1.418672900000000027e+03,2.383429999999999893e+01
1.418675300000000107e+03,2.388250000000000028e+01
1.418677699999999959e+03,2.401879999999999882e+01
1.418680200000000013e+03,2.417259999999999920e+01
1.418682600000000093e+03,2.428689999999999927e+01
1.418685099999999920e+03,2.434299999999999997e+01
1.418687500000000000e+03,2.434540000000000148e+01
1.418689900000000080e+03,2.429700000000000060e+01
1.418692399999999907e+03,2.419709999999999894e+01
1.418694799999999987e+03,2.406099999999999994e+01
1.418697300000000041e+03,2.393140000000000001e+01
1.418699699999999893e+03,2.385729999999999862e+01
1.418702099999999973e+03,2.385269999999999868e+01
1.418704600000000028e+03,2.388279999999999959e+01
1.418707000000000107e+03,2.389229999999999876e+01
1.418709499999999935e+03,2.384570000000000078e+01
1.418711900000000014e+03,2.374419999999999931e+01
1.418714400000000069e+03,2.362059999999999960e+01
1.418716799999999921e+03,2.353059999999999974e+01
1.418719200000000001e+03,2.354019999999999868e+01
1.418721700000000055e+03,2.369059999999999988e+01
1.418724099999999908e+03,2.395779999999999887e+01
1.418726599999999962e+03,2.425120000000000076e+01
1.418729000000000042e+03,2.446869999999999834e+01
1.418731399999999894e+03,2.457140000000000057e+01
1.418733899999999949e+03,2.461779999999999902e+01
1.418736300000000028e+03,2.471290000000000120e+01
1.418738800000000083e+03,2.489849999999999852e+01
1.418741199999999935e+03,2.509629999999999939e+01
1.418743699999999990e+03,2.517389999999999972e+01
1.418746100000000069e+03,2.506220000000000070e+01
1.418748499999999922e+03,2.479889999999999972e+01
1.418750999999999976e+03,2.447909999999999897e+01
1.418753400000000056e+03,2.418959999999999866e+01
1.418755900000000111e+03,2.397860000000000014e+01
1.418758299999999963e+03,2.385040000000000049e+01
1.418760700000000043e+03,2.377959999999999852e+01
1.418763200000000097e+03,2.373819999999999908e+01
1.418765599999999949e+03,2.370919999999999916e+01
1.418768100000000004e+03,2.367899999999999849e+01
1.418770500000000084e+03,2.363670000000000115e+01
1.418772899999999936e+03,2.358930000000000149e+01
1.418775399999999991e+03,2.356449999999999889e+01
1.418777800000000070e+03,2.358210000000000051e+01
1.418780299999999897e+03,2.362490000000000023e+01
1.418782699999999977e+03,2.364829999999999899e+01
1.418785200000000032e+03,2.362839999999999918e+01
1.418787600000000111e+03,2.359009999999999962e+01
1.418789999999999964e+03,2.357710000000000150e+01
1.418792500000000018e+03,2.360889999999999844e+01
1.418794900000000098e+03,2.367899999999999849e+01
1.418797399999999925e+03,2.377309999999999945e+01
1.418799800000000005e+03,2.386629999999999896e+01
1.418802200000000084e+03,2.392599999999999838e+01
1.418804699999999912e+03,2.394020000000000081e+01
1.418807099999999991e+03,2.393769999999999953e+01
1.418809600000000046e+03,2.396819999999999951e+01
1.418811999999999898e+03,2.406289999999999907e+01
1.418814499999999953e+03,2.420880000000000010e+01
1.418816900000000032e+03,2.435369999999999990e+01
1.418819300000000112e+03,2.443479999999999919e+01
1.418821799999999939e+03,2.441819999999999879e+01
1.418824200000000019e+03,2.432160000000000011e+01
1.418826700000000073e+03,2.420420000000000016e+01
1.418829099999999926e+03,2.412969999999999970e+01
1.418831500000000005e+03,2.413540000000000063e+01
1.418834000000000060e+03,2.423160000000000025e+01
1.418836399999999912e+03,2.441479999999999961e+01
1.418838899999999967e+03,2.466920000000000002e+01
1.418841300000000047e+03,2.495530000000000115e+01
1.418843800000000101e+03,2.520779999999999887e+01
1.418846199999999953e+03,2.535190000000000055e+01
1.418848600000000033e+03,2.533549999999999969e+01
1.418851100000000088e+03,2.516740000000000066e+01
1.418853499999999940e+03,2.492839999999999989e+01
1.418855999999999995e+03,2.472779999999999845e+01
1.418858400000000074e+03,2.463439999999999941e+01
1.418860799999999927e+03,2.463540000000000063e+01
1.418863299999999981e+03,2.465579999999999927e+01
1.418865700000000061e+03,2.462679999999999936e+01
1.418868199999999888e+03,2.454749999999999943e+01
1.418870599999999968e+03,2.448750000000000071e+01
1.418873000000000047e+03,2.452479999999999905e+01
1.418875500000000102e+03,2.466570000000000107e+01
1.418877899999999954e+03,2.481629999999999825e+01
1.418880400000000009e+03,2.485559999999999903e+01
1.418882800000000088e+03,2.475120000000000076e+01
1.418885299999999916e+03,2.458459999999999823e+01
1.418887699999999995e+03,2.445739999999999981e+01
1.418890100000000075e+03,2.440599999999999881e+01
1.418892599999999902e+03,2.441069999999999851e+01
1.418894999999999982e+03,2.444800000000000040e+01
1.418897500000000036e+03,2.450900000000000034e+01
1.418899899999999889e+03,2.458230000000000004e+01
1.418902299999999968e+03,2.463870000000000005e+01
1.418904800000000023e+03,2.463469999999999871e+01
1.418907200000000103e+03,2.453890000000000171e+01
1.418909699999999930e+03,2.436110000000000042e+01
1.418912100000000009e+03,2.415660000000000096e+01
1.418914600000000064e+03,2.399630000000000152e+01
1.418916999999999916e+03,2.392729999999999890e+01
1.418919399999999996e+03,2.394819999999999993e+01
1.418921900000000051e+03,2.400760000000000005e+01
1.418924299999999903e+03,2.403480000000000061e+01
1.418926799999999957e+03,2.399070000000000036e+01
1.418929200000000037e+03,2.390230000000000032e+01
1.418931599999999889e+03,2.384110000000000085e+01
1.418934099999999944e+03,2.387150000000000105e+01
1.418936500000000024e+03,2.402499999999999858e+01
1.418939000000000078e+03,2.430430000000000135e+01
1.418941399999999931e+03,2.468059999999999832e+01
1.418943800000000010e+03,2.508200000000000074e+01
1.418946300000000065e+03,2.540749999999999886e+01
1.418948699999999917e+03,2.556879999999999953e+01
1.418951199999999972e+03,2.552349999999999852e+01
1.418953600000000051e+03,2.528519999999999968e+01
1.418956100000000106e+03,2.491920000000000002e+01
1.418958499999999958e+03,2.452939999999999898e+01
1.418960900000000038e+03,2.423209999999999908e+01
1.418963400000000092e+03,2.411159999999999926e+01
1.418965799999999945e+03,2.417299999999999827e+01
1.418968299999999999e+03,2.432819999999999894e+01
1.418970700000000079e+03,2.444389999999999930e+01
1.418973099999999931e+03,2.442640000000000100e+01
1.418975599999999986e+03,2.428209999999999980e+01
1.418978000000000065e+03,2.410360000000000014e+01
1.418980499999999893e+03,2.399249999999999972e+01
1.418982899999999972e+03,2.397850000000000037e+01
1.418985400000000027e+03,2.400290000000000035e+01
1.418987800000000107e+03,2.397820000000000107e+01
1.418990199999999959e+03,2.386870000000000047e+01
1.418992700000000013e+03,2.372070000000000078e+01
1.418995100000000093e+03,2.361080000000000112e+01
1.418997599999999920e+03,2.357100000000000151e+01
1.419000000000000000e+03,2.356609999999999872e+01
1.419002400000000080e+03,2.354500000000000171e+01
1.419004899999999907e+03,2.350019999999999953e+01
1.419007299999999987e+03,2.346940000000000026e+01
1.419009800000000041e+03,2.348740000000000094e+01
1.419012199999999893e+03,2.355369999999999919e+01
1.419014599999999973e+03,2.364560000000000173e+01
1.419017100000000028e+03,2.374210000000000065e+01
1.419019500000000107e+03,2.383330000000000126e+01
1.419021999999999935e+03,2.392089999999999961e+01
1.419024400000000014e+03,2.400700000000000145e+01
1.419026900000000069e+03,2.407740000000000080e+01
1.419029299999999921e+03,2.411120000000000019e+01
1.419031700000000001e+03,2.411430000000000007e+01
1.419034200000000055e+03,2.412859999999999872e+01
1.419036599999999908e+03,2.419760000000000133e+01
1.419039099999999962e+03,2.433279999999999887e+01
1.419041500000000042e+03,2.451610000000000156e+01
1.419043899999999894e+03,2.471740000000000137e+01
1.419046399999999949e+03,2.490409999999999968e+01
1.419048800000000028e+03,2.504779999999999873e+01
1.419051300000000083e+03,2.513230000000000075e+01
1.419053699999999935e+03,2.514679999999999893e+01
1.419056199999999990e+03,2.507270000000000110e+01
1.419058600000000069e+03,2.489260000000000161e+01
1.419060999999999922e+03,2.461769999999999925e+01
1.419063499999999976e+03,2.430300000000000082e+01
1.419065900000000056e+03,2.403440000000000154e+01
1.419068400000000111e+03,2.389560000000000173e+01
1.419070799999999963e+03,2.393329999999999913e+01
1.419073200000000043e+03,2.414099999999999824e+01
1.419075700000000097e+03,2.446140000000000114e+01
1.419078099999999949e+03,2.480160000000000053e+01
1.419080600000000004e+03,2.506419999999999959e+01
1.419083000000000084e+03,2.519170000000000087e+01
1.419085399999999936e+03,2.518550000000000111e+01
1.419087899999999991e+03,2.508670000000000044e+01
1.419090300000000070e+03,2.495520000000000138e+01
1.419092799999999897e+03,2.485770000000000124e+01
1.419095199999999977e+03,2.483419999999999916e+01
1.419097700000000032e+03,2.486260000000000048e+01
1.419100100000000111e+03,2.486759999999999948e+01
1.419102499999999964e+03,2.478000000000000114e+01
1.419105000000000018e+03,2.459069999999999823e+01
1.419107400000000098e+03,2.435109999999999886e+01
1.419109899999999925e+03,2.412450000000000117e+01
1.419112300000000005e+03,2.394940000000000069e+01
1.419114700000000084e+03,2.384990000000000165e+01
1.419117199999999912e+03,2.385249999999999915e+01
1.419119599999999991e+03,2.396549999999999869e+01
1.419122100000000046e+03,2.414789999999999992e+01
1.419124499999999898e+03,2.431650000000000134e+01
1.419126999999999953e+03,2.439379999999999882e+01
1.419129400000000032e+03,2.436019999999999897e+01
1.419131800000000112e+03,2.426699999999999946e+01
1.419134299999999939e+03,2.419500000000000028e+01
1.419136700000000019e+03,2.419780000000000086e+01
1.419139200000000073e+03,2.428569999999999851e+01
1.419141599999999926e+03,2.444910000000000139e+01
1.419144000000000005e+03,2.466629999999999967e+01
1.419146500000000060e+03,2.488719999999999999e+01
1.419148899999999912e+03,2.503699999999999903e+01
1.419151399999999967e+03,2.505900000000000105e+01
1.419153800000000047e+03,2.495360000000000156e+01
1.419156199999999899e+03,2.477599999999999980e+01
1.419158699999999953e+03,2.460079999999999956e+01
1.419161100000000033e+03,2.448620000000000019e+01
1.419163600000000088e+03,2.444839999999999947e+01
1.419165999999999940e+03,2.445939999999999870e+01
1.419168499999999995e+03,2.447459999999999880e+01
1.419170900000000074e+03,2.446730000000000160e+01
1.419173299999999927e+03,2.443550000000000111e+01
1.419175799999999981e+03,2.438980000000000103e+01
1.419178200000000061e+03,2.434309999999999974e+01
1.419180699999999888e+03,2.431009999999999849e+01
1.419183099999999968e+03,2.429779999999999873e+01
1.419185500000000047e+03,2.429850000000000065e+01
1.419188000000000102e+03,2.429960000000000164e+01
1.419190399999999954e+03,2.429990000000000094e+01
1.419192900000000009e+03,2.431060000000000088e+01
1.419195300000000088e+03,2.434019999999999939e+01
1.419197799999999916e+03,2.438350000000000151e+01
1.419200199999999995e+03,2.442620000000000147e+01
1.419202600000000075e+03,2.445830000000000126e+01
1.419205099999999902e+03,2.447759999999999891e+01
1.419207499999999982e+03,2.448620000000000019e+01
1.419210000000000036e+03,2.449259999999999948e+01
1.419212399999999889e+03,2.451670000000000016e+01
1.419214799999999968e+03,2.457669999999999888e+01
1.419217300000000023e+03,2.466700000000000159e+01
1.419219700000000103e+03,2.475219999999999843e+01
1.419222199999999930e+03,2.478470000000000084e+01
1.419224600000000009e+03,2.472599999999999909e+01
1.419227100000000064e+03,2.456899999999999906e+01
1.419229499999999916e+03,2.435549999999999926e+01
1.419231899999999996e+03,2.416740000000000066e+01
1.419234400000000051e+03,2.407760000000000034e+01
1.419236799999999903e+03,2.409690000000000154e+01
1.419239299999999957e+03,2.418580000000000041e+01
1.419241700000000037e+03,2.431660000000000110e+01
1.419244099999999889e+03,2.450329999999999941e+01
1.419246599999999944e+03,2.477230000000000132e+01
1.419249000000000024e+03,2.512059999999999960e+01
1.419251500000000078e+03,2.549149999999999849e+01
1.419253899999999931e+03,2.577469999999999928e+01
1.419256300000000010e+03,2.585920000000000130e+01
1.419258800000000065e+03,2.572579999999999956e+01
1.419261199999999917e+03,2.547869999999999990e+01
1.419263699999999972e+03,2.525400000000000134e+01
1.419266100000000051e+03,2.510140000000000171e+01
1.419268600000000106e+03,2.496450000000000102e+01
1.419270999999999958e+03,2.476739999999999853e+01
1.419273400000000038e+03,2.450799999999999912e+01
1.419275900000000092e+03,2.426980000000000004e+01
1.419278299999999945e+03,2.415640000000000143e+01
1.419280799999999999e+03,2.421059999999999945e+01
1.419283200000000079e+03,2.438289999999999935e+01
1.419285599999999931e+03,2.457270000000000110e+01
1.419288099999999986e+03,2.470210000000000150e+01
1.419290500000000065e+03,2.475270000000000081e+01
1.419292999999999893e+03,2.474170000000000158e+01
1.419295399999999972e+03,2.468400000000000105e+01
1.419297900000000027e+03,2.458840000000000003e+01
1.419300300000000107e+03,2.448379999999999868e+01
1.419302699999999959e+03,2.442200000000000060e+01
1.419305200000000013e+03,2.443900000000000006e+01
1.419307600000000093e+03,2.451139999999999830e+01
1.419310099999999920e+03,2.456850000000000023e+01
1.419312500000000000e+03,2.455849999999999866e+01
1.419314900000000080e+03,2.449459999999999837e+01
1.419317399999999907e+03,2.443019999999999925e+01
1.419319799999999987e+03,2.440109999999999957e+01
1.419322300000000041e+03,2.440640000000000143e+01
1.419324699999999893e+03,2.443479999999999919e+01
1.419327099999999973e+03,2.448410000000000153e+01
1.419329600000000028e+03,2.454459999999999908e+01
1.419332000000000107e+03,2.458180000000000121e+01
1.419334499999999935e+03,2.455949999999999989e+01
1.419336900000000014e+03,2.448310000000000031e+01
1.419339400000000069e+03,2.440650000000000119e+01
1.419341799999999921e+03,2.438719999999999999e+01
1.419344200000000001e+03,2.444500000000000028e+01
1.419346700000000055e+03,2.455829999999999913e+01
1.419349099999999908e+03,2.468659999999999854e+01
1.419351599999999962e+03,2.478869999999999862e+01
1.419354000000000042e+03,2.483269999999999911e+01
1.419356399999999894e+03,2.479779999999999873e+01
1.419358899999999949e+03,2.467640000000000100e+01
1.419361300000000028e+03,2.448369999999999891e+01
1.419363800000000083e+03,2.427039999999999864e+01
1.419366199999999935e+03,2.411230000000000118e+01
1.419368699999999990e+03,2.406259999999999977e+01
1.419371100000000069e+03,2.411019999999999897e+01
1.419373499999999922e+03,2.419620000000000104e+01
1.419375999999999976e+03,2.427130000000000010e+01
1.419378400000000056e+03,2.433160000000000167e+01
1.419380900000000111e+03,2.440579999999999927e+01
1.419383299999999963e+03,2.452060000000000173e+01
1.419385700000000043e+03,2.467399999999999949e+01
1.419388200000000097e+03,2.483429999999999893e+01
1.419390599999999949e+03,2.496130000000000138e+01
1.419393100000000004e+03,2.502459999999999951e+01
1.419395500000000084e+03,2.501839999999999975e+01
1.419397899999999936e+03,2.496930000000000049e+01
1.419400399999999991e+03,2.492010000000000147e+01
1.419402800000000070e+03,2.489049999999999940e+01
1.419405299999999897e+03,2.486019999999999897e+01
1.419407699999999977e+03,2.479350000000000165e+01
1.419410200000000032e+03,2.467879999999999896e+01
1.419412600000000111e+03,2.453999999999999915e+01
1.419414999999999964e+03,2.441489999999999938e+01
1.419417500000000018e+03,2.433419999999999916e+01
1.419419900000000098e+03,2.431749999999999901e+01
1.419422399999999925e+03,2.437369999999999948e+01
1.419424800000000005e+03,2.448659999999999926e+01
1.419427200000000084e+03,2.460790000000000077e+01
1.419429699999999912e+03,2.468560000000000088e+01
1.419432099999999991e+03,2.470749999999999957e+01
1.419434600000000046e+03,2.470489999999999853e+01
1.419436999999999898e+03,2.471039999999999992e+01
1.419439499999999953e+03,2.472009999999999863e+01
1.419441900000000032e+03,2.469839999999999947e+01
1.419444300000000112e+03,2.461029999999999873e+01
1.419446799999999939e+03,2.445129999999999981e+01
1.419449200000000019e+03,2.425690000000000168e+01
1.419451700000000073e+03,2.408200000000000074e+01
1.419454099999999926e+03,2.396839999999999904e+01
1.419456500000000005e+03,2.393669999999999831e+01
1.419459000000000060e+03,2.400250000000000128e+01
1.419461399999999912e+03,2.417419999999999902e+01
1.419463899999999967e+03,2.441910000000000025e+01
1.419466300000000047e+03,2.465700000000000003e+01
1.419468800000000101e+03,2.480849999999999866e+01
1.419471199999999953e+03,2.485589999999999833e+01
1.419473600000000033e+03,2.485460000000000136e+01
1.419476100000000088e+03,2.488009999999999877e+01
1.419478499999999940e+03,2.496160000000000068e+01
1.419480999999999995e+03,2.506960000000000122e+01
1.419483400000000074e+03,2.516679999999999851e+01
1.419485799999999927e+03,2.524739999999999895e+01
1.419488299999999981e+03,2.531800000000000139e+01
1.419490700000000061e+03,2.536530000000000129e+01
1.419493199999999888e+03,2.536789999999999878e+01
1.419495599999999968e+03,2.532700000000000173e+01
1.419498000000000047e+03,2.526289999999999836e+01
1.419500500000000102e+03,2.518659999999999854e+01
1.419502899999999954e+03,2.509149999999999991e+01
1.419505400000000009e+03,2.496959999999999980e+01
1.419507800000000088e+03,2.482550000000000168e+01
1.419510299999999916e+03,2.467419999999999902e+01
1.419512699999999995e+03,2.453099999999999881e+01
1.419515100000000075e+03,2.440909999999999869e+01
1.419517599999999902e+03,2.432789999999999964e+01
1.419519999999999982e+03,2.431599999999999895e+01
1.419522500000000036e+03,2.438759999999999906e+01
1.419524899999999889e+03,2.451259999999999906e+01
1.419527299999999968e+03,2.462290000000000134e+01
1.419529800000000023e+03,2.466059999999999874e+01
1.419532200000000103e+03,2.462500000000000000e+01
1.419534699999999930e+03,2.457539999999999836e+01
1.419537100000000009e+03,2.458510000000000062e+01
1.419539600000000064e+03,2.468120000000000047e+01
1.419541999999999916e+03,2.482300000000000040e+01
1.419544399999999996e+03,2.493740000000000023e+01
1.419546900000000051e+03,2.498339999999999961e+01
1.419549299999999903e+03,2.499480000000000146e+01
1.419551799999999957e+03,2.505760000000000076e+01
1.419554200000000037e+03,2.522259999999999991e+01
1.419556599999999889e+03,2.543359999999999843e+01
1.419559099999999944e+03,2.555600000000000094e+01
1.419561500000000024e+03,2.548720000000000141e+01
1.419564000000000078e+03,2.523770000000000024e+01
1.419566399999999931e+03,2.491270000000000095e+01
1.419568800000000010e+03,2.463719999999999999e+01
1.419571300000000065e+03,2.449279999999999902e+01
1.419573699999999917e+03,2.448890000000000100e+01
1.419576199999999972e+03,2.456800000000000139e+01
1.419578600000000051e+03,2.464010000000000034e+01
1.419581100000000106e+03,2.463459999999999894e+01
1.419583499999999958e+03,2.454060000000000130e+01
1.419585900000000038e+03,2.440719999999999956e+01
1.419588400000000092e+03,2.429769999999999897e+01
1.419590799999999945e+03,2.423669999999999902e+01
1.419593299999999999e+03,2.419979999999999976e+01
1.419595700000000079e+03,2.415439999999999898e+01
1.419598099999999931e+03,2.410450000000000159e+01
1.419600599999999986e+03,2.408490000000000109e+01
1.419603000000000065e+03,2.411890000000000001e+01
1.419605499999999893e+03,2.419440000000000168e+01
1.419607899999999972e+03,2.427570000000000050e+01
1.419610400000000027e+03,2.432669999999999888e+01
1.419612800000000107e+03,2.432920000000000016e+01
1.419615199999999959e+03,2.429489999999999839e+01
1.419617700000000013e+03,2.425450000000000017e+01
1.419620100000000093e+03,2.422790000000000177e+01
1.419622599999999920e+03,2.420909999999999940e+01
1.419625000000000000e+03,2.418420000000000059e+01
1.419627400000000080e+03,2.415170000000000172e+01
1.419629899999999907e+03,2.411980000000000146e+01
1.419632299999999987e+03,2.409390000000000143e+01
1.419634800000000041e+03,2.408030000000000115e+01
1.419637199999999893e+03,2.409530000000000172e+01
1.419639599999999973e+03,2.415700000000000003e+01
1.419642100000000028e+03,2.426689999999999969e+01
1.419644500000000107e+03,2.440970000000000084e+01
1.419646999999999935e+03,2.456970000000000098e+01
1.419649400000000014e+03,2.473639999999999972e+01
1.419651900000000069e+03,2.489399999999999835e+01
1.419654299999999921e+03,2.502370000000000161e+01
1.419656700000000001e+03,2.511980000000000146e+01
1.419659200000000055e+03,2.518939999999999912e+01
1.419661599999999908e+03,2.523479999999999990e+01
1.419664099999999962e+03,2.525300000000000011e+01
1.419666500000000042e+03,2.525110000000000099e+01
1.419668899999999894e+03,2.523999999999999844e+01
1.419671399999999949e+03,2.521249999999999858e+01
1.419673800000000028e+03,2.515050000000000097e+01
1.419676300000000083e+03,2.505130000000000123e+01
1.419678699999999935e+03,2.493449999999999989e+01
1.419681199999999990e+03,2.483180000000000121e+01
1.419683600000000069e+03,2.478109999999999857e+01
1.419685999999999922e+03,2.481040000000000134e+01
1.419688499999999976e+03,2.490859999999999985e+01
1.419690900000000056e+03,2.502410000000000068e+01
1.419693400000000111e+03,2.510170000000000101e+01
1.419695799999999963e+03,2.512120000000000175e+01
1.419698200000000043e+03,2.510569999999999879e+01
1.419700700000000097e+03,2.509809999999999874e+01
1.419703099999999949e+03,2.511639999999999873e+01
1.419705600000000004e+03,2.512930000000000064e+01
1.419708000000000084e+03,2.509159999999999968e+01
1.419710399999999936e+03,2.500270000000000081e+01
1.419712899999999991e+03,2.491229999999999833e+01
1.419715300000000070e+03,2.487069999999999936e+01
1.419717799999999897e+03,2.488609999999999900e+01
1.419720199999999977e+03,2.492899999999999849e+01
1.419722700000000032e+03,2.497149999999999892e+01
1.419725100000000111e+03,2.501050000000000040e+01
1.419727499999999964e+03,2.505709999999999837e+01
1.419730000000000018e+03,2.511299999999999955e+01
1.419732400000000098e+03,2.516519999999999868e+01
1.419734899999999925e+03,2.519239999999999924e+01
1.419737300000000005e+03,2.517399999999999949e+01
1.419739700000000084e+03,2.510569999999999879e+01
1.419742199999999912e+03,2.501529999999999987e+01
1.419744599999999991e+03,2.495739999999999981e+01
1.419747100000000046e+03,2.497790000000000177e+01
1.419749499999999898e+03,2.508020000000000138e+01
1.419751999999999953e+03,2.522400000000000020e+01
1.419754400000000032e+03,2.535000000000000142e+01
1.419756800000000112e+03,2.540419999999999945e+01
1.419759299999999939e+03,2.535480000000000089e+01
1.419761700000000019e+03,2.521300000000000097e+01
1.419764200000000073e+03,2.504129999999999967e+01
1.419766599999999926e+03,2.491779999999999973e+01
1.419769000000000005e+03,2.488040000000000163e+01
1.419771500000000060e+03,2.491019999999999968e+01
1.419773899999999912e+03,2.496740000000000137e+01
1.419776399999999967e+03,2.503150000000000119e+01
1.419778800000000047e+03,2.510040000000000049e+01
1.419781199999999899e+03,2.516710000000000136e+01
1.419783699999999953e+03,2.521049999999999969e+01
1.419786100000000033e+03,2.521239999999999881e+01
1.419788600000000088e+03,2.518090000000000117e+01
1.419790999999999940e+03,2.514849999999999852e+01
1.419793499999999995e+03,2.514229999999999876e+01
1.419795900000000074e+03,2.515700000000000003e+01
1.419798299999999927e+03,2.516120000000000090e+01
1.419800799999999981e+03,2.512869999999999848e+01
1.419803200000000061e+03,2.505839999999999890e+01
1.419805699999999888e+03,2.496900000000000119e+01
1.419808099999999968e+03,2.487529999999999930e+01
1.419810500000000047e+03,2.477439999999999998e+01
1.419813000000000102e+03,2.466079999999999828e+01
1.419815399999999954e+03,2.455539999999999878e+01
1.419817900000000009e+03,2.450600000000000023e+01
1.419820300000000088e+03,2.454599999999999937e+01
1.419822799999999916e+03,2.465469999999999828e+01
1.419825199999999995e+03,2.476429999999999865e+01
1.419827600000000075e+03,2.481009999999999849e+01
1.419830099999999902e+03,2.477240000000000109e+01
1.419832499999999982e+03,2.467470000000000141e+01
1.419835000000000036e+03,2.455559999999999832e+01
1.419837399999999889e+03,2.445479999999999876e+01
1.419839799999999968e+03,2.441659999999999897e+01
1.419842300000000023e+03,2.447869999999999990e+01
1.419844700000000103e+03,2.464720000000000155e+01
1.419847199999999930e+03,2.488149999999999906e+01
1.419849600000000009e+03,2.511049999999999827e+01
1.419852100000000064e+03,2.526940000000000097e+01
1.419854499999999916e+03,2.533350000000000080e+01
1.419856899999999996e+03,2.532519999999999882e+01
1.419859400000000051e+03,2.529029999999999845e+01
1.419861799999999903e+03,2.526249999999999929e+01
1.419864299999999957e+03,2.523860000000000170e+01
1.419866700000000037e+03,2.518550000000000111e+01
1.419869099999999889e+03,2.507580000000000098e+01
1.419871599999999944e+03,2.492010000000000147e+01
1.419874000000000024e+03,2.476650000000000063e+01
1.419876500000000078e+03,2.466209999999999880e+01
1.419878899999999931e+03,2.461530000000000129e+01
1.419881300000000010e+03,2.460750000000000171e+01
1.419883800000000065e+03,2.463660000000000139e+01
1.419886199999999917e+03,2.473329999999999984e+01
1.419888699999999972e+03,2.492739999999999867e+01
1.419891100000000051e+03,2.520469999999999899e+01
1.419893600000000106e+03,2.550049999999999883e+01
1.419895999999999958e+03,2.573179999999999978e+01
1.419898400000000038e+03,2.584059999999999846e+01
1.419900900000000092e+03,2.581729999999999947e+01
1.419903299999999945e+03,2.569859999999999900e+01
1.419905799999999999e+03,2.554759999999999920e+01
1.419908200000000079e+03,2.542340000000000089e+01
1.419910599999999931e+03,2.535709999999999908e+01
1.419913099999999986e+03,2.535869999999999891e+01
1.419915500000000065e+03,2.543319999999999936e+01
1.419917999999999893e+03,2.556759999999999877e+01
1.419920399999999972e+03,2.570619999999999905e+01
1.419922900000000027e+03,2.576980000000000004e+01
1.419925300000000107e+03,2.572569999999999979e+01
1.419927699999999959e+03,2.562590000000000146e+01
1.419930200000000013e+03,2.555460000000000065e+01
1.419932600000000093e+03,2.554169999999999874e+01
1.419935099999999920e+03,2.554339999999999833e+01
1.419937500000000000e+03,2.550819999999999865e+01
1.419939900000000080e+03,2.544350000000000023e+01
1.419942399999999907e+03,2.541450000000000031e+01
1.419944799999999987e+03,2.550230000000000175e+01
1.419947300000000041e+03,2.576749999999999829e+01
1.419949699999999893e+03,2.621130000000000138e+01
1.419952099999999973e+03,2.673529999999999873e+01
1.419954600000000028e+03,2.716229999999999833e+01
1.419957000000000107e+03,2.734710000000000107e+01
1.419959499999999935e+03,2.728480000000000061e+01
1.419961900000000014e+03,2.709789999999999921e+01
1.419964400000000069e+03,2.691509999999999891e+01
1.419966799999999921e+03,2.678170000000000073e+01
1.419969200000000001e+03,2.667379999999999995e+01
1.419971700000000055e+03,2.656469999999999843e+01
1.419974099999999908e+03,2.645769999999999911e+01
1.419976599999999962e+03,2.637419999999999831e+01
1.419979000000000042e+03,2.633429999999999893e+01
1.419981399999999894e+03,2.635729999999999862e+01
1.419983899999999949e+03,2.648029999999999973e+01
1.419986300000000028e+03,2.676089999999999947e+01
1.419988800000000083e+03,2.723470000000000013e+01
1.419991199999999935e+03,2.786710000000000065e+01
1.419993699999999990e+03,2.859779999999999944e+01
1.419996100000000069e+03,2.945289999999999964e+01
1.419998499999999922e+03,3.052819999999999823e+01
1.420000999999999976e+03,3.175730000000000075e+01
1.420003400000000056e+03,3.273980000000000246e+01
1.420005900000000111e+03,3.296009999999999707e+01
1.420008299999999963e+03,3.223899999999999721e+01
1.420010700000000043e+03,3.090360000000000085e+01
1.420013200000000097e+03,2.949559999999999960e+01
1.420015599999999949e+03,2.837819999999999965e+01
1.420018100000000004e+03,2.761710000000000065e+01
1.420020500000000084e+03,2.712000000000000099e+01
1.420022899999999936e+03,2.679390000000000072e+01
1.420025399999999991e+03,2.659600000000000009e+01
1.420027800000000070e+03,2.651139999999999830e+01
1.420030299999999897e+03,2.652430000000000021e+01
1.420032699999999977e+03,2.661700000000000088e+01
1.420035200000000032e+03,2.677649999999999864e+01
1.420037600000000111e+03,2.698320000000000007e+01
1.420039999999999964e+03,2.718649999999999878e+01
1.420042500000000018e+03,2.730209999999999937e+01
1.420044900000000098e+03,2.724609999999999843e+01
1.420047399999999925e+03,2.699070000000000036e+01
1.420049800000000005e+03,2.659740000000000038e+01
1.420052200000000084e+03,2.618890000000000029e+01
1.420054699999999912e+03,2.587740000000000151e+01
1.420057099999999991e+03,2.571000000000000085e+01
1.420059600000000046e+03,2.566209999999999880e+01
1.420061999999999898e+03,2.566929999999999978e+01
1.420064499999999953e+03,2.568110000000000070e+01
1.420066900000000032e+03,2.568939999999999912e+01
1.420069300000000112e+03,2.570799999999999841e+01
1.420071799999999939e+03,2.573629999999999995e+01
1.420074200000000019e+03,2.575430000000000064e+01
1.420076700000000073e+03,2.573799999999999955e+01
1.420079099999999926e+03,2.567239999999999966e+01
1.420081500000000005e+03,2.555839999999999890e+01
1.420084000000000060e+03,2.540650000000000119e+01
1.420086399999999912e+03,2.522350000000000136e+01
1.420088899999999967e+03,2.502049999999999841e+01
1.420091300000000047e+03,2.483770000000000167e+01
1.420093800000000101e+03,2.474380000000000024e+01
1.420096199999999953e+03,2.478930000000000078e+01
1.420098600000000033e+03,2.494709999999999894e+01
1.420101100000000088e+03,2.510849999999999937e+01
1.420103499999999940e+03,2.515840000000000032e+01
1.420105999999999995e+03,2.506360000000000099e+01
1.420108400000000074e+03,2.488469999999999871e+01
1.420110799999999927e+03,2.471600000000000108e+01
1.420113299999999981e+03,2.462969999999999970e+01
1.420115700000000061e+03,2.465700000000000003e+01
1.420118199999999888e+03,2.477990000000000137e+01
1.420120599999999968e+03,2.493209999999999837e+01
1.420123000000000047e+03,2.503320000000000078e+01
1.420125500000000102e+03,2.504759999999999920e+01
1.420127899999999954e+03,2.500939999999999941e+01
1.420130400000000009e+03,2.498359999999999914e+01
1.420132800000000088e+03,2.500199999999999889e+01
1.420135299999999916e+03,2.503859999999999886e+01
1.420137699999999995e+03,2.504560000000000031e+01
1.420140100000000075e+03,2.500400000000000134e+01
1.420142599999999902e+03,2.493860000000000099e+01
1.420144999999999982e+03,2.489499999999999957e+01
1.420147500000000036e+03,2.490950000000000131e+01
1.420149899999999889e+03,2.498949999999999960e+01
1.420152299999999968e+03,2.510389999999999944e+01
1.420154800000000023e+03,2.519839999999999947e+01
1.420157200000000103e+03,2.523979999999999890e+01
1.420159699999999930e+03,2.524159999999999826e+01
1.420162100000000009e+03,2.523629999999999995e+01
1.420164600000000064e+03,2.523120000000000118e+01
1.420166999999999916e+03,2.520959999999999823e+01
1.420169399999999996e+03,2.516850000000000165e+01
1.420171900000000051e+03,2.512290000000000134e+01
1.420174299999999903e+03,2.507150000000000034e+01
1.420176799999999957e+03,2.498839999999999861e+01
1.420179200000000037e+03,2.487040000000000006e+01
1.420181599999999889e+03,2.476460000000000150e+01
1.420184099999999944e+03,2.471399999999999864e+01
1.420186500000000024e+03,2.469640000000000057e+01
1.420189000000000078e+03,2.465429999999999922e+01
1.420191399999999931e+03,2.457499999999999929e+01
1.420193800000000010e+03,2.451160000000000139e+01
1.420196300000000065e+03,2.452590000000000003e+01
1.420198699999999917e+03,2.463279999999999959e+01
1.420201199999999972e+03,2.480369999999999919e+01
1.420203600000000051e+03,2.500529999999999831e+01
1.420206100000000106e+03,2.521359999999999957e+01
1.420208499999999958e+03,2.539020000000000010e+01
1.420210900000000038e+03,2.546959999999999980e+01
1.420213400000000092e+03,2.539389999999999858e+01
1.420215799999999945e+03,2.516440000000000055e+01
1.420218299999999999e+03,2.485210000000000008e+01
1.420220700000000079e+03,2.455920000000000059e+01
1.420223099999999931e+03,2.436680000000000135e+01
1.420225599999999986e+03,2.429990000000000094e+01
1.420228000000000065e+03,2.432509999999999906e+01
1.420230499999999893e+03,2.438540000000000063e+01
1.420232899999999972e+03,2.445619999999999905e+01
1.420235400000000027e+03,2.455750000000000099e+01
1.420237800000000107e+03,2.470660000000000167e+01
1.420240199999999959e+03,2.487280000000000157e+01
1.420242700000000013e+03,2.499299999999999855e+01
1.420245100000000093e+03,2.502149999999999963e+01
1.420247599999999920e+03,2.496130000000000138e+01
1.420250000000000000e+03,2.486260000000000048e+01
1.420252400000000080e+03,2.479009999999999891e+01
1.420254899999999907e+03,2.478089999999999904e+01
1.420257299999999987e+03,2.482469999999999999e+01
1.420259800000000041e+03,2.488650000000000162e+01
1.420262199999999893e+03,2.494340000000000046e+01
1.420264599999999973e+03,2.500029999999999930e+01
1.420267100000000028e+03,2.507379999999999853e+01
1.420269500000000107e+03,2.516069999999999851e+01
1.420271999999999935e+03,2.522019999999999840e+01
1.420274400000000014e+03,2.519429999999999836e+01
1.420276900000000069e+03,2.505750000000000099e+01
1.420279299999999921e+03,2.485360000000000014e+01
1.420281700000000001e+03,2.467930000000000135e+01
1.420284200000000055e+03,2.461799999999999855e+01
1.420286599999999908e+03,2.468149999999999977e+01
1.420289099999999962e+03,2.480750000000000099e+01
1.420291500000000042e+03,2.490980000000000061e+01
1.420293899999999894e+03,2.494930000000000092e+01
1.420296399999999949e+03,2.497250000000000014e+01
1.420298800000000028e+03,2.506840000000000046e+01
1.420301300000000083e+03,2.526589999999999847e+01
1.420303699999999935e+03,2.548440000000000083e+01
1.420306199999999990e+03,2.560470000000000113e+01
1.420308600000000069e+03,2.558139999999999858e+01
1.420310999999999922e+03,2.547550000000000026e+01
1.420313499999999976e+03,2.539320000000000022e+01
1.420315900000000056e+03,2.540319999999999823e+01
1.420318400000000111e+03,2.549869999999999948e+01
1.420320799999999963e+03,2.561690000000000111e+01
1.420323200000000043e+03,2.569140000000000157e+01
1.420325700000000097e+03,2.569010000000000105e+01
1.420328099999999949e+03,2.562099999999999866e+01
1.420330600000000004e+03,2.551910000000000167e+01
1.420333000000000084e+03,2.542800000000000082e+01
1.420335399999999936e+03,2.537590000000000146e+01
1.420337899999999991e+03,2.536390000000000100e+01
1.420340300000000070e+03,2.538210000000000122e+01
1.420342799999999897e+03,2.543609999999999971e+01
1.420345199999999977e+03,2.554540000000000077e+01
1.420347700000000032e+03,2.570339999999999847e+01
1.420350100000000111e+03,2.585940000000000083e+01
1.420352499999999964e+03,2.595840000000000103e+01
1.420355000000000018e+03,2.599670000000000059e+01
1.420357400000000098e+03,2.602230000000000132e+01
1.420359899999999925e+03,2.608399999999999963e+01
1.420362300000000005e+03,2.618990000000000151e+01
1.420364700000000084e+03,2.631169999999999831e+01
1.420367199999999912e+03,2.642200000000000060e+01
1.420369599999999991e+03,2.652220000000000155e+01
1.420372100000000046e+03,2.663299999999999912e+01
1.420374499999999898e+03,2.675619999999999976e+01
1.420376999999999953e+03,2.685900000000000176e+01
1.420379400000000032e+03,2.691039999999999921e+01
1.420381800000000112e+03,2.692760000000000176e+01
1.420384299999999939e+03,2.697169999999999845e+01
1.420386700000000019e+03,2.709100000000000108e+01
1.420389200000000073e+03,2.726859999999999928e+01
1.420391599999999926e+03,2.742539999999999978e+01
1.420394000000000005e+03,2.747939999999999827e+01
1.420396500000000060e+03,2.741240000000000165e+01
1.420398899999999912e+03,2.728600000000000136e+01
1.420401399999999967e+03,2.719389999999999930e+01
1.420403800000000047e+03,2.720029999999999859e+01
1.420406199999999899e+03,2.731650000000000134e+01
1.420408699999999953e+03,2.752439999999999998e+01
1.420411100000000033e+03,2.780450000000000088e+01
1.420413600000000088e+03,2.812999999999999901e+01
1.420415999999999940e+03,2.845179999999999865e+01
1.420418499999999995e+03,2.871270000000000167e+01
1.420420900000000074e+03,2.888390000000000057e+01
1.420423299999999927e+03,2.898389999999999844e+01
1.420425799999999981e+03,2.906810000000000116e+01
1.420428200000000061e+03,2.920100000000000051e+01
1.420430699999999888e+03,2.942530000000000001e+01
1.420433099999999968e+03,2.973400000000000176e+01
1.420435500000000047e+03,3.006690000000000040e+01
1.420438000000000102e+03,3.035000000000000142e+01
1.420440399999999954e+03,3.055780000000000030e+01
1.420442900000000009e+03,3.074050000000000082e+01
1.420445300000000088e+03,3.098400000000000176e+01
1.420447799999999916e+03,3.134380000000000166e+01
1.420450199999999995e+03,3.181279999999999930e+01
1.420452600000000075e+03,3.233829999999999671e+01
1.420455099999999902e+03,3.285940000000000083e+01
1.420457499999999982e+03,3.334320000000000306e+01
1.420460000000000036e+03,3.381000000000000227e+01
1.420462399999999889e+03,3.433659999999999712e+01
1.420464799999999968e+03,3.501769999999999783e+01
1.420467300000000023e+03,3.589569999999999794e+01
1.420469700000000103e+03,3.691440000000000055e+01
1.420472199999999930e+03,3.795409999999999684e+01
1.420474600000000009e+03,3.891360000000000241e+01
1.420477100000000064e+03,3.975399999999999778e+01
1.420479499999999916e+03,4.049159999999999826e+01
1.420481899999999996e+03,4.118730000000000047e+01
1.420484400000000051e+03,4.192699999999999960e+01
1.420486799999999903e+03,4.277230000000000132e+01
1.420489299999999957e+03,4.373279999999999745e+01
1.420491700000000037e+03,4.479019999999999868e+01
1.420494099999999889e+03,4.592969999999999686e+01
1.420496599999999944e+03,4.713989999999999725e+01
1.420499000000000024e+03,4.839950000000000330e+01
1.420501500000000078e+03,4.966570000000000107e+01
1.420503899999999931e+03,5.087279999999999802e+01
1.420506300000000010e+03,5.195879999999999654e+01
1.420508800000000065e+03,5.290129999999999910e+01
1.420511199999999917e+03,5.371990000000000265e+01
1.420513699999999972e+03,5.445000000000000284e+01
1.420516100000000051e+03,5.512310000000000088e+01
1.420518600000000106e+03,5.575719999999999743e+01
1.420520999999999958e+03,5.634770000000000323e+01
1.420523400000000038e+03,5.686789999999999878e+01
1.420525900000000092e+03,5.728410000000000224e+01
1.420528299999999945e+03,5.757379999999999853e+01
1.420530799999999999e+03,5.773599999999999710e+01
1.420533200000000079e+03,5.779290000000000305e+01
1.420535599999999931e+03,5.777940000000000254e+01
1.420538099999999986e+03,5.772809999999999775e+01
1.420540500000000065e+03,5.765749999999999886e+01
1.420542999999999893e+03,5.756810000000000116e+01
1.420545399999999972e+03,5.744060000000000343e+01
1.420547900000000027e+03,5.723640000000000327e+01
1.420550300000000107e+03,5.690599999999999881e+01
1.420552699999999959e+03,5.640950000000000131e+01
1.420555200000000013e+03,5.574320000000000164e+01
1.420557600000000093e+03,5.495550000000000068e+01
1.420560099999999920e+03,5.413859999999999673e+01
1.420562500000000000e+03,5.338799999999999812e+01
1.420564900000000080e+03,5.274309999999999832e+01
1.420567399999999907e+03,5.215959999999999752e+01
1.420569799999999987e+03,5.155420000000000158e+01
1.420572300000000041e+03,5.088170000000000215e+01
1.420574699999999893e+03,5.015520000000000067e+01
1.420577099999999973e+03,4.940059999999999718e+01
1.420579600000000028e+03,4.862189999999999657e+01
1.420582000000000107e+03,4.780530000000000257e+01
1.420584499999999935e+03,4.693930000000000291e+01
1.420586900000000014e+03,4.603490000000000038e+01
1.420589400000000069e+03,4.513859999999999673e+01
1.420591799999999921e+03,4.430879999999999797e+01
1.420594200000000001e+03,4.357009999999999650e+01
1.420596700000000055e+03,4.289909999999999712e+01
1.420599099999999908e+03,4.225330000000000297e+01
1.420601599999999962e+03,4.160060000000000002e+01
1.420604000000000042e+03,4.092889999999999873e+01
1.420606399999999894e+03,4.024620000000000175e+01
1.420608899999999949e+03,3.958220000000000027e+01
1.420611300000000028e+03,3.897659999999999769e+01
1.420613800000000083e+03,3.844469999999999743e+01
1.420616199999999935e+03,3.794530000000000314e+01
1.420618699999999990e+03,3.740780000000000172e+01
1.420621100000000069e+03,3.681139999999999901e+01
1.420623499999999922e+03,3.622789999999999822e+01
1.420625999999999976e+03,3.576169999999999760e+01
1.420628400000000056e+03,3.545120000000000005e+01
1.420630900000000111e+03,3.524249999999999972e+01
1.420633299999999963e+03,3.504500000000000171e+01
1.420635700000000043e+03,3.479440000000000310e+01
1.420638200000000097e+03,3.447359999999999758e+01
1.420640599999999949e+03,3.409879999999999711e+01
1.420643100000000004e+03,3.369819999999999993e+01
1.420645500000000084e+03,3.329959999999999809e+01
1.420647899999999936e+03,3.293200000000000216e+01
1.420650399999999991e+03,3.263459999999999894e+01
1.420652800000000070e+03,3.244729999999999848e+01
1.420655299999999897e+03,3.237500000000000000e+01
1.420657699999999977e+03,3.236200000000000188e+01
1.420660200000000032e+03,3.231739999999999924e+01
1.420662600000000111e+03,3.218050000000000210e+01
1.420664999999999964e+03,3.196359999999999957e+01
1.420667500000000018e+03,3.172850000000000037e+01
1.420669900000000098e+03,3.153190000000000026e+01
1.420672399999999925e+03,3.139669999999999916e+01
1.420674800000000005e+03,3.132440000000000069e+01
1.420677200000000084e+03,3.130989999999999895e+01
1.420679699999999912e+03,3.133699999999999974e+01
1.420682099999999991e+03,3.137140000000000128e+01
1.420684600000000046e+03,3.137369999999999948e+01
1.420686999999999898e+03,3.132550000000000168e+01
1.420689499999999953e+03,3.124020000000000152e+01
1.420691900000000032e+03,3.114570000000000149e+01
1.420694300000000112e+03,3.105969999999999942e+01
1.420696799999999939e+03,3.098730000000000118e+01
1.420699200000000019e+03,3.093390000000000128e+01
1.420701700000000073e+03,3.090490000000000137e+01
1.420704099999999926e+03,3.089150000000000063e+01
1.420706500000000005e+03,3.087310000000000088e+01
1.420709000000000060e+03,3.083960000000000079e+01
1.420711399999999912e+03,3.080529999999999902e+01
1.420713899999999967e+03,3.079749999999999943e+01
1.420716300000000047e+03,3.082430000000000092e+01
1.420718800000000101e+03,3.085630000000000095e+01
1.420721199999999953e+03,3.085269999999999868e+01
1.420723600000000033e+03,3.081109999999999971e+01
1.420726100000000088e+03,3.076719999999999899e+01
1.420728499999999940e+03,3.073549999999999827e+01
1.420730999999999995e+03,3.068430000000000035e+01
1.420733400000000074e+03,3.059639999999999915e+01
1.420735799999999927e+03,3.051490000000000080e+01
1.420738299999999981e+03,3.048740000000000094e+01
1.420740700000000061e+03,3.049380000000000024e+01
1.420743199999999888e+03,3.047510000000000119e+01
1.420745599999999968e+03,3.041760000000000019e+01
1.420748000000000047e+03,3.037010000000000076e+01
1.420750500000000102e+03,3.038520000000000110e+01
1.420752899999999954e+03,3.046959999999999980e+01
1.420755400000000009e+03,3.058409999999999940e+01
1.420757800000000088e+03,3.067709999999999937e+01
1.420760299999999916e+03,3.072050000000000125e+01
1.420762699999999995e+03,3.072200000000000131e+01
1.420765100000000075e+03,3.070449999999999946e+01
1.420767599999999902e+03,3.067960000000000065e+01
1.420769999999999982e+03,3.064959999999999951e+01
1.420772500000000036e+03,3.062849999999999895e+01
1.420774899999999889e+03,3.064020000000000010e+01
1.420777299999999968e+03,3.069519999999999982e+01
1.420779800000000023e+03,3.077110000000000056e+01
1.420782200000000103e+03,3.081380000000000052e+01
1.420784699999999930e+03,3.076439999999999841e+01
1.420787100000000009e+03,3.060559999999999903e+01
1.420789600000000064e+03,3.038050000000000139e+01
1.420791999999999916e+03,3.015930000000000177e+01
1.420794399999999996e+03,2.999309999999999832e+01
1.420796900000000051e+03,2.990090000000000003e+01
1.420799299999999903e+03,2.988220000000000098e+01
1.420801799999999957e+03,2.992650000000000077e+01
1.420804200000000037e+03,3.001040000000000063e+01
1.420806599999999889e+03,3.009499999999999886e+01
1.420809099999999944e+03,3.013850000000000051e+01
1.420811500000000024e+03,3.012229999999999919e+01
1.420814000000000078e+03,3.006060000000000088e+01
1.420816399999999931e+03,2.998539999999999850e+01
1.420818800000000010e+03,2.993140000000000001e+01
1.420821300000000065e+03,2.992920000000000158e+01
1.420823699999999917e+03,3.000159999999999982e+01
1.420826199999999972e+03,3.015919999999999845e+01
1.420828600000000051e+03,3.039150000000000063e+01
1.420831100000000106e+03,3.066229999999999833e+01
1.420833499999999958e+03,3.092599999999999838e+01
1.420835900000000038e+03,3.115480000000000160e+01
1.420838400000000092e+03,3.133689999999999998e+01
1.420840799999999945e+03,3.145260000000000034e+01
1.420843299999999999e+03,3.147670000000000101e+01
1.420845700000000079e+03,3.141700000000000159e+01
1.420848099999999931e+03,3.133409999999999940e+01
1.420850599999999986e+03,3.130440000000000111e+01
1.420853000000000065e+03,3.136609999999999943e+01
1.420855499999999893e+03,3.151370000000000005e+01
1.420857899999999972e+03,3.173369999999999891e+01
1.420860400000000027e+03,3.201760000000000161e+01
1.420862800000000107e+03,3.233959999999999724e+01
1.420865199999999959e+03,3.264880000000000138e+01
1.420867700000000013e+03,3.289950000000000330e+01
1.420870100000000093e+03,3.308220000000000027e+01
1.420872599999999920e+03,3.321520000000000294e+01
1.420875000000000000e+03,3.331089999999999662e+01
1.420877400000000080e+03,3.335669999999999646e+01
1.420879899999999907e+03,3.332930000000000348e+01
1.420882299999999987e+03,3.322449999999999903e+01
1.420884800000000041e+03,3.307070000000000221e+01
1.420887199999999893e+03,3.291770000000000351e+01
1.420889599999999973e+03,3.282350000000000279e+01
1.420892100000000028e+03,3.284300000000000352e+01
1.420894500000000107e+03,3.300289999999999679e+01
1.420896999999999935e+03,3.327720000000000056e+01
1.420899400000000014e+03,3.359349999999999881e+01
1.420901900000000069e+03,3.387299999999999756e+01
1.420904299999999921e+03,3.407359999999999900e+01
1.420906700000000001e+03,3.419969999999999999e+01
1.420909200000000055e+03,3.427049999999999841e+01
1.420911599999999908e+03,3.428459999999999752e+01
1.420914099999999962e+03,3.422109999999999985e+01
1.420916500000000042e+03,3.406989999999999696e+01
1.420918899999999894e+03,3.385719999999999885e+01
1.420921399999999949e+03,3.363490000000000180e+01
1.420923800000000028e+03,3.343840000000000146e+01
1.420926300000000083e+03,3.324779999999999802e+01
1.420928699999999935e+03,3.300500000000000256e+01
1.420931199999999990e+03,3.268229999999999791e+01
1.420933600000000069e+03,3.233420000000000272e+01
1.420935999999999922e+03,3.206459999999999866e+01
1.420938499999999976e+03,3.192970000000000041e+01
1.420940900000000056e+03,3.187969999999999970e+01
1.420943400000000111e+03,3.180770000000000053e+01
1.420945799999999963e+03,3.165680000000000049e+01
1.420948200000000043e+03,3.146940000000000026e+01
1.420950700000000097e+03,3.133330000000000126e+01
1.420953099999999949e+03,3.129139999999999944e+01
1.420955600000000004e+03,3.131080000000000041e+01
1.420958000000000084e+03,3.132420000000000115e+01
1.420960399999999936e+03,3.127819999999999823e+01
1.420962899999999991e+03,3.115370000000000061e+01
1.420965300000000070e+03,3.097109999999999985e+01
1.420967799999999897e+03,3.078399999999999892e+01
1.420970199999999977e+03,3.064669999999999916e+01
1.420972700000000032e+03,3.057679999999999865e+01
1.420975100000000111e+03,3.055649999999999977e+01
1.420977499999999964e+03,3.056019999999999825e+01
1.420980000000000018e+03,3.056289999999999907e+01
1.420982400000000098e+03,3.053200000000000003e+01
1.420984899999999925e+03,3.043799999999999883e+01
1.420987300000000005e+03,3.028320000000000078e+01
1.420989700000000084e+03,3.010519999999999996e+01
1.420992199999999912e+03,2.994529999999999959e+01
1.420994599999999991e+03,2.981749999999999901e+01
1.420997100000000046e+03,2.970850000000000080e+01
1.420999499999999898e+03,2.959659999999999869e+01
1.421001999999999953e+03,2.946409999999999840e+01
1.421004400000000032e+03,2.930440000000000111e+01
1.421006800000000112e+03,2.913700000000000045e+01
1.421009299999999939e+03,2.900629999999999953e+01
1.421011700000000019e+03,2.893599999999999994e+01
1.421014200000000073e+03,2.888449999999999918e+01
1.421016599999999926e+03,2.877189999999999870e+01
1.421019000000000005e+03,2.856350000000000122e+01
1.421021500000000060e+03,2.830949999999999989e+01
1.421023899999999912e+03,2.809880000000000067e+01
1.421026399999999967e+03,2.798639999999999972e+01
1.421028800000000047e+03,2.796950000000000003e+01
1.421031199999999899e+03,2.802070000000000149e+01
1.421033699999999953e+03,2.811809999999999832e+01
1.421036100000000033e+03,2.823590000000000089e+01
1.421038600000000088e+03,2.833350000000000080e+01
1.421040999999999940e+03,2.838129999999999953e+01
1.421043499999999995e+03,2.838250000000000028e+01
1.421045900000000074e+03,2.834990000000000165e+01
1.421048299999999927e+03,2.828000000000000114e+01
1.421050799999999981e+03,2.817310000000000159e+01
1.421053200000000061e+03,2.805740000000000123e+01
1.421055699999999888e+03,2.797510000000000119e+01
1.421058099999999968e+03,2.795210000000000150e+01
1.421060500000000047e+03,2.798590000000000089e+01
1.421063000000000102e+03,2.805039999999999978e+01
1.421065399999999954e+03,2.810709999999999908e+01
1.421067900000000009e+03,2.812590000000000146e+01
1.421070300000000088e+03,2.809750000000000014e+01
1.421072799999999916e+03,2.803049999999999997e+01
1.421075199999999995e+03,2.794569999999999865e+01
1.421077600000000075e+03,2.786909999999999954e+01
1.421080099999999902e+03,2.781250000000000000e+01
1.421082499999999982e+03,2.775659999999999883e+01
1.421085000000000036e+03,2.766100000000000136e+01
1.421087399999999889e+03,2.750140000000000029e+01
1.421089799999999968e+03,2.730709999999999837e+01
1.421092300000000023e+03,2.716000000000000014e+01
1.421094700000000103e+03,2.713429999999999964e+01
1.421097199999999930e+03,2.722429999999999950e+01
1.421099600000000009e+03,2.735160000000000124e+01
1.421102100000000064e+03,2.743880000000000052e+01
1.421104499999999916e+03,2.746320000000000050e+01
1.421106899999999996e+03,2.745380000000000109e+01
1.421109400000000051e+03,2.745769999999999911e+01
1.421111799999999903e+03,2.750469999999999970e+01
1.421114299999999957e+03,2.758589999999999876e+01
1.421116700000000037e+03,2.765709999999999980e+01
1.421119099999999889e+03,2.765869999999999962e+01
1.421121599999999944e+03,2.755130000000000123e+01
1.421124000000000024e+03,2.735500000000000043e+01
1.421126500000000078e+03,2.715119999999999933e+01
1.421128899999999931e+03,2.701739999999999853e+01
1.421131300000000010e+03,2.695400000000000063e+01
1.421133800000000065e+03,2.689760000000000062e+01
1.421136199999999917e+03,2.679779999999999873e+01
1.421138699999999972e+03,2.665289999999999893e+01
1.421141100000000051e+03,2.648639999999999972e+01
1.421143600000000106e+03,2.631830000000000069e+01
1.421145999999999958e+03,2.616059999999999874e+01
1.421148400000000038e+03,2.602230000000000132e+01
1.421150900000000092e+03,2.591369999999999862e+01
1.421153299999999945e+03,2.584519999999999840e+01
1.421155799999999999e+03,2.581709999999999994e+01
1.421158200000000079e+03,2.580699999999999861e+01
1.421160599999999931e+03,2.577570000000000050e+01
1.421163099999999986e+03,2.570060000000000144e+01
1.421165500000000065e+03,2.561230000000000118e+01
1.421167999999999893e+03,2.558439999999999870e+01
1.421170399999999972e+03,2.566610000000000014e+01
1.421172900000000027e+03,2.582979999999999876e+01
1.421175300000000107e+03,2.599759999999999849e+01
1.421177699999999959e+03,2.610790000000000077e+01
1.421180200000000013e+03,2.614480000000000004e+01
1.421182600000000093e+03,2.612389999999999901e+01
1.421185099999999920e+03,2.607389999999999830e+01
1.421187500000000000e+03,2.602809999999999846e+01
1.421189900000000080e+03,2.601709999999999923e+01
1.421192399999999907e+03,2.605940000000000012e+01
1.421194799999999987e+03,2.615500000000000114e+01
1.421197300000000041e+03,2.628239999999999910e+01
1.421199699999999893e+03,2.640540000000000020e+01
1.421202099999999973e+03,2.648949999999999960e+01
1.421204600000000028e+03,2.651490000000000080e+01
1.421207000000000107e+03,2.647289999999999921e+01
1.421209499999999935e+03,2.635879999999999868e+01
1.421211900000000014e+03,2.618209999999999837e+01
1.421214400000000069e+03,2.598019999999999996e+01
1.421216799999999921e+03,2.580829999999999913e+01
1.421219200000000001e+03,2.571290000000000120e+01
1.421221700000000055e+03,2.571790000000000020e+01
1.421224099999999908e+03,2.581599999999999895e+01
1.421226599999999962e+03,2.595739999999999981e+01
1.421229000000000042e+03,2.607059999999999889e+01
1.421231399999999894e+03,2.612630000000000052e+01
1.421233899999999949e+03,2.616369999999999862e+01
1.421236300000000028e+03,2.622790000000000177e+01
1.421238800000000083e+03,2.630140000000000100e+01
1.421241199999999935e+03,2.632839999999999847e+01
1.421243699999999990e+03,2.628579999999999828e+01
1.421246100000000069e+03,2.620289999999999964e+01
1.421248499999999922e+03,2.613050000000000139e+01
1.421250999999999976e+03,2.611179999999999879e+01
1.421253400000000056e+03,2.616700000000000159e+01
1.421255900000000111e+03,2.628190000000000026e+01
1.421258299999999963e+03,2.640680000000000049e+01
1.421260700000000043e+03,2.647640000000000171e+01
1.421263200000000097e+03,2.644689999999999941e+01
1.421265599999999949e+03,2.633220000000000027e+01
1.421268100000000004e+03,2.620639999999999858e+01
1.421270500000000084e+03,2.616100000000000136e+01
1.421272899999999936e+03,2.624380000000000024e+01
1.421275399999999991e+03,2.642320000000000135e+01
1.421277800000000070e+03,2.660579999999999856e+01
1.421280299999999897e+03,2.669989999999999952e+01
1.421282699999999977e+03,2.667780000000000129e+01
1.421285200000000032e+03,2.658259999999999934e+01
1.421287600000000111e+03,2.647340000000000160e+01
1.421289999999999964e+03,2.637430000000000163e+01
1.421292500000000018e+03,2.627649999999999864e+01
1.421294900000000098e+03,2.616710000000000136e+01
1.421297399999999925e+03,2.603829999999999956e+01
1.421299800000000005e+03,2.589189999999999969e+01
1.421302200000000084e+03,2.576190000000000069e+01
1.421304699999999912e+03,2.571389999999999887e+01
1.421307099999999991e+03,2.578740000000000165e+01
1.421309600000000046e+03,2.594340000000000046e+01
1.421311999999999898e+03,2.609590000000000032e+01
1.421314499999999953e+03,2.619249999999999901e+01
1.421316900000000032e+03,2.624230000000000018e+01
1.421319300000000112e+03,2.627289999999999992e+01
1.421321799999999939e+03,2.629009999999999891e+01
1.421324200000000019e+03,2.628679999999999950e+01
1.421326700000000073e+03,2.626419999999999888e+01
1.421329099999999926e+03,2.623079999999999856e+01
1.421331500000000005e+03,2.619140000000000157e+01
1.421334000000000060e+03,2.615299999999999869e+01
1.421336399999999912e+03,2.613520000000000110e+01
1.421338899999999967e+03,2.615459999999999852e+01
1.421341300000000047e+03,2.619330000000000069e+01
1.421343800000000101e+03,2.620200000000000173e+01
1.421346199999999953e+03,2.615319999999999823e+01
1.421348600000000033e+03,2.608429999999999893e+01
1.421351100000000088e+03,2.606030000000000157e+01
1.421353499999999940e+03,2.609120000000000061e+01
1.421355999999999995e+03,2.611280000000000001e+01
1.421358400000000074e+03,2.605959999999999965e+01
1.421360799999999927e+03,2.593479999999999919e+01
1.421363299999999981e+03,2.579449999999999932e+01
1.421365700000000061e+03,2.568840000000000146e+01
1.421368199999999888e+03,2.563419999999999987e+01
1.421370599999999968e+03,2.563870000000000005e+01
1.421373000000000047e+03,2.571340000000000003e+01
1.421375500000000102e+03,2.585320000000000107e+01
1.421377899999999954e+03,2.601739999999999853e+01
1.421380400000000009e+03,2.616540000000000177e+01
1.421382800000000088e+03,2.630010000000000048e+01
1.421385299999999916e+03,2.644129999999999825e+01
1.421387699999999995e+03,2.656619999999999848e+01
1.421390100000000075e+03,2.661899999999999977e+01
1.421392599999999902e+03,2.657890000000000086e+01
1.421394999999999982e+03,2.648920000000000030e+01
1.421397500000000036e+03,2.641349999999999909e+01
1.421399899999999889e+03,2.637699999999999889e+01
1.421402299999999968e+03,2.635419999999999874e+01
1.421404800000000023e+03,2.630099999999999838e+01
1.421407200000000103e+03,2.619259999999999877e+01
1.421409699999999930e+03,2.604420000000000002e+01
1.421412100000000009e+03,2.590930000000000177e+01
1.421414600000000064e+03,2.584840000000000160e+01
1.421416999999999916e+03,2.588279999999999959e+01
1.421419399999999996e+03,2.597370000000000090e+01
1.421421900000000051e+03,2.605339999999999989e+01
1.421424299999999903e+03,2.608500000000000085e+01
1.421426799999999957e+03,2.608360000000000056e+01
1.421429200000000037e+03,2.608119999999999905e+01
1.421431599999999889e+03,2.609130000000000038e+01
1.421434099999999944e+03,2.611860000000000070e+01
1.421436500000000024e+03,2.617610000000000170e+01
1.421439000000000078e+03,2.626829999999999998e+01
1.421441399999999931e+03,2.637430000000000163e+01
1.421443800000000010e+03,2.646900000000000119e+01
1.421446300000000065e+03,2.654779999999999873e+01
1.421448699999999917e+03,2.662099999999999866e+01
1.421451199999999972e+03,2.669350000000000023e+01
1.421453600000000051e+03,2.675379999999999825e+01
1.421456100000000106e+03,2.677189999999999870e+01
1.421458499999999958e+03,2.671699999999999875e+01
1.421460900000000038e+03,2.659189999999999898e+01
1.421463400000000092e+03,2.644180000000000064e+01
1.421465799999999945e+03,2.631929999999999836e+01
1.421468299999999999e+03,2.624490000000000123e+01
1.421470700000000079e+03,2.620400000000000063e+01
1.421473099999999931e+03,2.616829999999999856e+01
1.421475599999999986e+03,2.611609999999999943e+01
1.421478000000000065e+03,2.603989999999999938e+01
1.421480499999999893e+03,2.595129999999999981e+01
1.421482899999999972e+03,2.587920000000000087e+01
1.421485400000000027e+03,2.585249999999999915e+01
1.421487800000000107e+03,2.587640000000000029e+01
1.421490199999999959e+03,2.592620000000000147e+01
1.421492700000000013e+03,2.596989999999999910e+01
1.421495100000000093e+03,2.600240000000000151e+01
1.421497599999999920e+03,2.605600000000000094e+01
1.421500000000000000e+03,2.616710000000000136e+01
1.421502400000000080e+03,2.632979999999999876e+01
1.421504899999999907e+03,2.649249999999999972e+01
1.421507299999999987e+03,2.660679999999999978e+01
1.421509800000000041e+03,2.666900000000000048e+01
1.421512199999999893e+03,2.670730000000000004e+01
1.421514599999999973e+03,2.673829999999999885e+01
1.421517100000000028e+03,2.674320000000000164e+01
1.421519500000000107e+03,2.668819999999999837e+01
1.421521999999999935e+03,2.656439999999999912e+01
1.421524400000000014e+03,2.640879999999999939e+01
1.421526900000000069e+03,2.629149999999999920e+01
1.421529299999999921e+03,2.627949999999999875e+01
1.421531700000000001e+03,2.639209999999999923e+01
1.421534200000000055e+03,2.657319999999999993e+01
1.421536599999999908e+03,2.671420000000000172e+01
1.421539099999999962e+03,2.672899999999999920e+01
1.421541500000000042e+03,2.662099999999999866e+01
1.421543899999999894e+03,2.647169999999999845e+01
1.421546399999999949e+03,2.635709999999999908e+01
1.421548800000000028e+03,2.627980000000000160e+01
1.421551300000000083e+03,2.619059999999999988e+01
1.421553699999999935e+03,2.606090000000000018e+01
1.421556199999999990e+03,2.591120000000000090e+01
1.421558600000000069e+03,2.577789999999999893e+01
1.421560999999999922e+03,2.568519999999999825e+01
1.421563499999999976e+03,2.565850000000000009e+01
1.421565900000000056e+03,2.573179999999999978e+01
1.421568400000000111e+03,2.592109999999999914e+01
1.421570799999999963e+03,2.619819999999999993e+01
1.421573200000000043e+03,2.649859999999999971e+01
1.421575700000000097e+03,2.674889999999999901e+01
1.421578099999999949e+03,2.688560000000000016e+01
1.421580600000000004e+03,2.687089999999999890e+01
1.421583000000000084e+03,2.671849999999999881e+01
1.421585399999999936e+03,2.650420000000000087e+01
1.421587899999999991e+03,2.632110000000000127e+01
1.421590300000000070e+03,2.620649999999999835e+01
1.421592799999999897e+03,2.612730000000000175e+01
1.421595199999999977e+03,2.603849999999999909e+01
1.421597700000000032e+03,2.593840000000000146e+01
1.421600100000000111e+03,2.586120000000000019e+01
1.421602499999999964e+03,2.584110000000000085e+01
1.421605000000000018e+03,2.589560000000000173e+01
1.421607400000000098e+03,2.602349999999999852e+01
1.421609899999999925e+03,2.620220000000000127e+01
1.421612300000000005e+03,2.639229999999999876e+01
1.421614700000000084e+03,2.655600000000000094e+01
1.421617199999999912e+03,2.667680000000000007e+01
1.421619599999999991e+03,2.675440000000000040e+01
1.421622100000000046e+03,2.678729999999999833e+01
1.421624499999999898e+03,2.677339999999999876e+01
1.421626999999999953e+03,2.672350000000000136e+01
1.421629400000000032e+03,2.666669999999999874e+01
1.421631800000000112e+03,2.663879999999999981e+01
1.421634299999999939e+03,2.665889999999999915e+01
1.421636700000000019e+03,2.670970000000000155e+01
1.421639200000000073e+03,2.674980000000000047e+01
1.421641599999999926e+03,2.675799999999999912e+01
1.421644000000000005e+03,2.675659999999999883e+01
1.421646500000000060e+03,2.678069999999999951e+01
1.421648899999999912e+03,2.683350000000000080e+01
1.421651399999999967e+03,2.688990000000000080e+01
1.421653800000000047e+03,2.693049999999999855e+01
1.421656199999999899e+03,2.694859999999999900e+01
1.421658699999999953e+03,2.693179999999999907e+01
1.421661100000000033e+03,2.686890000000000001e+01
1.421663600000000088e+03,2.678040000000000020e+01
1.421665999999999940e+03,2.671369999999999933e+01
1.421668499999999995e+03,2.669429999999999836e+01
1.421670900000000074e+03,2.670289999999999964e+01
1.421673299999999927e+03,2.671059999999999945e+01
1.421675799999999981e+03,2.671300000000000097e+01
1.421678200000000061e+03,2.671330000000000027e+01
1.421680699999999888e+03,2.670599999999999952e+01
1.421683099999999968e+03,2.669839999999999947e+01
1.421685500000000047e+03,2.672090000000000032e+01
1.421688000000000102e+03,2.678709999999999880e+01
1.421690399999999954e+03,2.686309999999999931e+01
1.421692900000000009e+03,2.689799999999999969e+01
1.421695300000000088e+03,2.686730000000000018e+01
1.421697799999999916e+03,2.677230000000000132e+01
1.421700199999999995e+03,2.662109999999999843e+01
1.421702600000000075e+03,2.643669999999999831e+01
1.421705099999999902e+03,2.627380000000000138e+01
1.421707499999999982e+03,2.620169999999999888e+01
1.421710000000000036e+03,2.625760000000000005e+01
1.421712399999999889e+03,2.641150000000000020e+01
1.421714799999999968e+03,2.657529999999999859e+01
1.421717300000000023e+03,2.665759999999999863e+01
1.421719700000000103e+03,2.662150000000000105e+01
1.421722199999999930e+03,2.649309999999999832e+01
1.421724600000000009e+03,2.632410000000000139e+01
1.421727100000000064e+03,2.615820000000000078e+01
1.421729499999999916e+03,2.602410000000000068e+01
1.421731899999999996e+03,2.593609999999999971e+01
1.421734400000000051e+03,2.589229999999999876e+01
1.421736799999999903e+03,2.588040000000000163e+01
1.421739299999999957e+03,2.588690000000000069e+01
1.421741700000000037e+03,2.590299999999999869e+01
1.421744099999999889e+03,2.592849999999999966e+01
1.421746599999999944e+03,2.596630000000000038e+01
1.421749000000000024e+03,2.601010000000000133e+01
1.421751500000000078e+03,2.604370000000000118e+01
1.421753899999999931e+03,2.605770000000000053e+01
1.421756300000000010e+03,2.606019999999999825e+01
1.421758800000000065e+03,2.606030000000000157e+01
1.421761199999999917e+03,2.604500000000000171e+01
1.421763699999999972e+03,2.599230000000000018e+01
1.421766100000000051e+03,2.591110000000000113e+01
1.421768600000000106e+03,2.585279999999999845e+01
1.421770999999999958e+03,2.586629999999999896e+01
1.421773400000000038e+03,2.595179999999999865e+01
1.421775900000000092e+03,2.607280000000000086e+01
1.421778299999999945e+03,2.620179999999999865e+01
1.421780799999999999e+03,2.633569999999999922e+01
1.421783200000000079e+03,2.647019999999999840e+01
1.421785599999999931e+03,2.658840000000000003e+01
1.421788099999999986e+03,2.668359999999999843e+01
1.421790500000000065e+03,2.676960000000000051e+01
1.421792999999999893e+03,2.685790000000000077e+01
1.421795399999999972e+03,2.694109999999999872e+01
1.421797900000000027e+03,2.700580000000000069e+01
1.421800300000000107e+03,2.704799999999999827e+01
1.421802699999999959e+03,2.707270000000000110e+01
1.421805200000000013e+03,2.708980000000000032e+01
1.421807600000000093e+03,2.710650000000000048e+01
1.421810099999999920e+03,2.711080000000000112e+01
1.421812500000000000e+03,2.707110000000000127e+01
1.421814900000000080e+03,2.696699999999999875e+01
1.421817399999999907e+03,2.682250000000000156e+01
1.421819799999999987e+03,2.669219999999999970e+01
1.421822300000000041e+03,2.661560000000000059e+01
1.421824699999999893e+03,2.659369999999999834e+01
1.421827099999999973e+03,2.660589999999999833e+01
1.421829600000000028e+03,2.662879999999999825e+01
1.421832000000000107e+03,2.663860000000000028e+01
1.421834499999999935e+03,2.661580000000000013e+01
1.421836900000000014e+03,2.655669999999999931e+01
1.421839400000000069e+03,2.647680000000000078e+01
1.421841799999999921e+03,2.640879999999999939e+01
1.421844200000000001e+03,2.639209999999999923e+01
1.421846700000000055e+03,2.644620000000000104e+01
1.421849099999999908e+03,2.655310000000000059e+01
1.421851599999999962e+03,2.667970000000000041e+01
1.421854000000000042e+03,2.680780000000000030e+01
1.421856399999999894e+03,2.692729999999999890e+01
1.421858899999999949e+03,2.701150000000000162e+01
1.421861300000000028e+03,2.702629999999999910e+01
1.421863800000000083e+03,2.696920000000000073e+01
1.421866199999999935e+03,2.688660000000000139e+01
1.421868699999999990e+03,2.684159999999999968e+01
1.421871100000000069e+03,2.686070000000000135e+01
1.421873499999999922e+03,2.691560000000000130e+01
1.421875999999999976e+03,2.696150000000000091e+01
1.421878400000000056e+03,2.698580000000000112e+01
1.421880900000000111e+03,2.700230000000000175e+01
1.421883299999999963e+03,2.700509999999999877e+01
1.421885700000000043e+03,2.696280000000000143e+01
1.421888200000000097e+03,2.686730000000000018e+01
1.421890599999999949e+03,2.676389999999999958e+01
1.421893100000000004e+03,2.671499999999999986e+01
1.421895500000000084e+03,2.673339999999999961e+01
1.421897899999999936e+03,2.676770000000000138e+01
1.421900399999999991e+03,2.676040000000000063e+01
1.421902800000000070e+03,2.671740000000000137e+01
1.421905299999999897e+03,2.670090000000000074e+01
1.421907699999999977e+03,2.675230000000000175e+01
1.421910200000000032e+03,2.684100000000000108e+01
1.421912600000000111e+03,2.689930000000000021e+01
1.421914999999999964e+03,2.689229999999999876e+01
1.421917500000000018e+03,2.684619999999999962e+01
1.421919900000000098e+03,2.682100000000000151e+01
1.421922399999999925e+03,2.686240000000000094e+01
1.421924800000000005e+03,2.696440000000000126e+01
1.421927200000000084e+03,2.706779999999999831e+01
1.421929699999999912e+03,2.710099999999999909e+01
1.421932099999999991e+03,2.703829999999999956e+01
1.421934600000000046e+03,2.692279999999999873e+01
1.421936999999999898e+03,2.683099999999999952e+01
1.421939499999999953e+03,2.681510000000000105e+01
1.421941900000000032e+03,2.687300000000000111e+01
1.421944300000000112e+03,2.696470000000000056e+01
1.421946799999999939e+03,2.705130000000000123e+01
1.421949200000000019e+03,2.712650000000000006e+01
1.421951700000000073e+03,2.721349999999999980e+01
1.421954099999999926e+03,2.733060000000000045e+01
1.421956500000000005e+03,2.745449999999999946e+01
1.421959000000000060e+03,2.752799999999999869e+01
1.421961399999999912e+03,2.750339999999999918e+01
1.421963899999999967e+03,2.737409999999999854e+01
1.421966300000000047e+03,2.716910000000000025e+01
1.421968800000000101e+03,2.693720000000000070e+01
1.421971199999999953e+03,2.673789999999999978e+01
1.421973600000000033e+03,2.662000000000000099e+01
1.421976100000000088e+03,2.659049999999999869e+01
1.421978499999999940e+03,2.661360000000000170e+01
1.421980999999999995e+03,2.664900000000000091e+01
1.421983400000000074e+03,2.668280000000000030e+01
1.421985799999999927e+03,2.671959999999999980e+01
1.421988299999999981e+03,2.675639999999999930e+01
1.421990700000000061e+03,2.677830000000000155e+01
1.421993199999999888e+03,2.678470000000000084e+01
1.421995599999999968e+03,2.680359999999999943e+01
1.421998000000000047e+03,2.686380000000000123e+01
1.422000500000000102e+03,2.695789999999999864e+01
1.422002899999999954e+03,2.704520000000000124e+01
1.422005400000000009e+03,2.708849999999999980e+01
1.422007800000000088e+03,2.707760000000000034e+01
1.422010299999999916e+03,2.702430000000000021e+01
1.422012699999999995e+03,2.694359999999999999e+01
1.422015100000000075e+03,2.684390000000000143e+01
1.422017599999999902e+03,2.673250000000000171e+01
1.422019999999999982e+03,2.662770000000000081e+01
1.422022500000000036e+03,2.656139999999999901e+01
1.422024899999999889e+03,2.655780000000000030e+01
1.422027299999999968e+03,2.660679999999999978e+01
1.422029800000000023e+03,2.666610000000000014e+01
1.422032200000000103e+03,2.670019999999999882e+01
1.422034699999999930e+03,2.671499999999999986e+01
1.422037100000000009e+03,2.674010000000000176e+01
1.422039600000000064e+03,2.677710000000000079e+01
1.422041999999999916e+03,2.679210000000000136e+01
1.422044399999999996e+03,2.677299999999999969e+01
1.422046900000000051e+03,2.676559999999999917e+01
1.422049299999999903e+03,2.682809999999999917e+01
1.422051799999999957e+03,2.696010000000000062e+01
1.422054200000000037e+03,2.709540000000000148e+01
1.422056599999999889e+03,2.716359999999999886e+01
1.422059099999999944e+03,2.714639999999999986e+01
1.422061500000000024e+03,2.707359999999999900e+01
1.422064000000000078e+03,2.698349999999999937e+01
1.422066399999999931e+03,2.689679999999999893e+01
1.422068800000000010e+03,2.681250000000000000e+01
1.422071300000000065e+03,2.671699999999999875e+01
1.422073699999999917e+03,2.660780000000000101e+01
1.422076199999999972e+03,2.651620000000000132e+01
1.422078600000000051e+03,2.649520000000000053e+01
1.422081100000000106e+03,2.657430000000000092e+01
1.422083499999999958e+03,2.672670000000000101e+01
1.422085900000000038e+03,2.689219999999999899e+01
1.422088400000000092e+03,2.702560000000000073e+01
1.422090799999999945e+03,2.711649999999999849e+01
1.422093299999999999e+03,2.717719999999999914e+01
1.422095700000000079e+03,2.722400000000000020e+01
1.422098099999999931e+03,2.726409999999999911e+01
1.422100599999999986e+03,2.728910000000000124e+01
1.422103000000000065e+03,2.728770000000000095e+01
1.422105499999999893e+03,2.725609999999999999e+01
1.422107899999999972e+03,2.719500000000000028e+01
1.422110400000000027e+03,2.711049999999999827e+01
1.422112800000000107e+03,2.702550000000000097e+01
1.422115199999999959e+03,2.697350000000000136e+01
1.422117700000000013e+03,2.697119999999999962e+01
1.422120100000000093e+03,2.700700000000000145e+01
1.422122599999999920e+03,2.705420000000000158e+01
1.422125000000000000e+03,2.708879999999999910e+01
1.422127400000000080e+03,2.709390000000000143e+01
1.422129899999999907e+03,2.705910000000000082e+01
1.422132299999999987e+03,2.698150000000000048e+01
1.422134800000000041e+03,2.686909999999999954e+01
1.422137199999999893e+03,2.673760000000000048e+01
1.422139599999999973e+03,2.660340000000000060e+01
1.422142100000000028e+03,2.648029999999999973e+01
1.422144500000000107e+03,2.637790000000000035e+01
1.422146999999999935e+03,2.629339999999999833e+01
1.422149400000000014e+03,2.620899999999999963e+01
1.422151900000000069e+03,2.611400000000000077e+01
1.422154299999999921e+03,2.603610000000000113e+01
1.422156700000000001e+03,2.603350000000000009e+01
1.422159200000000055e+03,2.613950000000000173e+01
1.422161599999999908e+03,2.632819999999999894e+01
1.422164099999999962e+03,2.654650000000000176e+01
1.422166500000000042e+03,2.675740000000000052e+01
1.422168899999999894e+03,2.694050000000000011e+01
1.422171399999999949e+03,2.707189999999999941e+01
1.422173800000000028e+03,2.713070000000000093e+01
1.422176300000000083e+03,2.711700000000000088e+01
1.422178699999999935e+03,2.705420000000000158e+01
1.422181199999999990e+03,2.697169999999999845e+01
1.422183600000000069e+03,2.689110000000000156e+01
1.422185999999999922e+03,2.682700000000000173e+01
1.422188499999999976e+03,2.679749999999999943e+01
1.422190900000000056e+03,2.681859999999999999e+01
1.422193400000000111e+03,2.687610000000000099e+01
1.422195799999999963e+03,2.691159999999999997e+01
1.422198200000000043e+03,2.686270000000000024e+01
1.422200700000000097e+03,2.672350000000000136e+01
1.422203099999999949e+03,2.655280000000000129e+01
1.422205600000000004e+03,2.641720000000000113e+01
1.422208000000000084e+03,2.634609999999999985e+01
1.422210399999999936e+03,2.633999999999999986e+01
1.422212899999999991e+03,2.639649999999999963e+01
1.422215300000000070e+03,2.651269999999999882e+01
1.422217799999999897e+03,2.666710000000000136e+01
1.422220199999999977e+03,2.681419999999999959e+01
1.422222700000000032e+03,2.690619999999999834e+01
1.422225100000000111e+03,2.692699999999999960e+01
1.422227499999999964e+03,2.690640000000000143e+01
1.422230000000000018e+03,2.689549999999999841e+01
1.422232400000000098e+03,2.692289999999999850e+01
1.422234899999999925e+03,2.697500000000000142e+01
1.422237300000000005e+03,2.701679999999999993e+01
1.422239700000000084e+03,2.702590000000000003e+01
1.422242199999999912e+03,2.700580000000000069e+01
1.422244599999999991e+03,2.697050000000000125e+01
1.422247100000000046e+03,2.692689999999999984e+01
1.422249499999999898e+03,2.687000000000000099e+01
1.422251999999999953e+03,2.678900000000000148e+01
1.422254400000000032e+03,2.668420000000000059e+01
1.422256800000000112e+03,2.658220000000000027e+01
1.422259299999999939e+03,2.652479999999999905e+01
1.422261700000000019e+03,2.653679999999999950e+01
1.422264200000000073e+03,2.661430000000000007e+01
1.422266599999999926e+03,2.673799999999999955e+01
1.422269000000000005e+03,2.687679999999999936e+01
1.422271500000000060e+03,2.699200000000000088e+01
1.422273899999999912e+03,2.706490000000000151e+01
1.422276399999999967e+03,2.711479999999999890e+01
1.422278800000000047e+03,2.717409999999999926e+01
1.422281199999999899e+03,2.724909999999999854e+01
1.422283699999999953e+03,2.731050000000000111e+01
1.422286100000000033e+03,2.731769999999999854e+01
1.422288600000000088e+03,2.725459999999999994e+01
1.422290999999999940e+03,2.714529999999999887e+01
1.422293499999999995e+03,2.703440000000000154e+01
1.422295900000000074e+03,2.695530000000000115e+01
1.422298299999999927e+03,2.691400000000000148e+01
1.422300799999999981e+03,2.689339999999999975e+01
1.422303200000000061e+03,2.686710000000000065e+01
1.422305699999999888e+03,2.681960000000000122e+01
1.422308099999999968e+03,2.675130000000000052e+01
1.422310500000000047e+03,2.666359999999999886e+01
1.422313000000000102e+03,2.655079999999999885e+01
1.422315399999999954e+03,2.641100000000000136e+01
1.422317900000000009e+03,2.626160000000000139e+01
1.422320300000000088e+03,2.614290000000000092e+01
1.422322799999999916e+03,2.610750000000000171e+01
1.422325199999999995e+03,2.619630000000000081e+01
1.422327600000000075e+03,2.640480000000000160e+01
1.422330099999999902e+03,2.666369999999999862e+01
1.422332499999999982e+03,2.686680000000000135e+01
1.422335000000000036e+03,2.694790000000000063e+01
1.422337399999999889e+03,2.693540000000000134e+01
1.422339799999999968e+03,2.691400000000000148e+01
1.422342300000000023e+03,2.693730000000000047e+01
1.422344700000000103e+03,2.699289999999999878e+01
1.422347199999999930e+03,2.703689999999999927e+01
1.422349600000000009e+03,2.703740000000000165e+01
1.422352100000000064e+03,2.698809999999999931e+01
1.422354499999999916e+03,2.690330000000000155e+01
1.422356899999999996e+03,2.680659999999999954e+01
1.422359400000000051e+03,2.671750000000000114e+01
1.422361799999999903e+03,2.664290000000000092e+01
1.422364299999999957e+03,2.657910000000000039e+01
1.422366700000000037e+03,2.651780000000000115e+01
1.422369099999999889e+03,2.645550000000000068e+01
1.422371599999999944e+03,2.640820000000000078e+01
1.422374000000000024e+03,2.642210000000000036e+01
1.422376500000000078e+03,2.655270000000000152e+01
1.422378899999999931e+03,2.680480000000000018e+01
1.422381300000000010e+03,2.709430000000000049e+01
1.422383800000000065e+03,2.729589999999999961e+01
1.422386199999999917e+03,2.734619999999999962e+01
1.422388699999999972e+03,2.729579999999999984e+01
1.422391100000000051e+03,2.725450000000000017e+01
1.422393600000000106e+03,2.729749999999999943e+01
1.422395999999999958e+03,2.742429999999999879e+01
1.422398400000000038e+03,2.758470000000000155e+01
1.422400900000000092e+03,2.772710000000000008e+01
1.422403299999999945e+03,2.782860000000000156e+01
1.422405799999999999e+03,2.789630000000000010e+01
1.422408200000000079e+03,2.793980000000000175e+01
1.422410599999999931e+03,2.794419999999999860e+01
1.422413099999999986e+03,2.787320000000000064e+01
1.422415500000000065e+03,2.770380000000000109e+01
1.422417999999999893e+03,2.745550000000000068e+01
1.422420399999999972e+03,2.718639999999999901e+01
1.422422900000000027e+03,2.696209999999999951e+01
1.422425300000000107e+03,2.681990000000000052e+01
1.422427699999999959e+03,2.675430000000000064e+01
1.422430200000000013e+03,2.673189999999999955e+01
1.422432600000000093e+03,2.671799999999999997e+01
1.422435099999999920e+03,2.669440000000000168e+01
1.422437500000000000e+03,2.666120000000000090e+01
1.422439900000000080e+03,2.662770000000000081e+01
1.422442399999999907e+03,2.660010000000000119e+01
1.422444799999999987e+03,2.658429999999999893e+01
1.422447300000000041e+03,2.659609999999999985e+01
1.422449699999999893e+03,2.665200000000000102e+01
1.422452099999999973e+03,2.673910000000000053e+01
1.422454600000000028e+03,2.680890000000000128e+01
1.422457000000000107e+03,2.680790000000000006e+01
1.422459499999999935e+03,2.671440000000000126e+01
1.422461900000000014e+03,2.655209999999999937e+01
1.422464400000000069e+03,2.637650000000000006e+01
1.422466799999999921e+03,2.624020000000000152e+01
1.422469200000000001e+03,2.616949999999999932e+01
1.422471700000000055e+03,2.617370000000000019e+01
1.422474099999999908e+03,2.625969999999999871e+01
1.422476599999999962e+03,2.641870000000000118e+01
1.422479000000000042e+03,2.661169999999999902e+01
1.422481399999999894e+03,2.678579999999999828e+01
1.422483899999999949e+03,2.690350000000000108e+01
1.422486300000000028e+03,2.695909999999999940e+01
1.422488800000000083e+03,2.698329999999999984e+01
1.422491199999999935e+03,2.703910000000000124e+01
1.422493699999999990e+03,2.718629999999999924e+01
1.422496100000000069e+03,2.742040000000000077e+01
1.422498499999999922e+03,2.764010000000000034e+01
1.422500999999999976e+03,2.771359999999999957e+01
1.422503400000000056e+03,2.760729999999999862e+01
1.422505900000000111e+03,2.742930000000000135e+01
1.422508299999999963e+03,2.731449999999999889e+01
1.422510700000000043e+03,2.728940000000000055e+01
1.422513200000000097e+03,2.727690000000000126e+01
1.422515599999999949e+03,2.720830000000000126e+01
1.422518100000000004e+03,2.708790000000000120e+01
1.422520500000000084e+03,2.695749999999999957e+01
1.422522899999999936e+03,2.683889999999999887e+01
1.422525399999999991e+03,2.673239999999999839e+01
1.422527800000000070e+03,2.665050000000000097e+01
1.422530299999999897e+03,2.662269999999999825e+01
1.422532699999999977e+03,2.666219999999999857e+01
1.422535200000000032e+03,2.674050000000000082e+01
1.422537600000000111e+03,2.680959999999999965e+01
1.422539999999999964e+03,2.684850000000000136e+01
1.422542500000000018e+03,2.687099999999999866e+01
1.422544900000000098e+03,2.688210000000000122e+01
1.422547399999999925e+03,2.685099999999999909e+01
1.422549800000000005e+03,2.674540000000000006e+01
1.422552200000000084e+03,2.658569999999999922e+01
1.422554699999999912e+03,2.645349999999999824e+01
1.422557099999999991e+03,2.645080000000000098e+01
1.422559600000000046e+03,2.663439999999999941e+01
1.422561999999999898e+03,2.695830000000000126e+01
1.422564499999999953e+03,2.728239999999999910e+01
1.422566900000000032e+03,2.746859999999999857e+01
1.422569300000000112e+03,2.748160000000000025e+01
1.422571799999999939e+03,2.739079999999999870e+01
1.422574200000000019e+03,2.728079999999999927e+01
1.422576700000000073e+03,2.717749999999999844e+01
1.422579099999999926e+03,2.706340000000000146e+01
1.422581500000000005e+03,2.694429999999999836e+01
1.422584000000000060e+03,2.687829999999999941e+01
1.422586399999999912e+03,2.693380000000000152e+01
1.422588899999999967e+03,2.712509999999999977e+01
1.422591300000000047e+03,2.738520000000000110e+01
1.422593800000000101e+03,2.759840000000000160e+01
1.422596199999999953e+03,2.767670000000000030e+01
1.422598600000000033e+03,2.762790000000000035e+01
1.422601100000000088e+03,2.754570000000000007e+01
1.422603499999999940e+03,2.752499999999999858e+01
1.422605999999999995e+03,2.759250000000000114e+01
1.422608400000000074e+03,2.771089999999999876e+01
1.422610799999999927e+03,2.782229999999999848e+01
1.422613299999999981e+03,2.788009999999999877e+01
1.422615700000000061e+03,2.786390000000000100e+01
1.422618199999999888e+03,2.778200000000000003e+01
1.422620599999999968e+03,2.766219999999999857e+01
1.422623000000000047e+03,2.753750000000000142e+01
1.422625500000000102e+03,2.742970000000000041e+01
1.422627899999999954e+03,2.733269999999999911e+01
1.422630400000000009e+03,2.722670000000000101e+01
1.422632800000000088e+03,2.711179999999999879e+01
1.422635299999999916e+03,2.701249999999999929e+01
1.422637699999999995e+03,2.694239999999999924e+01
1.422640100000000075e+03,2.689399999999999835e+01
1.422642599999999902e+03,2.686560000000000059e+01
1.422644999999999982e+03,2.686809999999999832e+01
1.422647500000000036e+03,2.689639999999999986e+01
1.422649899999999889e+03,2.692310000000000159e+01
1.422652299999999968e+03,2.693070000000000164e+01
1.422654800000000023e+03,2.692800000000000082e+01
1.422657200000000103e+03,2.692859999999999943e+01
1.422659699999999930e+03,2.692980000000000018e+01
1.422662100000000009e+03,2.691629999999999967e+01
1.422664600000000064e+03,2.687130000000000152e+01
1.422666999999999916e+03,2.679179999999999851e+01
1.422669399999999996e+03,2.670550000000000068e+01
1.422671900000000051e+03,2.666979999999999862e+01
1.422674299999999903e+03,2.673189999999999955e+01
1.422676799999999957e+03,2.688309999999999889e+01
1.422679200000000037e+03,2.705969999999999942e+01
1.422681599999999889e+03,2.718919999999999959e+01
1.422684099999999944e+03,2.722970000000000113e+01
1.422686500000000024e+03,2.718540000000000134e+01
1.422689000000000078e+03,2.710739999999999839e+01
1.422691399999999931e+03,2.706859999999999999e+01
1.422693800000000010e+03,2.711570000000000036e+01
1.422696300000000065e+03,2.723860000000000170e+01
1.422698699999999917e+03,2.738929999999999865e+01
1.422701199999999972e+03,2.752349999999999852e+01
1.422703600000000051e+03,2.762959999999999994e+01
1.422706100000000106e+03,2.772340000000000160e+01
1.422708499999999958e+03,2.782010000000000005e+01
1.422710900000000038e+03,2.791540000000000177e+01
1.422713400000000092e+03,2.799040000000000106e+01
1.422715799999999945e+03,2.802080000000000126e+01
1.422718299999999999e+03,2.798140000000000072e+01
1.422720700000000079e+03,2.786360000000000170e+01
1.422723099999999931e+03,2.769279999999999831e+01
1.422725599999999986e+03,2.751529999999999987e+01
1.422728000000000065e+03,2.736680000000000135e+01
1.422730499999999893e+03,2.726370000000000005e+01
1.422732899999999972e+03,2.722100000000000009e+01
1.422735400000000027e+03,2.725509999999999877e+01
1.422737800000000107e+03,2.735610000000000142e+01
1.422740199999999959e+03,2.747459999999999880e+01
1.422742700000000013e+03,2.755570000000000164e+01
1.422745100000000093e+03,2.758060000000000045e+01
1.422747599999999920e+03,2.756429999999999936e+01
1.422750000000000000e+03,2.753130000000000166e+01
1.422752400000000080e+03,2.750529999999999831e+01
1.422754899999999907e+03,2.750159999999999982e+01
1.422757299999999987e+03,2.751210000000000022e+01
1.422759800000000041e+03,2.751060000000000016e+01
1.422762199999999893e+03,2.748359999999999914e+01
1.422764599999999973e+03,2.744859999999999900e+01
1.422767100000000028e+03,2.743140000000000001e+01
1.422769500000000107e+03,2.742729999999999890e+01
1.422771999999999935e+03,2.740109999999999957e+01
1.422774400000000014e+03,2.733539999999999992e+01
1.422776900000000069e+03,2.727060000000000173e+01
1.422779299999999921e+03,2.727789999999999893e+01
1.422781700000000001e+03,2.739489999999999981e+01
1.422784200000000055e+03,2.759100000000000108e+01
1.422786599999999908e+03,2.778509999999999991e+01
1.422789099999999962e+03,2.789239999999999853e+01
1.422791500000000042e+03,2.787839999999999918e+01
1.422793899999999894e+03,2.778259999999999863e+01
1.422796399999999949e+03,2.767620000000000147e+01
1.422798800000000028e+03,2.759440000000000026e+01
1.422801300000000083e+03,2.752609999999999957e+01
1.422803699999999935e+03,2.746969999999999956e+01
1.422806199999999990e+03,2.746480000000000032e+01
1.422808600000000069e+03,2.754700000000000060e+01
1.422810999999999922e+03,2.768969999999999843e+01
1.422813499999999976e+03,2.781099999999999994e+01
1.422815900000000056e+03,2.783510000000000062e+01
1.422818400000000111e+03,2.774159999999999826e+01
1.422820799999999963e+03,2.756980000000000075e+01
1.422823200000000043e+03,2.738530000000000086e+01
1.422825700000000097e+03,2.724729999999999919e+01
1.422828099999999949e+03,2.720100000000000051e+01
1.422830600000000004e+03,2.727700000000000102e+01
1.422833000000000084e+03,2.746659999999999968e+01
1.422835399999999936e+03,2.770400000000000063e+01
1.422837899999999991e+03,2.790289999999999893e+01
1.422840300000000070e+03,2.801589999999999847e+01
1.422842799999999897e+03,2.804850000000000065e+01
1.422845199999999977e+03,2.802390000000000114e+01
1.422847700000000032e+03,2.795420000000000016e+01
1.422850100000000111e+03,2.784339999999999904e+01
1.422852499999999964e+03,2.770309999999999917e+01
1.422855000000000018e+03,2.756749999999999901e+01
1.422857400000000098e+03,2.749230000000000018e+01
1.422859899999999925e+03,2.752680000000000149e+01
1.422862300000000005e+03,2.767180000000000106e+01
1.422864700000000084e+03,2.785930000000000106e+01
1.422867199999999912e+03,2.798910000000000053e+01
1.422869599999999991e+03,2.800809999999999889e+01
1.422872100000000046e+03,2.795200000000000173e+01
1.422874499999999898e+03,2.789339999999999975e+01
1.422876999999999953e+03,2.785790000000000077e+01
1.422879400000000032e+03,2.780790000000000006e+01
1.422881800000000112e+03,2.769750000000000156e+01
1.422884299999999939e+03,2.752740000000000009e+01
1.422886700000000019e+03,2.734829999999999828e+01
1.422889200000000073e+03,2.721649999999999991e+01
1.422891599999999926e+03,2.715099999999999980e+01
1.422894000000000005e+03,2.713670000000000115e+01
1.422896500000000060e+03,2.715549999999999997e+01
1.422898899999999912e+03,2.719079999999999941e+01
1.422901399999999967e+03,2.721180000000000021e+01
1.422903800000000047e+03,2.718619999999999948e+01
1.422906199999999899e+03,2.712229999999999919e+01
1.422908699999999953e+03,2.707779999999999987e+01
1.422911100000000033e+03,2.711070000000000135e+01
1.422913600000000088e+03,2.722469999999999857e+01
1.422915999999999940e+03,2.737040000000000006e+01
1.422918499999999995e+03,2.749299999999999855e+01
1.422920900000000074e+03,2.757169999999999987e+01
1.422923299999999927e+03,2.761959999999999837e+01
1.422925799999999981e+03,2.765579999999999927e+01
1.422928200000000061e+03,2.767879999999999896e+01
1.422930699999999888e+03,2.765970000000000084e+01
1.422933099999999968e+03,2.756540000000000035e+01
1.422935500000000047e+03,2.739379999999999882e+01
1.422938000000000102e+03,2.718550000000000111e+01
1.422940399999999954e+03,2.699800000000000111e+01
1.422942900000000009e+03,2.687330000000000041e+01
1.422945300000000088e+03,2.682750000000000057e+01
1.422947799999999916e+03,2.685630000000000095e+01
1.422950199999999995e+03,2.694040000000000035e+01
1.422952600000000075e+03,2.705430000000000135e+01
1.422955099999999902e+03,2.718319999999999936e+01
1.422957499999999982e+03,2.732939999999999969e+01
1.422960000000000036e+03,2.748939999999999984e+01
1.422962399999999889e+03,2.762389999999999901e+01
1.422964799999999968e+03,2.767589999999999861e+01
1.422967300000000023e+03,2.763279999999999959e+01
1.422969700000000103e+03,2.755450000000000088e+01
1.422972199999999930e+03,2.751620000000000132e+01
1.422974600000000009e+03,2.752929999999999922e+01
1.422977100000000064e+03,2.753930000000000078e+01
1.422979499999999916e+03,2.750140000000000029e+01
1.422981899999999996e+03,2.743240000000000123e+01
1.422984400000000051e+03,2.737559999999999860e+01
1.422986799999999903e+03,2.733960000000000079e+01
1.422989299999999957e+03,2.728839999999999932e+01
1.422991700000000037e+03,2.718830000000000169e+01
1.422994099999999889e+03,2.705969999999999942e+01
1.422996599999999944e+03,2.697510000000000119e+01
1.422999000000000024e+03,0.000000000000000000e+00
1.423001500000000078e+03,0.000000000000000000e+00
1.423003899999999931e+03,0.000000000000000000e+00
1.423006300000000010e+03,0.000000000000000000e+00
1.423008800000000065e+03,0.000000000000000000e+00
1.423011199999999917e+03,0.000000000000000000e+00
1.423013699999999972e+03,0.000000000000000000e+00
1.423016100000000051e+03,0.000000000000000000e+00
1.423018600000000106e+03,0.000000000000000000e+00
1.423020999999999958e+03,0.000000000000000000e+00
1.423023400000000038e+03,0.000000000000000000e+00
1.423025900000000092e+03,0.000000000000000000e+00
1.423028299999999945e+03,0.000000000000000000e+00
1.423030799999999999e+03,0.000000000000000000e+00
1.423033200000000079e+03,0.000000000000000000e+00
1.423035599999999931e+03,0.000000000000000000e+00
1.423038099999999986e+03,0.000000000000000000e+00
1.423040500000000065e+03,0.000000000000000000e+00
1.423042999999999893e+03,0.000000000000000000e+00
1.423045399999999972e+03,0.000000000000000000e+00
1.423047900000000027e+03,0.000000000000000000e+00
1.423050300000000107e+03,0.000000000000000000e+00
1.423052699999999959e+03,0.000000000000000000e+00
1.423055200000000013e+03,0.000000000000000000e+00
1.423057600000000093e+03,0.000000000000000000e+00
1.423060099999999920e+03,0.000000000000000000e+00
1.423062500000000000e+03,0.000000000000000000e+00
1.423064900000000080e+03,0.000000000000000000e+00
1.423067399999999907e+03,0.000000000000000000e+00
1.423069799999999987e+03,0.000000000000000000e+00
1.423072300000000041e+03,0.000000000000000000e+00
1.423074699999999893e+03,0.000000000000000000e+00
1.423077099999999973e+03,0.000000000000000000e+00
1.423079600000000028e+03,0.000000000000000000e+00
1.423082000000000107e+03,0.000000000000000000e+00
1.423084499999999935e+03,0.000000000000000000e+00
1.423086900000000014e+03,0.000000000000000000e+00
1.423089400000000069e+03,0.000000000000000000e+00
1.423091799999999921e+03,0.000000000000000000e+00
1.423094200000000001e+03,0.000000000000000000e+00
1.423096700000000055e+03,0.000000000000000000e+00
1.423099099999999908e+03,0.000000000000000000e+00
1.423101599999999962e+03,0.000000000000000000e+00
1.423104000000000042e+03,0.000000000000000000e+00
1.423106399999999894e+03,0.000000000000000000e+00
1.423108899999999949e+03,0.000000000000000000e+00
1.423111300000000028e+03,0.000000000000000000e+00
1.423113800000000083e+03,0.000000000000000000e+00
1.423116199999999935e+03,0.000000000000000000e+00
1.423118699999999990e+03,0.000000000000000000e+00
1.423121100000000069e+03,0.000000000000000000e+00
1.423123499999999922e+03,0.000000000000000000e+00
1.423125999999999976e+03,0.000000000000000000e+00
1.423128400000000056e+03,0.000000000000000000e+00
1.423130900000000111e+03,0.000000000000000000e+00
1.423133299999999963e+03,0.000000000000000000e+00
1.423135700000000043e+03,0.000000000000000000e+00
1.423138200000000097e+03,0.000000000000000000e+00
1.423140599999999949e+03,0.000000000000000000e+00
1.423143100000000004e+03,0.000000000000000000e+00
1.423145500000000084e+03,0.000000000000000000e+00
1.423147899999999936e+03,0.000000000000000000e+00
1.423150399999999991e+03,0.000000000000000000e+00
1.423152800000000070e+03,0.000000000000000000e+00
1.423155299999999897e+03,0.000000000000000000e+00
1.423157699999999977e+03,0.000000000000000000e+00
1.423160200000000032e+03,0.000000000000000000e+00
1.423162600000000111e+03,0.000000000000000000e+00
1.423164999999999964e+03,0.000000000000000000e+00
1.423167500000000018e+03,0.000000000000000000e+00
1.423169900000000098e+03,0.000000000000000000e+00
1.423172399999999925e+03,0.000000000000000000e+00
1.423174800000000005e+03,0.000000000000000000e+00
1.423177200000000084e+03,0.000000000000000000e+00
1.423179699999999912e+03,0.000000000000000000e+00
1.423182099999999991e+03,0.000000000000000000e+00
1.423184600000000046e+03,0.000000000000000000e+00
1.423186999999999898e+03,0.000000000000000000e+00
1.423189499999999953e+03,0.000000000000000000e+00
1.423191900000000032e+03,0.000000000000000000e+00
1.423194300000000112e+03,0.000000000000000000e+00
1.423196799999999939e+03,0.000000000000000000e+00
1.423199200000000019e+03,0.000000000000000000e+00
1.423201700000000073e+03,0.000000000000000000e+00
1.423204099999999926e+03,0.000000000000000000e+00
1.423206500000000005e+03,0.000000000000000000e+00
1.423209000000000060e+03,0.000000000000000000e+00
1.423211399999999912e+03,0.000000000000000000e+00
1.423213899999999967e+03,0.000000000000000000e+00
1.423216300000000047e+03,0.000000000000000000e+00
1.423218800000000101e+03,0.000000000000000000e+00
1.423221199999999953e+03,0.000000000000000000e+00
1.423223600000000033e+03,0.000000000000000000e+00
1.423226100000000088e+03,0.000000000000000000e+00
1.423228499999999940e+03,0.000000000000000000e+00
1.423230999999999995e+03,0.000000000000000000e+00
1.423233400000000074e+03,0.000000000000000000e+00
1.423235799999999927e+03,0.000000000000000000e+00
1.423238299999999981e+03,0.000000000000000000e+00
1.423240700000000061e+03,0.000000000000000000e+00
1.423243199999999888e+03,0.000000000000000000e+00
1.423245599999999968e+03,0.000000000000000000e+00
1.423248000000000047e+03,0.000000000000000000e+00
1.423250500000000102e+03,0.000000000000000000e+00
1.423252899999999954e+03,0.000000000000000000e+00
1.423255400000000009e+03,0.000000000000000000e+00
1.423257800000000088e+03,0.000000000000000000e+00
1.423260299999999916e+03,0.000000000000000000e+00
1.423262699999999995e+03,0.000000000000000000e+00
1.423265100000000075e+03,0.000000000000000000e+00
1.423267599999999902e+03,0.000000000000000000e+00
1.423269999999999982e+03,0.000000000000000000e+00
1.423272500000000036e+03,0.000000000000000000e+00
1.423274899999999889e+03,0.000000000000000000e+00
1.423277299999999968e+03,0.000000000000000000e+00
1.423279800000000023e+03,0.000000000000000000e+00
1.423282200000000103e+03,0.000000000000000000e+00
1.423284699999999930e+03,0.000000000000000000e+00
1.423287100000000009e+03,0.000000000000000000e+00
1.423289600000000064e+03,0.000000000000000000e+00
1.423291999999999916e+03,0.000000000000000000e+00
1.423294399999999996e+03,0.000000000000000000e+00
1.423296900000000051e+03,0.000000000000000000e+00
1.423299299999999903e+03,0.000000000000000000e+00
1.423301799999999957e+03,0.000000000000000000e+00
1.423304200000000037e+03,0.000000000000000000e+00
1.423306599999999889e+03,0.000000000000000000e+00
1.423309099999999944e+03,0.000000000000000000e+00
1.423311500000000024e+03,0.000000000000000000e+00
1.423314000000000078e+03,0.000000000000000000e+00
1.423316399999999931e+03,0.000000000000000000e+00
1.423318800000000010e+03,0.000000000000000000e+00
1.423321300000000065e+03,0.000000000000000000e+00
1.423323699999999917e+03,0.000000000000000000e+00
1.423326199999999972e+03,0.000000000000000000e+00
1.423328600000000051e+03,0.000000000000000000e+00
1.423331100000000106e+03,0.000000000000000000e+00
1.423333499999999958e+03,0.000000000000000000e+00
1.423335900000000038e+03,0.000000000000000000e+00
1.423338400000000092e+03,0.000000000000000000e+00
1.423340799999999945e+03,0.000000000000000000e+00
1.423343299999999999e+03,0.000000000000000000e+00
1.423345700000000079e+03,0.000000000000000000e+00
1.423348099999999931e+03,0.000000000000000000e+00
1.423350599999999986e+03,0.000000000000000000e+00
1.423353000000000065e+03,0.000000000000000000e+00
1.423355499999999893e+03,0.000000000000000000e+00
1.423357899999999972e+03,0.000000000000000000e+00
1.423360400000000027e+03,0.000000000000000000e+00
1.423362800000000107e+03,0.000000000000000000e+00
1.423365199999999959e+03,0.000000000000000000e+00
1.423367700000000013e+03,0.000000000000000000e+00
1.423370100000000093e+03,0.000000000000000000e+00
1.423372599999999920e+03,0.000000000000000000e+00
1.423375000000000000e+03,0.000000000000000000e+00
1.423377400000000080e+03,0.000000000000000000e+00
1.423379899999999907e+03,0.000000000000000000e+00
1.423382299999999987e+03,0.000000000000000000e+00
1.423384800000000041e+03,0.000000000000000000e+00
1.423387199999999893e+03,0.000000000000000000e+00
1.423389599999999973e+03,0.000000000000000000e+00
1.423392100000000028e+03,0.000000000000000000e+00
1.423394500000000107e+03,0.000000000000000000e+00
1.423396999999999935e+03,0.000000000000000000e+00
1.423399400000000014e+03,0.000000000000000000e+00
1.423401900000000069e+03,0.000000000000000000e+00
1.423404299999999921e+03,0.000000000000000000e+00
1.423406700000000001e+03,0.000000000000000000e+00
1.423409200000000055e+03,0.000000000000000000e+00
1.423411599999999908e+03,0.000000000000000000e+00
1.423414099999999962e+03,0.000000000000000000e+00
1.423416500000000042e+03,0.000000000000000000e+00
1.423418899999999894e+03,0.000000000000000000e+00
1.423421399999999949e+03,0.000000000000000000e+00
1.423423800000000028e+03,0.000000000000000000e+00
1.423426300000000083e+03,0.000000000000000000e+00
1.423428699999999935e+03,0.000000000000000000e+00
1.423431199999999990e+03,0.000000000000000000e+00
1.423433600000000069e+03,0.000000000000000000e+00
1.423435999999999922e+03,0.000000000000000000e+00
1.423438499999999976e+03,0.000000000000000000e+00
1.423440900000000056e+03,0.000000000000000000e+00
1.423443400000000111e+03,0.000000000000000000e+00
1.423445799999999963e+03,0.000000000000000000e+00
1.423448200000000043e+03,0.000000000000000000e+00
1.423450700000000097e+03,0.000000000000000000e+00
1.423453099999999949e+03,0.000000000000000000e+00
1.423455600000000004e+03,0.000000000000000000e+00
1.423458000000000084e+03,0.000000000000000000e+00
1.423460399999999936e+03,0.000000000000000000e+00
1.423462899999999991e+03,0.000000000000000000e+00
1.423465300000000070e+03,0.000000000000000000e+00
1.423467799999999897e+03,0.000000000000000000e+00
1.423470199999999977e+03,0.000000000000000000e+00
1.423472700000000032e+03,0.000000000000000000e+00
1.423475100000000111e+03,0.000000000000000000e+00
1.423477499999999964e+03,0.000000000000000000e+00
1.423480000000000018e+03,0.000000000000000000e+00
1.423482400000000098e+03,0.000000000000000000e+00
1.423484899999999925e+03,0.000000000000000000e+00
1.423487300000000005e+03,0.000000000000000000e+00
1.423489700000000084e+03,0.000000000000000000e+00
1.423492199999999912e+03,0.000000000000000000e+00
1.423494599999999991e+03,0.000000000000000000e+00
1.423497100000000046e+03,0.000000000000000000e+00
1.423499499999999898e+03,0.000000000000000000e+00
1.423501999999999953e+03,0.000000000000000000e+00
1.423504400000000032e+03,0.000000000000000000e+00
1.423506800000000112e+03,0.000000000000000000e+00
1.423509299999999939e+03,0.000000000000000000e+00
1.423511700000000019e+03,0.000000000000000000e+00
1.423514200000000073e+03,0.000000000000000000e+00
1.423516599999999926e+03,0.000000000000000000e+00
1.423519000000000005e+03,0.000000000000000000e+00
1.423521500000000060e+03,0.000000000000000000e+00
1.423523899999999912e+03,0.000000000000000000e+00
1.423526399999999967e+03,0.000000000000000000e+00
1.423528800000000047e+03,0.000000000000000000e+00
1.423531199999999899e+03,0.000000000000000000e+00
1.423533699999999953e+03,0.000000000000000000e+00
1.423536100000000033e+03,0.000000000000000000e+00
1.423538600000000088e+03,0.000000000000000000e+00
1.423540999999999940e+03,0.000000000000000000e+00
1.423543499999999995e+03,0.000000000000000000e+00
1.423545900000000074e+03,0.000000000000000000e+00
1.423548299999999927e+03,0.000000000000000000e+00
1.423550799999999981e+03,0.000000000000000000e+00
1.423553200000000061e+03,0.000000000000000000e+00
1.423555699999999888e+03,0.000000000000000000e+00
1.423558099999999968e+03,0.000000000000000000e+00
1.423560500000000047e+03,0.000000000000000000e+00
1.423563000000000102e+03,0.000000000000000000e+00
1.423565399999999954e+03,0.000000000000000000e+00
1.423567900000000009e+03,0.000000000000000000e+00
1.423570300000000088e+03,0.000000000000000000e+00
1.423572799999999916e+03,0.000000000000000000e+00
1.423575199999999995e+03,0.000000000000000000e+00
1.423577600000000075e+03,0.000000000000000000e+00
1.423580099999999902e+03,0.000000000000000000e+00
1.423582499999999982e+03,0.000000000000000000e+00
1.423585000000000036e+03,0.000000000000000000e+00
1.423587399999999889e+03,0.000000000000000000e+00
1.423589799999999968e+03,0.000000000000000000e+00
1.423592300000000023e+03,0.000000000000000000e+00
1.423594700000000103e+03,0.000000000000000000e+00
1.423597199999999930e+03,0.000000000000000000e+00
1.423599600000000009e+03,0.000000000000000000e+00
1.423602100000000064e+03,0.000000000000000000e+00
1.423604499999999916e+03,0.000000000000000000e+00
1.423606899999999996e+03,0.000000000000000000e+00
1.423609400000000051e+03,0.000000000000000000e+00
1.423611799999999903e+03,0.000000000000000000e+00
1.423614299999999957e+03,0.000000000000000000e+00
1.423616700000000037e+03,0.000000000000000000e+00
1.423619099999999889e+03,0.000000000000000000e+00
1.423621599999999944e+03,0.000000000000000000e+00
1.423624000000000024e+03,0.000000000000000000e+00
1.423626500000000078e+03,0.000000000000000000e+00
1.423628899999999931e+03,0.000000000000000000e+00
1.423631300000000010e+03,0.000000000000000000e+00
1.423633800000000065e+03,0.000000000000000000e+00
1.423636199999999917e+03,0.000000000000000000e+00
1.423638699999999972e+03,0.000000000000000000e+00
1.423641100000000051e+03,0.000000000000000000e+00
1.423643600000000106e+03,0.000000000000000000e+00
1.423645999999999958e+03,0.000000000000000000e+00
1.423648400000000038e+03,0.000000000000000000e+00
1.423650900000000092e+03,0.000000000000000000e+00
1.423653299999999945e+03,0.000000000000000000e+00
1.423655799999999999e+03,0.000000000000000000e+00
1.423658200000000079e+03,0.000000000000000000e+00
1.423660599999999931e+03,0.000000000000000000e+00
1.423663099999999986e+03,0.000000000000000000e+00
1.423665500000000065e+03,0.000000000000000000e+00
1.423667999999999893e+03,0.000000000000000000e+00
1.423670399999999972e+03,0.000000000000000000e+00
1.423672900000000027e+03,0.000000000000000000e+00
1.423675300000000107e+03,0.000000000000000000e+00
1.423677699999999959e+03,0.000000000000000000e+00
1.423680200000000013e+03,0.000000000000000000e+00
1.423682600000000093e+03,0.000000000000000000e+00
1.423685099999999920e+03,0.000000000000000000e+00
1.423687500000000000e+03,0.000000000000000000e+00
1.423689900000000080e+03,0.000000000000000000e+00
1.423692399999999907e+03,0.000000000000000000e+00
1.423694799999999987e+03,0.000000000000000000e+00
1.423697300000000041e+03,0.000000000000000000e+00
1.423699699999999893e+03,0.000000000000000000e+00
1.423702099999999973e+03,0.000000000000000000e+00
1.423704600000000028e+03,0.000000000000000000e+00
1.423707000000000107e+03,0.000000000000000000e+00
1.423709499999999935e+03,0.000000000000000000e+00
1.423711900000000014e+03,0.000000000000000000e+00
1.423714400000000069e+03,0.000000000000000000e+00
1.423716799999999921e+03,0.000000000000000000e+00
1.423719200000000001e+03,0.000000000000000000e+00
1.423721700000000055e+03,0.000000000000000000e+00
1.423724099999999908e+03,0.000000000000000000e+00
1.423726599999999962e+03,0.000000000000000000e+00
1.423729000000000042e+03,0.000000000000000000e+00
1.423731399999999894e+03,0.000000000000000000e+00
1.423733899999999949e+03,0.000000000000000000e+00
1.423736300000000028e+03,0.000000000000000000e+00
1.423738800000000083e+03,0.000000000000000000e+00
1.423741199999999935e+03,0.000000000000000000e+00
1.423743699999999990e+03,0.000000000000000000e+00
1.423746100000000069e+03,0.000000000000000000e+00
1.423748499999999922e+03,0.000000000000000000e+00
1.423750999999999976e+03,0.000000000000000000e+00
1.423753400000000056e+03,0.000000000000000000e+00
1.423755900000000111e+03,0.000000000000000000e+00
1.423758299999999963e+03,0.000000000000000000e+00
1.423760700000000043e+03,0.000000000000000000e+00
1.423763200000000097e+03,0.000000000000000000e+00
1.423765599999999949e+03,0.000000000000000000e+00
1.423768100000000004e+03,0.000000000000000000e+00
1.423770500000000084e+03,0.000000000000000000e+00
1.423772899999999936e+03,0.000000000000000000e+00
1.423775399999999991e+03,0.000000000000000000e+00
1.423777800000000070e+03,0.000000000000000000e+00
1.423780299999999897e+03,0.000000000000000000e+00
1.423782699999999977e+03,0.000000000000000000e+00
1.423785200000000032e+03,0.000000000000000000e+00
1.423787600000000111e+03,0.000000000000000000e+00
1.423789999999999964e+03,0.000000000000000000e+00
1.423792500000000018e+03,0.000000000000000000e+00
1.423794900000000098e+03,0.000000000000000000e+00
1.423797399999999925e+03,0.000000000000000000e+00
1.423799800000000005e+03,0.000000000000000000e+00
1.423802200000000084e+03,0.000000000000000000e+00
1.423804699999999912e+03,0.000000000000000000e+00
1.423807099999999991e+03,0.000000000000000000e+00
1.423809600000000046e+03,0.000000000000000000e+00
1.423811999999999898e+03,0.000000000000000000e+00
1.423814499999999953e+03,0.000000000000000000e+00
1.423816900000000032e+03,0.000000000000000000e+00
1.423819300000000112e+03,0.000000000000000000e+00
1.423821799999999939e+03,0.000000000000000000e+00
1.423824200000000019e+03,0.000000000000000000e+00
1.423826700000000073e+03,0.000000000000000000e+00
1.423829099999999926e+03,0.000000000000000000e+00
1.423831500000000005e+03,0.000000000000000000e+00
1.423834000000000060e+03,0.000000000000000000e+00
1.423836399999999912e+03,0.000000000000000000e+00
1.423838899999999967e+03,0.000000000000000000e+00
1.423841300000000047e+03,0.000000000000000000e+00
1.423843800000000101e+03,0.000000000000000000e+00
1.423846199999999953e+03,0.000000000000000000e+00
1.423848600000000033e+03,0.000000000000000000e+00
1.423851100000000088e+03,0.000000000000000000e+00
1.423853499999999940e+03,0.000000000000000000e+00
1.423855999999999995e+03,0.000000000000000000e+00
1.423858400000000074e+03,0.000000000000000000e+00
1.423860799999999927e+03,0.000000000000000000e+00
1.423863299999999981e+03,0.000000000000000000e+00
1.423865700000000061e+03,0.000000000000000000e+00
1.423868199999999888e+03,0.000000000000000000e+00
1.423870599999999968e+03,0.000000000000000000e+00
1.423873000000000047e+03,0.000000000000000000e+00
1.423875500000000102e+03,0.000000000000000000e+00
1.423877899999999954e+03,0.000000000000000000e+00
1.423880400000000009e+03,0.000000000000000000e+00
1.423882800000000088e+03,0.000000000000000000e+00
1.423885299999999916e+03,0.000000000000000000e+00
1.423887699999999995e+03,0.000000000000000000e+00
1.423890100000000075e+03,0.000000000000000000e+00
1.423892599999999902e+03,0.000000000000000000e+00
1.423894999999999982e+03,0.000000000000000000e+00
1.423897500000000036e+03,0.000000000000000000e+00
1.423899899999999889e+03,0.000000000000000000e+00
1.423902299999999968e+03,0.000000000000000000e+00
1.423904800000000023e+03,0.000000000000000000e+00
1.423907200000000103e+03,0.000000000000000000e+00
1.423909699999999930e+03,0.000000000000000000e+00
1.423912100000000009e+03,0.000000000000000000e+00
1.423914600000000064e+03,0.000000000000000000e+00
1.423916999999999916e+03,0.000000000000000000e+00
1.423919399999999996e+03,0.000000000000000000e+00
1.423921900000000051e+03,0.000000000000000000e+00
1.423924299999999903e+03,0.000000000000000000e+00
1.423926799999999957e+03,0.000000000000000000e+00
1.423929200000000037e+03,0.000000000000000000e+00
1.423931599999999889e+03,0.000000000000000000e+00
1.423934099999999944e+03,0.000000000000000000e+00
1.423936500000000024e+03,0.000000000000000000e+00
1.423939000000000078e+03,0.000000000000000000e+00
1.423941399999999931e+03,0.000000000000000000e+00
1.423943800000000010e+03,0.000000000000000000e+00
1.423946300000000065e+03,0.000000000000000000e+00
1.423948699999999917e+03,0.000000000000000000e+00
1.423951199999999972e+03,0.000000000000000000e+00
1.423953600000000051e+03,0.000000000000000000e+00
1.423956100000000106e+03,0.000000000000000000e+00
1.423958499999999958e+03,0.000000000000000000e+00
1.423960900000000038e+03,0.000000000000000000e+00
1.423963400000000092e+03,0.000000000000000000e+00
1.423965799999999945e+03,0.000000000000000000e+00
1.423968299999999999e+03,0.000000000000000000e+00
1.423970700000000079e+03,0.000000000000000000e+00
1.423973099999999931e+03,0.000000000000000000e+00
1.423975599999999986e+03,0.000000000000000000e+00
1.423978000000000065e+03,0.000000000000000000e+00
1.423980499999999893e+03,0.000000000000000000e+00
1.423982899999999972e+03,0.000000000000000000e+00
1.423985400000000027e+03,0.000000000000000000e+00
1.423987800000000107e+03,0.000000000000000000e+00
1.423990199999999959e+03,0.000000000000000000e+00
1.423992700000000013e+03,0.000000000000000000e+00
1.423995100000000093e+03,0.000000000000000000e+00
1.423997599999999920e+03,0.000000000000000000e+00
