1.414000000000000000e+03,0.000000000000000000e+00
1.414002400000000080e+03,0.000000000000000000e+00
1.414004899999999907e+03,0.000000000000000000e+00
1.414007299999999987e+03,0.000000000000000000e+00
1.414009800000000041e+03,0.000000000000000000e+00
1.414012199999999893e+03,0.000000000000000000e+00
1.414014599999999973e+03,0.000000000000000000e+00
1.414017100000000028e+03,0.000000000000000000e+00
1.414019500000000107e+03,0.000000000000000000e+00
1.414021999999999935e+03,0.000000000000000000e+00
1.414024400000000014e+03,0.000000000000000000e+00
1.414026900000000069e+03,0.000000000000000000e+00
1.414029299999999921e+03,0.000000000000000000e+00
1.414031700000000001e+03,0.000000000000000000e+00
1.414034200000000055e+03,0.000000000000000000e+00
1.414036599999999908e+03,0.000000000000000000e+00
1.414039099999999962e+03,0.000000000000000000e+00
1.414041500000000042e+03,0.000000000000000000e+00
1.414043899999999894e+03,0.000000000000000000e+00
1.414046399999999949e+03,0.000000000000000000e+00
1.414048800000000028e+03,0.000000000000000000e+00
1.414051300000000083e+03,0.000000000000000000e+00
1.414053699999999935e+03,0.000000000000000000e+00
1.414056199999999990e+03,0.000000000000000000e+00
1.414058600000000069e+03,0.000000000000000000e+00
1.414060999999999922e+03,0.000000000000000000e+00
1.414063499999999976e+03,0.000000000000000000e+00
1.414065900000000056e+03,0.000000000000000000e+00
1.414068400000000111e+03,0.000000000000000000e+00
1.414070799999999963e+03,0.000000000000000000e+00
1.414073200000000043e+03,0.000000000000000000e+00
1.414075700000000097e+03,0.000000000000000000e+00
1.414078099999999949e+03,0.000000000000000000e+00
1.414080600000000004e+03,0.000000000000000000e+00
1.414083000000000084e+03,0.000000000000000000e+00
1.414085399999999936e+03,0.000000000000000000e+00
1.414087899999999991e+03,0.000000000000000000e+00
1.414090300000000070e+03,0.000000000000000000e+00
1.414092799999999897e+03,0.000000000000000000e+00
1.414095199999999977e+03,0.000000000000000000e+00
1.414097700000000032e+03,0.000000000000000000e+00
1.414100100000000111e+03,0.000000000000000000e+00
1.414102499999999964e+03,0.000000000000000000e+00
1.414105000000000018e+03,0.000000000000000000e+00
1.414107400000000098e+03,0.000000000000000000e+00
1.414109899999999925e+03,0.000000000000000000e+00
1.414112300000000005e+03,0.000000000000000000e+00
1.414114700000000084e+03,0.000000000000000000e+00
1.414117199999999912e+03,0.000000000000000000e+00
1.414119599999999991e+03,0.000000000000000000e+00
1.414122100000000046e+03,0.000000000000000000e+00
1.414124499999999898e+03,0.000000000000000000e+00
1.414126999999999953e+03,0.000000000000000000e+00
1.414129400000000032e+03,0.000000000000000000e+00
1.414131800000000112e+03,0.000000000000000000e+00
1.414134299999999939e+03,0.000000000000000000e+00
1.414136700000000019e+03,0.000000000000000000e+00
1.414139200000000073e+03,0.000000000000000000e+00
1.414141599999999926e+03,0.000000000000000000e+00
1.414144000000000005e+03,0.000000000000000000e+00
1.414146500000000060e+03,0.000000000000000000e+00
1.414148899999999912e+03,0.000000000000000000e+00
1.414151399999999967e+03,0.000000000000000000e+00
1.414153800000000047e+03,0.000000000000000000e+00
1.414156199999999899e+03,0.000000000000000000e+00
1.414158699999999953e+03,0.000000000000000000e+00
1.414161100000000033e+03,0.000000000000000000e+00
1.414163600000000088e+03,0.000000000000000000e+00
1.414165999999999940e+03,0.000000000000000000e+00
1.414168499999999995e+03,0.000000000000000000e+00
1.414170900000000074e+03,0.000000000000000000e+00
1.414173299999999927e+03,0.000000000000000000e+00
1.414175799999999981e+03,0.000000000000000000e+00
1.414178200000000061e+03,0.000000000000000000e+00
1.414180699999999888e+03,0.000000000000000000e+00
1.414183099999999968e+03,0.000000000000000000e+00
1.414185500000000047e+03,0.000000000000000000e+00
1.414188000000000102e+03,0.000000000000000000e+00
1.414190399999999954e+03,0.000000000000000000e+00
1.414192900000000009e+03,0.000000000000000000e+00
1.414195300000000088e+03,0.000000000000000000e+00
1.414197799999999916e+03,0.000000000000000000e+00
1.414200199999999995e+03,0.000000000000000000e+00
1.414202600000000075e+03,0.000000000000000000e+00
1.414205099999999902e+03,0.000000000000000000e+00
1.414207499999999982e+03,0.000000000000000000e+00
1.414210000000000036e+03,0.000000000000000000e+00
1.414212399999999889e+03,0.000000000000000000e+00
1.414214799999999968e+03,0.000000000000000000e+00
1.414217300000000023e+03,0.000000000000000000e+00
1.414219700000000103e+03,0.000000000000000000e+00
1.414222199999999930e+03,0.000000000000000000e+00
1.414224600000000009e+03,0.000000000000000000e+00
1.414227100000000064e+03,0.000000000000000000e+00
1.414229499999999916e+03,0.000000000000000000e+00
1.414231899999999996e+03,0.000000000000000000e+00
1.414234400000000051e+03,0.000000000000000000e+00
1.414236799999999903e+03,0.000000000000000000e+00
1.414239299999999957e+03,0.000000000000000000e+00
1.414241700000000037e+03,0.000000000000000000e+00
1.414244099999999889e+03,0.000000000000000000e+00
1.414246599999999944e+03,0.000000000000000000e+00
1.414249000000000024e+03,0.000000000000000000e+00
1.414251500000000078e+03,0.000000000000000000e+00
1.414253899999999931e+03,0.000000000000000000e+00
1.414256300000000010e+03,0.000000000000000000e+00
1.414258800000000065e+03,0.000000000000000000e+00
1.414261199999999917e+03,0.000000000000000000e+00
1.414263699999999972e+03,0.000000000000000000e+00
1.414266100000000051e+03,0.000000000000000000e+00
1.414268600000000106e+03,0.000000000000000000e+00
1.414270999999999958e+03,0.000000000000000000e+00
1.414273400000000038e+03,0.000000000000000000e+00
1.414275900000000092e+03,0.000000000000000000e+00
1.414278299999999945e+03,0.000000000000000000e+00
1.414280799999999999e+03,0.000000000000000000e+00
1.414283200000000079e+03,0.000000000000000000e+00
1.414285599999999931e+03,0.000000000000000000e+00
1.414288099999999986e+03,0.000000000000000000e+00
1.414290500000000065e+03,0.000000000000000000e+00
1.414292999999999893e+03,0.000000000000000000e+00
1.414295399999999972e+03,0.000000000000000000e+00
1.414297900000000027e+03,0.000000000000000000e+00
1.414300300000000107e+03,0.000000000000000000e+00
1.414302699999999959e+03,0.000000000000000000e+00
1.414305200000000013e+03,0.000000000000000000e+00
1.414307600000000093e+03,0.000000000000000000e+00
1.414310099999999920e+03,0.000000000000000000e+00
1.414312500000000000e+03,0.000000000000000000e+00
1.414314900000000080e+03,0.000000000000000000e+00
1.414317399999999907e+03,0.000000000000000000e+00
1.414319799999999987e+03,0.000000000000000000e+00
1.414322300000000041e+03,0.000000000000000000e+00
1.414324699999999893e+03,0.000000000000000000e+00
1.414327099999999973e+03,0.000000000000000000e+00
1.414329600000000028e+03,0.000000000000000000e+00
1.414332000000000107e+03,0.000000000000000000e+00
1.414334499999999935e+03,0.000000000000000000e+00
1.414336900000000014e+03,0.000000000000000000e+00
1.414339400000000069e+03,0.000000000000000000e+00
1.414341799999999921e+03,0.000000000000000000e+00
1.414344200000000001e+03,0.000000000000000000e+00
1.414346700000000055e+03,0.000000000000000000e+00
1.414349099999999908e+03,0.000000000000000000e+00
1.414351599999999962e+03,0.000000000000000000e+00
1.414354000000000042e+03,0.000000000000000000e+00
1.414356399999999894e+03,0.000000000000000000e+00
1.414358899999999949e+03,0.000000000000000000e+00
1.414361300000000028e+03,0.000000000000000000e+00
1.414363800000000083e+03,0.000000000000000000e+00
1.414366199999999935e+03,0.000000000000000000e+00
1.414368699999999990e+03,0.000000000000000000e+00
1.414371100000000069e+03,0.000000000000000000e+00
1.414373499999999922e+03,0.000000000000000000e+00
1.414375999999999976e+03,0.000000000000000000e+00
1.414378400000000056e+03,0.000000000000000000e+00
1.414380900000000111e+03,0.000000000000000000e+00
1.414383299999999963e+03,0.000000000000000000e+00
1.414385700000000043e+03,0.000000000000000000e+00
1.414388200000000097e+03,0.000000000000000000e+00
1.414390599999999949e+03,0.000000000000000000e+00
1.414393100000000004e+03,0.000000000000000000e+00
1.414395500000000084e+03,0.000000000000000000e+00
1.414397899999999936e+03,0.000000000000000000e+00
1.414400399999999991e+03,0.000000000000000000e+00
1.414402800000000070e+03,0.000000000000000000e+00
1.414405299999999897e+03,0.000000000000000000e+00
1.414407699999999977e+03,0.000000000000000000e+00
1.414410200000000032e+03,0.000000000000000000e+00
1.414412600000000111e+03,0.000000000000000000e+00
1.414414999999999964e+03,0.000000000000000000e+00
1.414417500000000018e+03,0.000000000000000000e+00
1.414419900000000098e+03,0.000000000000000000e+00
1.414422399999999925e+03,0.000000000000000000e+00
1.414424800000000005e+03,0.000000000000000000e+00
1.414427200000000084e+03,0.000000000000000000e+00
1.414429699999999912e+03,0.000000000000000000e+00
1.414432099999999991e+03,0.000000000000000000e+00
1.414434600000000046e+03,0.000000000000000000e+00
1.414436999999999898e+03,0.000000000000000000e+00
1.414439499999999953e+03,0.000000000000000000e+00
1.414441900000000032e+03,0.000000000000000000e+00
1.414444300000000112e+03,0.000000000000000000e+00
1.414446799999999939e+03,0.000000000000000000e+00
1.414449200000000019e+03,0.000000000000000000e+00
1.414451700000000073e+03,0.000000000000000000e+00
1.414454099999999926e+03,0.000000000000000000e+00
1.414456500000000005e+03,0.000000000000000000e+00
1.414459000000000060e+03,0.000000000000000000e+00
1.414461399999999912e+03,0.000000000000000000e+00
1.414463899999999967e+03,0.000000000000000000e+00
1.414466300000000047e+03,0.000000000000000000e+00
1.414468800000000101e+03,0.000000000000000000e+00
1.414471199999999953e+03,0.000000000000000000e+00
1.414473600000000033e+03,0.000000000000000000e+00
1.414476100000000088e+03,0.000000000000000000e+00
1.414478499999999940e+03,0.000000000000000000e+00
1.414480999999999995e+03,0.000000000000000000e+00
1.414483400000000074e+03,0.000000000000000000e+00
1.414485799999999927e+03,0.000000000000000000e+00
1.414488299999999981e+03,0.000000000000000000e+00
1.414490700000000061e+03,0.000000000000000000e+00
1.414493199999999888e+03,0.000000000000000000e+00
1.414495599999999968e+03,0.000000000000000000e+00
1.414498000000000047e+03,0.000000000000000000e+00
1.414500500000000102e+03,0.000000000000000000e+00
1.414502899999999954e+03,0.000000000000000000e+00
1.414505400000000009e+03,0.000000000000000000e+00
1.414507800000000088e+03,0.000000000000000000e+00
1.414510299999999916e+03,0.000000000000000000e+00
1.414512699999999995e+03,0.000000000000000000e+00
1.414515100000000075e+03,0.000000000000000000e+00
1.414517599999999902e+03,0.000000000000000000e+00
1.414519999999999982e+03,0.000000000000000000e+00
1.414522500000000036e+03,0.000000000000000000e+00
1.414524899999999889e+03,0.000000000000000000e+00
1.414527299999999968e+03,0.000000000000000000e+00
1.414529800000000023e+03,0.000000000000000000e+00
1.414532200000000103e+03,0.000000000000000000e+00
1.414534699999999930e+03,0.000000000000000000e+00
1.414537100000000009e+03,0.000000000000000000e+00
1.414539600000000064e+03,0.000000000000000000e+00
1.414541999999999916e+03,0.000000000000000000e+00
1.414544399999999996e+03,0.000000000000000000e+00
1.414546900000000051e+03,0.000000000000000000e+00
1.414549299999999903e+03,0.000000000000000000e+00
1.414551799999999957e+03,0.000000000000000000e+00
1.414554200000000037e+03,0.000000000000000000e+00
1.414556599999999889e+03,0.000000000000000000e+00
1.414559099999999944e+03,0.000000000000000000e+00
1.414561500000000024e+03,0.000000000000000000e+00
1.414564000000000078e+03,0.000000000000000000e+00
1.414566399999999931e+03,0.000000000000000000e+00
1.414568800000000010e+03,0.000000000000000000e+00
1.414571300000000065e+03,0.000000000000000000e+00
1.414573699999999917e+03,0.000000000000000000e+00
1.414576199999999972e+03,0.000000000000000000e+00
1.414578600000000051e+03,0.000000000000000000e+00
1.414581100000000106e+03,0.000000000000000000e+00
1.414583499999999958e+03,0.000000000000000000e+00
1.414585900000000038e+03,0.000000000000000000e+00
1.414588400000000092e+03,0.000000000000000000e+00
1.414590799999999945e+03,0.000000000000000000e+00
1.414593299999999999e+03,0.000000000000000000e+00
1.414595700000000079e+03,0.000000000000000000e+00
1.414598099999999931e+03,0.000000000000000000e+00
1.414600599999999986e+03,0.000000000000000000e+00
1.414603000000000065e+03,0.000000000000000000e+00
1.414605499999999893e+03,0.000000000000000000e+00
1.414607899999999972e+03,0.000000000000000000e+00
1.414610400000000027e+03,0.000000000000000000e+00
1.414612800000000107e+03,0.000000000000000000e+00
1.414615199999999959e+03,0.000000000000000000e+00
1.414617700000000013e+03,0.000000000000000000e+00
1.414620100000000093e+03,0.000000000000000000e+00
1.414622599999999920e+03,0.000000000000000000e+00
1.414625000000000000e+03,0.000000000000000000e+00
1.414627400000000080e+03,0.000000000000000000e+00
1.414629899999999907e+03,0.000000000000000000e+00
1.414632299999999987e+03,0.000000000000000000e+00
1.414634800000000041e+03,0.000000000000000000e+00
1.414637199999999893e+03,0.000000000000000000e+00
1.414639599999999973e+03,0.000000000000000000e+00
1.414642100000000028e+03,0.000000000000000000e+00
1.414644500000000107e+03,0.000000000000000000e+00
1.414646999999999935e+03,0.000000000000000000e+00
1.414649400000000014e+03,0.000000000000000000e+00
1.414651900000000069e+03,0.000000000000000000e+00
1.414654299999999921e+03,0.000000000000000000e+00
1.414656700000000001e+03,0.000000000000000000e+00
1.414659200000000055e+03,0.000000000000000000e+00
1.414661599999999908e+03,0.000000000000000000e+00
1.414664099999999962e+03,0.000000000000000000e+00
1.414666500000000042e+03,0.000000000000000000e+00
1.414668899999999894e+03,0.000000000000000000e+00
1.414671399999999949e+03,0.000000000000000000e+00
1.414673800000000028e+03,0.000000000000000000e+00
1.414676300000000083e+03,0.000000000000000000e+00
1.414678699999999935e+03,0.000000000000000000e+00
1.414681199999999990e+03,0.000000000000000000e+00
1.414683600000000069e+03,0.000000000000000000e+00
1.414685999999999922e+03,0.000000000000000000e+00
1.414688499999999976e+03,0.000000000000000000e+00
1.414690900000000056e+03,0.000000000000000000e+00
1.414693400000000111e+03,0.000000000000000000e+00
1.414695799999999963e+03,0.000000000000000000e+00
1.414698200000000043e+03,0.000000000000000000e+00
1.414700700000000097e+03,0.000000000000000000e+00
1.414703099999999949e+03,0.000000000000000000e+00
1.414705600000000004e+03,0.000000000000000000e+00
1.414708000000000084e+03,0.000000000000000000e+00
1.414710399999999936e+03,0.000000000000000000e+00
1.414712899999999991e+03,0.000000000000000000e+00
1.414715300000000070e+03,0.000000000000000000e+00
1.414717799999999897e+03,0.000000000000000000e+00
1.414720199999999977e+03,0.000000000000000000e+00
1.414722700000000032e+03,0.000000000000000000e+00
1.414725100000000111e+03,0.000000000000000000e+00
1.414727499999999964e+03,0.000000000000000000e+00
1.414730000000000018e+03,0.000000000000000000e+00
1.414732400000000098e+03,0.000000000000000000e+00
1.414734899999999925e+03,0.000000000000000000e+00
1.414737300000000005e+03,0.000000000000000000e+00
1.414739700000000084e+03,0.000000000000000000e+00
1.414742199999999912e+03,0.000000000000000000e+00
1.414744599999999991e+03,0.000000000000000000e+00
1.414747100000000046e+03,0.000000000000000000e+00
1.414749499999999898e+03,0.000000000000000000e+00
1.414751999999999953e+03,0.000000000000000000e+00
1.414754400000000032e+03,0.000000000000000000e+00
1.414756800000000112e+03,0.000000000000000000e+00
1.414759299999999939e+03,0.000000000000000000e+00
1.414761700000000019e+03,0.000000000000000000e+00
1.414764200000000073e+03,0.000000000000000000e+00
1.414766599999999926e+03,0.000000000000000000e+00
1.414769000000000005e+03,0.000000000000000000e+00
1.414771500000000060e+03,0.000000000000000000e+00
1.414773899999999912e+03,0.000000000000000000e+00
1.414776399999999967e+03,0.000000000000000000e+00
1.414778800000000047e+03,0.000000000000000000e+00
1.414781199999999899e+03,0.000000000000000000e+00
1.414783699999999953e+03,0.000000000000000000e+00
1.414786100000000033e+03,0.000000000000000000e+00
1.414788600000000088e+03,0.000000000000000000e+00
1.414790999999999940e+03,0.000000000000000000e+00
1.414793499999999995e+03,0.000000000000000000e+00
1.414795900000000074e+03,0.000000000000000000e+00
1.414798299999999927e+03,0.000000000000000000e+00
1.414800799999999981e+03,0.000000000000000000e+00
1.414803200000000061e+03,0.000000000000000000e+00
1.414805699999999888e+03,0.000000000000000000e+00
1.414808099999999968e+03,0.000000000000000000e+00
1.414810500000000047e+03,0.000000000000000000e+00
1.414813000000000102e+03,0.000000000000000000e+00
1.414815399999999954e+03,0.000000000000000000e+00
1.414817900000000009e+03,0.000000000000000000e+00
1.414820300000000088e+03,0.000000000000000000e+00
1.414822799999999916e+03,0.000000000000000000e+00
1.414825199999999995e+03,0.000000000000000000e+00
1.414827600000000075e+03,0.000000000000000000e+00
1.414830099999999902e+03,0.000000000000000000e+00
1.414832499999999982e+03,0.000000000000000000e+00
1.414835000000000036e+03,0.000000000000000000e+00
1.414837399999999889e+03,0.000000000000000000e+00
1.414839799999999968e+03,0.000000000000000000e+00
1.414842300000000023e+03,0.000000000000000000e+00
1.414844700000000103e+03,0.000000000000000000e+00
1.414847199999999930e+03,0.000000000000000000e+00
1.414849600000000009e+03,0.000000000000000000e+00
1.414852100000000064e+03,0.000000000000000000e+00
1.414854499999999916e+03,0.000000000000000000e+00
1.414856899999999996e+03,0.000000000000000000e+00
1.414859400000000051e+03,0.000000000000000000e+00
1.414861799999999903e+03,0.000000000000000000e+00
1.414864299999999957e+03,0.000000000000000000e+00
1.414866700000000037e+03,0.000000000000000000e+00
1.414869099999999889e+03,0.000000000000000000e+00
1.414871599999999944e+03,0.000000000000000000e+00
1.414874000000000024e+03,0.000000000000000000e+00
1.414876500000000078e+03,0.000000000000000000e+00
1.414878899999999931e+03,0.000000000000000000e+00
1.414881300000000010e+03,0.000000000000000000e+00
1.414883800000000065e+03,0.000000000000000000e+00
1.414886199999999917e+03,0.000000000000000000e+00
1.414888699999999972e+03,0.000000000000000000e+00
1.414891100000000051e+03,0.000000000000000000e+00
1.414893600000000106e+03,0.000000000000000000e+00
1.414895999999999958e+03,0.000000000000000000e+00
1.414898400000000038e+03,0.000000000000000000e+00
1.414900900000000092e+03,0.000000000000000000e+00
1.414903299999999945e+03,0.000000000000000000e+00
1.414905799999999999e+03,0.000000000000000000e+00
1.414908200000000079e+03,0.000000000000000000e+00
1.414910599999999931e+03,0.000000000000000000e+00
1.414913099999999986e+03,0.000000000000000000e+00
1.414915500000000065e+03,0.000000000000000000e+00
1.414917999999999893e+03,0.000000000000000000e+00
1.414920399999999972e+03,0.000000000000000000e+00
1.414922900000000027e+03,0.000000000000000000e+00
1.414925300000000107e+03,0.000000000000000000e+00
1.414927699999999959e+03,0.000000000000000000e+00
1.414930200000000013e+03,0.000000000000000000e+00
1.414932600000000093e+03,0.000000000000000000e+00
1.414935099999999920e+03,0.000000000000000000e+00
1.414937500000000000e+03,0.000000000000000000e+00
1.414939900000000080e+03,0.000000000000000000e+00
1.414942399999999907e+03,0.000000000000000000e+00
1.414944799999999987e+03,0.000000000000000000e+00
1.414947300000000041e+03,0.000000000000000000e+00
1.414949699999999893e+03,0.000000000000000000e+00
1.414952099999999973e+03,0.000000000000000000e+00
1.414954600000000028e+03,0.000000000000000000e+00
1.414957000000000107e+03,0.000000000000000000e+00
1.414959499999999935e+03,0.000000000000000000e+00
1.414961900000000014e+03,0.000000000000000000e+00
1.414964400000000069e+03,0.000000000000000000e+00
1.414966799999999921e+03,0.000000000000000000e+00
1.414969200000000001e+03,0.000000000000000000e+00
1.414971700000000055e+03,0.000000000000000000e+00
1.414974099999999908e+03,0.000000000000000000e+00
1.414976599999999962e+03,0.000000000000000000e+00
1.414979000000000042e+03,0.000000000000000000e+00
1.414981399999999894e+03,0.000000000000000000e+00
1.414983899999999949e+03,0.000000000000000000e+00
1.414986300000000028e+03,0.000000000000000000e+00
1.414988800000000083e+03,0.000000000000000000e+00
1.414991199999999935e+03,0.000000000000000000e+00
1.414993699999999990e+03,0.000000000000000000e+00
1.414996100000000069e+03,0.000000000000000000e+00
1.414998499999999922e+03,0.000000000000000000e+00
1.415000999999999976e+03,8.447100000000000719e+00
1.415003400000000056e+03,8.322200000000000486e+00
1.415005900000000111e+03,8.073100000000000165e+00
1.415008299999999963e+03,7.862499999999999822e+00
1.415010700000000043e+03,7.751599999999999824e+00
1.415013200000000097e+03,7.707600000000000229e+00
1.415015599999999949e+03,7.691200000000000259e+00
1.415018100000000004e+03,7.690100000000000158e+00
1.415020500000000084e+03,7.687199999999999811e+00
1.415022899999999936e+03,7.652199999999999669e+00
1.415025399999999991e+03,7.576600000000000001e+00
1.415027800000000070e+03,7.485999999999999766e+00
1.415030299999999897e+03,7.411900000000000155e+00
1.415032699999999977e+03,7.369600000000000151e+00
1.415035200000000032e+03,7.363599999999999923e+00
1.415037600000000111e+03,7.394300000000000317e+00
1.415039999999999964e+03,7.448800000000000310e+00
1.415042500000000018e+03,7.491600000000000037e+00
1.415044900000000098e+03,7.484700000000000131e+00
1.415047399999999925e+03,7.431199999999999584e+00
1.415049800000000005e+03,7.384999999999999787e+00
1.415052200000000084e+03,7.399099999999999788e+00
1.415054699999999912e+03,7.472900000000000098e+00
1.415057099999999991e+03,7.558600000000000207e+00
1.415059600000000046e+03,7.603200000000000180e+00
1.415061999999999898e+03,7.579100000000000392e+00
1.415064499999999953e+03,7.492899999999999672e+00
1.415066900000000032e+03,7.379199999999999982e+00
1.415069300000000112e+03,7.281399999999999650e+00
1.415071799999999939e+03,7.231399999999999828e+00
1.415074200000000019e+03,7.246199999999999974e+00
1.415076700000000073e+03,7.327200000000000379e+00
1.415079099999999926e+03,7.452600000000000335e+00
1.415081500000000005e+03,7.581299999999999706e+00
1.415084000000000060e+03,7.671199999999999797e+00
1.415086399999999912e+03,7.687700000000000422e+00
1.415088899999999967e+03,7.603100000000000414e+00
1.415091300000000047e+03,7.415700000000000180e+00
1.415093800000000101e+03,7.176999999999999602e+00
1.415096199999999953e+03,6.980699999999999683e+00
1.415098600000000033e+03,6.902199999999999669e+00
1.415101100000000088e+03,6.945100000000000051e+00
1.415103499999999940e+03,7.050300000000000011e+00
1.415105999999999995e+03,7.155999999999999694e+00
1.415108400000000074e+03,7.235500000000000043e+00
1.415110799999999927e+03,7.282899999999999707e+00
1.415113299999999981e+03,7.294800000000000395e+00
1.415115700000000061e+03,7.284500000000000419e+00
1.415118199999999888e+03,7.291299999999999670e+00
1.415120599999999968e+03,7.349099999999999966e+00
1.415123000000000047e+03,7.445999999999999730e+00
1.415125500000000102e+03,7.528699999999999726e+00
1.415127899999999954e+03,7.546299999999999564e+00
1.415130400000000009e+03,7.489499999999999602e+00
1.415132800000000088e+03,7.394199999999999662e+00
1.415135299999999916e+03,7.307599999999999874e+00
1.415137699999999995e+03,7.250399999999999956e+00
1.415140100000000075e+03,7.211700000000000443e+00
1.415142599999999902e+03,7.177699999999999747e+00
1.415144999999999982e+03,7.150199999999999889e+00
1.415147500000000036e+03,7.133700000000000152e+00
1.415149899999999889e+03,7.116399999999999615e+00
1.415152299999999968e+03,7.079900000000000304e+00
1.415154800000000023e+03,7.023600000000000065e+00
1.415157200000000103e+03,6.964100000000000179e+00
1.415159699999999930e+03,6.909099999999999575e+00
1.415162100000000009e+03,6.846499999999999808e+00
1.415164600000000064e+03,6.763600000000000279e+00
1.415166999999999916e+03,6.668300000000000338e+00
1.415169399999999996e+03,6.590200000000000280e+00
1.415171900000000051e+03,6.562899999999999956e+00
1.415174299999999903e+03,6.600500000000000256e+00
1.415176799999999957e+03,6.689099999999999824e+00
1.415179200000000037e+03,6.801700000000000301e+00
1.415181599999999889e+03,6.916400000000000325e+00
1.415184099999999944e+03,7.018099999999999561e+00
1.415186500000000024e+03,7.091400000000000148e+00
1.415189000000000078e+03,7.121800000000000352e+00
1.415191399999999931e+03,7.108999999999999986e+00
1.415193800000000010e+03,7.083800000000000097e+00
1.415196300000000065e+03,7.098600000000000243e+00
1.415198699999999917e+03,7.185299999999999798e+00
1.415201199999999972e+03,7.321100000000000385e+00
1.415203600000000051e+03,7.437199999999999811e+00
1.415206100000000106e+03,7.458300000000000374e+00
1.415208499999999958e+03,7.347299999999999720e+00
1.415210900000000038e+03,7.133300000000000196e+00
1.415213400000000092e+03,6.898799999999999599e+00
1.415215799999999945e+03,6.728100000000000414e+00
1.415218299999999999e+03,6.659200000000000230e+00
1.415220700000000079e+03,6.675300000000000011e+00
1.415223099999999931e+03,6.733900000000000219e+00
1.415225599999999986e+03,6.806899999999999729e+00
1.415228000000000065e+03,6.897999999999999687e+00
1.415230499999999893e+03,7.022000000000000242e+00
1.415232899999999972e+03,7.168499999999999872e+00
1.415235400000000027e+03,7.291199999999999903e+00
1.415237800000000107e+03,7.338300000000000267e+00
1.415240199999999959e+03,7.287899999999999601e+00
1.415242700000000013e+03,7.155199999999999783e+00
1.415245100000000093e+03,6.979499999999999815e+00
1.415247599999999920e+03,6.811200000000000365e+00
1.415250000000000000e+03,6.698400000000000354e+00
1.415252400000000080e+03,6.664399999999999658e+00
1.415254899999999907e+03,6.695999999999999730e+00
1.415257299999999987e+03,6.760900000000000354e+00
1.415259800000000041e+03,6.831100000000000172e+00
1.415262199999999893e+03,6.893699999999999939e+00
1.415264599999999973e+03,6.947400000000000020e+00
1.415267100000000028e+03,6.987700000000000244e+00
1.415269500000000107e+03,6.993699999999999584e+00
1.415271999999999935e+03,6.945999999999999730e+00
1.415274400000000014e+03,6.864700000000000024e+00
1.415276900000000069e+03,6.813600000000000101e+00
1.415279299999999921e+03,6.852999999999999758e+00
1.415281700000000001e+03,6.991999999999999993e+00
1.415284200000000055e+03,7.176599999999999646e+00
1.415286599999999908e+03,7.309800000000000075e+00
1.415289099999999962e+03,7.300200000000000244e+00
1.415291500000000042e+03,7.127600000000000158e+00
1.415293899999999894e+03,6.869600000000000151e+00
1.415296399999999949e+03,6.652800000000000047e+00
1.415298800000000028e+03,6.573299999999999699e+00
1.415301300000000083e+03,6.650900000000000034e+00
1.415303699999999935e+03,6.837500000000000355e+00
1.415306199999999990e+03,7.051300000000000345e+00
1.415308600000000069e+03,7.208700000000000330e+00
1.415310999999999922e+03,7.249299999999999855e+00
1.415313499999999976e+03,7.168199999999999683e+00
1.415315900000000056e+03,7.035199999999999676e+00
1.415318400000000111e+03,6.952300000000000146e+00
1.415320799999999963e+03,6.966499999999999915e+00
1.415323200000000043e+03,7.034099999999999575e+00
1.415325700000000097e+03,7.078100000000000058e+00
1.415328099999999949e+03,7.065199999999999925e+00
1.415330600000000004e+03,7.022100000000000009e+00
1.415333000000000084e+03,6.993100000000000094e+00
1.415335399999999936e+03,6.993400000000000283e+00
1.415337899999999991e+03,6.998899999999999899e+00
1.415340300000000070e+03,6.977100000000000080e+00
1.415342799999999897e+03,6.920799999999999841e+00
1.415345199999999977e+03,6.841899999999999871e+00
1.415347700000000032e+03,6.745099999999999874e+00
1.415350100000000111e+03,6.639700000000000379e+00
1.415352499999999964e+03,6.569200000000000372e+00
1.415355000000000018e+03,6.591800000000000104e+00
1.415357400000000098e+03,6.722199999999999953e+00
1.415359899999999925e+03,6.910400000000000098e+00
1.415362300000000005e+03,7.079600000000000115e+00
1.415364700000000084e+03,7.174800000000000288e+00
1.415367199999999912e+03,7.180699999999999861e+00
1.415369599999999991e+03,7.117499999999999716e+00
1.415372100000000046e+03,7.027099999999999902e+00
1.415374499999999898e+03,6.950099999999999945e+00
1.415376999999999953e+03,6.913800000000000168e+00
1.415379400000000032e+03,6.946299999999999919e+00
1.415381800000000112e+03,7.086999999999999744e+00
1.415384299999999939e+03,7.354099999999999859e+00
1.415386700000000019e+03,7.695299999999999585e+00
1.415389200000000073e+03,7.986699999999999910e+00
1.415391599999999926e+03,8.100899999999999324e+00
1.415394000000000005e+03,7.994399999999999729e+00
1.415396500000000060e+03,7.735000000000000320e+00
1.415398899999999912e+03,7.444700000000000095e+00
1.415401399999999967e+03,7.217900000000000205e+00
1.415403800000000047e+03,7.084200000000000053e+00
1.415406199999999899e+03,7.019700000000000273e+00
1.415408699999999953e+03,6.987599999999999589e+00
1.415411100000000033e+03,6.975600000000000023e+00
1.415413600000000088e+03,6.997700000000000031e+00
1.415415999999999940e+03,7.054199999999999804e+00
1.415418499999999995e+03,7.105999999999999872e+00
1.415420900000000074e+03,7.104599999999999582e+00
1.415423299999999927e+03,7.040000000000000036e+00
1.415425799999999981e+03,6.949600000000000222e+00
1.415428200000000061e+03,6.886599999999999611e+00
1.415430699999999888e+03,6.890799999999999592e+00
1.415433099999999968e+03,6.971300000000000274e+00
1.415435500000000047e+03,7.095100000000000406e+00
1.415438000000000102e+03,7.196100000000000385e+00
1.415440399999999954e+03,7.213599999999999568e+00
1.415442900000000009e+03,7.134000000000000341e+00
1.415445300000000088e+03,7.001199999999999868e+00
1.415447799999999916e+03,6.887699999999999712e+00
1.415450199999999995e+03,6.844400000000000261e+00
1.415452600000000075e+03,6.864200000000000301e+00
1.415455099999999902e+03,6.901099999999999568e+00
1.415457499999999982e+03,6.921199999999999797e+00
1.415460000000000036e+03,6.920600000000000307e+00
1.415462399999999889e+03,6.901500000000000412e+00
1.415464799999999968e+03,6.856499999999999595e+00
1.415467300000000023e+03,6.781100000000000350e+00
1.415469700000000103e+03,6.688600000000000101e+00
1.415472199999999930e+03,6.602000000000000313e+00
1.415474600000000009e+03,6.544599999999999973e+00
1.415477100000000064e+03,6.544900000000000162e+00
1.415479499999999916e+03,6.638300000000000090e+00
1.415481899999999996e+03,6.841400000000000148e+00
1.415484400000000051e+03,7.114899999999999558e+00
1.415486799999999903e+03,7.361299999999999955e+00
1.415489299999999957e+03,7.476799999999999891e+00
1.415491700000000037e+03,7.423000000000000043e+00
1.415494099999999889e+03,7.256000000000000227e+00
1.415496599999999944e+03,7.081500000000000128e+00
1.415499000000000024e+03,6.972500000000000142e+00
1.415501500000000078e+03,6.922500000000000320e+00
1.415503899999999931e+03,6.875700000000000145e+00
1.415506300000000010e+03,6.802200000000000024e+00
1.415508800000000065e+03,6.731700000000000017e+00
1.415511199999999917e+03,6.707499999999999574e+00
1.415513699999999972e+03,6.724199999999999733e+00
1.415516100000000051e+03,6.732899999999999885e+00
1.415518600000000106e+03,6.699600000000000222e+00
1.415520999999999958e+03,6.642599999999999838e+00
1.415523400000000038e+03,6.613100000000000200e+00
1.415525900000000092e+03,6.650000000000000355e+00
1.415528299999999945e+03,6.750099999999999767e+00
1.415530799999999999e+03,6.873400000000000176e+00
1.415533200000000079e+03,6.978900000000000325e+00
1.415535599999999931e+03,7.056899999999999729e+00
1.415538099999999986e+03,7.120599999999999596e+00
1.415540500000000065e+03,7.166599999999999859e+00
1.415542999999999893e+03,7.161200000000000010e+00
1.415545399999999972e+03,7.075000000000000178e+00
1.415547900000000027e+03,6.925600000000000200e+00
1.415550300000000107e+03,6.774200000000000443e+00
1.415552699999999959e+03,6.684099999999999930e+00
1.415555200000000013e+03,6.680500000000000327e+00
1.415557600000000093e+03,6.738000000000000433e+00
1.415560099999999920e+03,6.799900000000000055e+00
1.415562500000000000e+03,6.814700000000000202e+00
1.415564900000000080e+03,6.773299999999999876e+00
1.415567399999999907e+03,6.721599999999999575e+00
1.415569799999999987e+03,6.730999999999999872e+00
1.415572300000000041e+03,6.840900000000000425e+00
1.415574699999999893e+03,7.025900000000000034e+00
1.415577099999999973e+03,7.230100000000000193e+00
1.415579600000000028e+03,7.443900000000000183e+00
1.415582000000000107e+03,7.735800000000000232e+00
1.415584499999999935e+03,8.183500000000000441e+00
1.415586900000000014e+03,8.752000000000000668e+00
1.415589400000000069e+03,9.245400000000000063e+00
1.415591799999999921e+03,9.421599999999999753e+00
1.415594200000000001e+03,9.186700000000000088e+00
1.415596700000000055e+03,8.669000000000000483e+00
1.415599099999999908e+03,8.091599999999999682e+00
1.415601599999999962e+03,7.602500000000000036e+00
1.415604000000000042e+03,7.233399999999999608e+00
1.415606399999999894e+03,6.965799999999999770e+00
1.415608899999999949e+03,6.785199999999999676e+00
1.415611300000000028e+03,6.678700000000000081e+00
1.415613800000000083e+03,6.616399999999999615e+00
1.415616199999999935e+03,6.557100000000000151e+00
1.415618699999999990e+03,6.471000000000000085e+00
1.415621100000000069e+03,6.359099999999999753e+00
1.415623499999999922e+03,6.258200000000000429e+00
1.415625999999999976e+03,6.229199999999999626e+00
1.415628400000000056e+03,6.321399999999999686e+00
1.415630900000000111e+03,6.526900000000000368e+00
1.415633299999999963e+03,6.773200000000000109e+00
1.415635700000000043e+03,6.971599999999999575e+00
1.415638200000000097e+03,7.075999999999999623e+00
1.415640599999999949e+03,7.098200000000000287e+00
1.415643100000000004e+03,7.075300000000000367e+00
1.415645500000000084e+03,7.027999999999999581e+00
1.415647899999999936e+03,6.956800000000000317e+00
1.415650399999999991e+03,6.871500000000000163e+00
1.415652800000000070e+03,6.803300000000000125e+00
1.415655299999999897e+03,6.776399999999999757e+00
1.415657699999999977e+03,6.782300000000000217e+00
1.415660200000000032e+03,6.791999999999999815e+00
1.415662600000000111e+03,6.782899999999999707e+00
1.415664999999999964e+03,6.748300000000000409e+00
1.415667500000000018e+03,6.695400000000000240e+00
1.415669900000000098e+03,6.644099999999999895e+00
1.415672399999999925e+03,6.619299999999999962e+00
1.415674800000000005e+03,6.631599999999999717e+00
1.415677200000000084e+03,6.666100000000000136e+00
1.415679699999999912e+03,6.695100000000000051e+00
1.415682099999999991e+03,6.698599999999999888e+00
1.415684600000000046e+03,6.674800000000000288e+00
1.415686999999999898e+03,6.643299999999999983e+00
1.415689499999999953e+03,6.638700000000000045e+00
1.415691900000000032e+03,6.686300000000000132e+00
1.415694300000000112e+03,6.778299999999999770e+00
1.415696799999999939e+03,6.876100000000000101e+00
1.415699200000000019e+03,6.935599999999999987e+00
1.415701700000000073e+03,6.936899999999999622e+00
1.415704099999999926e+03,6.894199999999999662e+00
1.415706500000000005e+03,6.839100000000000179e+00
1.415709000000000060e+03,6.795799999999999841e+00
1.415711399999999912e+03,6.771399999999999864e+00
1.415713899999999967e+03,6.763200000000000323e+00
1.415716300000000047e+03,6.771499999999999631e+00
1.415718800000000101e+03,6.797699999999999854e+00
1.415721199999999953e+03,6.828700000000000436e+00
1.415723600000000033e+03,6.836299999999999599e+00
1.415726100000000088e+03,6.810200000000000031e+00
1.415728499999999940e+03,6.787499999999999645e+00
1.415730999999999995e+03,6.830000000000000071e+00
1.415733400000000074e+03,6.964699999999999669e+00
1.415735799999999927e+03,7.146899999999999586e+00
1.415738299999999981e+03,7.288000000000000256e+00
1.415740700000000061e+03,7.328100000000000058e+00
1.415743199999999888e+03,7.280899999999999928e+00
1.415745599999999968e+03,7.204600000000000115e+00
1.415748000000000047e+03,7.140799999999999592e+00
1.415750500000000102e+03,7.091199999999999726e+00
1.415752899999999954e+03,7.040700000000000180e+00
1.415755400000000009e+03,6.983699999999999797e+00
1.415757800000000088e+03,6.926899999999999835e+00
1.415760299999999916e+03,6.881199999999999761e+00
1.415762699999999995e+03,6.852299999999999613e+00
1.415765100000000075e+03,6.832799999999999763e+00
1.415767599999999902e+03,6.807000000000000384e+00
1.415769999999999982e+03,6.774700000000000166e+00
1.415772500000000036e+03,6.762699999999999712e+00
1.415774899999999889e+03,6.794200000000000017e+00
1.415777299999999968e+03,6.858200000000000074e+00
1.415779800000000023e+03,6.934800000000000075e+00
1.415782200000000103e+03,7.053099999999999703e+00
1.415784699999999930e+03,7.292799999999999727e+00
1.415787100000000009e+03,7.699900000000000411e+00
1.415789600000000064e+03,8.204599999999999227e+00
1.415791999999999916e+03,8.647100000000000009e+00
1.415794399999999996e+03,8.888600000000000279e+00
1.415796900000000051e+03,8.889699999999999491e+00
1.415799299999999903e+03,8.695600000000000662e+00
1.415801799999999957e+03,8.385899999999999466e+00
1.415804200000000037e+03,8.042699999999999960e+00
1.415806599999999889e+03,7.735000000000000320e+00
1.415809099999999944e+03,7.499900000000000233e+00
1.415811500000000024e+03,7.333300000000000374e+00
1.415814000000000078e+03,7.205300000000000260e+00
1.415816399999999931e+03,7.093300000000000161e+00
1.415818800000000010e+03,7.001800000000000246e+00
1.415821300000000065e+03,6.950999999999999623e+00
1.415823699999999917e+03,6.951200000000000045e+00
1.415826199999999972e+03,6.986799999999999677e+00
1.415828600000000051e+03,7.025699999999999612e+00
1.415831100000000106e+03,7.043700000000000294e+00
1.415833499999999958e+03,7.042300000000000004e+00
1.415835900000000038e+03,7.036500000000000199e+00
1.415838400000000092e+03,7.030700000000000394e+00
1.415840799999999945e+03,7.015799999999999592e+00
1.415843299999999999e+03,6.984600000000000364e+00
1.415845700000000079e+03,6.942099999999999937e+00
1.415848099999999931e+03,6.903500000000000192e+00
1.415850599999999986e+03,6.885799999999999699e+00
1.415853000000000065e+03,6.896200000000000330e+00
1.415855499999999893e+03,6.926700000000000301e+00
1.415857899999999972e+03,6.963000000000000078e+00
1.415860400000000027e+03,6.995899999999999785e+00
1.415862800000000107e+03,7.022499999999999964e+00
1.415865199999999959e+03,7.033900000000000041e+00
1.415867700000000013e+03,7.014599999999999724e+00
1.415870100000000093e+03,6.959500000000000242e+00
1.415872599999999920e+03,6.891099999999999781e+00
1.415875000000000000e+03,6.845500000000000362e+00
1.415877400000000080e+03,6.839199999999999946e+00
1.415879899999999907e+03,6.858100000000000307e+00
1.415882299999999987e+03,6.880300000000000082e+00
1.415884800000000041e+03,6.910199999999999676e+00
1.415887199999999893e+03,6.991999999999999993e+00
1.415889599999999973e+03,7.188500000000000334e+00
1.415892100000000028e+03,7.547799999999999621e+00
1.415894500000000107e+03,8.071699999999999875e+00
1.415896999999999935e+03,8.675800000000000622e+00
1.415899400000000014e+03,9.162900000000000489e+00
1.415901900000000069e+03,9.301199999999999690e+00
1.415904299999999921e+03,8.995499999999999829e+00
1.415906700000000001e+03,8.387700000000000600e+00
1.415909200000000055e+03,7.761499999999999844e+00
1.415911599999999908e+03,7.344000000000000306e+00
1.415914099999999962e+03,7.184000000000000163e+00
1.415916500000000042e+03,7.180100000000000371e+00
1.415918899999999894e+03,7.193200000000000038e+00
1.415921399999999949e+03,7.141300000000000203e+00
1.415923800000000028e+03,7.019599999999999618e+00
1.415926300000000083e+03,6.863000000000000433e+00
1.415928699999999935e+03,6.702300000000000146e+00
1.415931199999999990e+03,6.543300000000000338e+00
1.415933600000000069e+03,6.376199999999999868e+00
1.415935999999999922e+03,6.203899999999999970e+00
1.415938499999999976e+03,6.054499999999999993e+00
1.415940900000000056e+03,5.955400000000000027e+00
1.415943400000000111e+03,5.908299999999999663e+00
1.415945799999999963e+03,5.902099999999999902e+00
1.415948200000000043e+03,5.934999999999999609e+00
1.415950700000000097e+03,6.004800000000000360e+00
1.415953099999999949e+03,6.086299999999999599e+00
1.415955600000000004e+03,6.133099999999999774e+00
1.415958000000000084e+03,6.110400000000000276e+00
1.415960399999999936e+03,6.022400000000000198e+00
1.415962899999999991e+03,5.903299999999999770e+00
1.415965300000000070e+03,5.775199999999999889e+00
1.415967799999999897e+03,5.668199999999999683e+00
1.415970199999999977e+03,5.730100000000000193e+00
1.415972700000000032e+03,6.326999999999999957e+00
1.415975100000000111e+03,7.892199999999999882e+00
1.415977499999999964e+03,1.041189999999999927e+01
1.415980000000000018e+03,1.296969999999999956e+01
1.415982400000000098e+03,1.415189999999999948e+01
1.415984899999999925e+03,1.327890000000000015e+01
1.415987300000000005e+03,1.109789999999999921e+01
1.415989700000000084e+03,9.054299999999999571e+00
1.415992199999999912e+03,8.087300000000000821e+00
1.415994599999999991e+03,8.197100000000000719e+00
1.415997100000000046e+03,8.771399999999999864e+00
1.415999499999999898e+03,9.101000000000000867e+00
1.416001999999999953e+03,8.822699999999999321e+00
1.416004400000000032e+03,8.090199999999999392e+00
1.416006800000000112e+03,7.335899999999999643e+00
1.416009299999999939e+03,6.876100000000000101e+00
1.416011700000000019e+03,6.746100000000000207e+00
1.416014200000000073e+03,6.798099999999999810e+00
1.416016599999999926e+03,6.878000000000000114e+00
1.416019000000000005e+03,6.924800000000000288e+00
1.416021500000000060e+03,6.952799999999999869e+00
1.416023899999999912e+03,6.982599999999999696e+00
1.416026399999999967e+03,7.010799999999999699e+00
1.416028800000000047e+03,7.030800000000000161e+00
1.416031199999999899e+03,7.050300000000000011e+00
1.416033699999999953e+03,7.087799999999999656e+00
1.416036100000000033e+03,7.159299999999999997e+00
1.416038600000000088e+03,7.270500000000000185e+00
1.416040999999999940e+03,7.418400000000000105e+00
1.416043499999999995e+03,7.599899999999999878e+00
1.416045900000000074e+03,7.810900000000000176e+00
1.416048299999999927e+03,8.035700000000000287e+00
1.416050799999999981e+03,8.245300000000000296e+00
1.416053200000000061e+03,8.410899999999999821e+00
1.416055699999999888e+03,8.512100000000000222e+00
1.416058099999999968e+03,8.533400000000000318e+00
1.416060500000000047e+03,8.467399999999999594e+00
1.416063000000000102e+03,8.336299999999999599e+00
1.416065399999999954e+03,8.204000000000000625e+00
1.416067900000000009e+03,8.143200000000000216e+00
1.416070300000000088e+03,8.179299999999999571e+00
1.416072799999999916e+03,8.275399999999999423e+00
1.416075199999999995e+03,8.382300000000000750e+00
1.416077600000000075e+03,8.499700000000000699e+00
1.416080099999999902e+03,8.677699999999999747e+00
1.416082499999999982e+03,8.948700000000000543e+00
1.416085000000000036e+03,9.272999999999999687e+00
1.416087399999999889e+03,9.576599999999999113e+00
1.416089799999999968e+03,9.830000000000000071e+00
1.416092300000000023e+03,1.005819999999999936e+01
1.416094700000000103e+03,1.028170000000000073e+01
1.416097199999999930e+03,1.048719999999999963e+01
1.416099600000000009e+03,1.065830000000000055e+01
1.416102100000000064e+03,1.081140000000000079e+01
1.416104499999999916e+03,1.100680000000000014e+01
1.416106899999999996e+03,1.135009999999999941e+01
1.416109400000000051e+03,1.197429999999999950e+01
1.416111799999999903e+03,1.299920000000000009e+01
1.416114299999999957e+03,1.446879999999999988e+01
1.416116700000000037e+03,1.625189999999999912e+01
1.416119099999999889e+03,1.793449999999999989e+01
1.416121599999999944e+03,1.889839999999999876e+01
1.416124000000000024e+03,1.870220000000000127e+01
1.416126500000000078e+03,1.745499999999999829e+01
1.416128899999999931e+03,1.573670000000000080e+01
1.416131300000000010e+03,1.413770000000000060e+01
1.416133800000000065e+03,1.292769999999999975e+01
1.416136199999999917e+03,1.209580000000000055e+01
1.416138699999999972e+03,1.154229999999999912e+01
1.416141100000000051e+03,1.118270000000000053e+01
1.416143600000000106e+03,1.095960000000000001e+01
1.416145999999999958e+03,1.084060000000000024e+01
1.416148400000000038e+03,1.081240000000000023e+01
1.416150900000000092e+03,1.085030000000000072e+01
1.416153299999999945e+03,1.088170000000000037e+01
1.416155799999999999e+03,1.080100000000000016e+01
1.416158200000000079e+03,1.055250000000000021e+01
1.416160599999999931e+03,1.019790000000000063e+01
1.416163099999999986e+03,9.878299999999999415e+00
1.416165500000000065e+03,9.689999999999999503e+00
1.416167999999999893e+03,9.607499999999999929e+00
1.416170399999999972e+03,9.537800000000000722e+00
1.416172900000000027e+03,9.438499999999999446e+00
1.416175300000000107e+03,9.356400000000000716e+00
1.416177699999999959e+03,9.349399999999999267e+00
1.416180200000000013e+03,9.398699999999999832e+00
1.416182600000000093e+03,9.422200000000000131e+00
1.416185099999999920e+03,9.368399999999999395e+00
1.416187500000000000e+03,9.277900000000000702e+00
1.416189900000000080e+03,9.250099999999999767e+00
1.416192399999999907e+03,9.356899999999999551e+00
1.416194799999999987e+03,9.580500000000000682e+00
1.416197300000000041e+03,9.816900000000000404e+00
1.416199699999999893e+03,9.945299999999999585e+00
1.416202099999999973e+03,9.920099999999999696e+00
1.416204600000000028e+03,9.800800000000000622e+00
1.416207000000000107e+03,9.689700000000000202e+00
1.416209499999999935e+03,9.646800000000000708e+00
1.416211900000000014e+03,9.664500000000000313e+00
1.416214400000000069e+03,9.697200000000000486e+00
1.416216799999999921e+03,9.700900000000000745e+00
1.416219200000000001e+03,9.662900000000000489e+00
1.416221700000000055e+03,9.608800000000000452e+00
1.416224099999999908e+03,9.568400000000000460e+00
1.416226599999999962e+03,9.529999999999999361e+00
1.416229000000000042e+03,9.447100000000000719e+00
1.416231399999999894e+03,9.295999999999999375e+00
1.416233899999999949e+03,9.103899999999999437e+00
1.416236300000000028e+03,8.911300000000000665e+00
1.416238800000000083e+03,8.723800000000000665e+00
1.416241199999999935e+03,8.513500000000000512e+00
1.416243699999999990e+03,8.261599999999999611e+00
1.416246100000000069e+03,7.984200000000000408e+00
1.416248499999999922e+03,7.720600000000000129e+00
1.416250999999999976e+03,7.505700000000000038e+00
1.416253400000000056e+03,7.354700000000000237e+00
1.416255900000000111e+03,7.261300000000000310e+00
1.416258299999999963e+03,7.207699999999999996e+00
1.416260700000000043e+03,7.175399999999999778e+00
1.416263200000000097e+03,7.151900000000000368e+00
1.416265599999999949e+03,7.136000000000000121e+00
1.416268100000000004e+03,7.141300000000000203e+00
1.416270500000000084e+03,7.182299999999999685e+00
1.416272899999999936e+03,7.243100000000000094e+00
1.416275399999999991e+03,7.272100000000000009e+00
1.416277800000000070e+03,7.230299999999999727e+00
1.416280299999999897e+03,7.143900000000000361e+00
1.416282699999999977e+03,7.089199999999999946e+00
1.416285200000000032e+03,7.121699999999999697e+00
1.416287600000000111e+03,7.224300000000000388e+00
1.416289999999999964e+03,7.326100000000000279e+00
1.416292500000000018e+03,7.372600000000000264e+00
1.416294900000000098e+03,7.383399999999999963e+00
1.416297399999999925e+03,7.435900000000000176e+00
1.416299800000000005e+03,7.576800000000000423e+00
1.416302200000000084e+03,7.754599999999999937e+00
1.416304699999999912e+03,7.860899999999999999e+00
1.416307099999999991e+03,7.837200000000000166e+00
1.416309600000000046e+03,7.721899999999999764e+00
1.416311999999999898e+03,7.599400000000000155e+00
1.416314499999999953e+03,7.525400000000000311e+00
1.416316900000000032e+03,7.501999999999999780e+00
1.416319300000000112e+03,7.494299999999999962e+00
1.416321799999999939e+03,7.461899999999999977e+00
1.416324200000000019e+03,7.386599999999999611e+00
1.416326700000000073e+03,7.277099999999999902e+00
1.416329099999999926e+03,7.154600000000000293e+00
1.416331500000000005e+03,7.040799999999999947e+00
1.416334000000000060e+03,6.950700000000000323e+00
1.416336399999999912e+03,6.888200000000000323e+00
1.416338899999999967e+03,6.856200000000000294e+00
1.416341300000000047e+03,6.878700000000000259e+00
1.416343800000000101e+03,6.993599999999999817e+00
1.416346199999999953e+03,7.203800000000000203e+00
1.416348600000000033e+03,7.439700000000000202e+00
1.416351100000000088e+03,7.587399999999999700e+00
1.416353499999999940e+03,7.563799999999999635e+00
1.416355999999999995e+03,7.369100000000000428e+00
1.416358400000000074e+03,7.079100000000000392e+00
1.416360799999999927e+03,6.797799999999999621e+00
1.416363299999999981e+03,6.604400000000000048e+00
1.416365700000000061e+03,6.525599999999999845e+00
1.416368199999999888e+03,6.536500000000000199e+00
1.416370599999999968e+03,6.584299999999999820e+00
1.416373000000000047e+03,6.625399999999999956e+00
1.416375500000000102e+03,6.651900000000000368e+00
1.416377899999999954e+03,6.682800000000000296e+00
1.416380400000000009e+03,6.734899999999999665e+00
1.416382800000000088e+03,6.801700000000000301e+00
1.416385299999999916e+03,6.857400000000000162e+00
1.416387699999999995e+03,6.874699999999999811e+00
1.416390100000000075e+03,6.845299999999999940e+00
1.416392599999999902e+03,6.796700000000000408e+00
1.416394999999999982e+03,6.792099999999999582e+00
1.416397500000000036e+03,6.895199999999999996e+00
1.416399899999999889e+03,7.108200000000000074e+00
1.416402299999999968e+03,7.345100000000000406e+00
1.416404800000000023e+03,7.483600000000000030e+00
1.416407200000000103e+03,7.454600000000000115e+00
1.416409699999999930e+03,7.291199999999999903e+00
1.416412100000000009e+03,7.094000000000000306e+00
1.416414600000000064e+03,6.948199999999999932e+00
1.416416999999999916e+03,6.875799999999999912e+00
1.416419399999999996e+03,6.861399999999999721e+00
1.416421900000000051e+03,6.893099999999999561e+00
1.416424299999999903e+03,6.956299999999999706e+00
1.416426799999999957e+03,7.015399999999999636e+00
1.416429200000000037e+03,7.036800000000000388e+00
1.416431599999999889e+03,7.028200000000000003e+00
1.416434099999999944e+03,7.030000000000000249e+00
1.416436500000000024e+03,7.063699999999999868e+00
1.416439000000000078e+03,7.105299999999999727e+00
1.416441399999999931e+03,7.113800000000000345e+00
1.416443800000000010e+03,7.072400000000000020e+00
1.416446300000000065e+03,6.997099999999999653e+00
1.416448699999999917e+03,6.912399999999999878e+00
1.416451199999999972e+03,6.829900000000000304e+00
1.416453600000000051e+03,6.750499999999999723e+00
1.416456100000000106e+03,6.674299999999999677e+00
1.416458499999999958e+03,6.599499999999999922e+00
1.416460900000000038e+03,6.522800000000000153e+00
1.416463400000000092e+03,6.448400000000000354e+00
1.416465799999999945e+03,6.394499999999999851e+00
1.416468299999999999e+03,6.385299999999999976e+00
1.416470700000000079e+03,6.432500000000000107e+00
1.416473099999999931e+03,6.523100000000000342e+00
1.416475599999999986e+03,6.625000000000000000e+00
1.416478000000000065e+03,6.708099999999999952e+00
1.416480499999999893e+03,6.760600000000000165e+00
1.416482899999999972e+03,6.786500000000000199e+00
1.416485400000000027e+03,6.799000000000000377e+00
1.416487800000000107e+03,6.821699999999999875e+00
1.416490199999999959e+03,6.883799999999999919e+00
1.416492700000000013e+03,7.003999999999999559e+00
1.416495100000000093e+03,7.184599999999999653e+00
1.416497599999999920e+03,7.424400000000000333e+00
1.416500000000000000e+03,7.723399999999999821e+00
1.416502400000000080e+03,8.062099999999999156e+00
1.416504899999999907e+03,8.385999999999999233e+00
1.416507299999999987e+03,8.625700000000000145e+00
1.416509800000000041e+03,8.731600000000000250e+00
1.416512199999999893e+03,8.683899999999999508e+00
1.416514599999999973e+03,8.489800000000000679e+00
1.416517100000000028e+03,8.188499999999999446e+00
1.416519500000000107e+03,7.851099999999999746e+00
1.416521999999999935e+03,7.546400000000000219e+00
1.416524400000000014e+03,7.297500000000000320e+00
1.416526900000000069e+03,7.082300000000000040e+00
1.416529299999999921e+03,6.882500000000000284e+00
1.416531700000000001e+03,6.714299999999999713e+00
1.416534200000000055e+03,6.607400000000000162e+00
1.416536599999999908e+03,6.567499999999999893e+00
1.416539099999999962e+03,6.569899999999999629e+00
1.416541500000000042e+03,6.583499999999999908e+00
1.416543899999999894e+03,6.598700000000000010e+00
1.416546399999999949e+03,6.633200000000000429e+00
1.416548800000000028e+03,6.711700000000000443e+00
1.416551300000000083e+03,6.838400000000000034e+00
1.416553699999999935e+03,6.985400000000000276e+00
1.416556199999999990e+03,7.108799999999999564e+00
1.416558600000000069e+03,7.177699999999999747e+00
1.416560999999999922e+03,7.186099999999999710e+00
1.416563499999999976e+03,7.146600000000000286e+00
1.416565900000000056e+03,7.090700000000000003e+00
1.416568400000000111e+03,7.066900000000000404e+00
1.416570799999999963e+03,7.102199999999999847e+00
1.416573200000000043e+03,7.157600000000000406e+00
1.416575700000000097e+03,7.151799999999999713e+00
1.416578099999999949e+03,7.043800000000000061e+00
1.416580600000000004e+03,6.876000000000000334e+00
1.416583000000000084e+03,6.731300000000000061e+00
1.416585399999999936e+03,6.658199999999999896e+00
1.416587899999999991e+03,6.643299999999999983e+00
1.416590300000000070e+03,6.648200000000000109e+00
1.416592799999999897e+03,6.659900000000000375e+00
1.416595199999999977e+03,6.692199999999999704e+00
1.416597700000000032e+03,6.746199999999999974e+00
1.416600100000000111e+03,6.796899999999999942e+00
1.416602499999999964e+03,6.825499999999999901e+00
1.416605000000000018e+03,6.838000000000000078e+00
1.416607400000000098e+03,6.842500000000000249e+00
1.416609899999999925e+03,6.831500000000000128e+00
1.416612300000000005e+03,6.802500000000000213e+00
1.416614700000000084e+03,6.773100000000000342e+00
1.416617199999999912e+03,6.762199999999999989e+00
1.416619599999999991e+03,6.769099999999999895e+00
1.416622100000000046e+03,6.774899999999999700e+00
1.416624499999999898e+03,6.755899999999999572e+00
1.416626999999999953e+03,6.698599999999999888e+00
1.416629400000000032e+03,6.609600000000000364e+00
1.416631800000000112e+03,6.505799999999999805e+00
1.416634299999999939e+03,6.397100000000000009e+00
1.416636700000000019e+03,6.286699999999999733e+00
1.416639200000000073e+03,6.184000000000000163e+00
1.416641599999999926e+03,6.108299999999999841e+00
1.416644000000000005e+03,6.073100000000000165e+00
1.416646500000000060e+03,6.069300000000000139e+00
1.416648899999999912e+03,6.066499999999999559e+00
1.416651399999999967e+03,6.033199999999999896e+00
1.416653800000000047e+03,5.956199999999999939e+00
1.416656199999999899e+03,5.840499999999999581e+00
1.416658699999999953e+03,5.690100000000000158e+00
1.416661100000000033e+03,5.496699999999999697e+00
1.416663600000000088e+03,5.258799999999999919e+00
1.416665999999999940e+03,5.005499999999999616e+00
1.416668499999999995e+03,4.782899999999999707e+00
1.416670900000000074e+03,4.611100000000000421e+00
1.416673299999999927e+03,4.469100000000000072e+00
1.416675799999999981e+03,4.329399999999999693e+00
1.416678200000000061e+03,4.193900000000000183e+00
1.416680699999999888e+03,4.088799999999999990e+00
1.416683099999999968e+03,4.043800000000000061e+00
1.416685500000000047e+03,4.105100000000000193e+00
1.416688000000000102e+03,4.384100000000000108e+00
1.416690399999999954e+03,5.043499999999999872e+00
1.416692900000000009e+03,6.116399999999999615e+00
1.416695300000000088e+03,7.278699999999999726e+00
1.416697799999999916e+03,7.936799999999999855e+00
1.416700199999999995e+03,7.719500000000000028e+00
1.416702600000000075e+03,6.852699999999999569e+00
1.416705099999999902e+03,5.931199999999999584e+00
1.416707499999999982e+03,5.377699999999999925e+00
1.416710000000000036e+03,5.205300000000000260e+00
1.416712399999999889e+03,5.202700000000000102e+00
1.416714799999999968e+03,5.205700000000000216e+00
1.416717300000000023e+03,5.188399999999999679e+00
1.416719700000000103e+03,5.192899999999999849e+00
1.416722199999999930e+03,5.243699999999999584e+00
1.416724600000000009e+03,5.328999999999999737e+00
1.416727100000000064e+03,5.426300000000000345e+00
1.416729499999999916e+03,5.527199999999999669e+00
1.416731899999999996e+03,5.643299999999999983e+00
1.416734400000000051e+03,5.790199999999999569e+00
1.416736799999999903e+03,5.963000000000000078e+00
1.416739299999999957e+03,6.129999999999999893e+00
1.416741700000000037e+03,6.250099999999999767e+00
1.416744099999999889e+03,6.295200000000000351e+00
1.416746599999999944e+03,6.269099999999999895e+00
1.416749000000000024e+03,6.209900000000000198e+00
1.416751500000000078e+03,6.165399999999999991e+00
1.416753899999999931e+03,6.165199999999999569e+00
1.416756300000000010e+03,6.220100000000000406e+00
1.416758800000000065e+03,6.334100000000000286e+00
1.416761199999999917e+03,6.495199999999999640e+00
1.416763699999999972e+03,6.665399999999999991e+00
1.416766100000000051e+03,6.802200000000000024e+00
1.416768600000000106e+03,6.882799999999999585e+00
1.416770999999999958e+03,6.900699999999999612e+00
1.416773400000000038e+03,6.858600000000000030e+00
1.416775900000000092e+03,6.776799999999999713e+00
1.416778299999999945e+03,6.693599999999999994e+00
1.416780799999999999e+03,6.642500000000000071e+00
1.416783200000000079e+03,6.633499999999999730e+00
1.416785599999999931e+03,6.661200000000000010e+00
1.416788099999999986e+03,6.720299999999999940e+00
1.416790500000000065e+03,6.803899999999999615e+00
1.416792999999999893e+03,6.891300000000000203e+00
1.416795399999999972e+03,6.947799999999999976e+00
1.416797900000000027e+03,6.950499999999999901e+00
1.416800300000000107e+03,6.917600000000000193e+00
1.416802699999999959e+03,6.898600000000000065e+00
1.416805200000000013e+03,6.930500000000000327e+00
1.416807600000000093e+03,7.011199999999999655e+00
1.416810099999999920e+03,7.112899999999999778e+00
1.416812500000000000e+03,7.195800000000000196e+00
1.416814900000000080e+03,7.208000000000000185e+00
1.416817399999999907e+03,7.108699999999999797e+00
1.416819799999999987e+03,6.924999999999999822e+00
1.416822300000000041e+03,6.759699999999999598e+00
1.416824699999999893e+03,6.708300000000000374e+00
1.416827099999999973e+03,6.777199999999999669e+00
1.416829600000000028e+03,6.900100000000000122e+00
1.416832000000000107e+03,7.012500000000000178e+00
1.416834499999999935e+03,7.086199999999999832e+00
1.416836900000000014e+03,7.114399999999999835e+00
1.416839400000000069e+03,7.099400000000000155e+00
1.416841799999999921e+03,7.058200000000000252e+00
1.416844200000000001e+03,7.012100000000000222e+00
1.416846700000000055e+03,6.961500000000000021e+00
1.416849099999999908e+03,6.888200000000000323e+00
1.416851599999999962e+03,6.792099999999999582e+00
1.416854000000000042e+03,6.707099999999999618e+00
1.416856399999999894e+03,6.664600000000000080e+00
1.416858899999999949e+03,6.658999999999999808e+00
1.416861300000000028e+03,6.669400000000000439e+00
1.416863800000000083e+03,6.704399999999999693e+00
1.416866199999999935e+03,6.797699999999999854e+00
1.416868699999999990e+03,6.953000000000000291e+00
1.416871100000000069e+03,7.116100000000000314e+00
1.416873499999999922e+03,7.214800000000000324e+00
1.416875999999999976e+03,7.217200000000000060e+00
1.416878400000000056e+03,7.148600000000000065e+00
1.416880900000000111e+03,7.060999999999999943e+00
1.416883299999999963e+03,6.988599999999999923e+00
1.416885700000000043e+03,6.928200000000000358e+00
1.416888200000000097e+03,6.866299999999999848e+00
1.416890599999999949e+03,6.810699999999999754e+00
1.416893100000000004e+03,6.775500000000000078e+00
1.416895500000000084e+03,6.751299999999999635e+00
1.416897899999999936e+03,6.720799999999999663e+00
1.416900399999999991e+03,6.698900000000000077e+00
1.416902800000000070e+03,6.726200000000000401e+00
1.416905299999999897e+03,6.822400000000000020e+00
1.416907699999999977e+03,6.961700000000000443e+00
1.416910200000000032e+03,7.086899999999999977e+00
1.416912600000000111e+03,7.136099999999999888e+00
1.416914999999999964e+03,7.073800000000000310e+00
1.416917500000000018e+03,6.919699999999999740e+00
1.416919900000000098e+03,6.739399999999999835e+00
1.416922399999999925e+03,6.593600000000000350e+00
1.416924800000000005e+03,6.503999999999999559e+00
1.416927200000000084e+03,6.465900000000000425e+00
1.416929699999999912e+03,6.475399999999999601e+00
1.416932099999999991e+03,6.538400000000000212e+00
1.416934600000000046e+03,6.658299999999999663e+00
1.416936999999999898e+03,6.814300000000000246e+00
1.416939499999999953e+03,6.956299999999999706e+00
1.416941900000000032e+03,7.036599999999999966e+00
1.416944300000000112e+03,7.049199999999999910e+00
1.416946799999999939e+03,7.024000000000000021e+00
1.416949200000000019e+03,6.980599999999999916e+00
1.416951700000000073e+03,6.908000000000000362e+00
1.416954099999999926e+03,6.798000000000000043e+00
1.416956500000000005e+03,6.688600000000000101e+00
1.416959000000000060e+03,6.649700000000000166e+00
1.416961399999999912e+03,6.716099999999999959e+00
1.416963899999999967e+03,6.844400000000000261e+00
1.416966300000000047e+03,6.951900000000000190e+00
1.416968800000000101e+03,6.992499999999999716e+00
1.416971199999999953e+03,6.986100000000000421e+00
1.416973600000000033e+03,6.974700000000000344e+00
1.416976100000000088e+03,6.964199999999999946e+00
1.416978499999999940e+03,6.925200000000000244e+00
1.416980999999999995e+03,6.848900000000000432e+00
1.416983400000000074e+03,6.784200000000000230e+00
1.416985799999999927e+03,6.799699999999999633e+00
1.416988299999999981e+03,6.908299999999999663e+00
1.416990700000000061e+03,7.039500000000000313e+00
1.416993199999999888e+03,7.097500000000000142e+00
1.416995599999999968e+03,7.045200000000000351e+00
1.416998000000000047e+03,6.934099999999999930e+00
1.417000500000000102e+03,6.856499999999999595e+00
1.417002899999999954e+03,6.873400000000000176e+00
1.417005400000000009e+03,6.990700000000000358e+00
1.417007800000000088e+03,7.186899999999999622e+00
1.417010299999999916e+03,7.433500000000000441e+00
1.417012699999999995e+03,7.684499999999999886e+00
1.417015100000000075e+03,7.876900000000000013e+00
1.417017599999999902e+03,7.959100000000000286e+00
1.417019999999999982e+03,7.911599999999999966e+00
1.417022500000000036e+03,7.745499999999999829e+00
1.417024899999999889e+03,7.499299999999999855e+00
1.417027299999999968e+03,7.236100000000000421e+00
1.417029800000000023e+03,7.021600000000000286e+00
1.417032200000000103e+03,6.893200000000000216e+00
1.417034699999999930e+03,6.854099999999999859e+00
1.417037100000000009e+03,6.890699999999999825e+00
1.417039600000000064e+03,6.985999999999999766e+00
1.417041999999999916e+03,7.113299999999999734e+00
1.417044399999999996e+03,7.226499999999999702e+00
1.417046900000000051e+03,7.273699999999999832e+00
1.417049299999999903e+03,7.228200000000000180e+00
1.417051799999999957e+03,7.105000000000000426e+00
1.417054200000000037e+03,6.947499999999999787e+00
1.417056599999999889e+03,6.805600000000000094e+00
1.417059099999999944e+03,6.719500000000000028e+00
1.417061500000000024e+03,6.701299999999999812e+00
1.417064000000000078e+03,6.728299999999999947e+00
1.417066399999999931e+03,6.766799999999999926e+00
1.417068800000000010e+03,6.805299999999999905e+00
1.417071300000000065e+03,6.855999999999999872e+00
1.417073699999999917e+03,6.922399999999999665e+00
1.417076199999999972e+03,6.976300000000000168e+00
1.417078600000000051e+03,6.976799999999999891e+00
1.417081100000000106e+03,6.912499999999999645e+00
1.417083499999999958e+03,6.820999999999999730e+00
1.417085900000000038e+03,6.764700000000000379e+00
1.417088400000000092e+03,6.787099999999999689e+00
1.417090799999999945e+03,6.887900000000000134e+00
1.417093299999999999e+03,7.031799999999999606e+00
1.417095700000000079e+03,7.174299999999999677e+00
1.417098099999999931e+03,7.279499999999999638e+00
1.417100599999999986e+03,7.323100000000000165e+00
1.417103000000000065e+03,7.302299999999999791e+00
1.417105499999999893e+03,7.249100000000000321e+00
1.417107899999999972e+03,7.219000000000000306e+00
1.417110400000000027e+03,7.251900000000000013e+00
1.417112800000000107e+03,7.341499999999999915e+00
1.417115199999999959e+03,7.441699999999999982e+00
1.417117700000000013e+03,7.496599999999999930e+00
1.417120100000000093e+03,7.468399999999999928e+00
1.417122599999999920e+03,7.354400000000000048e+00
1.417125000000000000e+03,7.188799999999999635e+00
1.417127400000000080e+03,7.024799999999999933e+00
1.417129899999999907e+03,6.911699999999999733e+00
1.417132299999999987e+03,6.881999999999999673e+00
1.417134800000000041e+03,6.936600000000000321e+00
1.417137199999999893e+03,7.029099999999999682e+00
1.417139599999999973e+03,7.080099999999999838e+00
1.417142100000000028e+03,7.035099999999999909e+00
1.417144500000000107e+03,6.909799999999999720e+00
1.417146999999999935e+03,6.776299999999999990e+00
1.417149400000000014e+03,6.708700000000000330e+00
1.417151900000000069e+03,6.742099999999999760e+00
1.417154299999999921e+03,6.866399999999999615e+00
1.417156700000000001e+03,7.034699999999999953e+00
1.417159200000000055e+03,7.174000000000000377e+00
1.417161599999999908e+03,7.212600000000000122e+00
1.417164099999999962e+03,7.121000000000000441e+00
1.417166500000000042e+03,6.925799999999999734e+00
1.417168899999999894e+03,6.684000000000000163e+00
1.417171399999999949e+03,6.450300000000000367e+00
1.417173800000000028e+03,6.271899999999999586e+00
1.417176300000000083e+03,6.195500000000000007e+00
1.417178699999999935e+03,6.251999999999999780e+00
1.417181199999999990e+03,6.424299999999999677e+00
1.417183600000000069e+03,6.643200000000000216e+00
1.417185999999999922e+03,6.825999999999999623e+00
1.417188499999999976e+03,6.922100000000000364e+00
1.417190900000000056e+03,6.929599999999999760e+00
1.417193400000000111e+03,6.885500000000000398e+00
1.417195799999999963e+03,6.835200000000000387e+00
1.417198200000000043e+03,6.802999999999999936e+00
1.417200700000000097e+03,6.791800000000000281e+00
1.417203099999999949e+03,6.805500000000000327e+00
1.417205600000000004e+03,6.855699999999999683e+00
1.417208000000000084e+03,6.943900000000000183e+00
1.417210399999999936e+03,7.048600000000000421e+00
1.417212899999999991e+03,7.131199999999999761e+00
1.417215300000000070e+03,7.152899999999999814e+00
1.417217799999999897e+03,7.093600000000000350e+00
1.417220199999999977e+03,6.957200000000000273e+00
1.417222700000000032e+03,6.764100000000000001e+00
1.417225100000000111e+03,6.544500000000000206e+00
1.417227499999999964e+03,6.342200000000000060e+00
1.417230000000000018e+03,6.206500000000000128e+00
1.417232400000000098e+03,6.173499999999999766e+00
1.417234899999999925e+03,6.253400000000000070e+00
1.417237300000000005e+03,6.425600000000000200e+00
1.417239700000000084e+03,6.633200000000000429e+00
1.417242199999999912e+03,6.802599999999999980e+00
1.417244599999999991e+03,6.889700000000000379e+00
1.417247100000000046e+03,6.906900000000000261e+00
1.417249499999999898e+03,6.894899999999999807e+00
1.417251999999999953e+03,6.870499999999999829e+00
1.417254400000000032e+03,6.811200000000000365e+00
1.417256800000000112e+03,6.690400000000000347e+00
1.417259299999999939e+03,6.519599999999999618e+00
1.417261700000000019e+03,6.349700000000000344e+00
1.417264200000000073e+03,6.226099999999999746e+00
1.417266599999999926e+03,6.151500000000000412e+00
1.417269000000000005e+03,6.105500000000000149e+00
1.417271500000000060e+03,6.088099999999999845e+00
1.417273899999999912e+03,6.117399999999999949e+00
1.417276399999999967e+03,6.185500000000000220e+00
1.417278800000000047e+03,6.247499999999999609e+00
1.417281199999999899e+03,6.264400000000000190e+00
1.417283699999999953e+03,6.243299999999999628e+00
1.417286100000000033e+03,6.223799999999999777e+00
1.417288600000000088e+03,6.238199999999999967e+00
1.417290999999999940e+03,6.291299999999999670e+00
1.417293499999999995e+03,6.372099999999999653e+00
1.417295900000000074e+03,6.472699999999999676e+00
1.417298299999999927e+03,6.590900000000000425e+00
1.417300799999999981e+03,6.716099999999999959e+00
1.417303200000000061e+03,6.821299999999999919e+00
1.417305699999999888e+03,6.879699999999999704e+00
1.417308099999999968e+03,6.902099999999999902e+00
1.417310500000000047e+03,6.952499999999999680e+00
1.417313000000000102e+03,7.096899999999999764e+00
1.417315399999999954e+03,7.320700000000000429e+00
1.417317900000000009e+03,7.522000000000000242e+00
1.417320300000000088e+03,7.605100000000000193e+00
1.417322799999999916e+03,7.565800000000000303e+00
1.417325199999999995e+03,7.470200000000000173e+00
1.417327600000000075e+03,7.372899999999999565e+00
1.417330099999999902e+03,7.282300000000000217e+00
1.417332499999999982e+03,7.192400000000000126e+00
1.417335000000000036e+03,7.111500000000000377e+00
1.417337399999999889e+03,7.047100000000000364e+00
1.417339799999999968e+03,6.985100000000000087e+00
1.417342300000000023e+03,6.905700000000000394e+00
1.417344700000000103e+03,6.817300000000000360e+00
1.417347199999999930e+03,6.755600000000000271e+00
1.417349600000000009e+03,6.743500000000000050e+00
1.417352100000000064e+03,6.766899999999999693e+00
1.417354499999999916e+03,6.796599999999999753e+00
1.417356899999999996e+03,6.820500000000000007e+00
1.417359400000000051e+03,6.844100000000000072e+00
1.417361799999999903e+03,6.864099999999999646e+00
1.417364299999999957e+03,6.864099999999999646e+00
1.417366700000000037e+03,6.838400000000000034e+00
1.417369099999999889e+03,6.802599999999999980e+00
1.417371599999999944e+03,6.770500000000000185e+00
1.417374000000000024e+03,6.734499999999999709e+00
1.417376500000000078e+03,6.679400000000000226e+00
1.417378899999999931e+03,6.605400000000000382e+00
1.417381300000000010e+03,6.534799999999999720e+00
1.417383800000000065e+03,6.501100000000000101e+00
1.417386199999999917e+03,6.532000000000000028e+00
1.417388699999999972e+03,6.630499999999999616e+00
1.417391100000000051e+03,6.769099999999999895e+00
1.417393600000000106e+03,6.902400000000000091e+00
1.417395999999999958e+03,6.987300000000000288e+00
1.417398400000000038e+03,7.000799999999999912e+00
1.417400900000000092e+03,6.956000000000000405e+00
1.417403299999999945e+03,6.901200000000000223e+00
1.417405799999999999e+03,6.892100000000000115e+00
1.417408200000000079e+03,6.963499999999999801e+00
1.417410599999999931e+03,7.125200000000000422e+00
1.417413099999999986e+03,7.366600000000000037e+00
1.417415500000000065e+03,7.648200000000000109e+00
1.417417999999999893e+03,7.892400000000000304e+00
1.417420399999999972e+03,8.009900000000000020e+00
1.417422900000000027e+03,7.961700000000000443e+00
1.417425300000000107e+03,7.795600000000000307e+00
1.417427699999999959e+03,7.602299999999999613e+00
1.417430200000000013e+03,7.435999999999999943e+00
1.417432600000000093e+03,7.293199999999999683e+00
1.417435099999999920e+03,7.158699999999999619e+00
1.417437500000000000e+03,7.035499999999999865e+00
1.417439900000000080e+03,6.927200000000000024e+00
1.417442399999999907e+03,6.828199999999999825e+00
1.417444799999999987e+03,6.748999999999999666e+00
1.417447300000000041e+03,6.726899999999999658e+00
1.417449699999999893e+03,6.794400000000000439e+00
1.417452099999999973e+03,6.945599999999999774e+00
1.417454600000000028e+03,7.132200000000000095e+00
1.417457000000000107e+03,7.277199999999999669e+00
1.417459499999999935e+03,7.302699999999999747e+00
1.417461900000000014e+03,7.179499999999999993e+00
1.417464400000000069e+03,6.960700000000000109e+00
1.417466799999999921e+03,6.751000000000000334e+00
1.417469200000000001e+03,6.635200000000000209e+00
1.417471700000000055e+03,6.633799999999999919e+00
1.417474099999999908e+03,6.713300000000000267e+00
1.417476599999999962e+03,6.826699999999999768e+00
1.417479000000000042e+03,6.943399999999999572e+00
1.417481399999999894e+03,7.037200000000000344e+00
1.417483899999999949e+03,7.060200000000000031e+00
1.417486300000000028e+03,6.967399999999999594e+00
1.417488800000000083e+03,6.781399999999999650e+00
1.417491199999999935e+03,6.607800000000000118e+00
1.417493699999999990e+03,6.560699999999999754e+00
1.417496100000000069e+03,6.672399999999999665e+00
1.417498499999999922e+03,6.879199999999999982e+00
1.417500999999999976e+03,7.084600000000000009e+00
1.417503400000000056e+03,7.227599999999999802e+00
1.417505900000000111e+03,7.295799999999999841e+00
1.417508299999999963e+03,7.300099999999999589e+00
1.417510700000000043e+03,7.260699999999999932e+00
1.417513200000000097e+03,7.204200000000000159e+00
1.417515599999999949e+03,7.149399999999999977e+00
1.417518100000000004e+03,7.099000000000000199e+00
1.417520500000000084e+03,7.055299999999999905e+00
1.417522899999999936e+03,7.030300000000000438e+00
1.417525399999999991e+03,7.027199999999999669e+00
1.417527800000000070e+03,7.027599999999999625e+00
1.417530299999999897e+03,7.008700000000000152e+00
1.417532699999999977e+03,6.959800000000000431e+00
1.417535200000000032e+03,6.874100000000000321e+00
1.417537600000000111e+03,6.746999999999999886e+00
1.417539999999999964e+03,6.600999999999999979e+00
1.417542500000000018e+03,6.493299999999999628e+00
1.417544900000000098e+03,6.473099999999999632e+00
1.417547399999999925e+03,6.535999999999999588e+00
1.417549800000000005e+03,6.629699999999999704e+00
1.417552200000000084e+03,6.703999999999999737e+00
1.417554699999999912e+03,6.753899999999999793e+00
1.417557099999999991e+03,6.811799999999999855e+00
1.417559600000000046e+03,6.893500000000000405e+00
1.417561999999999898e+03,6.964599999999999902e+00
1.417564499999999953e+03,6.977299999999999613e+00
1.417566900000000032e+03,6.930500000000000327e+00
1.417569300000000112e+03,6.870599999999999596e+00
1.417571799999999939e+03,6.834500000000000242e+00
1.417574200000000019e+03,6.815199999999999925e+00
1.417576700000000073e+03,6.786699999999999733e+00
1.417579099999999926e+03,6.741500000000000270e+00
1.417581500000000005e+03,6.691300000000000026e+00
1.417584000000000060e+03,6.649200000000000443e+00
1.417586399999999912e+03,6.630700000000000038e+00
1.417588899999999967e+03,6.654600000000000293e+00
1.417591300000000047e+03,6.722100000000000186e+00
1.417593800000000101e+03,6.804999999999999716e+00
1.417596199999999953e+03,6.872300000000000075e+00
1.417598600000000033e+03,6.921100000000000030e+00
1.417601100000000088e+03,6.965499999999999581e+00
1.417603499999999940e+03,6.999799999999999578e+00
1.417605999999999995e+03,6.994500000000000384e+00
1.417608400000000074e+03,6.932699999999999640e+00
1.417610799999999927e+03,6.843700000000000117e+00
1.417613299999999981e+03,6.785000000000000142e+00
1.417615700000000061e+03,6.785800000000000054e+00
1.417618199999999888e+03,6.822000000000000064e+00
1.417620599999999968e+03,6.854300000000000281e+00
1.417623000000000047e+03,6.872700000000000031e+00
1.417625500000000102e+03,6.890299999999999869e+00
1.417627899999999954e+03,6.911400000000000432e+00
1.417630400000000009e+03,6.933799999999999741e+00
1.417632800000000088e+03,6.971000000000000085e+00
1.417635299999999916e+03,7.042600000000000193e+00
1.417637699999999995e+03,7.138899999999999579e+00
1.417640100000000075e+03,7.216000000000000192e+00
1.417642599999999902e+03,7.231900000000000439e+00
1.417644999999999982e+03,7.180200000000000138e+00
1.417647500000000036e+03,7.085899999999999643e+00
1.417649899999999889e+03,6.977400000000000269e+00
1.417652299999999968e+03,6.873199999999999754e+00
1.417654800000000023e+03,6.798099999999999810e+00
1.417657200000000103e+03,6.788000000000000256e+00
1.417659699999999930e+03,6.860400000000000276e+00
1.417662100000000009e+03,6.985100000000000087e+00
1.417664600000000064e+03,7.101700000000000124e+00
1.417666999999999916e+03,7.163400000000000212e+00
1.417669399999999996e+03,7.161299999999999777e+00
1.417671900000000051e+03,7.120300000000000296e+00
1.417674299999999903e+03,7.080700000000000216e+00
1.417676799999999957e+03,7.064700000000000202e+00
1.417679200000000037e+03,7.050900000000000389e+00
1.417681599999999889e+03,6.990999999999999659e+00
1.417684099999999944e+03,6.859600000000000364e+00
1.417686500000000024e+03,6.686200000000000365e+00
1.417689000000000078e+03,6.542099999999999582e+00
1.417691399999999931e+03,6.494900000000000340e+00
1.417693800000000010e+03,6.560999999999999943e+00
1.417696300000000065e+03,6.690699999999999648e+00
1.417698699999999917e+03,6.806400000000000006e+00
1.417701199999999972e+03,6.865499999999999936e+00
1.417703600000000051e+03,6.887299999999999756e+00
1.417706100000000106e+03,6.917399999999999771e+00
1.417708499999999958e+03,6.972400000000000375e+00
1.417710900000000038e+03,7.025699999999999612e+00
1.417713400000000092e+03,7.041699999999999626e+00
1.417715799999999945e+03,7.018600000000000172e+00
1.417718299999999999e+03,6.996199999999999974e+00
1.417720700000000079e+03,7.019300000000000317e+00
1.417723099999999931e+03,7.089400000000000368e+00
1.417725599999999986e+03,7.162700000000000067e+00
1.417728000000000065e+03,7.197899999999999743e+00
1.417730499999999893e+03,7.189600000000000435e+00
1.417732899999999972e+03,7.152400000000000091e+00
1.417735400000000027e+03,7.095799999999999663e+00
1.417737800000000107e+03,7.029300000000000104e+00
1.417740199999999959e+03,6.972000000000000419e+00
1.417742700000000013e+03,6.935999999999999943e+00
1.417745100000000093e+03,6.905199999999999783e+00
1.417747599999999920e+03,6.851200000000000401e+00
1.417750000000000000e+03,6.777300000000000324e+00
1.417752400000000080e+03,6.730299999999999727e+00
1.417754899999999907e+03,6.749600000000000044e+00
1.417757299999999987e+03,6.815699999999999648e+00
1.417759800000000041e+03,6.865300000000000402e+00
1.417762199999999893e+03,6.850299999999999834e+00
1.417764599999999973e+03,6.770599999999999952e+00
1.417767100000000028e+03,6.662499999999999645e+00
1.417769500000000107e+03,6.571600000000000108e+00
1.417771999999999935e+03,6.530800000000000161e+00
1.417774400000000014e+03,6.548700000000000188e+00
1.417776900000000069e+03,6.612099999999999866e+00
1.417779299999999921e+03,6.691699999999999982e+00
1.417781700000000001e+03,6.750799999999999912e+00
1.417784200000000055e+03,6.762299999999999756e+00
1.417786599999999908e+03,6.724099999999999966e+00
1.417789099999999962e+03,6.655499999999999972e+00
1.417791500000000042e+03,6.575599999999999667e+00
1.417793899999999894e+03,6.489600000000000257e+00
1.417796399999999949e+03,6.399200000000000443e+00
1.417798800000000028e+03,6.326800000000000423e+00
1.417801300000000083e+03,6.320800000000000196e+00
1.417803699999999935e+03,6.422299999999999898e+00
1.417806199999999990e+03,6.625099999999999767e+00
1.417808600000000069e+03,6.868000000000000327e+00
1.417810999999999922e+03,7.068100000000000271e+00
1.417813499999999976e+03,7.169900000000000162e+00
1.417815900000000056e+03,7.183399999999999785e+00
1.417818400000000111e+03,7.179899999999999949e+00
1.417820799999999963e+03,7.236299999999999955e+00
1.417823200000000043e+03,7.369399999999999729e+00
1.417825700000000097e+03,7.522400000000000198e+00
1.417828099999999949e+03,7.615599999999999703e+00
1.417830600000000004e+03,7.609899999999999665e+00
1.417833000000000084e+03,7.525400000000000311e+00
1.417835399999999936e+03,7.411599999999999966e+00
1.417837899999999991e+03,7.300900000000000389e+00
1.417840300000000070e+03,7.189000000000000057e+00
1.417842799999999897e+03,7.060100000000000264e+00
1.417845199999999977e+03,6.923899999999999721e+00
1.417847700000000032e+03,6.814700000000000202e+00
1.417850100000000111e+03,6.753599999999999604e+00
1.417852499999999964e+03,6.732300000000000395e+00
1.417855000000000018e+03,6.737800000000000011e+00
1.417857400000000098e+03,6.770599999999999952e+00
1.417859899999999925e+03,6.827700000000000102e+00
1.417862300000000005e+03,6.888399999999999856e+00
1.417864700000000084e+03,6.935200000000000031e+00
1.417867199999999912e+03,6.966999999999999638e+00
1.417869599999999991e+03,6.978500000000000369e+00
1.417872100000000046e+03,6.952200000000000379e+00
1.417874499999999898e+03,6.897199999999999775e+00
1.417876999999999953e+03,6.872399999999999842e+00
1.417879400000000032e+03,6.929899999999999949e+00
1.417881800000000112e+03,7.044800000000000395e+00
1.417884299999999939e+03,7.131700000000000372e+00
1.417886700000000019e+03,7.134400000000000297e+00
1.417889200000000073e+03,7.078599999999999781e+00
1.417891599999999926e+03,7.033400000000000318e+00
1.417894000000000005e+03,7.039699999999999847e+00
1.417896500000000060e+03,7.076500000000000234e+00
1.417898899999999912e+03,7.083899999999999864e+00
1.417901399999999967e+03,7.015600000000000058e+00
1.417903800000000047e+03,6.878300000000000303e+00
1.417906199999999899e+03,6.720699999999999896e+00
1.417908699999999953e+03,6.590499999999999581e+00
1.417911100000000033e+03,6.513600000000000279e+00
1.417913600000000088e+03,6.503000000000000114e+00
1.417915999999999940e+03,6.560299999999999798e+00
1.417918499999999995e+03,6.665499999999999758e+00
1.417920900000000074e+03,6.787399999999999878e+00
1.417923299999999927e+03,6.905700000000000394e+00
1.417925799999999981e+03,7.003700000000000259e+00
1.417928200000000061e+03,7.049800000000000288e+00
1.417930699999999888e+03,7.010900000000000354e+00
1.417933099999999968e+03,6.885799999999999699e+00
1.417935500000000047e+03,6.714599999999999902e+00
1.417938000000000102e+03,6.559199999999999697e+00
1.417940399999999954e+03,6.471000000000000085e+00
1.417942900000000009e+03,6.460399999999999920e+00
1.417945300000000088e+03,6.487800000000000011e+00
1.417947799999999916e+03,6.500499999999999723e+00
1.417950199999999995e+03,6.490199999999999747e+00
1.417952600000000075e+03,6.502900000000000347e+00
1.417955099999999902e+03,6.580700000000000216e+00
1.417957499999999982e+03,6.704500000000000348e+00
1.417960000000000036e+03,6.804400000000000226e+00
1.417962399999999889e+03,6.820700000000000429e+00
1.417964799999999968e+03,6.750300000000000189e+00
1.417967300000000023e+03,6.647599999999999731e+00
1.417969700000000103e+03,6.584500000000000242e+00
1.417972199999999930e+03,6.599599999999999689e+00
1.417974600000000009e+03,6.675200000000000244e+00
1.417977100000000064e+03,6.764300000000000423e+00
1.417979499999999916e+03,6.833999999999999631e+00
1.417981899999999996e+03,6.879900000000000126e+00
1.417984400000000051e+03,6.910700000000000287e+00
1.417986799999999903e+03,6.934000000000000163e+00
1.417989299999999957e+03,6.954699999999999882e+00
1.417991700000000037e+03,6.980800000000000338e+00
1.417994099999999889e+03,7.025800000000000267e+00
1.417996599999999944e+03,7.096799999999999997e+00
1.417999000000000024e+03,7.175099999999999589e+00
1.418001500000000078e+03,7.221099999999999852e+00
1.418003899999999931e+03,7.204500000000000348e+00
1.418006300000000010e+03,7.123899999999999899e+00
1.418008800000000065e+03,6.999699999999999811e+00
1.418011199999999917e+03,6.862700000000000244e+00
1.418013699999999972e+03,6.751999999999999780e+00
1.418016100000000051e+03,6.711000000000000298e+00
1.418018600000000106e+03,6.769400000000000084e+00
1.418020999999999958e+03,6.920700000000000074e+00
1.418023400000000038e+03,7.118500000000000050e+00
1.418025900000000092e+03,7.309099999999999930e+00
1.418028299999999945e+03,7.470299999999999940e+00
1.418030799999999999e+03,7.607999999999999652e+00
1.418033200000000079e+03,7.717800000000000438e+00
1.418035599999999931e+03,7.767400000000000304e+00
1.418038099999999986e+03,7.730199999999999960e+00
1.418040500000000065e+03,7.622600000000000264e+00
1.418042999999999893e+03,7.497899999999999565e+00
1.418045399999999972e+03,7.403999999999999915e+00
1.418047900000000027e+03,7.351200000000000401e+00
1.418050300000000107e+03,7.318800000000000416e+00
1.418052699999999959e+03,7.286999999999999922e+00
1.418055200000000013e+03,7.256499999999999950e+00
1.418057600000000093e+03,7.236699999999999910e+00
1.418060099999999920e+03,7.232099999999999973e+00
1.418062500000000000e+03,7.254800000000000360e+00
1.418064900000000080e+03,7.332099999999999618e+00
1.418067399999999907e+03,7.470699999999999896e+00
1.418069799999999987e+03,7.615599999999999703e+00
1.418072300000000041e+03,7.679299999999999571e+00
1.418074699999999893e+03,7.629699999999999704e+00
1.418077099999999973e+03,7.527199999999999669e+00
1.418079600000000028e+03,7.461599999999999788e+00
1.418082000000000107e+03,7.467900000000000205e+00
1.418084499999999935e+03,7.512199999999999989e+00
1.418086900000000014e+03,7.535300000000000331e+00
1.418089400000000069e+03,7.493000000000000327e+00
1.418091799999999921e+03,7.375300000000000189e+00
1.418094200000000001e+03,7.210499999999999687e+00
1.418096700000000055e+03,7.049400000000000333e+00
1.418099099999999908e+03,6.932999999999999829e+00
1.418101599999999962e+03,6.870400000000000063e+00
1.418104000000000042e+03,6.845699999999999896e+00
1.418106399999999894e+03,6.839999999999999858e+00
1.418108899999999949e+03,6.842500000000000249e+00
1.418111300000000028e+03,6.843399999999999928e+00
1.418113800000000083e+03,6.836199999999999832e+00
1.418116199999999935e+03,6.838199999999999612e+00
1.418118699999999990e+03,6.893799999999999706e+00
1.418121100000000069e+03,7.040399999999999991e+00
1.418123499999999922e+03,7.274000000000000021e+00
1.418125999999999976e+03,7.551400000000000112e+00
1.418128400000000056e+03,7.813900000000000290e+00
1.418130900000000111e+03,8.005100000000000549e+00
1.418133299999999963e+03,8.082200000000000273e+00
1.418135700000000043e+03,8.028000000000000469e+00
1.418138200000000097e+03,7.860199999999999854e+00
1.418140599999999949e+03,7.622799999999999798e+00
1.418143100000000004e+03,7.358900000000000219e+00
1.418145500000000084e+03,7.093899999999999650e+00
1.418147899999999936e+03,6.849599999999999689e+00
1.418150399999999991e+03,6.658199999999999896e+00
1.418152800000000070e+03,6.548099999999999810e+00
1.418155299999999897e+03,6.519800000000000040e+00
1.418157699999999977e+03,6.552100000000000257e+00
1.418160200000000032e+03,6.626100000000000101e+00
1.418162600000000111e+03,6.726700000000000124e+00
1.418164999999999964e+03,6.825599999999999667e+00
1.418167500000000018e+03,6.885299999999999976e+00
1.418169900000000098e+03,6.882600000000000051e+00
1.418172399999999925e+03,6.821100000000000385e+00
1.418174800000000005e+03,6.734200000000000408e+00
1.418177200000000084e+03,6.683200000000000252e+00
1.418179699999999912e+03,6.724300000000000388e+00
1.418182099999999991e+03,6.852100000000000080e+00
1.418184600000000046e+03,6.985999999999999766e+00
1.418186999999999898e+03,7.027300000000000324e+00
1.418189499999999953e+03,6.935599999999999987e+00
1.418191900000000032e+03,6.760299999999999976e+00
1.418194300000000112e+03,6.602000000000000313e+00
1.418196799999999939e+03,6.535099999999999909e+00
1.418199200000000019e+03,6.556799999999999962e+00
1.418201700000000073e+03,6.612400000000000055e+00
1.418204099999999926e+03,6.663199999999999790e+00
1.418206500000000005e+03,6.716199999999999726e+00
1.418209000000000060e+03,6.793199999999999683e+00
1.418211399999999912e+03,6.898200000000000109e+00
1.418213899999999967e+03,7.020800000000000374e+00
1.418216300000000047e+03,7.143399999999999750e+00
1.418218800000000101e+03,7.232700000000000351e+00
1.418221199999999953e+03,7.249900000000000233e+00
1.418223600000000033e+03,7.188299999999999912e+00
1.418226100000000088e+03,7.095200000000000173e+00
1.418228499999999940e+03,7.041900000000000048e+00
1.418230999999999995e+03,7.072799999999999976e+00
1.418233400000000074e+03,7.177800000000000402e+00
1.418235799999999927e+03,7.306600000000000428e+00
1.418238299999999981e+03,7.404799999999999827e+00
1.418240700000000061e+03,7.443800000000000416e+00
1.418243199999999888e+03,7.428799999999999848e+00
1.418245599999999968e+03,7.384299999999999642e+00
1.418248000000000047e+03,7.328999999999999737e+00
1.418250500000000102e+03,7.260900000000000354e+00
1.418252899999999954e+03,7.171800000000000175e+00
1.418255400000000009e+03,7.072000000000000064e+00
1.418257800000000088e+03,6.987099999999999866e+00
1.418260299999999916e+03,6.931499999999999773e+00
1.418262699999999995e+03,6.896600000000000286e+00
1.418265100000000075e+03,6.869399999999999729e+00
1.418267599999999902e+03,6.853100000000000414e+00
1.418269999999999982e+03,6.861299999999999955e+00
1.418272500000000036e+03,6.892199999999999882e+00
1.418274899999999889e+03,6.913299999999999557e+00
1.418277299999999968e+03,6.883600000000000385e+00
1.418279800000000023e+03,6.801800000000000068e+00
1.418282200000000103e+03,6.725500000000000256e+00
1.418284699999999930e+03,6.734200000000000408e+00
1.418287100000000009e+03,6.857899999999999885e+00
1.418289600000000064e+03,7.043000000000000149e+00
1.418291999999999916e+03,7.190999999999999837e+00
1.418294399999999996e+03,7.230000000000000426e+00
1.418296900000000051e+03,7.151799999999999713e+00
1.418299299999999903e+03,7.001800000000000246e+00
1.418301799999999957e+03,6.847900000000000098e+00
1.418304200000000037e+03,6.755499999999999616e+00
1.418306599999999889e+03,6.766000000000000014e+00
1.418309099999999944e+03,6.876100000000000101e+00
1.418311500000000024e+03,7.034500000000000419e+00
1.418314000000000078e+03,7.173399999999999999e+00
1.418316399999999931e+03,7.258000000000000007e+00
1.418318800000000010e+03,7.301899999999999835e+00
1.418321300000000065e+03,7.339100000000000179e+00
1.418323699999999917e+03,7.398200000000000109e+00
1.418326199999999972e+03,7.506700000000000372e+00
1.418328600000000051e+03,7.692899999999999849e+00
1.418331100000000106e+03,7.954299999999999926e+00
1.418333499999999958e+03,8.219400000000000261e+00
1.418335900000000038e+03,8.362800000000000011e+00
1.418338400000000092e+03,8.282500000000000639e+00
1.418340799999999945e+03,7.974099999999999966e+00
1.418343299999999999e+03,7.535599999999999632e+00
1.418345700000000079e+03,7.100200000000000067e+00
1.418348099999999931e+03,6.755899999999999572e+00
1.418350599999999986e+03,6.518900000000000361e+00
1.418353000000000065e+03,6.375600000000000378e+00
1.418355499999999893e+03,6.335499999999999687e+00
1.418357899999999972e+03,6.422399999999999665e+00
1.418360400000000027e+03,6.617600000000000371e+00
1.418362800000000107e+03,6.844299999999999606e+00
1.418365199999999959e+03,7.022499999999999964e+00
1.418367700000000013e+03,7.126500000000000057e+00
1.418370100000000093e+03,7.177599999999999980e+00
1.418372599999999920e+03,7.198000000000000398e+00
1.418375000000000000e+03,7.187899999999999956e+00
1.418377400000000080e+03,7.136800000000000033e+00
1.418379899999999907e+03,7.035099999999999909e+00
1.418382299999999987e+03,6.881899999999999906e+00
1.418384800000000041e+03,6.698400000000000354e+00
1.418387199999999893e+03,6.528100000000000236e+00
1.418389599999999973e+03,6.407899999999999707e+00
1.418392100000000028e+03,6.345600000000000129e+00
1.418394500000000107e+03,6.334299999999999820e+00
1.418396999999999935e+03,6.368699999999999584e+00
1.418399400000000014e+03,6.434199999999999697e+00
1.418401900000000069e+03,6.496599999999999930e+00
1.418404299999999921e+03,6.523600000000000065e+00
1.418406700000000001e+03,6.510900000000000354e+00
1.418409200000000055e+03,6.479599999999999582e+00
1.418411599999999908e+03,6.448800000000000310e+00
1.418414099999999962e+03,6.419299999999999784e+00
1.418416500000000042e+03,6.386800000000000033e+00
1.418418899999999894e+03,6.362099999999999866e+00
1.418421399999999949e+03,6.358600000000000030e+00
1.418423800000000028e+03,6.361699999999999910e+00
1.418426300000000083e+03,6.343799999999999883e+00
1.418428699999999935e+03,6.315800000000000303e+00
1.418431199999999990e+03,6.336599999999999788e+00
1.418433600000000069e+03,6.453800000000000203e+00
1.418435999999999922e+03,6.658000000000000362e+00
1.418438499999999976e+03,6.900900000000000034e+00
1.418440900000000056e+03,7.132699999999999818e+00
1.418443400000000111e+03,7.310399999999999565e+00
1.418445799999999963e+03,7.395299999999999763e+00
1.418448200000000043e+03,7.372200000000000308e+00
1.418450700000000097e+03,7.271300000000000097e+00
1.418453099999999949e+03,7.158199999999999896e+00
1.418455600000000004e+03,7.093499999999999694e+00
1.418458000000000084e+03,7.098600000000000243e+00
1.418460399999999936e+03,7.147300000000000431e+00
1.418462899999999991e+03,7.182199999999999918e+00
1.418465300000000070e+03,7.147899999999999920e+00
1.418467799999999897e+03,7.026699999999999946e+00
1.418470199999999977e+03,6.849700000000000344e+00
1.418472700000000032e+03,6.674400000000000333e+00
1.418475100000000111e+03,6.550399999999999778e+00
1.418477499999999964e+03,6.496100000000000207e+00
1.418480000000000018e+03,6.496400000000000396e+00
1.418482400000000098e+03,6.518900000000000361e+00
1.418484899999999925e+03,6.533999999999999808e+00
1.418487300000000005e+03,6.525599999999999845e+00
1.418489700000000084e+03,6.492600000000000371e+00
1.418492199999999912e+03,6.455400000000000027e+00
1.418494599999999991e+03,6.452899999999999636e+00
1.418497100000000046e+03,6.505700000000000038e+00
1.418499499999999898e+03,6.582699999999999996e+00
1.418501999999999953e+03,6.624299999999999855e+00
1.418504400000000032e+03,6.602699999999999569e+00
1.418506800000000112e+03,6.544999999999999929e+00
1.418509299999999939e+03,6.504400000000000404e+00
1.418511700000000019e+03,6.517599999999999838e+00
1.418514200000000073e+03,6.581900000000000084e+00
1.418516599999999926e+03,6.665099999999999802e+00
1.418519000000000005e+03,6.744399999999999729e+00
1.418521500000000060e+03,6.832200000000000273e+00
1.418523899999999912e+03,6.949499999999999567e+00
1.418526399999999967e+03,7.080799999999999983e+00
1.418528800000000047e+03,7.177299999999999791e+00
1.418531199999999899e+03,7.208300000000000374e+00
1.418533699999999953e+03,7.190800000000000303e+00
1.418536100000000033e+03,7.171599999999999753e+00
1.418538600000000088e+03,7.205000000000000071e+00
1.418540999999999940e+03,7.355900000000000105e+00
1.418543499999999995e+03,7.692999999999999616e+00
1.418545900000000074e+03,8.214499999999999247e+00
1.418548299999999927e+03,8.750099999999999767e+00
1.418550799999999981e+03,9.006800000000000139e+00
1.418553200000000061e+03,8.808600000000000207e+00
1.418555699999999888e+03,8.272999999999999687e+00
1.418558099999999968e+03,7.694399999999999906e+00
1.418560500000000047e+03,7.288499999999999979e+00
1.418563000000000102e+03,7.082900000000000418e+00
1.418565399999999954e+03,6.993000000000000327e+00
1.418567900000000009e+03,6.938600000000000101e+00
1.418570300000000088e+03,6.895999999999999908e+00
1.418572799999999916e+03,6.872700000000000031e+00
1.418575199999999995e+03,6.867799999999999905e+00
1.418577600000000075e+03,6.871599999999999930e+00
1.418580099999999902e+03,6.884699999999999598e+00
1.418582499999999982e+03,6.911100000000000243e+00
1.418585000000000036e+03,6.948299999999999699e+00
1.418587399999999889e+03,6.997600000000000264e+00
1.418589799999999968e+03,7.058900000000000396e+00
1.418592300000000023e+03,7.105900000000000105e+00
1.418594700000000103e+03,7.097199999999999953e+00
1.418597199999999930e+03,7.023500000000000298e+00
1.418599600000000009e+03,6.923099999999999810e+00
1.418602100000000064e+03,6.841999999999999638e+00
1.418604499999999916e+03,6.794900000000000162e+00
1.418606899999999996e+03,6.765600000000000058e+00
1.418609400000000051e+03,6.733600000000000030e+00
1.418611799999999903e+03,6.697799999999999976e+00
1.418614299999999957e+03,6.676199999999999690e+00
1.418616700000000037e+03,6.679299999999999571e+00
1.418619099999999889e+03,6.690699999999999648e+00
1.418621599999999944e+03,6.688799999999999635e+00
1.418624000000000024e+03,6.682100000000000151e+00
1.418626500000000078e+03,6.702499999999999680e+00
1.418628899999999931e+03,6.766799999999999926e+00
1.418631300000000010e+03,6.861399999999999721e+00
1.418633800000000065e+03,6.965600000000000236e+00
1.418636199999999917e+03,7.070500000000000007e+00
1.418638699999999972e+03,7.170700000000000074e+00
1.418641100000000051e+03,7.248599999999999710e+00
1.418643600000000106e+03,7.276699999999999946e+00
1.418645999999999958e+03,7.238900000000000112e+00
1.418648400000000038e+03,7.141700000000000159e+00
1.418650900000000092e+03,7.005200000000000315e+00
1.418653299999999945e+03,6.853699999999999903e+00
1.418655799999999999e+03,6.713199999999999612e+00
1.418658200000000079e+03,6.604199999999999626e+00
1.418660599999999931e+03,6.535000000000000142e+00
1.418663099999999986e+03,6.506599999999999717e+00
1.418665500000000065e+03,6.516799999999999926e+00
1.418667999999999893e+03,6.552900000000000169e+00
1.418670399999999972e+03,6.592900000000000205e+00
1.418672900000000027e+03,6.630300000000000082e+00
1.418675300000000107e+03,6.689000000000000057e+00
1.418677699999999959e+03,6.792500000000000426e+00
1.418680200000000013e+03,6.916699999999999626e+00
1.418682600000000093e+03,6.994500000000000384e+00
1.418685099999999920e+03,6.974000000000000199e+00
1.418687500000000000e+03,6.861799999999999677e+00
1.418689900000000080e+03,6.710899999999999643e+00
1.418692399999999907e+03,6.581299999999999706e+00
1.418694799999999987e+03,6.510699999999999932e+00
1.418697300000000041e+03,6.499399999999999622e+00
1.418699699999999893e+03,6.514300000000000423e+00
1.418702099999999973e+03,6.515299999999999869e+00
1.418704600000000028e+03,6.488900000000000112e+00
1.418707000000000107e+03,6.456000000000000405e+00
1.418709499999999935e+03,6.446699999999999875e+00
1.418711900000000014e+03,6.480699999999999683e+00
1.418714400000000069e+03,6.564300000000000246e+00
1.418716799999999921e+03,6.684800000000000075e+00
1.418719200000000001e+03,6.801800000000000068e+00
1.418721700000000055e+03,6.864200000000000301e+00
1.418724099999999908e+03,6.850600000000000023e+00
1.418726599999999962e+03,6.790899999999999714e+00
1.418729000000000042e+03,6.748700000000000365e+00
1.418731399999999894e+03,6.778800000000000381e+00
1.418733899999999949e+03,6.894000000000000128e+00
1.418736300000000028e+03,7.066300000000000026e+00
1.418738800000000083e+03,7.253199999999999648e+00
1.418741199999999935e+03,7.417600000000000193e+00
1.418743699999999990e+03,7.525599999999999845e+00
1.418746100000000069e+03,7.539699999999999847e+00
1.418748499999999922e+03,7.429499999999999993e+00
1.418750999999999976e+03,7.200599999999999667e+00
1.418753400000000056e+03,6.911500000000000199e+00
1.418755900000000111e+03,6.645400000000000418e+00
1.418758299999999963e+03,6.452600000000000335e+00
1.418760700000000043e+03,6.333899999999999864e+00
1.418763200000000097e+03,6.284299999999999997e+00
1.418765599999999949e+03,6.325499999999999901e+00
1.418768100000000004e+03,6.471799999999999997e+00
1.418770500000000084e+03,6.685900000000000176e+00
1.418772899999999936e+03,6.895100000000000229e+00
1.418775399999999991e+03,7.046899999999999942e+00
1.418777800000000070e+03,7.130499999999999616e+00
1.418780299999999897e+03,7.150999999999999801e+00
1.418782699999999977e+03,7.106300000000000061e+00
1.418785200000000032e+03,7.000600000000000378e+00
1.418787600000000111e+03,6.862899999999999778e+00
1.418789999999999964e+03,6.741100000000000314e+00
1.418792500000000018e+03,6.676800000000000068e+00
1.418794900000000098e+03,6.682900000000000063e+00
1.418797399999999925e+03,6.732199999999999740e+00
1.418799800000000005e+03,6.769899999999999807e+00
1.418802200000000084e+03,6.751800000000000246e+00
1.418804699999999912e+03,6.681700000000000195e+00
1.418807099999999991e+03,6.600900000000000212e+00
1.418809600000000046e+03,6.538000000000000256e+00
1.418811999999999898e+03,6.486100000000000421e+00
1.418814499999999953e+03,6.434999999999999609e+00
1.418816900000000032e+03,6.392900000000000027e+00
1.418819300000000112e+03,6.362700000000000244e+00
1.418821799999999939e+03,6.324600000000000222e+00
1.418824200000000019e+03,6.267199999999999882e+00
1.418826700000000073e+03,6.221000000000000085e+00
1.418829099999999926e+03,6.238699999999999690e+00
1.418831500000000005e+03,6.346099999999999852e+00
1.418834000000000060e+03,6.530000000000000249e+00
1.418836399999999912e+03,6.762299999999999756e+00
1.418838899999999967e+03,7.023900000000000254e+00
1.418841300000000047e+03,7.306600000000000428e+00
1.418843800000000101e+03,7.596400000000000041e+00
1.418846199999999953e+03,7.852999999999999758e+00
1.418848600000000033e+03,8.018599999999999284e+00
1.418851100000000088e+03,8.054100000000000037e+00
1.418853499999999940e+03,7.956599999999999895e+00
1.418855999999999995e+03,7.747099999999999653e+00
1.418858400000000074e+03,7.464100000000000179e+00
1.418860799999999927e+03,7.163999999999999702e+00
1.418863299999999981e+03,6.897700000000000387e+00
1.418865700000000061e+03,6.683799999999999741e+00
1.418868199999999888e+03,6.516200000000000436e+00
1.418870599999999968e+03,6.399200000000000443e+00
1.418873000000000047e+03,6.356399999999999828e+00
1.418875500000000102e+03,6.401699999999999946e+00
1.418877899999999954e+03,6.511899999999999800e+00
1.418880400000000009e+03,6.641700000000000159e+00
1.418882800000000088e+03,6.759800000000000253e+00
1.418885299999999916e+03,6.862400000000000055e+00
1.418887699999999995e+03,6.952200000000000379e+00
1.418890100000000075e+03,7.014999999999999680e+00
1.418892599999999902e+03,7.025100000000000122e+00
1.418894999999999982e+03,6.974999999999999645e+00
1.418897500000000036e+03,6.888099999999999667e+00
1.418899899999999889e+03,6.806099999999999817e+00
1.418902299999999968e+03,6.768299999999999983e+00
1.418904800000000023e+03,6.793499999999999872e+00
1.418907200000000103e+03,6.868900000000000006e+00
1.418909699999999930e+03,6.954399999999999693e+00
1.418912100000000009e+03,7.005499999999999616e+00
1.418914600000000064e+03,7.004199999999999982e+00
1.418916999999999916e+03,6.967200000000000060e+00
1.418919399999999996e+03,6.919900000000000162e+00
1.418921900000000051e+03,6.870599999999999596e+00
1.418924299999999903e+03,6.819399999999999906e+00
1.418926799999999957e+03,6.779600000000000293e+00
1.418929200000000037e+03,6.769899999999999807e+00
1.418931599999999889e+03,6.792300000000000004e+00
1.418934099999999944e+03,6.833999999999999631e+00
1.418936500000000024e+03,6.888200000000000323e+00
1.418939000000000078e+03,6.952799999999999869e+00
1.418941399999999931e+03,7.012199999999999989e+00
1.418943800000000010e+03,7.036999999999999922e+00
1.418946300000000065e+03,7.012500000000000178e+00
1.418948699999999917e+03,6.957699999999999996e+00
1.418951199999999972e+03,6.909299999999999997e+00
1.418953600000000051e+03,6.886599999999999611e+00
1.418956100000000106e+03,6.877500000000000391e+00
1.418958499999999958e+03,6.852299999999999613e+00
1.418960900000000038e+03,6.786500000000000199e+00
1.418963400000000092e+03,6.683099999999999596e+00
1.418965799999999945e+03,6.586000000000000298e+00
1.418968299999999999e+03,6.557900000000000063e+00
1.418970700000000079e+03,6.623400000000000176e+00
1.418973099999999931e+03,6.739300000000000068e+00
1.418975599999999986e+03,6.838599999999999568e+00
1.418978000000000065e+03,6.894000000000000128e+00
1.418980499999999893e+03,6.928200000000000358e+00
1.418982899999999972e+03,6.968399999999999928e+00
1.418985400000000027e+03,7.008700000000000152e+00
1.418987800000000107e+03,7.023600000000000065e+00
1.418990199999999959e+03,7.008799999999999919e+00
1.418992700000000013e+03,6.990300000000000402e+00
1.418995100000000093e+03,6.996900000000000119e+00
1.418997599999999920e+03,7.036100000000000243e+00
1.419000000000000000e+03,7.100399999999999601e+00
1.419002400000000080e+03,7.178399999999999892e+00
1.419004899999999907e+03,7.256099999999999994e+00
1.419007299999999987e+03,7.319300000000000139e+00
1.419009800000000041e+03,7.364499999999999602e+00
1.419012199999999893e+03,7.401099999999999568e+00
1.419014599999999973e+03,7.443399999999999572e+00
1.419017100000000028e+03,7.499100000000000321e+00
1.419019500000000107e+03,7.556600000000000428e+00
1.419021999999999935e+03,7.581999999999999851e+00
1.419024400000000014e+03,7.542699999999999960e+00
1.419026900000000069e+03,7.441499999999999559e+00
1.419029299999999921e+03,7.319099999999999717e+00
1.419031700000000001e+03,7.219999999999999751e+00
1.419034200000000055e+03,7.159200000000000230e+00
1.419036599999999908e+03,7.126500000000000057e+00
1.419039099999999962e+03,7.121699999999999697e+00
1.419041500000000042e+03,7.167900000000000382e+00
1.419043899999999894e+03,7.272999999999999687e+00
1.419046399999999949e+03,7.387999999999999901e+00
1.419048800000000028e+03,7.429599999999999760e+00
1.419051300000000083e+03,7.353299999999999947e+00
1.419053699999999935e+03,7.198299999999999699e+00
1.419056199999999990e+03,7.044100000000000250e+00
1.419058600000000069e+03,6.929100000000000037e+00
1.419060999999999922e+03,6.825599999999999667e+00
1.419063499999999976e+03,6.697799999999999976e+00
1.419065900000000056e+03,6.562500000000000000e+00
1.419068400000000111e+03,6.476700000000000124e+00
1.419070799999999963e+03,6.476899999999999658e+00
1.419073200000000043e+03,6.552100000000000257e+00
1.419075700000000097e+03,6.674299999999999677e+00
1.419078099999999949e+03,6.829799999999999649e+00
1.419080600000000004e+03,7.011599999999999611e+00
1.419083000000000084e+03,7.193100000000000271e+00
1.419085399999999936e+03,7.319899999999999629e+00
1.419087899999999991e+03,7.332699999999999996e+00
1.419090300000000070e+03,7.215900000000000425e+00
1.419092799999999897e+03,7.027599999999999625e+00
1.419095199999999977e+03,6.863400000000000389e+00
1.419097700000000032e+03,6.781299999999999883e+00
1.419100100000000111e+03,6.768399999999999750e+00
1.419102499999999964e+03,6.783500000000000085e+00
1.419105000000000018e+03,6.813699999999999868e+00
1.419107400000000098e+03,6.871999999999999886e+00
1.419109899999999925e+03,6.950300000000000367e+00
1.419112300000000005e+03,7.004900000000000126e+00
1.419114700000000084e+03,6.998599999999999710e+00
1.419117199999999912e+03,6.934199999999999697e+00
1.419119599999999991e+03,6.840300000000000047e+00
1.419122100000000046e+03,6.741299999999999848e+00
1.419124499999999898e+03,6.655700000000000394e+00
1.419126999999999953e+03,6.604700000000000237e+00
1.419129400000000032e+03,6.606799999999999784e+00
1.419131800000000112e+03,6.667399999999999771e+00
1.419134299999999939e+03,6.774000000000000021e+00
1.419136700000000019e+03,6.899399999999999977e+00
1.419139200000000073e+03,7.011700000000000266e+00
1.419141599999999926e+03,7.095100000000000406e+00
1.419144000000000005e+03,7.164399999999999658e+00
1.419146500000000060e+03,7.250600000000000378e+00
1.419148899999999912e+03,7.368800000000000239e+00
1.419151399999999967e+03,7.497799999999999798e+00
1.419153800000000047e+03,7.585399999999999920e+00
1.419156199999999899e+03,7.574900000000000411e+00
1.419158699999999953e+03,7.442899999999999849e+00
1.419161100000000033e+03,7.224499999999999922e+00
1.419163600000000088e+03,6.990899999999999892e+00
1.419165999999999940e+03,6.800699999999999967e+00
1.419168499999999995e+03,6.674299999999999677e+00
1.419170900000000074e+03,6.604899999999999771e+00
1.419173299999999927e+03,6.570899999999999963e+00
1.419175799999999981e+03,6.541500000000000092e+00
1.419178200000000061e+03,6.496299999999999741e+00
1.419180699999999888e+03,6.451299999999999812e+00
1.419183099999999968e+03,6.450800000000000090e+00
1.419185500000000047e+03,6.522599999999999731e+00
1.419188000000000102e+03,6.642900000000000027e+00
1.419190399999999954e+03,6.753599999999999604e+00
1.419192900000000009e+03,6.813699999999999868e+00
1.419195300000000088e+03,6.827899999999999636e+00
1.419197799999999916e+03,6.825700000000000323e+00
1.419200199999999995e+03,6.826299999999999812e+00
1.419202600000000075e+03,6.835600000000000342e+00
1.419205099999999902e+03,6.859099999999999753e+00
1.419207499999999982e+03,6.892000000000000348e+00
1.419210000000000036e+03,6.899700000000000166e+00
1.419212399999999889e+03,6.836199999999999832e+00
1.419214799999999968e+03,6.695700000000000429e+00
1.419217300000000023e+03,6.536400000000000432e+00
1.419219700000000103e+03,6.440299999999999692e+00
1.419222199999999930e+03,6.445800000000000196e+00
1.419224600000000009e+03,6.525999999999999801e+00
1.419227100000000064e+03,6.623899999999999899e+00
1.419229499999999916e+03,6.698900000000000077e+00
1.419231899999999996e+03,6.740499999999999936e+00
1.419234400000000051e+03,6.757399999999999629e+00
1.419236799999999903e+03,6.762999999999999901e+00
1.419239299999999957e+03,6.775500000000000078e+00
1.419241700000000037e+03,6.820999999999999730e+00
1.419244099999999889e+03,6.922699999999999854e+00
1.419246599999999944e+03,7.078199999999999825e+00
1.419249000000000024e+03,7.250899999999999679e+00
1.419251500000000078e+03,7.378499999999999837e+00
1.419253899999999931e+03,7.395999999999999908e+00
1.419256300000000010e+03,7.275599999999999845e+00
1.419258800000000065e+03,7.060500000000000220e+00
1.419261199999999917e+03,6.848799999999999777e+00
1.419263699999999972e+03,6.728299999999999947e+00
1.419266100000000051e+03,6.720799999999999663e+00
1.419268600000000106e+03,6.781299999999999883e+00
1.419270999999999958e+03,6.840900000000000425e+00
1.419273400000000038e+03,6.853500000000000369e+00
1.419275900000000092e+03,6.817800000000000082e+00
1.419278299999999945e+03,6.768699999999999939e+00
1.419280799999999999e+03,6.746299999999999741e+00
1.419283200000000079e+03,6.766300000000000203e+00
1.419285599999999931e+03,6.813500000000000334e+00
1.419288099999999986e+03,6.857400000000000162e+00
1.419290500000000065e+03,6.872399999999999842e+00
1.419292999999999893e+03,6.847800000000000331e+00
1.419295399999999972e+03,6.788100000000000023e+00
1.419297900000000027e+03,6.704500000000000348e+00
1.419300300000000107e+03,6.613299999999999734e+00
1.419302699999999959e+03,6.546100000000000030e+00
1.419305200000000013e+03,6.549000000000000377e+00
1.419307600000000093e+03,6.643600000000000172e+00
1.419310099999999920e+03,6.783400000000000318e+00
1.419312500000000000e+03,6.871299999999999741e+00
1.419314900000000080e+03,6.844800000000000217e+00
1.419317399999999907e+03,6.741600000000000037e+00
1.419319799999999987e+03,6.666599999999999859e+00
1.419322300000000041e+03,6.691399999999999793e+00
1.419324699999999893e+03,6.792600000000000193e+00
1.419327099999999973e+03,6.886099999999999888e+00
1.419329600000000028e+03,6.910199999999999676e+00
1.419332000000000107e+03,6.871000000000000441e+00
1.419334499999999935e+03,6.816300000000000026e+00
1.419336900000000014e+03,6.782300000000000217e+00
1.419339400000000069e+03,6.770599999999999952e+00
1.419341799999999921e+03,6.767199999999999882e+00
1.419344200000000001e+03,6.768399999999999750e+00
1.419346700000000055e+03,6.782000000000000028e+00
1.419349099999999908e+03,6.812599999999999767e+00
1.419351599999999962e+03,6.857499999999999929e+00
1.419354000000000042e+03,6.917600000000000193e+00
1.419356399999999894e+03,6.999600000000000044e+00
1.419358899999999949e+03,7.096400000000000041e+00
1.419361300000000028e+03,7.168199999999999683e+00
1.419363800000000083e+03,7.159799999999999720e+00
1.419366199999999935e+03,7.047799999999999621e+00
1.419368699999999990e+03,6.869299999999999962e+00
1.419371100000000069e+03,6.694799999999999862e+00
1.419373499999999922e+03,6.570000000000000284e+00
1.419375999999999976e+03,6.491500000000000270e+00
1.419378400000000056e+03,6.430500000000000327e+00
1.419380900000000111e+03,6.370800000000000018e+00
1.419383299999999963e+03,6.324399999999999800e+00
1.419385700000000043e+03,6.327300000000000146e+00
1.419388200000000097e+03,6.413599999999999746e+00
1.419390599999999949e+03,6.577799999999999869e+00
1.419393100000000004e+03,6.759800000000000253e+00
1.419395500000000084e+03,6.883000000000000007e+00
1.419397899999999936e+03,6.912399999999999878e+00
1.419400399999999991e+03,6.872499999999999609e+00
1.419402800000000070e+03,6.801499999999999879e+00
1.419405299999999897e+03,6.697499999999999787e+00
1.419407699999999977e+03,6.525800000000000267e+00
1.419410200000000032e+03,6.290099999999999802e+00
1.419412600000000111e+03,6.077200000000000379e+00
1.419414999999999964e+03,6.000300000000000189e+00
1.419417500000000018e+03,6.094000000000000306e+00
1.419419900000000098e+03,6.280800000000000161e+00
1.419422399999999925e+03,6.443100000000000271e+00
1.419424800000000005e+03,6.518900000000000361e+00
1.419427200000000084e+03,6.528200000000000003e+00
1.419429699999999912e+03,6.517900000000000027e+00
1.419432099999999991e+03,6.502600000000000158e+00
1.419434600000000046e+03,6.471400000000000041e+00
1.419436999999999898e+03,6.432100000000000151e+00
1.419439499999999953e+03,6.417600000000000193e+00
1.419441900000000032e+03,6.444099999999999717e+00
1.419444300000000112e+03,6.480699999999999683e+00
1.419446799999999939e+03,6.474700000000000344e+00
1.419449200000000019e+03,6.405199999999999783e+00
1.419451700000000073e+03,6.309300000000000352e+00
1.419454099999999926e+03,6.255200000000000315e+00
1.419456500000000005e+03,6.284900000000000375e+00
1.419459000000000060e+03,6.379199999999999982e+00
1.419461399999999912e+03,6.476099999999999746e+00
1.419463899999999967e+03,6.522599999999999731e+00
1.419466300000000047e+03,6.506099999999999994e+00
1.419468800000000101e+03,6.448599999999999888e+00
1.419471199999999953e+03,6.388200000000000323e+00
1.419473600000000033e+03,6.360899999999999999e+00
1.419476100000000088e+03,6.379599999999999937e+00
1.419478499999999940e+03,6.426800000000000068e+00
1.419480999999999995e+03,6.476399999999999935e+00
1.419483400000000074e+03,6.522499999999999964e+00
1.419485799999999927e+03,6.574099999999999611e+00
1.419488299999999981e+03,6.624200000000000088e+00
1.419490700000000061e+03,6.643099999999999561e+00
1.419493199999999888e+03,6.604599999999999582e+00
1.419495599999999968e+03,6.506499999999999950e+00
1.419498000000000047e+03,6.370700000000000252e+00
1.419500500000000102e+03,6.238599999999999923e+00
1.419502899999999954e+03,6.156100000000000350e+00
1.419505400000000009e+03,6.137900000000000134e+00
1.419507800000000088e+03,6.149499999999999744e+00
1.419510299999999916e+03,6.142800000000000260e+00
1.419512699999999995e+03,6.107099999999999973e+00
1.419515100000000075e+03,6.074399999999999800e+00
1.419517599999999902e+03,6.079799999999999649e+00
1.419519999999999982e+03,6.127900000000000347e+00
1.419522500000000036e+03,6.193800000000000416e+00
1.419524899999999889e+03,6.245700000000000252e+00
1.419527299999999968e+03,6.271600000000000286e+00
1.419529800000000023e+03,6.292300000000000004e+00
1.419532200000000103e+03,6.345799999999999663e+00
1.419534699999999930e+03,6.447300000000000253e+00
1.419537100000000009e+03,6.563100000000000378e+00
1.419539600000000064e+03,6.628199999999999648e+00
1.419541999999999916e+03,6.597500000000000142e+00
1.419544399999999996e+03,6.488100000000000200e+00
1.419546900000000051e+03,6.367899999999999672e+00
1.419549299999999903e+03,6.296700000000000408e+00
1.419551799999999957e+03,6.283699999999999619e+00
1.419554200000000037e+03,6.302500000000000213e+00
1.419556599999999889e+03,6.328599999999999781e+00
1.419559099999999944e+03,6.356600000000000250e+00
1.419561500000000024e+03,6.397499999999999964e+00
1.419564000000000078e+03,6.459100000000000286e+00
1.419566399999999931e+03,6.518900000000000361e+00
1.419568800000000010e+03,6.522999999999999687e+00
1.419571300000000065e+03,6.431400000000000006e+00
1.419573699999999917e+03,6.269300000000000317e+00
1.419576199999999972e+03,6.118299999999999628e+00
1.419578600000000051e+03,6.051300000000000345e+00
1.419581100000000106e+03,6.081299999999999706e+00
1.419583499999999958e+03,6.169200000000000017e+00
1.419585900000000038e+03,6.261099999999999888e+00
1.419588400000000092e+03,6.316600000000000215e+00
1.419590799999999945e+03,6.324200000000000266e+00
1.419593299999999999e+03,6.306600000000000428e+00
1.419595700000000079e+03,6.305399999999999672e+00
1.419598099999999931e+03,6.349999999999999645e+00
1.419600599999999986e+03,6.436099999999999710e+00
1.419603000000000065e+03,6.524799999999999933e+00
1.419605499999999893e+03,6.559599999999999653e+00
1.419607899999999972e+03,6.496699999999999697e+00
1.419610400000000027e+03,6.343300000000000161e+00
1.419612800000000107e+03,6.166900000000000048e+00
1.419615199999999959e+03,6.053499999999999659e+00
1.419617700000000013e+03,6.042399999999999771e+00
1.419620100000000093e+03,6.106300000000000061e+00
1.419622599999999920e+03,6.192999999999999616e+00
1.419625000000000000e+03,6.273500000000000298e+00
1.419627400000000080e+03,6.345399999999999707e+00
1.419629899999999907e+03,6.411699999999999733e+00
1.419632299999999987e+03,6.467399999999999594e+00
1.419634800000000041e+03,6.498499999999999943e+00
1.419637199999999893e+03,6.498800000000000132e+00
1.419639599999999973e+03,6.493500000000000050e+00
1.419642100000000028e+03,6.529300000000000104e+00
1.419644500000000107e+03,6.624900000000000233e+00
1.419646999999999935e+03,6.745199999999999640e+00
1.419649400000000014e+03,6.843499999999999694e+00
1.419651900000000069e+03,6.913199999999999790e+00
1.419654299999999921e+03,6.979899999999999771e+00
1.419656700000000001e+03,7.048700000000000188e+00
1.419659200000000055e+03,7.080700000000000216e+00
1.419661599999999908e+03,7.029799999999999827e+00
1.419664099999999962e+03,6.898600000000000065e+00
1.419666500000000042e+03,6.746100000000000207e+00
1.419668899999999894e+03,6.635399999999999743e+00
1.419671399999999949e+03,6.578599999999999781e+00
1.419673800000000028e+03,6.545399999999999885e+00
1.419676300000000083e+03,6.513099999999999667e+00
1.419678699999999935e+03,6.493800000000000239e+00
1.419681199999999990e+03,6.513499999999999623e+00
1.419683600000000069e+03,6.581800000000000317e+00
1.419685999999999922e+03,6.684099999999999930e+00
1.419688499999999976e+03,6.800200000000000244e+00
1.419690900000000056e+03,6.921899999999999942e+00
1.419693400000000111e+03,7.038299999999999557e+00
1.419695799999999963e+03,7.108299999999999841e+00
1.419698200000000043e+03,7.075899999999999856e+00
1.419700700000000097e+03,6.921299999999999564e+00
1.419703099999999949e+03,6.687400000000000233e+00
1.419705600000000004e+03,6.456400000000000361e+00
1.419708000000000084e+03,6.307100000000000151e+00
1.419710399999999936e+03,6.277400000000000091e+00
1.419712899999999991e+03,6.344899999999999984e+00
1.419715300000000070e+03,6.444499999999999673e+00
1.419717799999999897e+03,6.512999999999999901e+00
1.419720199999999977e+03,6.520999999999999908e+00
1.419722700000000032e+03,6.471099999999999852e+00
1.419725100000000111e+03,6.386599999999999611e+00
1.419727499999999964e+03,6.309899999999999842e+00
1.419730000000000018e+03,6.290000000000000036e+00
1.419732400000000098e+03,6.343200000000000394e+00
1.419734899999999925e+03,6.430399999999999672e+00
1.419737300000000005e+03,6.492899999999999672e+00
1.419739700000000084e+03,6.507500000000000284e+00
1.419742199999999912e+03,6.500700000000000145e+00
1.419744599999999991e+03,6.519599999999999618e+00
1.419747100000000046e+03,6.600500000000000256e+00
1.419749499999999898e+03,6.749200000000000088e+00
1.419751999999999953e+03,6.926899999999999835e+00
1.419754400000000032e+03,7.058699999999999974e+00
1.419756800000000112e+03,7.076600000000000001e+00
1.419759299999999939e+03,6.966899999999999871e+00
1.419761700000000019e+03,6.774399999999999977e+00
1.419764200000000073e+03,6.564499999999999780e+00
1.419766599999999926e+03,6.389100000000000001e+00
1.419769000000000005e+03,6.278999999999999915e+00
1.419771500000000060e+03,6.251199999999999868e+00
1.419773899999999912e+03,6.305200000000000138e+00
1.419776399999999967e+03,6.412700000000000067e+00
1.419778800000000047e+03,6.527000000000000135e+00
1.419781199999999899e+03,6.618699999999999584e+00
1.419783699999999953e+03,6.695000000000000284e+00
1.419786100000000033e+03,6.768799999999999706e+00
1.419788600000000088e+03,6.825199999999999712e+00
1.419790999999999940e+03,6.844500000000000028e+00
1.419793499999999995e+03,6.848300000000000054e+00
1.419795900000000074e+03,6.887599999999999945e+00
1.419798299999999927e+03,6.973600000000000243e+00
1.419800799999999981e+03,7.039200000000000124e+00
1.419803200000000061e+03,6.990599999999999703e+00
1.419805699999999888e+03,6.801099999999999923e+00
1.419808099999999968e+03,6.545399999999999885e+00
1.419810500000000047e+03,6.338499999999999801e+00
1.419813000000000102e+03,6.241500000000000270e+00
1.419815399999999954e+03,6.227999999999999758e+00
1.419817900000000009e+03,6.232400000000000162e+00
1.419820300000000088e+03,6.221599999999999575e+00
1.419822799999999916e+03,6.215799999999999770e+00
1.419825199999999995e+03,6.248300000000000409e+00
1.419827600000000075e+03,6.322199999999999598e+00
1.419830099999999902e+03,6.404499999999999638e+00
1.419832499999999982e+03,6.453400000000000247e+00
1.419835000000000036e+03,6.451800000000000423e+00
1.419837399999999889e+03,6.419100000000000250e+00
1.419839799999999968e+03,6.392599999999999838e+00
1.419842300000000023e+03,6.397999999999999687e+00
1.419844700000000103e+03,6.439899999999999736e+00
1.419847199999999930e+03,6.509699999999999598e+00
1.419849600000000009e+03,6.593200000000000394e+00
1.419852100000000064e+03,6.667300000000000004e+00
1.419854499999999916e+03,6.700099999999999945e+00
1.419856899999999996e+03,6.669699999999999740e+00
1.419859400000000051e+03,6.592399999999999594e+00
1.419861799999999903e+03,6.522800000000000153e+00
1.419864299999999957e+03,6.511000000000000121e+00
1.419866700000000037e+03,6.559899999999999842e+00
1.419869099999999889e+03,6.627299999999999969e+00
1.419871599999999944e+03,6.670700000000000074e+00
1.419874000000000024e+03,6.686499999999999666e+00
1.419876500000000078e+03,6.701699999999999768e+00
1.419878899999999931e+03,6.726300000000000168e+00
1.419881300000000010e+03,6.728799999999999670e+00
1.419883800000000065e+03,6.671199999999999797e+00
1.419886199999999917e+03,6.567000000000000171e+00
1.419888699999999972e+03,6.498000000000000220e+00
1.419891100000000051e+03,6.556600000000000428e+00
1.419893600000000106e+03,6.760600000000000165e+00
1.419895999999999958e+03,7.025599999999999845e+00
1.419898400000000038e+03,7.229700000000000237e+00
1.419900900000000092e+03,7.303799999999999848e+00
1.419903299999999945e+03,7.265699999999999825e+00
1.419905799999999999e+03,7.179800000000000182e+00
1.419908200000000079e+03,7.090900000000000425e+00
1.419910599999999931e+03,6.992600000000000371e+00
1.419913099999999986e+03,6.855900000000000105e+00
1.419915500000000065e+03,6.683099999999999596e+00
1.419917999999999893e+03,6.525800000000000267e+00
1.419920399999999972e+03,6.439099999999999824e+00
1.419922900000000027e+03,6.425399999999999778e+00
1.419925300000000107e+03,6.441900000000000404e+00
1.419927699999999959e+03,6.466000000000000192e+00
1.419930200000000013e+03,6.534099999999999575e+00
1.419932600000000093e+03,6.694700000000000095e+00
1.419935099999999920e+03,6.925900000000000389e+00
1.419937500000000000e+03,7.129599999999999937e+00
1.419939900000000080e+03,7.229099999999999859e+00
1.419942399999999907e+03,7.260299999999999976e+00
1.419944799999999987e+03,7.359899999999999665e+00
1.419947300000000041e+03,7.671499999999999986e+00
1.419949699999999893e+03,8.233900000000000219e+00
1.419952099999999973e+03,8.900999999999999801e+00
1.419954600000000028e+03,9.385300000000000864e+00
1.419957000000000107e+03,9.462199999999999278e+00
1.419959499999999935e+03,9.164899999999999380e+00
1.419961900000000014e+03,8.751599999999999824e+00
1.419964400000000069e+03,8.483599999999999142e+00
1.419966799999999921e+03,8.445199999999999818e+00
1.419969200000000001e+03,8.549200000000000799e+00
1.419971700000000055e+03,8.665599999999999525e+00
1.419974099999999908e+03,8.725300000000000722e+00
1.419976599999999962e+03,8.726200000000000401e+00
1.419979000000000042e+03,8.690099999999999270e+00
1.419981399999999894e+03,8.643299999999999983e+00
1.419983899999999949e+03,8.627100000000000435e+00
1.419986300000000028e+03,8.697499999999999787e+00
1.419988800000000083e+03,8.899200000000000443e+00
1.419991199999999935e+03,9.233800000000000452e+00
1.419993699999999990e+03,9.665300000000000225e+00
1.419996100000000069e+03,1.017109999999999914e+01
1.419998499999999922e+03,1.076149999999999984e+01
1.420000999999999976e+03,1.139129999999999932e+01
1.420003400000000056e+03,1.186330000000000062e+01
1.420005900000000111e+03,1.191980000000000040e+01
1.420008299999999963e+03,1.147770000000000046e+01
1.420010700000000043e+03,1.072400000000000020e+01
1.420013200000000097e+03,9.952999999999999403e+00
1.420015599999999949e+03,9.352700000000000458e+00
1.420018100000000004e+03,8.958099999999999952e+00
1.420020500000000084e+03,8.737700000000000244e+00
1.420022899999999936e+03,8.656299999999999883e+00
1.420025399999999991e+03,8.669100000000000250e+00
1.420027800000000070e+03,8.707499999999999574e+00
1.420030299999999897e+03,8.707800000000000651e+00
1.420032699999999977e+03,8.667500000000000426e+00
1.420035200000000032e+03,8.682900000000000063e+00
1.420037600000000111e+03,8.900600000000000733e+00
1.420039999999999964e+03,9.357300000000000395e+00
1.420042500000000018e+03,9.836700000000000443e+00
1.420044900000000098e+03,9.967299999999999827e+00
1.420047399999999925e+03,9.547100000000000364e+00
1.420049800000000005e+03,8.735900000000000887e+00
1.420052200000000084e+03,7.884299999999999642e+00
1.420054699999999912e+03,7.238699999999999690e+00
1.420057099999999991e+03,6.852100000000000080e+00
1.420059600000000046e+03,6.684700000000000308e+00
1.420061999999999898e+03,6.687400000000000233e+00
1.420064499999999953e+03,6.802999999999999936e+00
1.420066900000000032e+03,6.955899999999999750e+00
1.420069300000000112e+03,7.073000000000000398e+00
1.420071799999999939e+03,7.109600000000000364e+00
1.420074200000000019e+03,7.063100000000000378e+00
1.420076700000000073e+03,6.967200000000000060e+00
1.420079099999999926e+03,6.868900000000000006e+00
1.420081500000000005e+03,6.796000000000000263e+00
1.420084000000000060e+03,6.745800000000000018e+00
1.420086399999999912e+03,6.703800000000000203e+00
1.420088899999999967e+03,6.666900000000000048e+00
1.420091300000000047e+03,6.653599999999999959e+00
1.420093800000000101e+03,6.699600000000000222e+00
1.420096199999999953e+03,6.831999999999999851e+00
1.420098600000000033e+03,7.025199999999999889e+00
1.420101100000000088e+03,7.187700000000000422e+00
1.420103499999999940e+03,7.214400000000000368e+00
1.420105999999999995e+03,7.068299999999999805e+00
1.420108400000000074e+03,6.811799999999999855e+00
1.420110799999999927e+03,6.566900000000000404e+00
1.420113299999999981e+03,6.440999999999999837e+00
1.420115700000000061e+03,6.461899999999999977e+00
1.420118199999999888e+03,6.558200000000000252e+00
1.420120599999999968e+03,6.611900000000000333e+00
1.420123000000000047e+03,6.559700000000000308e+00
1.420125500000000102e+03,6.452200000000000379e+00
1.420127899999999954e+03,6.402400000000000091e+00
1.420130400000000009e+03,6.470900000000000318e+00
1.420132800000000088e+03,6.613699999999999690e+00
1.420135299999999916e+03,6.740199999999999747e+00
1.420137699999999995e+03,6.804499999999999993e+00
1.420140100000000075e+03,6.829900000000000304e+00
1.420142599999999902e+03,6.860500000000000043e+00
1.420144999999999982e+03,6.903299999999999770e+00
1.420147500000000036e+03,6.918099999999999916e+00
1.420149899999999889e+03,6.864399999999999835e+00
1.420152299999999968e+03,6.755799999999999805e+00
1.420154800000000023e+03,6.659200000000000230e+00
1.420157200000000103e+03,6.630700000000000038e+00
1.420159699999999930e+03,6.656500000000000306e+00
1.420162100000000009e+03,6.669900000000000162e+00
1.420164600000000064e+03,6.628899999999999793e+00
1.420166999999999916e+03,6.562599999999999767e+00
1.420169399999999996e+03,6.535999999999999588e+00
1.420171900000000051e+03,6.580099999999999838e+00
1.420174299999999903e+03,6.662499999999999645e+00
1.420176799999999957e+03,6.716199999999999726e+00
1.420179200000000037e+03,6.686399999999999899e+00
1.420181599999999889e+03,6.565400000000000347e+00
1.420184099999999944e+03,6.405100000000000016e+00
1.420186500000000024e+03,6.289900000000000269e+00
1.420189000000000078e+03,6.275500000000000078e+00
1.420191399999999931e+03,6.343300000000000161e+00
1.420193800000000010e+03,6.422500000000000320e+00
1.420196300000000065e+03,6.453700000000000436e+00
1.420198699999999917e+03,6.429199999999999804e+00
1.420201199999999972e+03,6.378999999999999559e+00
1.420203600000000051e+03,6.331299999999999706e+00
1.420206100000000106e+03,6.290700000000000180e+00
1.420208499999999958e+03,6.243699999999999584e+00
1.420210900000000038e+03,6.174800000000000288e+00
1.420213400000000092e+03,6.075099999999999945e+00
1.420215799999999945e+03,5.940500000000000114e+00
1.420218299999999999e+03,5.771700000000000053e+00
1.420220700000000079e+03,5.584699999999999775e+00
1.420223099999999931e+03,5.422299999999999898e+00
1.420225599999999986e+03,5.339599999999999902e+00
1.420228000000000065e+03,5.370499999999999829e+00
1.420230499999999893e+03,5.505499999999999616e+00
1.420232899999999972e+03,5.696799999999999642e+00
1.420235400000000027e+03,5.873300000000000409e+00
1.420237800000000107e+03,5.963199999999999612e+00
1.420240199999999959e+03,5.927200000000000024e+00
1.420242700000000013e+03,5.785800000000000054e+00
1.420245100000000093e+03,5.612400000000000055e+00
1.420247599999999920e+03,5.491399999999999615e+00
1.420250000000000000e+03,5.471799999999999997e+00
1.420252400000000080e+03,5.546000000000000263e+00
1.420254899999999907e+03,5.665199999999999569e+00
1.420257299999999987e+03,5.777300000000000324e+00
1.420259800000000041e+03,5.856099999999999639e+00
1.420262199999999893e+03,5.904799999999999827e+00
1.420264599999999973e+03,5.938699999999999868e+00
1.420267100000000028e+03,5.966800000000000104e+00
1.420269500000000107e+03,5.983299999999999841e+00
1.420271999999999935e+03,5.973600000000000243e+00
1.420274400000000014e+03,5.937999999999999723e+00
1.420276900000000069e+03,5.903500000000000192e+00
1.420279299999999921e+03,5.900500000000000078e+00
1.420281700000000001e+03,5.932299999999999685e+00
1.420284200000000055e+03,5.975600000000000023e+00
1.420286599999999908e+03,6.008099999999999774e+00
1.420289099999999962e+03,6.024600000000000399e+00
1.420291500000000042e+03,6.033100000000000129e+00
1.420293899999999894e+03,6.044200000000000017e+00
1.420296399999999949e+03,6.070000000000000284e+00
1.420298800000000028e+03,6.120700000000000252e+00
1.420301300000000083e+03,6.187700000000000422e+00
1.420303699999999935e+03,6.235199999999999854e+00
1.420306199999999990e+03,6.231600000000000250e+00
1.420308600000000069e+03,6.190999999999999837e+00
1.420310999999999922e+03,6.168999999999999595e+00
1.420313499999999976e+03,6.205099999999999838e+00
1.420315900000000056e+03,6.286599999999999966e+00
1.420318400000000111e+03,6.373800000000000132e+00
1.420320799999999963e+03,6.445199999999999818e+00
1.420323200000000043e+03,6.505399999999999849e+00
1.420325700000000097e+03,6.569600000000000328e+00
1.420328099999999949e+03,6.658400000000000318e+00
1.420330600000000004e+03,6.795899999999999608e+00
1.420333000000000084e+03,6.990199999999999747e+00
1.420335399999999936e+03,7.214800000000000324e+00
1.420337899999999991e+03,7.419500000000000206e+00
1.420340300000000070e+03,7.564499999999999780e+00
1.420342799999999897e+03,7.644599999999999618e+00
1.420345199999999977e+03,7.679100000000000037e+00
1.420347700000000032e+03,7.685999999999999943e+00
1.420350100000000111e+03,7.678799999999999848e+00
1.420352499999999964e+03,7.686099999999999710e+00
1.420355000000000018e+03,7.758499999999999730e+00
1.420357400000000098e+03,7.941200000000000259e+00
1.420359899999999925e+03,8.248100000000000875e+00
1.420362300000000005e+03,8.661699999999999733e+00
1.420364700000000084e+03,9.131600000000000605e+00
1.420367199999999912e+03,9.564299999999999358e+00
1.420369599999999991e+03,9.852499999999999147e+00
1.420372100000000046e+03,9.951299999999999812e+00
1.420374499999999898e+03,9.909700000000000841e+00
1.420376999999999953e+03,9.815200000000000813e+00
1.420379400000000032e+03,9.735400000000000276e+00
1.420381800000000112e+03,9.719599999999999795e+00
1.420384299999999939e+03,9.813200000000000145e+00
1.420386700000000019e+03,1.004250000000000043e+01
1.420389200000000073e+03,1.039080000000000048e+01
1.420391599999999926e+03,1.080519999999999925e+01
1.420394000000000005e+03,1.123540000000000028e+01
1.420396500000000060e+03,1.166389999999999993e+01
1.420398899999999912e+03,1.209849999999999959e+01
1.420401399999999967e+03,1.255419999999999980e+01
1.420403800000000047e+03,1.304509999999999970e+01
1.420406199999999899e+03,1.357000000000000028e+01
1.420408699999999953e+03,1.410670000000000002e+01
1.420411100000000033e+03,1.464189999999999969e+01
1.420413600000000088e+03,1.520090000000000074e+01
1.420415999999999940e+03,1.582290000000000063e+01
1.420418499999999995e+03,1.651859999999999928e+01
1.420420900000000074e+03,1.727380000000000138e+01
1.420423299999999927e+03,1.808010000000000161e+01
1.420425799999999981e+03,1.893550000000000111e+01
1.420428200000000061e+03,1.981510000000000105e+01
1.420430699999999888e+03,2.066000000000000014e+01
1.420433099999999968e+03,2.141860000000000142e+01
1.420435500000000047e+03,2.210539999999999949e+01
1.420438000000000102e+03,2.280310000000000059e+01
1.420440399999999954e+03,2.359270000000000067e+01
1.420442900000000009e+03,2.449429999999999907e+01
1.420445300000000088e+03,2.547899999999999920e+01
1.420447799999999916e+03,2.650710000000000122e+01
1.420450199999999995e+03,2.753310000000000102e+01
1.420452600000000075e+03,2.850090000000000146e+01
1.420455099999999902e+03,2.937030000000000030e+01
1.420457499999999982e+03,3.015370000000000061e+01
1.420460000000000036e+03,3.090970000000000084e+01
1.420462399999999889e+03,3.169040000000000035e+01
1.420464799999999968e+03,3.249549999999999983e+01
1.420467300000000023e+03,3.328309999999999746e+01
1.420469700000000103e+03,3.402850000000000108e+01
1.420472199999999930e+03,3.476080000000000325e+01
1.420474600000000009e+03,3.553020000000000067e+01
1.420477100000000064e+03,3.633970000000000056e+01
1.420479499999999916e+03,3.711440000000000339e+01
1.420481899999999996e+03,3.774799999999999756e+01
1.420484400000000051e+03,3.818339999999999890e+01
1.420486799999999903e+03,3.844760000000000133e+01
1.420489299999999957e+03,3.861290000000000333e+01
1.420491700000000037e+03,3.874869999999999948e+01
1.420494099999999889e+03,3.891940000000000310e+01
1.420496599999999944e+03,3.918610000000000326e+01
1.420499000000000024e+03,3.956260000000000332e+01
1.420501500000000078e+03,3.997599999999999909e+01
1.420503899999999931e+03,4.030579999999999785e+01
1.420506300000000010e+03,4.046520000000000294e+01
1.420508800000000065e+03,4.043560000000000088e+01
1.420511199999999917e+03,4.024719999999999942e+01
1.420513699999999972e+03,3.995309999999999917e+01
1.420516100000000051e+03,3.961520000000000152e+01
1.420518600000000106e+03,3.928920000000000101e+01
1.420520999999999958e+03,3.900699999999999790e+01
1.420523400000000038e+03,3.875220000000000198e+01
1.420525900000000092e+03,3.844519999999999982e+01
1.420528299999999945e+03,3.798960000000000292e+01
1.420530799999999999e+03,3.736399999999999721e+01
1.420533200000000079e+03,3.665350000000000108e+01
1.420535599999999931e+03,3.597310000000000230e+01
1.420538099999999986e+03,3.537360000000000326e+01
1.420540500000000065e+03,3.482379999999999853e+01
1.420542999999999893e+03,3.426469999999999771e+01
1.420545399999999972e+03,3.366409999999999769e+01
1.420547900000000027e+03,3.303009999999999735e+01
1.420550300000000107e+03,3.239580000000000126e+01
1.420552699999999959e+03,3.179530000000000101e+01
1.420555200000000013e+03,3.123669999999999902e+01
1.420557600000000093e+03,3.069119999999999848e+01
1.420560099999999920e+03,3.013159999999999883e+01
1.420562500000000000e+03,2.958279999999999887e+01
1.420564900000000080e+03,2.910579999999999856e+01
1.420567399999999907e+03,2.872200000000000131e+01
1.420569799999999987e+03,2.837630000000000052e+01
1.420572300000000041e+03,2.798479999999999990e+01
1.420574699999999893e+03,2.750870000000000104e+01
1.420577099999999973e+03,2.697950000000000159e+01
1.420579600000000028e+03,2.646039999999999992e+01
1.420582000000000107e+03,2.599559999999999960e+01
1.420584499999999935e+03,2.560040000000000049e+01
1.420586900000000014e+03,2.527690000000000126e+01
1.420589400000000069e+03,2.500880000000000081e+01
1.420591799999999921e+03,2.475250000000000128e+01
1.420594200000000001e+03,2.446849999999999881e+01
1.420596700000000055e+03,2.416199999999999903e+01
1.420599099999999908e+03,2.387480000000000047e+01
1.420601599999999962e+03,2.364480000000000004e+01
1.420604000000000042e+03,2.349129999999999896e+01
1.420606399999999894e+03,2.342749999999999844e+01
1.420608899999999949e+03,2.345540000000000092e+01
1.420611300000000028e+03,2.354700000000000060e+01
1.420613800000000083e+03,2.365170000000000172e+01
1.420616199999999935e+03,2.373199999999999932e+01
1.420618699999999990e+03,2.378859999999999886e+01
1.420621100000000069e+03,2.384179999999999922e+01
1.420623499999999922e+03,2.390390000000000015e+01
1.420625999999999976e+03,2.398479999999999990e+01
1.420628400000000056e+03,2.410040000000000049e+01
1.420630900000000111e+03,2.423699999999999832e+01
1.420633299999999963e+03,2.432150000000000034e+01
1.420635700000000043e+03,2.427439999999999998e+01
1.420638200000000097e+03,2.409669999999999845e+01
1.420640599999999949e+03,2.387219999999999942e+01
1.420643100000000004e+03,2.368339999999999890e+01
1.420645500000000084e+03,2.355379999999999896e+01
1.420647899999999936e+03,2.346930000000000049e+01
1.420650399999999991e+03,2.341949999999999932e+01
1.420652800000000070e+03,2.340759999999999863e+01
1.420655299999999897e+03,2.344269999999999854e+01
1.420657699999999977e+03,2.353610000000000113e+01
1.420660200000000032e+03,2.369669999999999987e+01
1.420662600000000111e+03,2.392360000000000042e+01
1.420664999999999964e+03,2.419480000000000075e+01
1.420667500000000018e+03,2.447030000000000172e+01
1.420669900000000098e+03,2.470840000000000103e+01
1.420672399999999925e+03,2.487440000000000140e+01
1.420674800000000005e+03,2.494209999999999994e+01
1.420677200000000084e+03,2.491209999999999880e+01
1.420679699999999912e+03,2.482730000000000103e+01
1.420682099999999991e+03,2.474089999999999989e+01
1.420684600000000046e+03,2.466740000000000066e+01
1.420686999999999898e+03,2.459069999999999823e+01
1.420689499999999953e+03,2.451879999999999882e+01
1.420691900000000032e+03,2.450029999999999930e+01
1.420694300000000112e+03,2.457069999999999865e+01
1.420696799999999939e+03,2.470200000000000173e+01
1.420699200000000019e+03,2.481909999999999883e+01
1.420701700000000073e+03,2.486599999999999966e+01
1.420704099999999926e+03,2.484570000000000078e+01
1.420706500000000005e+03,2.479189999999999827e+01
1.420709000000000060e+03,2.471539999999999893e+01
1.420711399999999912e+03,2.459649999999999892e+01
1.420713899999999967e+03,2.443669999999999831e+01
1.420716300000000047e+03,2.429119999999999990e+01
1.420718800000000101e+03,2.422090000000000032e+01
1.420721199999999953e+03,2.421249999999999858e+01
1.420723600000000033e+03,2.417030000000000101e+01
1.420726100000000088e+03,2.399889999999999901e+01
1.420728499999999940e+03,2.368629999999999924e+01
1.420730999999999995e+03,2.330460000000000065e+01
1.420733400000000074e+03,2.293870000000000076e+01
1.420735799999999927e+03,2.262130000000000152e+01
1.420738299999999981e+03,2.233020000000000138e+01
1.420740700000000061e+03,2.203200000000000003e+01
1.420743199999999888e+03,2.172190000000000154e+01
1.420745599999999968e+03,2.142419999999999902e+01
1.420748000000000047e+03,2.116039999999999921e+01
1.420750500000000102e+03,2.092229999999999990e+01
1.420752899999999954e+03,2.068009999999999948e+01
1.420755400000000009e+03,2.041610000000000014e+01
1.420757800000000088e+03,2.014610000000000056e+01
1.420760299999999916e+03,1.989969999999999928e+01
1.420762699999999995e+03,1.967630000000000123e+01
1.420765100000000075e+03,1.942950000000000088e+01
1.420767599999999902e+03,1.911169999999999902e+01
1.420769999999999982e+03,1.873290000000000077e+01
1.420772500000000036e+03,1.836080000000000112e+01
1.420774899999999889e+03,1.805539999999999878e+01
1.420777299999999968e+03,1.781629999999999825e+01
1.420779800000000023e+03,1.759969999999999857e+01
1.420782200000000103e+03,1.736360000000000170e+01
1.420784699999999930e+03,1.708289999999999864e+01
1.420787100000000009e+03,1.674660000000000082e+01
1.420789600000000064e+03,1.636909999999999954e+01
1.420791999999999916e+03,1.599390000000000001e+01
1.420794399999999996e+03,1.567159999999999975e+01
1.420796900000000051e+03,1.543110000000000070e+01
1.420799299999999903e+03,1.526779999999999937e+01
1.420801799999999957e+03,1.514359999999999928e+01
1.420804200000000037e+03,1.499830000000000041e+01
1.420806599999999889e+03,1.478020000000000067e+01
1.420809099999999944e+03,1.448579999999999934e+01
1.420811500000000024e+03,1.416660000000000075e+01
1.420814000000000078e+03,1.388460000000000072e+01
1.420816399999999931e+03,1.365840000000000032e+01
1.420818800000000010e+03,1.345739999999999981e+01
1.420821300000000065e+03,1.324160000000000004e+01
1.420823699999999917e+03,1.299540000000000006e+01
1.420826199999999972e+03,1.272669999999999924e+01
1.420828600000000051e+03,1.245020000000000060e+01
1.420831100000000106e+03,1.218650000000000055e+01
1.420833499999999958e+03,1.196579999999999977e+01
1.420835900000000038e+03,1.181119999999999948e+01
1.420838400000000092e+03,1.171490000000000009e+01
1.420840799999999945e+03,1.164659999999999940e+01
1.420843299999999999e+03,1.157859999999999978e+01
1.420845700000000079e+03,1.148739999999999917e+01
1.420848099999999931e+03,1.134070000000000000e+01
1.420850599999999986e+03,1.112139999999999951e+01
1.420853000000000065e+03,1.087100000000000044e+01
1.420855499999999893e+03,1.068239999999999945e+01
1.420857899999999972e+03,1.062669999999999959e+01
1.420860400000000027e+03,1.069059999999999988e+01
1.420862800000000107e+03,1.079059999999999953e+01
1.420865199999999959e+03,1.084130000000000038e+01
1.420867700000000013e+03,1.080719999999999992e+01
1.420870100000000093e+03,1.070669999999999966e+01
1.420872599999999920e+03,1.058479999999999954e+01
1.420875000000000000e+03,1.048259999999999970e+01
1.420877400000000080e+03,1.041220000000000034e+01
1.420879899999999907e+03,1.035330000000000084e+01
1.420882299999999987e+03,1.027190000000000047e+01
1.420884800000000041e+03,1.014980000000000082e+01
1.420887199999999893e+03,1.000530000000000008e+01
1.420889599999999973e+03,9.885300000000000864e+00
1.420892100000000028e+03,9.824299999999999145e+00
1.420894500000000107e+03,9.811400000000000787e+00
1.420896999999999935e+03,9.812300000000000466e+00
1.420899400000000014e+03,9.815799999999999415e+00
1.420901900000000069e+03,9.840700000000000003e+00
1.420904299999999921e+03,9.896800000000000708e+00
1.420906700000000001e+03,9.957800000000000651e+00
1.420909200000000055e+03,9.975500000000000256e+00
1.420911599999999908e+03,9.923600000000000421e+00
1.420914099999999962e+03,9.832200000000000273e+00
1.420916500000000042e+03,9.773300000000000765e+00
1.420918899999999894e+03,9.793599999999999639e+00
1.420921399999999949e+03,9.858700000000000685e+00
1.420923800000000028e+03,9.880800000000000693e+00
1.420926300000000083e+03,9.807199999999999918e+00
1.420928699999999935e+03,9.669900000000000162e+00
1.420931199999999990e+03,9.541499999999999204e+00
1.420933600000000069e+03,9.463300000000000267e+00
1.420935999999999922e+03,9.424200000000000799e+00
1.420938499999999976e+03,9.391999999999999460e+00
1.420940900000000056e+03,9.342599999999999127e+00
1.420943400000000111e+03,9.262000000000000455e+00
1.420945799999999963e+03,9.140700000000000713e+00
1.420948200000000043e+03,8.978400000000000603e+00
1.420950700000000097e+03,8.801000000000000156e+00
1.420953099999999949e+03,8.663899999999999935e+00
1.420955600000000004e+03,8.624399999999999622e+00
1.420958000000000084e+03,8.693799999999999528e+00
1.420960399999999936e+03,8.818400000000000460e+00
1.420962899999999991e+03,8.919600000000000861e+00
1.420965300000000070e+03,8.944699999999999207e+00
1.420967799999999897e+03,8.875400000000000844e+00
1.420970199999999977e+03,8.714600000000000790e+00
1.420972700000000032e+03,8.492800000000000793e+00
1.420975100000000111e+03,8.269299999999999429e+00
1.420977499999999964e+03,8.103899999999999437e+00
1.420980000000000018e+03,8.031299999999999883e+00
1.420982400000000098e+03,8.059100000000000819e+00
1.420984899999999925e+03,8.162300000000000111e+00
1.420987300000000005e+03,8.276300000000000878e+00
1.420989700000000084e+03,8.329399999999999693e+00
1.420992199999999912e+03,8.291800000000000281e+00
1.420994599999999991e+03,8.175700000000000855e+00
1.420997100000000046e+03,7.998400000000000176e+00
1.420999499999999898e+03,7.777899999999999814e+00
1.421001999999999953e+03,7.563600000000000101e+00
1.421004400000000032e+03,7.432699999999999640e+00
1.421006800000000112e+03,7.433699999999999974e+00
1.421009299999999939e+03,7.537700000000000067e+00
1.421011700000000019e+03,7.647100000000000009e+00
1.421014200000000073e+03,7.659799999999999720e+00
1.421016599999999926e+03,7.544599999999999973e+00
1.421019000000000005e+03,7.361900000000000333e+00
1.421021500000000060e+03,7.202399999999999913e+00
1.421023899999999912e+03,7.107700000000000351e+00
1.421026399999999967e+03,7.051300000000000345e+00
1.421028800000000047e+03,6.986799999999999677e+00
1.421031199999999899e+03,6.896499999999999631e+00
1.421033699999999953e+03,6.795600000000000307e+00
1.421036100000000033e+03,6.709699999999999775e+00
1.421038600000000088e+03,6.662600000000000300e+00
1.421040999999999940e+03,6.668300000000000338e+00
1.421043499999999995e+03,6.718700000000000117e+00
1.421045900000000074e+03,6.786299999999999777e+00
1.421048299999999927e+03,6.840200000000000280e+00
1.421050799999999981e+03,6.854599999999999582e+00
1.421053200000000061e+03,6.806799999999999962e+00
1.421055699999999888e+03,6.688799999999999635e+00
1.421058099999999968e+03,6.528100000000000236e+00
1.421060500000000047e+03,6.378999999999999559e+00
1.421063000000000102e+03,6.284299999999999997e+00
1.421065399999999954e+03,6.248300000000000409e+00
1.421067900000000009e+03,6.241100000000000314e+00
1.421070300000000088e+03,6.227800000000000225e+00
1.421072799999999916e+03,6.203199999999999825e+00
1.421075199999999995e+03,6.198199999999999932e+00
1.421077600000000075e+03,6.238400000000000389e+00
1.421080099999999902e+03,6.300300000000000011e+00
1.421082499999999982e+03,6.329299999999999926e+00
1.421085000000000036e+03,6.300900000000000389e+00
1.421087399999999889e+03,6.244200000000000195e+00
1.421089799999999968e+03,6.203199999999999825e+00
1.421092300000000023e+03,6.189400000000000013e+00
1.421094700000000103e+03,6.180500000000000327e+00
1.421097199999999930e+03,6.160199999999999676e+00
1.421099600000000009e+03,6.136199999999999655e+00
1.421102100000000064e+03,6.111799999999999677e+00
1.421104499999999916e+03,6.065299999999999692e+00
1.421106899999999996e+03,5.981399999999999828e+00
1.421109400000000051e+03,5.890500000000000291e+00
1.421111799999999903e+03,5.854199999999999626e+00
1.421114299999999957e+03,5.906699999999999839e+00
1.421116700000000037e+03,6.019300000000000317e+00
1.421119099999999889e+03,6.120199999999999640e+00
1.421121599999999944e+03,6.145400000000000418e+00
1.421124000000000024e+03,6.076800000000000423e+00
1.421126500000000078e+03,5.953700000000000436e+00
1.421128899999999931e+03,5.852800000000000225e+00
1.421131300000000010e+03,5.839900000000000091e+00
1.421133800000000065e+03,5.923499999999999766e+00
1.421136199999999917e+03,6.060299999999999798e+00
1.421138699999999972e+03,6.200999999999999623e+00
1.421141100000000051e+03,6.319300000000000139e+00
1.421143600000000106e+03,6.398399999999999643e+00
1.421145999999999958e+03,6.408100000000000129e+00
1.421148400000000038e+03,6.314400000000000013e+00
1.421150900000000092e+03,6.117899999999999672e+00
1.421153299999999945e+03,5.872099999999999653e+00
1.421155799999999999e+03,5.659399999999999764e+00
1.421158200000000079e+03,5.551199999999999690e+00
1.421160599999999931e+03,5.579200000000000159e+00
1.421163099999999986e+03,5.723399999999999821e+00
1.421165500000000065e+03,5.924299999999999677e+00
1.421167999999999893e+03,6.113900000000000112e+00
1.421170399999999972e+03,6.247200000000000308e+00
1.421172900000000027e+03,6.321500000000000341e+00
1.421175300000000107e+03,6.373499999999999943e+00
1.421177699999999959e+03,6.446299999999999919e+00
1.421180200000000013e+03,6.553399999999999892e+00
1.421182600000000093e+03,6.675699999999999967e+00
1.421185099999999920e+03,6.782899999999999707e+00
1.421187500000000000e+03,6.850600000000000023e+00
1.421189900000000080e+03,6.865899999999999892e+00
1.421192399999999907e+03,6.825999999999999623e+00
1.421194799999999987e+03,6.731499999999999595e+00
1.421197300000000041e+03,6.581400000000000361e+00
1.421199699999999893e+03,6.381099999999999994e+00
1.421202099999999973e+03,6.155400000000000205e+00
1.421204600000000028e+03,5.949699999999999989e+00
1.421207000000000107e+03,5.813100000000000378e+00
1.421209499999999935e+03,5.779499999999999638e+00
1.421211900000000014e+03,5.847599999999999909e+00
1.421214400000000069e+03,5.964599999999999902e+00
1.421216799999999921e+03,6.040099999999999802e+00
1.421219200000000001e+03,6.005200000000000315e+00
1.421221700000000055e+03,5.869299999999999962e+00
1.421224099999999908e+03,5.709999999999999964e+00
1.421226599999999962e+03,5.608100000000000307e+00
1.421229000000000042e+03,5.596700000000000230e+00
1.421231399999999894e+03,5.662700000000000067e+00
1.421233899999999949e+03,5.769300000000000317e+00
1.421236300000000028e+03,5.871100000000000207e+00
1.421238800000000083e+03,5.932299999999999685e+00
1.421241199999999935e+03,5.952099999999999724e+00
1.421243699999999990e+03,5.962399999999999700e+00
1.421246100000000069e+03,5.989399999999999835e+00
1.421248499999999922e+03,6.031299999999999883e+00
1.421250999999999976e+03,6.074300000000000033e+00
1.421253400000000056e+03,6.108200000000000074e+00
1.421255900000000111e+03,6.120000000000000107e+00
1.421258299999999963e+03,6.097299999999999720e+00
1.421260700000000043e+03,6.047600000000000087e+00
1.421263200000000097e+03,5.998999999999999666e+00
1.421265599999999949e+03,5.972000000000000419e+00
1.421268100000000004e+03,5.962699999999999889e+00
1.421270500000000084e+03,5.962500000000000355e+00
1.421272899999999936e+03,5.977100000000000080e+00
1.421275399999999991e+03,6.011599999999999611e+00
1.421277800000000070e+03,6.049199999999999910e+00
1.421280299999999897e+03,6.067899999999999849e+00
1.421282699999999977e+03,6.066099999999999604e+00
1.421285200000000032e+03,6.054400000000000226e+00
1.421287600000000111e+03,6.030199999999999783e+00
1.421289999999999964e+03,5.976899999999999658e+00
1.421292500000000018e+03,5.892100000000000115e+00
1.421294900000000098e+03,5.800200000000000244e+00
1.421297399999999925e+03,5.730800000000000338e+00
1.421299800000000005e+03,5.699300000000000033e+00
1.421302200000000084e+03,5.714599999999999902e+00
1.421304699999999912e+03,5.788199999999999790e+00
1.421307099999999991e+03,5.914500000000000313e+00
1.421309600000000046e+03,6.051800000000000068e+00
1.421311999999999898e+03,6.139000000000000234e+00
1.421314499999999953e+03,6.140799999999999592e+00
1.421316900000000032e+03,6.080400000000000027e+00
1.421319300000000112e+03,6.022300000000000431e+00
1.421321799999999939e+03,6.016200000000000436e+00
1.421324200000000019e+03,6.054700000000000415e+00
1.421326700000000073e+03,6.086899999999999977e+00
1.421329099999999926e+03,6.071799999999999642e+00
1.421331500000000005e+03,6.014599999999999724e+00
1.421334000000000060e+03,5.954200000000000159e+00
1.421336399999999912e+03,5.926300000000000345e+00
1.421338899999999967e+03,5.940400000000000347e+00
1.421341300000000047e+03,5.980299999999999727e+00
1.421343800000000101e+03,6.016700000000000159e+00
1.421346199999999953e+03,6.026399999999999757e+00
1.421348600000000033e+03,6.008799999999999919e+00
1.421351100000000088e+03,5.990700000000000358e+00
1.421353499999999940e+03,6.012100000000000222e+00
1.421355999999999995e+03,6.091800000000000104e+00
1.421358400000000074e+03,6.196600000000000108e+00
1.421360799999999927e+03,6.259699999999999598e+00
1.421363299999999981e+03,6.242099999999999760e+00
1.421365700000000061e+03,6.171400000000000219e+00
1.421368199999999888e+03,6.114399999999999835e+00
1.421370599999999968e+03,6.119500000000000384e+00
1.421373000000000047e+03,6.183500000000000441e+00
1.421375500000000102e+03,6.256400000000000183e+00
1.421377899999999954e+03,6.274300000000000210e+00
1.421380400000000009e+03,6.197499999999999787e+00
1.421382800000000088e+03,6.034799999999999720e+00
1.421385299999999916e+03,5.839900000000000091e+00
1.421387699999999995e+03,5.682100000000000151e+00
1.421390100000000075e+03,5.607599999999999696e+00
1.421392599999999902e+03,5.619699999999999918e+00
1.421394999999999982e+03,5.696799999999999642e+00
1.421397500000000036e+03,5.819099999999999717e+00
1.421399899999999889e+03,5.961100000000000065e+00
1.421402299999999968e+03,6.075199999999999712e+00
1.421404800000000023e+03,6.107000000000000206e+00
1.421407200000000103e+03,6.033199999999999896e+00
1.421409699999999930e+03,5.874699999999999811e+00
1.421412100000000009e+03,5.687000000000000277e+00
1.421414600000000064e+03,5.547799999999999621e+00
1.421416999999999916e+03,5.531900000000000261e+00
1.421419399999999996e+03,5.663999999999999702e+00
1.421421900000000051e+03,5.886099999999999888e+00
1.421424299999999903e+03,6.081199999999999939e+00
1.421426799999999957e+03,6.151399999999999757e+00
1.421429200000000037e+03,6.087799999999999656e+00
1.421431599999999889e+03,5.962699999999999889e+00
1.421434099999999944e+03,5.850699999999999790e+00
1.421436500000000024e+03,5.769899999999999807e+00
1.421439000000000078e+03,5.702799999999999869e+00
1.421441399999999931e+03,5.653900000000000148e+00
1.421443800000000010e+03,5.660199999999999676e+00
1.421446300000000065e+03,5.745499999999999829e+00
1.421448699999999917e+03,5.889400000000000190e+00
1.421451199999999972e+03,6.051499999999999879e+00
1.421453600000000051e+03,6.210499999999999687e+00
1.421456100000000106e+03,6.362099999999999866e+00
1.421458499999999958e+03,6.486399999999999721e+00
1.421460900000000038e+03,6.540799999999999947e+00
1.421463400000000092e+03,6.494200000000000195e+00
1.421465799999999945e+03,6.358999999999999986e+00
1.421468299999999999e+03,6.189799999999999969e+00
1.421470700000000079e+03,6.053099999999999703e+00
1.421473099999999931e+03,5.993599999999999817e+00
1.421475599999999986e+03,6.015900000000000247e+00
1.421478000000000065e+03,6.087900000000000311e+00
1.421480499999999893e+03,6.159900000000000375e+00
1.421482899999999972e+03,6.188200000000000145e+00
1.421485400000000027e+03,6.157600000000000406e+00
1.421487800000000107e+03,6.091899999999999871e+00
1.421490199999999959e+03,6.041699999999999626e+00
1.421492700000000013e+03,6.051400000000000112e+00
1.421495100000000093e+03,6.125300000000000189e+00
1.421497599999999920e+03,6.220100000000000406e+00
1.421500000000000000e+03,6.278800000000000381e+00
1.421502400000000080e+03,6.282799999999999940e+00
1.421504899999999907e+03,6.266300000000000203e+00
1.421507299999999987e+03,6.271099999999999675e+00
1.421509800000000041e+03,6.299000000000000377e+00
1.421512199999999893e+03,6.318200000000000038e+00
1.421514599999999973e+03,6.303399999999999892e+00
1.421517100000000028e+03,6.263300000000000090e+00
1.421519500000000107e+03,6.239600000000000257e+00
1.421521999999999935e+03,6.277700000000000280e+00
1.421524400000000014e+03,6.379800000000000360e+00
1.421526900000000069e+03,6.484399999999999942e+00
1.421529299999999921e+03,6.503099999999999881e+00
1.421531700000000001e+03,6.386499999999999844e+00
1.421534200000000055e+03,6.159500000000000419e+00
1.421536599999999908e+03,5.904300000000000104e+00
1.421539099999999962e+03,5.708700000000000330e+00
1.421541500000000042e+03,5.619900000000000340e+00
1.421543899999999894e+03,5.635500000000000398e+00
1.421546399999999949e+03,5.725399999999999601e+00
1.421548800000000028e+03,5.851399999999999935e+00
1.421551300000000083e+03,5.966700000000000337e+00
1.421553699999999935e+03,6.017400000000000304e+00
1.421556199999999990e+03,5.972900000000000098e+00
1.421558600000000069e+03,5.854800000000000004e+00
1.421560999999999922e+03,5.726300000000000168e+00
1.421563499999999976e+03,5.649399999999999977e+00
1.421565900000000056e+03,5.649099999999999788e+00
1.421568400000000111e+03,5.703999999999999737e+00
1.421570799999999963e+03,5.769700000000000273e+00
1.421573200000000043e+03,5.812299999999999578e+00
1.421575700000000097e+03,5.821200000000000152e+00
1.421578099999999949e+03,5.791299999999999670e+00
1.421580600000000004e+03,5.712799999999999656e+00
1.421583000000000084e+03,5.594999999999999751e+00
1.421585399999999936e+03,5.488699999999999690e+00
1.421587899999999991e+03,5.460399999999999920e+00
1.421590300000000070e+03,5.540099999999999802e+00
1.421592799999999897e+03,5.701100000000000279e+00
1.421595199999999977e+03,5.886899999999999800e+00
1.421597700000000032e+03,6.041299999999999670e+00
1.421600100000000111e+03,6.122099999999999653e+00
1.421602499999999964e+03,6.118400000000000283e+00
1.421605000000000018e+03,6.065400000000000347e+00
1.421607400000000098e+03,6.016499999999999737e+00
1.421609899999999925e+03,5.991100000000000314e+00
1.421612300000000005e+03,5.960399999999999920e+00
1.421614700000000084e+03,5.885900000000000354e+00
1.421617199999999912e+03,5.756899999999999906e+00
1.421619599999999991e+03,5.594999999999999751e+00
1.421622100000000046e+03,5.437999999999999723e+00
1.421624499999999898e+03,5.323299999999999699e+00
1.421626999999999953e+03,5.276299999999999990e+00
1.421629400000000032e+03,5.305200000000000138e+00
1.421631800000000112e+03,5.405700000000000394e+00
1.421634299999999939e+03,5.562500000000000000e+00
1.421636700000000019e+03,5.741100000000000314e+00
1.421639200000000073e+03,5.880600000000000271e+00
1.421641599999999926e+03,5.918099999999999916e+00
1.421644000000000005e+03,5.837299999999999933e+00
1.421646500000000060e+03,5.688799999999999635e+00
1.421648899999999912e+03,5.548199999999999577e+00
1.421651399999999967e+03,5.457099999999999618e+00
1.421653800000000047e+03,5.408199999999999896e+00
1.421656199999999899e+03,5.377699999999999925e+00
1.421658699999999953e+03,5.355699999999999683e+00
1.421661100000000033e+03,5.343099999999999739e+00
1.421663600000000088e+03,5.333499999999999908e+00
1.421665999999999940e+03,5.317899999999999849e+00
1.421668499999999995e+03,5.308200000000000252e+00
1.421670900000000074e+03,5.334800000000000431e+00
1.421673299999999927e+03,5.405499999999999972e+00
1.421675799999999981e+03,5.481399999999999828e+00
1.421678200000000061e+03,5.508700000000000152e+00
1.421680699999999888e+03,5.474499999999999922e+00
1.421683099999999968e+03,5.425600000000000200e+00
1.421685500000000047e+03,5.427599999999999980e+00
1.421688000000000102e+03,5.506000000000000227e+00
1.421690399999999954e+03,5.629800000000000360e+00
1.421692900000000009e+03,5.750000000000000000e+00
1.421695300000000088e+03,5.839800000000000324e+00
1.421697799999999916e+03,5.893399999999999750e+00
1.421700199999999995e+03,5.911599999999999966e+00
1.421702600000000075e+03,5.902400000000000091e+00
1.421705099999999902e+03,5.876100000000000101e+00
1.421707499999999982e+03,5.830099999999999838e+00
1.421710000000000036e+03,5.754699999999999704e+00
1.421712399999999889e+03,5.658199999999999896e+00
1.421714799999999968e+03,5.569099999999999717e+00
1.421717300000000023e+03,5.506199999999999761e+00
1.421719700000000103e+03,5.463799999999999990e+00
1.421722199999999930e+03,5.431600000000000428e+00
1.421724600000000009e+03,5.418800000000000061e+00
1.421727100000000064e+03,5.449699999999999989e+00
1.421729499999999916e+03,5.539799999999999613e+00
1.421731899999999996e+03,5.679400000000000226e+00
1.421734400000000051e+03,5.834500000000000242e+00
1.421736799999999903e+03,5.961000000000000298e+00
1.421739299999999957e+03,6.027300000000000324e+00
1.421741700000000037e+03,6.034099999999999575e+00
1.421744099999999889e+03,6.014999999999999680e+00
1.421746599999999944e+03,6.008799999999999919e+00
1.421749000000000024e+03,6.024000000000000021e+00
1.421751500000000078e+03,6.033299999999999663e+00
1.421753899999999931e+03,6.001999999999999780e+00
1.421756300000000010e+03,5.911800000000000388e+00
1.421758800000000065e+03,5.771300000000000097e+00
1.421761199999999917e+03,5.623300000000000409e+00
1.421763699999999972e+03,5.531900000000000261e+00
1.421766100000000051e+03,5.534699999999999953e+00
1.421768600000000106e+03,5.605199999999999960e+00
1.421770999999999958e+03,5.677900000000000169e+00
1.421773400000000038e+03,5.704500000000000348e+00
1.421775900000000092e+03,5.680900000000000283e+00
1.421778299999999945e+03,5.638700000000000045e+00
1.421780799999999999e+03,5.628599999999999604e+00
1.421783200000000079e+03,5.691200000000000259e+00
1.421785599999999931e+03,5.819700000000000095e+00
1.421788099999999986e+03,5.954200000000000159e+00
1.421790500000000065e+03,6.033900000000000041e+00
1.421792999999999893e+03,6.052999999999999936e+00
1.421795399999999972e+03,6.052200000000000024e+00
1.421797900000000027e+03,6.066200000000000259e+00
1.421800300000000107e+03,6.097599999999999909e+00
1.421802699999999959e+03,6.133899999999999686e+00
1.421805200000000013e+03,6.160199999999999676e+00
1.421807600000000093e+03,6.157799999999999940e+00
1.421810099999999920e+03,6.113100000000000200e+00
1.421812500000000000e+03,6.036100000000000243e+00
1.421814900000000080e+03,5.953999999999999737e+00
1.421817399999999907e+03,5.885200000000000209e+00
1.421819799999999987e+03,5.831699999999999662e+00
1.421822300000000041e+03,5.801899999999999835e+00
1.421824699999999893e+03,5.820700000000000429e+00
1.421827099999999973e+03,5.905400000000000205e+00
1.421829600000000028e+03,6.038299999999999557e+00
1.421832000000000107e+03,6.171700000000000408e+00
1.421834499999999935e+03,6.258499999999999730e+00
1.421836900000000014e+03,6.279399999999999871e+00
1.421839400000000069e+03,6.251100000000000101e+00
1.421841799999999921e+03,6.207099999999999618e+00
1.421844200000000001e+03,6.163899999999999935e+00
1.421846700000000055e+03,6.101799999999999891e+00
1.421849099999999908e+03,5.987300000000000288e+00
1.421851599999999962e+03,5.813600000000000101e+00
1.421854000000000042e+03,5.614200000000000301e+00
1.421856399999999894e+03,5.448900000000000077e+00
1.421858899999999949e+03,5.376900000000000013e+00
1.421861300000000028e+03,5.423300000000000232e+00
1.421863800000000083e+03,5.552800000000000402e+00
1.421866199999999935e+03,5.687400000000000233e+00
1.421868699999999990e+03,5.763399999999999856e+00
1.421871100000000069e+03,5.771499999999999631e+00
1.421873499999999922e+03,5.750799999999999912e+00
1.421875999999999976e+03,5.749200000000000088e+00
1.421878400000000056e+03,5.781500000000000306e+00
1.421880900000000111e+03,5.818999999999999950e+00
1.421883299999999963e+03,5.819499999999999673e+00
1.421885700000000043e+03,5.773600000000000065e+00
1.421888200000000097e+03,5.727800000000000225e+00
1.421890599999999949e+03,5.755700000000000038e+00
1.421893100000000004e+03,5.889199999999999768e+00
1.421895500000000084e+03,6.076500000000000234e+00
1.421897899999999936e+03,6.221799999999999997e+00
1.421900399999999991e+03,6.262100000000000222e+00
1.421902800000000070e+03,6.198199999999999932e+00
1.421905299999999897e+03,6.073000000000000398e+00
1.421907699999999977e+03,5.941799999999999748e+00
1.421910200000000032e+03,5.849800000000000111e+00
1.421912600000000111e+03,5.811499999999999666e+00
1.421914999999999964e+03,5.808600000000000207e+00
1.421917500000000018e+03,5.818599999999999994e+00
1.421919900000000098e+03,5.842399999999999594e+00
1.421922399999999925e+03,5.892599999999999838e+00
1.421924800000000005e+03,5.964900000000000091e+00
1.421927200000000084e+03,6.035499999999999865e+00
1.421929699999999912e+03,6.080499999999999794e+00
1.421932099999999991e+03,6.085899999999999643e+00
1.421934600000000046e+03,6.043300000000000338e+00
1.421936999999999898e+03,5.959100000000000286e+00
1.421939499999999953e+03,5.867499999999999716e+00
1.421941900000000032e+03,5.809899999999999842e+00
1.421944300000000112e+03,5.794500000000000206e+00
1.421946799999999939e+03,5.788400000000000212e+00
1.421949200000000019e+03,5.751900000000000013e+00
1.421951700000000073e+03,5.668899999999999828e+00
1.421954099999999926e+03,5.555100000000000371e+00
1.421956500000000005e+03,5.450199999999999712e+00
1.421959000000000060e+03,5.395999999999999908e+00
1.421961399999999912e+03,5.409099999999999575e+00
1.421963899999999967e+03,5.471199999999999619e+00
1.421966300000000047e+03,5.544500000000000206e+00
1.421968800000000101e+03,5.593200000000000394e+00
1.421971199999999953e+03,5.599300000000000388e+00
1.421973600000000033e+03,5.571100000000000385e+00
1.421976100000000088e+03,5.539699999999999847e+00
1.421978499999999940e+03,5.544599999999999973e+00
1.421980999999999995e+03,5.609700000000000131e+00
1.421983400000000074e+03,5.724999999999999645e+00
1.421985799999999927e+03,5.855299999999999727e+00
1.421988299999999981e+03,5.971599999999999575e+00
1.421990700000000061e+03,6.060800000000000409e+00
1.421993199999999888e+03,6.100799999999999557e+00
1.421995599999999968e+03,6.057800000000000296e+00
1.421998000000000047e+03,5.928700000000000081e+00
1.422000500000000102e+03,5.767800000000000260e+00
1.422002899999999954e+03,5.645699999999999719e+00
1.422005400000000009e+03,5.583700000000000330e+00
1.422007800000000088e+03,5.550600000000000200e+00
1.422010299999999916e+03,5.523399999999999643e+00
1.422012699999999995e+03,5.523500000000000298e+00
1.422015100000000075e+03,5.571500000000000341e+00
1.422017599999999902e+03,5.632500000000000284e+00
1.422019999999999982e+03,5.638300000000000090e+00
1.422022500000000036e+03,5.565699999999999648e+00
1.422024899999999889e+03,5.469400000000000261e+00
1.422027299999999968e+03,5.429800000000000182e+00
1.422029800000000023e+03,5.477000000000000313e+00
1.422032200000000103e+03,5.576299999999999812e+00
1.422034699999999930e+03,5.671400000000000219e+00
1.422037100000000009e+03,5.721099999999999852e+00
1.422039600000000064e+03,5.706999999999999851e+00
1.422041999999999916e+03,5.634299999999999642e+00
1.422044399999999996e+03,5.533500000000000085e+00
1.422046900000000051e+03,5.448900000000000077e+00
1.422049299999999903e+03,5.421499999999999986e+00
1.422051799999999957e+03,5.473700000000000010e+00
1.422054200000000037e+03,5.596099999999999852e+00
1.422056599999999889e+03,5.742099999999999760e+00
1.422059099999999944e+03,5.844000000000000306e+00
1.422061500000000024e+03,5.856600000000000250e+00
1.422064000000000078e+03,5.787499999999999645e+00
1.422066399999999931e+03,5.680299999999999905e+00
1.422068800000000010e+03,5.571699999999999875e+00
1.422071300000000065e+03,5.467200000000000060e+00
1.422073699999999917e+03,5.350399999999999601e+00
1.422076199999999972e+03,5.216199999999999726e+00
1.422078600000000051e+03,5.100799999999999557e+00
1.422081100000000106e+03,5.070700000000000429e+00
1.422083499999999958e+03,5.169400000000000439e+00
1.422085900000000038e+03,5.369900000000000340e+00
1.422088400000000092e+03,5.581800000000000317e+00
1.422090799999999945e+03,5.709399999999999586e+00
1.422093299999999999e+03,5.713199999999999612e+00
1.422095700000000079e+03,5.632600000000000051e+00
1.422098099999999931e+03,5.554599999999999760e+00
1.422100599999999986e+03,5.549000000000000377e+00
1.422103000000000065e+03,5.618100000000000094e+00
1.422105499999999893e+03,5.703599999999999781e+00
1.422107899999999972e+03,5.743699999999999584e+00
1.422110400000000027e+03,5.725200000000000067e+00
1.422112800000000107e+03,5.684700000000000308e+00
1.422115199999999959e+03,5.667099999999999582e+00
1.422117700000000013e+03,5.682000000000000384e+00
1.422120100000000093e+03,5.701500000000000234e+00
1.422122599999999920e+03,5.698299999999999699e+00
1.422125000000000000e+03,5.677399999999999558e+00
1.422127400000000080e+03,5.667900000000000382e+00
1.422129899999999907e+03,5.694600000000000328e+00
1.422132299999999987e+03,5.759199999999999875e+00
1.422134800000000041e+03,5.836999999999999744e+00
1.422137199999999893e+03,5.886800000000000033e+00
1.422139599999999973e+03,5.876000000000000334e+00
1.422142100000000028e+03,5.806300000000000239e+00
1.422144500000000107e+03,5.717800000000000438e+00
1.422146999999999935e+03,5.659099999999999575e+00
1.422149400000000014e+03,5.646600000000000286e+00
1.422151900000000069e+03,5.653900000000000148e+00
1.422154299999999921e+03,5.642199999999999882e+00
1.422156700000000001e+03,5.596400000000000041e+00
1.422159200000000055e+03,5.536599999999999966e+00
1.422161599999999908e+03,5.508399999999999963e+00
1.422164099999999962e+03,5.559099999999999930e+00
1.422166500000000042e+03,5.704100000000000392e+00
1.422168899999999894e+03,5.905199999999999783e+00
1.422171399999999949e+03,6.083199999999999719e+00
1.422173800000000028e+03,6.157799999999999940e+00
1.422176300000000083e+03,6.090799999999999770e+00
1.422178699999999935e+03,5.914600000000000080e+00
1.422181199999999990e+03,5.729700000000000237e+00
1.422183600000000069e+03,5.648299999999999876e+00
1.422185999999999922e+03,5.718099999999999739e+00
1.422188499999999976e+03,5.892000000000000348e+00
1.422190900000000056e+03,6.068999999999999950e+00
1.422193400000000111e+03,6.160700000000000287e+00
1.422195799999999963e+03,6.132100000000000328e+00
1.422198200000000043e+03,6.007299999999999862e+00
1.422200700000000097e+03,5.850399999999999601e+00
1.422203099999999949e+03,5.723399999999999821e+00
1.422205600000000004e+03,5.641399999999999970e+00
1.422208000000000084e+03,5.564099999999999824e+00
1.422210399999999936e+03,5.442300000000000360e+00
1.422212899999999991e+03,5.274700000000000166e+00
1.422215300000000070e+03,5.114700000000000024e+00
1.422217799999999897e+03,5.022400000000000198e+00
1.422220199999999977e+03,5.016799999999999926e+00
1.422222700000000032e+03,5.074600000000000222e+00
1.422225100000000111e+03,5.166699999999999626e+00
1.422227499999999964e+03,5.282199999999999562e+00
1.422230000000000018e+03,5.408000000000000362e+00
1.422232400000000098e+03,5.501699999999999591e+00
1.422234899999999925e+03,5.511300000000000310e+00
1.422237300000000005e+03,5.425900000000000389e+00
1.422239700000000084e+03,5.294699999999999740e+00
1.422242199999999912e+03,5.195500000000000007e+00
1.422244599999999991e+03,5.187199999999999811e+00
1.422247100000000046e+03,5.277999999999999581e+00
1.422249499999999898e+03,5.419699999999999740e+00
1.422251999999999953e+03,5.540399999999999991e+00
1.422254400000000032e+03,5.598799999999999777e+00
1.422256800000000112e+03,5.607700000000000351e+00
1.422259299999999939e+03,5.601499999999999702e+00
1.422261700000000019e+03,5.592399999999999594e+00
1.422264200000000073e+03,5.570599999999999774e+00
1.422266599999999926e+03,5.532000000000000028e+00
1.422269000000000005e+03,5.486399999999999721e+00
1.422271500000000060e+03,5.438699999999999868e+00
1.422273899999999912e+03,5.381800000000000139e+00
1.422276399999999967e+03,5.310699999999999754e+00
1.422278800000000047e+03,5.232000000000000206e+00
1.422281199999999899e+03,5.161500000000000199e+00
1.422283699999999953e+03,5.121999999999999886e+00
1.422286100000000033e+03,5.129500000000000171e+00
1.422288600000000088e+03,5.168099999999999916e+00
1.422290999999999940e+03,5.193200000000000038e+00
1.422293499999999995e+03,5.176899999999999835e+00
1.422295900000000074e+03,5.142400000000000304e+00
1.422298299999999927e+03,5.141899999999999693e+00
1.422300799999999981e+03,5.209200000000000053e+00
1.422303200000000061e+03,5.335799999999999876e+00
1.422305699999999888e+03,5.480699999999999683e+00
1.422308099999999968e+03,5.592699999999999783e+00
1.422310500000000047e+03,5.628700000000000259e+00
1.422313000000000102e+03,5.575499999999999901e+00
1.422315399999999954e+03,5.466800000000000104e+00
1.422317900000000009e+03,5.358999999999999986e+00
1.422320300000000088e+03,5.280499999999999972e+00
1.422322799999999916e+03,5.219899999999999984e+00
1.422325199999999995e+03,5.171499999999999986e+00
1.422327600000000075e+03,5.158999999999999808e+00
1.422330099999999902e+03,5.199300000000000033e+00
1.422332499999999982e+03,5.268399999999999750e+00
1.422335000000000036e+03,5.324799999999999756e+00
1.422337399999999889e+03,5.348799999999999777e+00
1.422339799999999968e+03,5.345200000000000173e+00
1.422342300000000023e+03,5.323400000000000354e+00
1.422344700000000103e+03,5.291100000000000136e+00
1.422347199999999930e+03,5.261899999999999800e+00
1.422349600000000009e+03,5.254299999999999748e+00
1.422352100000000064e+03,5.272199999999999775e+00
1.422354499999999916e+03,5.293499999999999872e+00
1.422356899999999996e+03,5.289500000000000313e+00
1.422359400000000051e+03,5.258000000000000007e+00
1.422361799999999903e+03,5.228200000000000180e+00
1.422364299999999957e+03,5.232999999999999652e+00
1.422366700000000037e+03,5.283999999999999808e+00
1.422369099999999889e+03,5.369100000000000428e+00
1.422371599999999944e+03,5.465399999999999814e+00
1.422374000000000024e+03,5.545899999999999608e+00
1.422376500000000078e+03,5.591099999999999959e+00
1.422378899999999931e+03,5.605599999999999916e+00
1.422381300000000010e+03,5.615099999999999980e+00
1.422383800000000065e+03,5.634299999999999642e+00
1.422386199999999917e+03,5.649499999999999744e+00
1.422388699999999972e+03,5.638799999999999812e+00
1.422391100000000051e+03,5.595699999999999896e+00
1.422393600000000106e+03,5.527000000000000135e+00
1.422395999999999958e+03,5.443900000000000183e+00
1.422398400000000038e+03,5.366699999999999804e+00
1.422400900000000092e+03,5.324399999999999800e+00
1.422403299999999945e+03,5.336100000000000065e+00
1.422405799999999999e+03,5.393299999999999983e+00
1.422408200000000079e+03,5.459200000000000053e+00
1.422410599999999931e+03,5.492300000000000182e+00
1.422413099999999986e+03,5.490199999999999747e+00
1.422415500000000065e+03,5.506000000000000227e+00
1.422417999999999893e+03,5.594999999999999751e+00
1.422420399999999972e+03,5.743100000000000094e+00
1.422422900000000027e+03,5.871699999999999697e+00
1.422425300000000107e+03,5.913400000000000212e+00
1.422427699999999959e+03,5.866200000000000081e+00
1.422430200000000013e+03,5.780599999999999739e+00
1.422432600000000093e+03,5.717299999999999827e+00
1.422435099999999920e+03,5.714100000000000179e+00
1.422437500000000000e+03,5.769599999999999618e+00
1.422439900000000080e+03,5.847299999999999720e+00
1.422442399999999907e+03,5.905100000000000016e+00
1.422444799999999987e+03,5.923499999999999766e+00
1.422447300000000041e+03,5.902199999999999669e+00
1.422449699999999893e+03,5.842299999999999827e+00
1.422452099999999973e+03,5.740899999999999892e+00
1.422454600000000028e+03,5.603200000000000180e+00
1.422457000000000107e+03,5.453800000000000203e+00
1.422459499999999935e+03,5.331299999999999706e+00
1.422461900000000014e+03,5.267299999999999649e+00
1.422464400000000069e+03,5.269000000000000128e+00
1.422466799999999921e+03,5.327300000000000146e+00
1.422469200000000001e+03,5.437000000000000277e+00
1.422471700000000055e+03,5.592999999999999972e+00
1.422474099999999908e+03,5.770500000000000185e+00
1.422476599999999962e+03,5.929299999999999571e+00
1.422479000000000042e+03,6.041500000000000092e+00
1.422481399999999894e+03,6.097599999999999909e+00
1.422483899999999949e+03,6.095399999999999707e+00
1.422486300000000028e+03,6.047900000000000276e+00
1.422488800000000083e+03,5.998599999999999710e+00
1.422491199999999935e+03,6.002699999999999925e+00
1.422493699999999990e+03,6.083000000000000185e+00
1.422496100000000069e+03,6.201800000000000423e+00
1.422498499999999922e+03,6.271700000000000053e+00
1.422500999999999976e+03,6.210899999999999643e+00
1.422503400000000056e+03,6.010799999999999699e+00
1.422505900000000111e+03,5.754299999999999748e+00
1.422508299999999963e+03,5.558799999999999741e+00
1.422510700000000043e+03,5.498599999999999710e+00
1.422513200000000097e+03,5.566499999999999559e+00
1.422515599999999949e+03,5.686399999999999899e+00
1.422518100000000004e+03,5.764400000000000190e+00
1.422520500000000084e+03,5.750300000000000189e+00
1.422522899999999936e+03,5.664900000000000269e+00
1.422525399999999991e+03,5.570400000000000240e+00
1.422527800000000070e+03,5.515299999999999869e+00
1.422530299999999897e+03,5.507600000000000051e+00
1.422532699999999977e+03,5.534099999999999575e+00
1.422535200000000032e+03,5.590499999999999581e+00
1.422537600000000111e+03,5.676599999999999646e+00
1.422539999999999964e+03,5.775000000000000355e+00
1.422542500000000018e+03,5.860599999999999810e+00
1.422544900000000098e+03,5.932699999999999640e+00
1.422547399999999925e+03,6.012699999999999712e+00
1.422549800000000005e+03,6.103900000000000325e+00
1.422552200000000084e+03,6.173399999999999999e+00
1.422554699999999912e+03,6.179400000000000226e+00
1.422557099999999991e+03,6.109700000000000131e+00
1.422559600000000046e+03,5.995499999999999829e+00
1.422561999999999898e+03,5.892100000000000115e+00
1.422564499999999953e+03,5.830599999999999561e+00
1.422566900000000032e+03,5.782700000000000173e+00
1.422569300000000112e+03,5.686700000000000088e+00
1.422571799999999939e+03,5.517699999999999605e+00
1.422574200000000019e+03,5.324099999999999611e+00
1.422576700000000073e+03,5.191799999999999748e+00
1.422579099999999926e+03,5.172900000000000276e+00
1.422581500000000005e+03,5.249699999999999811e+00
1.422584000000000060e+03,5.360299999999999621e+00
1.422586399999999912e+03,5.456299999999999706e+00
1.422588899999999967e+03,5.533800000000000274e+00
1.422591300000000047e+03,5.615300000000000402e+00
1.422593800000000101e+03,5.710899999999999643e+00
1.422596199999999953e+03,5.802200000000000024e+00
1.422598600000000033e+03,5.854899999999999771e+00
1.422601100000000088e+03,5.842500000000000249e+00
1.422603499999999940e+03,5.770199999999999996e+00
1.422605999999999995e+03,5.681799999999999962e+00
1.422608400000000074e+03,5.634100000000000108e+00
1.422610799999999927e+03,5.654099999999999682e+00
1.422613299999999981e+03,5.722699999999999676e+00
1.422615700000000061e+03,5.797399999999999665e+00
1.422618199999999888e+03,5.846899999999999764e+00
1.422620599999999968e+03,5.864099999999999646e+00
1.422623000000000047e+03,5.852500000000000036e+00
1.422625500000000102e+03,5.806400000000000006e+00
1.422627899999999954e+03,5.717600000000000016e+00
1.422630400000000009e+03,5.606200000000000294e+00
1.422632800000000088e+03,5.523100000000000342e+00
1.422635299999999916e+03,5.500000000000000000e+00
1.422637699999999995e+03,5.512599999999999945e+00
1.422640100000000075e+03,5.515799999999999592e+00
1.422642599999999902e+03,5.501699999999999591e+00
1.422644999999999982e+03,5.497799999999999798e+00
1.422647500000000036e+03,5.516799999999999926e+00
1.422649899999999889e+03,5.538800000000000168e+00
1.422652299999999968e+03,5.541400000000000325e+00
1.422654800000000023e+03,5.524899999999999700e+00
1.422657200000000103e+03,5.505499999999999616e+00
1.422659699999999930e+03,5.498499999999999943e+00
1.422662100000000009e+03,5.511000000000000121e+00
1.422664600000000064e+03,5.537200000000000344e+00
1.422666999999999916e+03,5.560100000000000264e+00
1.422669399999999996e+03,5.565400000000000347e+00
1.422671900000000051e+03,5.555200000000000138e+00
1.422674299999999903e+03,5.541699999999999626e+00
1.422676799999999957e+03,5.530899999999999928e+00
1.422679200000000037e+03,5.518699999999999939e+00
1.422681599999999889e+03,5.498099999999999987e+00
1.422684099999999944e+03,5.461800000000000210e+00
1.422686500000000024e+03,5.403100000000000236e+00
1.422689000000000078e+03,5.324799999999999756e+00
1.422691399999999931e+03,5.250600000000000378e+00
1.422693800000000010e+03,5.219400000000000261e+00
1.422696300000000065e+03,5.263700000000000045e+00
1.422698699999999917e+03,5.387999999999999901e+00
1.422701199999999972e+03,5.555200000000000138e+00
1.422703600000000051e+03,5.694799999999999862e+00
1.422706100000000106e+03,5.743000000000000327e+00
1.422708499999999958e+03,5.695100000000000051e+00
1.422710900000000038e+03,5.610299999999999621e+00
1.422713400000000092e+03,5.552500000000000213e+00
1.422715799999999945e+03,5.536699999999999733e+00
1.422718299999999999e+03,5.537700000000000067e+00
1.422720700000000079e+03,5.529499999999999638e+00
1.422723099999999931e+03,5.496999999999999886e+00
1.422725599999999986e+03,5.426800000000000068e+00
1.422728000000000065e+03,5.317400000000000126e+00
1.422730499999999893e+03,5.206299999999999706e+00
1.422732899999999972e+03,5.154799999999999827e+00
1.422735400000000027e+03,5.187199999999999811e+00
1.422737800000000107e+03,5.257600000000000051e+00
1.422740199999999959e+03,5.291299999999999670e+00
1.422742700000000013e+03,5.254100000000000215e+00
1.422745100000000093e+03,5.174999999999999822e+00
1.422747599999999920e+03,5.113500000000000156e+00
1.422750000000000000e+03,5.119699999999999918e+00
1.422752400000000080e+03,5.212399999999999700e+00
1.422754899999999907e+03,5.366799999999999571e+00
1.422757299999999987e+03,5.519300000000000317e+00
1.422759800000000041e+03,5.604199999999999626e+00
1.422762199999999893e+03,5.602999999999999758e+00
1.422764599999999973e+03,5.559499999999999886e+00
1.422767100000000028e+03,5.539399999999999658e+00
1.422769500000000107e+03,5.574499999999999567e+00
1.422771999999999935e+03,5.644000000000000128e+00
1.422774400000000014e+03,5.702700000000000102e+00
1.422776900000000069e+03,5.720100000000000406e+00
1.422779299999999921e+03,5.696100000000000385e+00
1.422781700000000001e+03,5.654899999999999594e+00
1.422784200000000055e+03,5.633499999999999730e+00
1.422786599999999908e+03,5.663299999999999557e+00
1.422789099999999962e+03,5.742499999999999716e+00
1.422791500000000042e+03,5.824600000000000222e+00
1.422793899999999894e+03,5.850100000000000300e+00
1.422796399999999949e+03,5.804499999999999993e+00
1.422798800000000028e+03,5.736200000000000188e+00
1.422801300000000083e+03,5.702399999999999913e+00
1.422803699999999935e+03,5.703700000000000436e+00
1.422806199999999990e+03,5.692700000000000315e+00
1.422808600000000069e+03,5.645299999999999763e+00
1.422810999999999922e+03,5.591800000000000104e+00
1.422813499999999976e+03,5.565999999999999837e+00
1.422815900000000056e+03,5.552800000000000402e+00
1.422818400000000111e+03,5.515399999999999636e+00
1.422820799999999963e+03,5.464599999999999902e+00
1.422823200000000043e+03,5.459900000000000198e+00
1.422825700000000097e+03,5.528400000000000425e+00
1.422828099999999949e+03,5.617600000000000371e+00
1.422830600000000004e+03,5.656799999999999606e+00
1.422833000000000084e+03,5.635500000000000398e+00
1.422835399999999936e+03,5.595699999999999896e+00
1.422837899999999991e+03,5.567700000000000315e+00
1.422840300000000070e+03,5.546100000000000030e+00
1.422842799999999897e+03,5.522800000000000153e+00
1.422845199999999977e+03,5.518600000000000172e+00
1.422847700000000032e+03,5.558799999999999741e+00
1.422850100000000111e+03,5.618999999999999773e+00
1.422852499999999964e+03,5.623999999999999666e+00
1.422855000000000018e+03,5.516499999999999737e+00
1.422857400000000098e+03,5.316600000000000215e+00
1.422859899999999925e+03,5.103299999999999947e+00
1.422862300000000005e+03,4.944899999999999629e+00
1.422864700000000084e+03,4.855500000000000149e+00
1.422867199999999912e+03,4.808500000000000441e+00
1.422869599999999991e+03,4.778900000000000148e+00
1.422872100000000046e+03,4.771899999999999586e+00
1.422874499999999898e+03,4.814499999999999780e+00
1.422876999999999953e+03,4.921499999999999986e+00
1.422879400000000032e+03,5.064899999999999736e+00
1.422881800000000112e+03,5.179800000000000182e+00
1.422884299999999939e+03,5.208099999999999952e+00
1.422886700000000019e+03,5.141700000000000159e+00
1.422889200000000073e+03,5.027199999999999669e+00
1.422891599999999926e+03,4.926800000000000068e+00
1.422894000000000005e+03,4.874799999999999578e+00
1.422896500000000060e+03,4.874799999999999578e+00
1.422898899999999912e+03,4.928300000000000125e+00
1.422901399999999967e+03,5.043899999999999828e+00
1.422903800000000047e+03,5.214800000000000324e+00
1.422906199999999899e+03,5.397899999999999920e+00
1.422908699999999953e+03,5.525999999999999801e+00
1.422911100000000033e+03,5.544100000000000250e+00
1.422913600000000088e+03,5.444499999999999673e+00
1.422915999999999940e+03,5.275999999999999801e+00
1.422918499999999995e+03,5.123099999999999987e+00
1.422920900000000074e+03,5.067999999999999616e+00
1.422923299999999927e+03,5.153699999999999726e+00
1.422925799999999981e+03,5.359200000000000408e+00
1.422928200000000061e+03,5.599499999999999922e+00
1.422930699999999888e+03,5.766700000000000159e+00
1.422933099999999968e+03,5.794800000000000395e+00
1.422935500000000047e+03,5.698900000000000077e+00
1.422938000000000102e+03,5.548300000000000232e+00
1.422940399999999954e+03,5.405800000000000161e+00
1.422942900000000009e+03,5.296199999999999797e+00
1.422945300000000088e+03,5.224599999999999689e+00
1.422947799999999916e+03,5.207699999999999996e+00
1.422950199999999995e+03,5.269599999999999618e+00
1.422952600000000075e+03,5.403200000000000003e+00
1.422955099999999902e+03,5.550300000000000011e+00
1.422957499999999982e+03,5.636499999999999844e+00
1.422960000000000036e+03,5.629400000000000404e+00
1.422962399999999889e+03,5.561499999999999666e+00
1.422964799999999968e+03,5.500700000000000145e+00
1.422967300000000023e+03,5.492799999999999905e+00
1.422969700000000103e+03,5.524499999999999744e+00
1.422972199999999930e+03,5.542799999999999727e+00
1.422974600000000009e+03,5.513600000000000279e+00
1.422977100000000064e+03,5.458800000000000097e+00
1.422979499999999916e+03,5.427399999999999558e+00
1.422981899999999996e+03,5.434099999999999930e+00
1.422984400000000051e+03,5.439000000000000057e+00
1.422986799999999903e+03,5.390799999999999592e+00
1.422989299999999957e+03,5.279399999999999871e+00
1.422991700000000037e+03,5.139800000000000146e+00
1.422994099999999889e+03,5.020599999999999952e+00
1.422996599999999944e+03,4.956299999999999706e+00
1.422999000000000024e+03,0.000000000000000000e+00
1.423001500000000078e+03,0.000000000000000000e+00
1.423003899999999931e+03,0.000000000000000000e+00
1.423006300000000010e+03,0.000000000000000000e+00
1.423008800000000065e+03,0.000000000000000000e+00
1.423011199999999917e+03,0.000000000000000000e+00
1.423013699999999972e+03,0.000000000000000000e+00
1.423016100000000051e+03,0.000000000000000000e+00
1.423018600000000106e+03,0.000000000000000000e+00
1.423020999999999958e+03,0.000000000000000000e+00
1.423023400000000038e+03,0.000000000000000000e+00
1.423025900000000092e+03,0.000000000000000000e+00
1.423028299999999945e+03,0.000000000000000000e+00
1.423030799999999999e+03,0.000000000000000000e+00
1.423033200000000079e+03,0.000000000000000000e+00
1.423035599999999931e+03,0.000000000000000000e+00
1.423038099999999986e+03,0.000000000000000000e+00
1.423040500000000065e+03,0.000000000000000000e+00
1.423042999999999893e+03,0.000000000000000000e+00
1.423045399999999972e+03,0.000000000000000000e+00
1.423047900000000027e+03,0.000000000000000000e+00
1.423050300000000107e+03,0.000000000000000000e+00
1.423052699999999959e+03,0.000000000000000000e+00
1.423055200000000013e+03,0.000000000000000000e+00
1.423057600000000093e+03,0.000000000000000000e+00
1.423060099999999920e+03,0.000000000000000000e+00
1.423062500000000000e+03,0.000000000000000000e+00
1.423064900000000080e+03,0.000000000000000000e+00
1.423067399999999907e+03,0.000000000000000000e+00
1.423069799999999987e+03,0.000000000000000000e+00
1.423072300000000041e+03,0.000000000000000000e+00
1.423074699999999893e+03,0.000000000000000000e+00
1.423077099999999973e+03,0.000000000000000000e+00
1.423079600000000028e+03,0.000000000000000000e+00
1.423082000000000107e+03,0.000000000000000000e+00
1.423084499999999935e+03,0.000000000000000000e+00
1.423086900000000014e+03,0.000000000000000000e+00
1.423089400000000069e+03,0.000000000000000000e+00
1.423091799999999921e+03,0.000000000000000000e+00
1.423094200000000001e+03,0.000000000000000000e+00
1.423096700000000055e+03,0.000000000000000000e+00
1.423099099999999908e+03,0.000000000000000000e+00
1.423101599999999962e+03,0.000000000000000000e+00
1.423104000000000042e+03,0.000000000000000000e+00
1.423106399999999894e+03,0.000000000000000000e+00
1.423108899999999949e+03,0.000000000000000000e+00
1.423111300000000028e+03,0.000000000000000000e+00
1.423113800000000083e+03,0.000000000000000000e+00
1.423116199999999935e+03,0.000000000000000000e+00
1.423118699999999990e+03,0.000000000000000000e+00
1.423121100000000069e+03,0.000000000000000000e+00
1.423123499999999922e+03,0.000000000000000000e+00
1.423125999999999976e+03,0.000000000000000000e+00
1.423128400000000056e+03,0.000000000000000000e+00
1.423130900000000111e+03,0.000000000000000000e+00
1.423133299999999963e+03,0.000000000000000000e+00
1.423135700000000043e+03,0.000000000000000000e+00
1.423138200000000097e+03,0.000000000000000000e+00
1.423140599999999949e+03,0.000000000000000000e+00
1.423143100000000004e+03,0.000000000000000000e+00
1.423145500000000084e+03,0.000000000000000000e+00
1.423147899999999936e+03,0.000000000000000000e+00
1.423150399999999991e+03,0.000000000000000000e+00
1.423152800000000070e+03,0.000000000000000000e+00
1.423155299999999897e+03,0.000000000000000000e+00
1.423157699999999977e+03,0.000000000000000000e+00
1.423160200000000032e+03,0.000000000000000000e+00
1.423162600000000111e+03,0.000000000000000000e+00
1.423164999999999964e+03,0.000000000000000000e+00
1.423167500000000018e+03,0.000000000000000000e+00
1.423169900000000098e+03,0.000000000000000000e+00
1.423172399999999925e+03,0.000000000000000000e+00
1.423174800000000005e+03,0.000000000000000000e+00
1.423177200000000084e+03,0.000000000000000000e+00
1.423179699999999912e+03,0.000000000000000000e+00
1.423182099999999991e+03,0.000000000000000000e+00
1.423184600000000046e+03,0.000000000000000000e+00
1.423186999999999898e+03,0.000000000000000000e+00
1.423189499999999953e+03,0.000000000000000000e+00
1.423191900000000032e+03,0.000000000000000000e+00
1.423194300000000112e+03,0.000000000000000000e+00
1.423196799999999939e+03,0.000000000000000000e+00
1.423199200000000019e+03,0.000000000000000000e+00
1.423201700000000073e+03,0.000000000000000000e+00
1.423204099999999926e+03,0.000000000000000000e+00
1.423206500000000005e+03,0.000000000000000000e+00
1.423209000000000060e+03,0.000000000000000000e+00
1.423211399999999912e+03,0.000000000000000000e+00
1.423213899999999967e+03,0.000000000000000000e+00
1.423216300000000047e+03,0.000000000000000000e+00
1.423218800000000101e+03,0.000000000000000000e+00
1.423221199999999953e+03,0.000000000000000000e+00
1.423223600000000033e+03,0.000000000000000000e+00
1.423226100000000088e+03,0.000000000000000000e+00
1.423228499999999940e+03,0.000000000000000000e+00
1.423230999999999995e+03,0.000000000000000000e+00
1.423233400000000074e+03,0.000000000000000000e+00
1.423235799999999927e+03,0.000000000000000000e+00
1.423238299999999981e+03,0.000000000000000000e+00
1.423240700000000061e+03,0.000000000000000000e+00
1.423243199999999888e+03,0.000000000000000000e+00
1.423245599999999968e+03,0.000000000000000000e+00
1.423248000000000047e+03,0.000000000000000000e+00
1.423250500000000102e+03,0.000000000000000000e+00
1.423252899999999954e+03,0.000000000000000000e+00
1.423255400000000009e+03,0.000000000000000000e+00
1.423257800000000088e+03,0.000000000000000000e+00
1.423260299999999916e+03,0.000000000000000000e+00
1.423262699999999995e+03,0.000000000000000000e+00
1.423265100000000075e+03,0.000000000000000000e+00
1.423267599999999902e+03,0.000000000000000000e+00
1.423269999999999982e+03,0.000000000000000000e+00
1.423272500000000036e+03,0.000000000000000000e+00
1.423274899999999889e+03,0.000000000000000000e+00
1.423277299999999968e+03,0.000000000000000000e+00
1.423279800000000023e+03,0.000000000000000000e+00
1.423282200000000103e+03,0.000000000000000000e+00
1.423284699999999930e+03,0.000000000000000000e+00
1.423287100000000009e+03,0.000000000000000000e+00
1.423289600000000064e+03,0.000000000000000000e+00
1.423291999999999916e+03,0.000000000000000000e+00
1.423294399999999996e+03,0.000000000000000000e+00
1.423296900000000051e+03,0.000000000000000000e+00
1.423299299999999903e+03,0.000000000000000000e+00
1.423301799999999957e+03,0.000000000000000000e+00
1.423304200000000037e+03,0.000000000000000000e+00
1.423306599999999889e+03,0.000000000000000000e+00
1.423309099999999944e+03,0.000000000000000000e+00
1.423311500000000024e+03,0.000000000000000000e+00
1.423314000000000078e+03,0.000000000000000000e+00
1.423316399999999931e+03,0.000000000000000000e+00
1.423318800000000010e+03,0.000000000000000000e+00
1.423321300000000065e+03,0.000000000000000000e+00
1.423323699999999917e+03,0.000000000000000000e+00
1.423326199999999972e+03,0.000000000000000000e+00
1.423328600000000051e+03,0.000000000000000000e+00
1.423331100000000106e+03,0.000000000000000000e+00
1.423333499999999958e+03,0.000000000000000000e+00
1.423335900000000038e+03,0.000000000000000000e+00
1.423338400000000092e+03,0.000000000000000000e+00
1.423340799999999945e+03,0.000000000000000000e+00
1.423343299999999999e+03,0.000000000000000000e+00
1.423345700000000079e+03,0.000000000000000000e+00
1.423348099999999931e+03,0.000000000000000000e+00
1.423350599999999986e+03,0.000000000000000000e+00
1.423353000000000065e+03,0.000000000000000000e+00
1.423355499999999893e+03,0.000000000000000000e+00
1.423357899999999972e+03,0.000000000000000000e+00
1.423360400000000027e+03,0.000000000000000000e+00
1.423362800000000107e+03,0.000000000000000000e+00
1.423365199999999959e+03,0.000000000000000000e+00
1.423367700000000013e+03,0.000000000000000000e+00
1.423370100000000093e+03,0.000000000000000000e+00
1.423372599999999920e+03,0.000000000000000000e+00
1.423375000000000000e+03,0.000000000000000000e+00
1.423377400000000080e+03,0.000000000000000000e+00
1.423379899999999907e+03,0.000000000000000000e+00
1.423382299999999987e+03,0.000000000000000000e+00
1.423384800000000041e+03,0.000000000000000000e+00
1.423387199999999893e+03,0.000000000000000000e+00
1.423389599999999973e+03,0.000000000000000000e+00
1.423392100000000028e+03,0.000000000000000000e+00
1.423394500000000107e+03,0.000000000000000000e+00
1.423396999999999935e+03,0.000000000000000000e+00
1.423399400000000014e+03,0.000000000000000000e+00
1.423401900000000069e+03,0.000000000000000000e+00
1.423404299999999921e+03,0.000000000000000000e+00
1.423406700000000001e+03,0.000000000000000000e+00
1.423409200000000055e+03,0.000000000000000000e+00
1.423411599999999908e+03,0.000000000000000000e+00
1.423414099999999962e+03,0.000000000000000000e+00
1.423416500000000042e+03,0.000000000000000000e+00
1.423418899999999894e+03,0.000000000000000000e+00
1.423421399999999949e+03,0.000000000000000000e+00
1.423423800000000028e+03,0.000000000000000000e+00
1.423426300000000083e+03,0.000000000000000000e+00
1.423428699999999935e+03,0.000000000000000000e+00
1.423431199999999990e+03,0.000000000000000000e+00
1.423433600000000069e+03,0.000000000000000000e+00
1.423435999999999922e+03,0.000000000000000000e+00
1.423438499999999976e+03,0.000000000000000000e+00
1.423440900000000056e+03,0.000000000000000000e+00
1.423443400000000111e+03,0.000000000000000000e+00
1.423445799999999963e+03,0.000000000000000000e+00
1.423448200000000043e+03,0.000000000000000000e+00
1.423450700000000097e+03,0.000000000000000000e+00
1.423453099999999949e+03,0.000000000000000000e+00
1.423455600000000004e+03,0.000000000000000000e+00
1.423458000000000084e+03,0.000000000000000000e+00
1.423460399999999936e+03,0.000000000000000000e+00
1.423462899999999991e+03,0.000000000000000000e+00
1.423465300000000070e+03,0.000000000000000000e+00
1.423467799999999897e+03,0.000000000000000000e+00
1.423470199999999977e+03,0.000000000000000000e+00
1.423472700000000032e+03,0.000000000000000000e+00
1.423475100000000111e+03,0.000000000000000000e+00
1.423477499999999964e+03,-0.000000000000000000e+00
1.423480000000000018e+03,-0.000000000000000000e+00
1.423482400000000098e+03,-0.000000000000000000e+00
1.423484899999999925e+03,-0.000000000000000000e+00
1.423487300000000005e+03,-0.000000000000000000e+00
1.423489700000000084e+03,-0.000000000000000000e+00
1.423492199999999912e+03,-0.000000000000000000e+00
1.423494599999999991e+03,-0.000000000000000000e+00
1.423497100000000046e+03,-0.000000000000000000e+00
1.423499499999999898e+03,-0.000000000000000000e+00
1.423501999999999953e+03,-0.000000000000000000e+00
1.423504400000000032e+03,-0.000000000000000000e+00
1.423506800000000112e+03,-0.000000000000000000e+00
1.423509299999999939e+03,-0.000000000000000000e+00
1.423511700000000019e+03,-0.000000000000000000e+00
1.423514200000000073e+03,-0.000000000000000000e+00
1.423516599999999926e+03,-0.000000000000000000e+00
1.423519000000000005e+03,-0.000000000000000000e+00
1.423521500000000060e+03,-0.000000000000000000e+00
1.423523899999999912e+03,-0.000000000000000000e+00
1.423526399999999967e+03,-0.000000000000000000e+00
1.423528800000000047e+03,-0.000000000000000000e+00
1.423531199999999899e+03,-0.000000000000000000e+00
1.423533699999999953e+03,-0.000000000000000000e+00
1.423536100000000033e+03,-0.000000000000000000e+00
1.423538600000000088e+03,-0.000000000000000000e+00
1.423540999999999940e+03,-0.000000000000000000e+00
1.423543499999999995e+03,-0.000000000000000000e+00
1.423545900000000074e+03,-0.000000000000000000e+00
1.423548299999999927e+03,-0.000000000000000000e+00
1.423550799999999981e+03,-0.000000000000000000e+00
1.423553200000000061e+03,-0.000000000000000000e+00
1.423555699999999888e+03,-0.000000000000000000e+00
1.423558099999999968e+03,-0.000000000000000000e+00
1.423560500000000047e+03,-0.000000000000000000e+00
1.423563000000000102e+03,-0.000000000000000000e+00
1.423565399999999954e+03,-0.000000000000000000e+00
1.423567900000000009e+03,-0.000000000000000000e+00
1.423570300000000088e+03,-0.000000000000000000e+00
1.423572799999999916e+03,-0.000000000000000000e+00
1.423575199999999995e+03,-0.000000000000000000e+00
1.423577600000000075e+03,-0.000000000000000000e+00
1.423580099999999902e+03,-0.000000000000000000e+00
1.423582499999999982e+03,-0.000000000000000000e+00
1.423585000000000036e+03,-0.000000000000000000e+00
1.423587399999999889e+03,-0.000000000000000000e+00
1.423589799999999968e+03,-0.000000000000000000e+00
1.423592300000000023e+03,-0.000000000000000000e+00
1.423594700000000103e+03,-0.000000000000000000e+00
1.423597199999999930e+03,-0.000000000000000000e+00
1.423599600000000009e+03,-0.000000000000000000e+00
1.423602100000000064e+03,-0.000000000000000000e+00
1.423604499999999916e+03,-0.000000000000000000e+00
1.423606899999999996e+03,-0.000000000000000000e+00
1.423609400000000051e+03,-0.000000000000000000e+00
1.423611799999999903e+03,-0.000000000000000000e+00
1.423614299999999957e+03,-0.000000000000000000e+00
1.423616700000000037e+03,-0.000000000000000000e+00
1.423619099999999889e+03,-0.000000000000000000e+00
1.423621599999999944e+03,-0.000000000000000000e+00
1.423624000000000024e+03,-0.000000000000000000e+00
1.423626500000000078e+03,-0.000000000000000000e+00
1.423628899999999931e+03,-0.000000000000000000e+00
1.423631300000000010e+03,-0.000000000000000000e+00
1.423633800000000065e+03,-0.000000000000000000e+00
1.423636199999999917e+03,-0.000000000000000000e+00
1.423638699999999972e+03,-0.000000000000000000e+00
1.423641100000000051e+03,-0.000000000000000000e+00
1.423643600000000106e+03,-0.000000000000000000e+00
1.423645999999999958e+03,-0.000000000000000000e+00
1.423648400000000038e+03,-0.000000000000000000e+00
1.423650900000000092e+03,-0.000000000000000000e+00
1.423653299999999945e+03,-0.000000000000000000e+00
1.423655799999999999e+03,-0.000000000000000000e+00
1.423658200000000079e+03,-0.000000000000000000e+00
1.423660599999999931e+03,-0.000000000000000000e+00
1.423663099999999986e+03,-0.000000000000000000e+00
1.423665500000000065e+03,-0.000000000000000000e+00
1.423667999999999893e+03,-0.000000000000000000e+00
1.423670399999999972e+03,-0.000000000000000000e+00
1.423672900000000027e+03,-0.000000000000000000e+00
1.423675300000000107e+03,-0.000000000000000000e+00
1.423677699999999959e+03,-0.000000000000000000e+00
1.423680200000000013e+03,-0.000000000000000000e+00
1.423682600000000093e+03,-0.000000000000000000e+00
1.423685099999999920e+03,0.000000000000000000e+00
1.423687500000000000e+03,0.000000000000000000e+00
1.423689900000000080e+03,0.000000000000000000e+00
1.423692399999999907e+03,0.000000000000000000e+00
1.423694799999999987e+03,0.000000000000000000e+00
1.423697300000000041e+03,0.000000000000000000e+00
1.423699699999999893e+03,0.000000000000000000e+00
1.423702099999999973e+03,0.000000000000000000e+00
1.423704600000000028e+03,0.000000000000000000e+00
1.423707000000000107e+03,0.000000000000000000e+00
1.423709499999999935e+03,0.000000000000000000e+00
1.423711900000000014e+03,0.000000000000000000e+00
1.423714400000000069e+03,0.000000000000000000e+00
1.423716799999999921e+03,0.000000000000000000e+00
1.423719200000000001e+03,0.000000000000000000e+00
1.423721700000000055e+03,0.000000000000000000e+00
1.423724099999999908e+03,0.000000000000000000e+00
1.423726599999999962e+03,0.000000000000000000e+00
1.423729000000000042e+03,0.000000000000000000e+00
1.423731399999999894e+03,0.000000000000000000e+00
1.423733899999999949e+03,0.000000000000000000e+00
1.423736300000000028e+03,0.000000000000000000e+00
1.423738800000000083e+03,0.000000000000000000e+00
1.423741199999999935e+03,0.000000000000000000e+00
1.423743699999999990e+03,0.000000000000000000e+00
1.423746100000000069e+03,0.000000000000000000e+00
1.423748499999999922e+03,0.000000000000000000e+00
1.423750999999999976e+03,0.000000000000000000e+00
1.423753400000000056e+03,0.000000000000000000e+00
1.423755900000000111e+03,0.000000000000000000e+00
1.423758299999999963e+03,0.000000000000000000e+00
1.423760700000000043e+03,0.000000000000000000e+00
1.423763200000000097e+03,0.000000000000000000e+00
1.423765599999999949e+03,0.000000000000000000e+00
1.423768100000000004e+03,0.000000000000000000e+00
1.423770500000000084e+03,0.000000000000000000e+00
1.423772899999999936e+03,0.000000000000000000e+00
1.423775399999999991e+03,0.000000000000000000e+00
1.423777800000000070e+03,0.000000000000000000e+00
1.423780299999999897e+03,0.000000000000000000e+00
1.423782699999999977e+03,0.000000000000000000e+00
1.423785200000000032e+03,0.000000000000000000e+00
1.423787600000000111e+03,0.000000000000000000e+00
1.423789999999999964e+03,0.000000000000000000e+00
1.423792500000000018e+03,0.000000000000000000e+00
1.423794900000000098e+03,0.000000000000000000e+00
1.423797399999999925e+03,0.000000000000000000e+00
1.423799800000000005e+03,0.000000000000000000e+00
1.423802200000000084e+03,0.000000000000000000e+00
1.423804699999999912e+03,0.000000000000000000e+00
1.423807099999999991e+03,0.000000000000000000e+00
1.423809600000000046e+03,0.000000000000000000e+00
1.423811999999999898e+03,0.000000000000000000e+00
1.423814499999999953e+03,0.000000000000000000e+00
1.423816900000000032e+03,0.000000000000000000e+00
1.423819300000000112e+03,0.000000000000000000e+00
1.423821799999999939e+03,0.000000000000000000e+00
1.423824200000000019e+03,0.000000000000000000e+00
1.423826700000000073e+03,0.000000000000000000e+00
1.423829099999999926e+03,0.000000000000000000e+00
1.423831500000000005e+03,0.000000000000000000e+00
1.423834000000000060e+03,0.000000000000000000e+00
1.423836399999999912e+03,0.000000000000000000e+00
1.423838899999999967e+03,0.000000000000000000e+00
1.423841300000000047e+03,0.000000000000000000e+00
1.423843800000000101e+03,0.000000000000000000e+00
1.423846199999999953e+03,0.000000000000000000e+00
1.423848600000000033e+03,0.000000000000000000e+00
1.423851100000000088e+03,0.000000000000000000e+00
1.423853499999999940e+03,0.000000000000000000e+00
1.423855999999999995e+03,0.000000000000000000e+00
1.423858400000000074e+03,0.000000000000000000e+00
1.423860799999999927e+03,0.000000000000000000e+00
1.423863299999999981e+03,0.000000000000000000e+00
1.423865700000000061e+03,0.000000000000000000e+00
1.423868199999999888e+03,0.000000000000000000e+00
1.423870599999999968e+03,0.000000000000000000e+00
1.423873000000000047e+03,0.000000000000000000e+00
1.423875500000000102e+03,0.000000000000000000e+00
1.423877899999999954e+03,0.000000000000000000e+00
1.423880400000000009e+03,0.000000000000000000e+00
1.423882800000000088e+03,0.000000000000000000e+00
1.423885299999999916e+03,0.000000000000000000e+00
1.423887699999999995e+03,0.000000000000000000e+00
1.423890100000000075e+03,0.000000000000000000e+00
1.423892599999999902e+03,0.000000000000000000e+00
1.423894999999999982e+03,0.000000000000000000e+00
1.423897500000000036e+03,0.000000000000000000e+00
1.423899899999999889e+03,0.000000000000000000e+00
1.423902299999999968e+03,0.000000000000000000e+00
1.423904800000000023e+03,0.000000000000000000e+00
1.423907200000000103e+03,0.000000000000000000e+00
1.423909699999999930e+03,0.000000000000000000e+00
1.423912100000000009e+03,0.000000000000000000e+00
1.423914600000000064e+03,0.000000000000000000e+00
1.423916999999999916e+03,0.000000000000000000e+00
1.423919399999999996e+03,0.000000000000000000e+00
1.423921900000000051e+03,0.000000000000000000e+00
1.423924299999999903e+03,0.000000000000000000e+00
1.423926799999999957e+03,0.000000000000000000e+00
1.423929200000000037e+03,0.000000000000000000e+00
1.423931599999999889e+03,0.000000000000000000e+00
1.423934099999999944e+03,0.000000000000000000e+00
1.423936500000000024e+03,0.000000000000000000e+00
1.423939000000000078e+03,0.000000000000000000e+00
1.423941399999999931e+03,0.000000000000000000e+00
1.423943800000000010e+03,0.000000000000000000e+00
1.423946300000000065e+03,0.000000000000000000e+00
1.423948699999999917e+03,0.000000000000000000e+00
1.423951199999999972e+03,0.000000000000000000e+00
1.423953600000000051e+03,0.000000000000000000e+00
1.423956100000000106e+03,0.000000000000000000e+00
1.423958499999999958e+03,0.000000000000000000e+00
1.423960900000000038e+03,0.000000000000000000e+00
1.423963400000000092e+03,0.000000000000000000e+00
1.423965799999999945e+03,0.000000000000000000e+00
1.423968299999999999e+03,0.000000000000000000e+00
1.423970700000000079e+03,0.000000000000000000e+00
1.423973099999999931e+03,0.000000000000000000e+00
1.423975599999999986e+03,0.000000000000000000e+00
1.423978000000000065e+03,0.000000000000000000e+00
1.423980499999999893e+03,0.000000000000000000e+00
1.423982899999999972e+03,0.000000000000000000e+00
1.423985400000000027e+03,0.000000000000000000e+00
1.423987800000000107e+03,0.000000000000000000e+00
1.423990199999999959e+03,0.000000000000000000e+00
1.423992700000000013e+03,0.000000000000000000e+00
1.423995100000000093e+03,0.000000000000000000e+00
1.423997599999999920e+03,0.000000000000000000e+00
