1.414000000000000000e+03,0.000000000000000000e+00
1.414002400000000080e+03,0.000000000000000000e+00
1.414004899999999907e+03,0.000000000000000000e+00
1.414007299999999987e+03,0.000000000000000000e+00
1.414009800000000041e+03,0.000000000000000000e+00
1.414012199999999893e+03,0.000000000000000000e+00
1.414014599999999973e+03,0.000000000000000000e+00
1.414017100000000028e+03,0.000000000000000000e+00
1.414019500000000107e+03,0.000000000000000000e+00
1.414021999999999935e+03,0.000000000000000000e+00
1.414024400000000014e+03,0.000000000000000000e+00
1.414026900000000069e+03,0.000000000000000000e+00
1.414029299999999921e+03,0.000000000000000000e+00
1.414031700000000001e+03,0.000000000000000000e+00
1.414034200000000055e+03,0.000000000000000000e+00
1.414036599999999908e+03,0.000000000000000000e+00
1.414039099999999962e+03,0.000000000000000000e+00
1.414041500000000042e+03,0.000000000000000000e+00
1.414043899999999894e+03,0.000000000000000000e+00
1.414046399999999949e+03,0.000000000000000000e+00
1.414048800000000028e+03,0.000000000000000000e+00
1.414051300000000083e+03,0.000000000000000000e+00
1.414053699999999935e+03,0.000000000000000000e+00
1.414056199999999990e+03,0.000000000000000000e+00
1.414058600000000069e+03,0.000000000000000000e+00
1.414060999999999922e+03,0.000000000000000000e+00
1.414063499999999976e+03,0.000000000000000000e+00
1.414065900000000056e+03,0.000000000000000000e+00
1.414068400000000111e+03,0.000000000000000000e+00
1.414070799999999963e+03,0.000000000000000000e+00
1.414073200000000043e+03,0.000000000000000000e+00
1.414075700000000097e+03,0.000000000000000000e+00
1.414078099999999949e+03,0.000000000000000000e+00
1.414080600000000004e+03,0.000000000000000000e+00
1.414083000000000084e+03,0.000000000000000000e+00
1.414085399999999936e+03,0.000000000000000000e+00
1.414087899999999991e+03,0.000000000000000000e+00
1.414090300000000070e+03,0.000000000000000000e+00
1.414092799999999897e+03,0.000000000000000000e+00
1.414095199999999977e+03,0.000000000000000000e+00
1.414097700000000032e+03,0.000000000000000000e+00
1.414100100000000111e+03,0.000000000000000000e+00
1.414102499999999964e+03,0.000000000000000000e+00
1.414105000000000018e+03,0.000000000000000000e+00
1.414107400000000098e+03,0.000000000000000000e+00
1.414109899999999925e+03,0.000000000000000000e+00
1.414112300000000005e+03,0.000000000000000000e+00
1.414114700000000084e+03,0.000000000000000000e+00
1.414117199999999912e+03,0.000000000000000000e+00
1.414119599999999991e+03,0.000000000000000000e+00
1.414122100000000046e+03,0.000000000000000000e+00
1.414124499999999898e+03,0.000000000000000000e+00
1.414126999999999953e+03,0.000000000000000000e+00
1.414129400000000032e+03,0.000000000000000000e+00
1.414131800000000112e+03,0.000000000000000000e+00
1.414134299999999939e+03,0.000000000000000000e+00
1.414136700000000019e+03,0.000000000000000000e+00
1.414139200000000073e+03,0.000000000000000000e+00
1.414141599999999926e+03,0.000000000000000000e+00
1.414144000000000005e+03,0.000000000000000000e+00
1.414146500000000060e+03,0.000000000000000000e+00
1.414148899999999912e+03,0.000000000000000000e+00
1.414151399999999967e+03,0.000000000000000000e+00
1.414153800000000047e+03,0.000000000000000000e+00
1.414156199999999899e+03,0.000000000000000000e+00
1.414158699999999953e+03,0.000000000000000000e+00
1.414161100000000033e+03,0.000000000000000000e+00
1.414163600000000088e+03,0.000000000000000000e+00
1.414165999999999940e+03,0.000000000000000000e+00
1.414168499999999995e+03,0.000000000000000000e+00
1.414170900000000074e+03,0.000000000000000000e+00
1.414173299999999927e+03,0.000000000000000000e+00
1.414175799999999981e+03,0.000000000000000000e+00
1.414178200000000061e+03,0.000000000000000000e+00
1.414180699999999888e+03,0.000000000000000000e+00
1.414183099999999968e+03,0.000000000000000000e+00
1.414185500000000047e+03,0.000000000000000000e+00
1.414188000000000102e+03,0.000000000000000000e+00
1.414190399999999954e+03,0.000000000000000000e+00
1.414192900000000009e+03,0.000000000000000000e+00
1.414195300000000088e+03,0.000000000000000000e+00
1.414197799999999916e+03,0.000000000000000000e+00
1.414200199999999995e+03,0.000000000000000000e+00
1.414202600000000075e+03,0.000000000000000000e+00
1.414205099999999902e+03,0.000000000000000000e+00
1.414207499999999982e+03,0.000000000000000000e+00
1.414210000000000036e+03,0.000000000000000000e+00
1.414212399999999889e+03,0.000000000000000000e+00
1.414214799999999968e+03,0.000000000000000000e+00
1.414217300000000023e+03,0.000000000000000000e+00
1.414219700000000103e+03,0.000000000000000000e+00
1.414222199999999930e+03,0.000000000000000000e+00
1.414224600000000009e+03,0.000000000000000000e+00
1.414227100000000064e+03,0.000000000000000000e+00
1.414229499999999916e+03,0.000000000000000000e+00
1.414231899999999996e+03,0.000000000000000000e+00
1.414234400000000051e+03,0.000000000000000000e+00
1.414236799999999903e+03,0.000000000000000000e+00
1.414239299999999957e+03,0.000000000000000000e+00
1.414241700000000037e+03,0.000000000000000000e+00
1.414244099999999889e+03,0.000000000000000000e+00
1.414246599999999944e+03,0.000000000000000000e+00
1.414249000000000024e+03,0.000000000000000000e+00
1.414251500000000078e+03,0.000000000000000000e+00
1.414253899999999931e+03,0.000000000000000000e+00
1.414256300000000010e+03,0.000000000000000000e+00
1.414258800000000065e+03,0.000000000000000000e+00
1.414261199999999917e+03,0.000000000000000000e+00
1.414263699999999972e+03,0.000000000000000000e+00
1.414266100000000051e+03,0.000000000000000000e+00
1.414268600000000106e+03,0.000000000000000000e+00
1.414270999999999958e+03,0.000000000000000000e+00
1.414273400000000038e+03,0.000000000000000000e+00
1.414275900000000092e+03,0.000000000000000000e+00
1.414278299999999945e+03,0.000000000000000000e+00
1.414280799999999999e+03,0.000000000000000000e+00
1.414283200000000079e+03,0.000000000000000000e+00
1.414285599999999931e+03,0.000000000000000000e+00
1.414288099999999986e+03,0.000000000000000000e+00
1.414290500000000065e+03,0.000000000000000000e+00
1.414292999999999893e+03,0.000000000000000000e+00
1.414295399999999972e+03,0.000000000000000000e+00
1.414297900000000027e+03,0.000000000000000000e+00
1.414300300000000107e+03,0.000000000000000000e+00
1.414302699999999959e+03,0.000000000000000000e+00
1.414305200000000013e+03,0.000000000000000000e+00
1.414307600000000093e+03,0.000000000000000000e+00
1.414310099999999920e+03,0.000000000000000000e+00
1.414312500000000000e+03,0.000000000000000000e+00
1.414314900000000080e+03,0.000000000000000000e+00
1.414317399999999907e+03,0.000000000000000000e+00
1.414319799999999987e+03,0.000000000000000000e+00
1.414322300000000041e+03,0.000000000000000000e+00
1.414324699999999893e+03,0.000000000000000000e+00
1.414327099999999973e+03,0.000000000000000000e+00
1.414329600000000028e+03,0.000000000000000000e+00
1.414332000000000107e+03,0.000000000000000000e+00
1.414334499999999935e+03,0.000000000000000000e+00
1.414336900000000014e+03,0.000000000000000000e+00
1.414339400000000069e+03,0.000000000000000000e+00
1.414341799999999921e+03,0.000000000000000000e+00
1.414344200000000001e+03,0.000000000000000000e+00
1.414346700000000055e+03,0.000000000000000000e+00
1.414349099999999908e+03,0.000000000000000000e+00
1.414351599999999962e+03,0.000000000000000000e+00
1.414354000000000042e+03,0.000000000000000000e+00
1.414356399999999894e+03,0.000000000000000000e+00
1.414358899999999949e+03,0.000000000000000000e+00
1.414361300000000028e+03,0.000000000000000000e+00
1.414363800000000083e+03,0.000000000000000000e+00
1.414366199999999935e+03,0.000000000000000000e+00
1.414368699999999990e+03,0.000000000000000000e+00
1.414371100000000069e+03,0.000000000000000000e+00
1.414373499999999922e+03,0.000000000000000000e+00
1.414375999999999976e+03,0.000000000000000000e+00
1.414378400000000056e+03,0.000000000000000000e+00
1.414380900000000111e+03,0.000000000000000000e+00
1.414383299999999963e+03,0.000000000000000000e+00
1.414385700000000043e+03,0.000000000000000000e+00
1.414388200000000097e+03,0.000000000000000000e+00
1.414390599999999949e+03,0.000000000000000000e+00
1.414393100000000004e+03,0.000000000000000000e+00
1.414395500000000084e+03,0.000000000000000000e+00
1.414397899999999936e+03,0.000000000000000000e+00
1.414400399999999991e+03,0.000000000000000000e+00
1.414402800000000070e+03,0.000000000000000000e+00
1.414405299999999897e+03,0.000000000000000000e+00
1.414407699999999977e+03,0.000000000000000000e+00
1.414410200000000032e+03,0.000000000000000000e+00
1.414412600000000111e+03,0.000000000000000000e+00
1.414414999999999964e+03,0.000000000000000000e+00
1.414417500000000018e+03,0.000000000000000000e+00
1.414419900000000098e+03,0.000000000000000000e+00
1.414422399999999925e+03,0.000000000000000000e+00
1.414424800000000005e+03,0.000000000000000000e+00
1.414427200000000084e+03,0.000000000000000000e+00
1.414429699999999912e+03,0.000000000000000000e+00
1.414432099999999991e+03,0.000000000000000000e+00
1.414434600000000046e+03,0.000000000000000000e+00
1.414436999999999898e+03,0.000000000000000000e+00
1.414439499999999953e+03,0.000000000000000000e+00
1.414441900000000032e+03,0.000000000000000000e+00
1.414444300000000112e+03,0.000000000000000000e+00
1.414446799999999939e+03,0.000000000000000000e+00
1.414449200000000019e+03,0.000000000000000000e+00
1.414451700000000073e+03,0.000000000000000000e+00
1.414454099999999926e+03,0.000000000000000000e+00
1.414456500000000005e+03,0.000000000000000000e+00
1.414459000000000060e+03,0.000000000000000000e+00
1.414461399999999912e+03,0.000000000000000000e+00
1.414463899999999967e+03,0.000000000000000000e+00
1.414466300000000047e+03,0.000000000000000000e+00
1.414468800000000101e+03,0.000000000000000000e+00
1.414471199999999953e+03,0.000000000000000000e+00
1.414473600000000033e+03,0.000000000000000000e+00
1.414476100000000088e+03,0.000000000000000000e+00
1.414478499999999940e+03,0.000000000000000000e+00
1.414480999999999995e+03,0.000000000000000000e+00
1.414483400000000074e+03,0.000000000000000000e+00
1.414485799999999927e+03,0.000000000000000000e+00
1.414488299999999981e+03,0.000000000000000000e+00
1.414490700000000061e+03,0.000000000000000000e+00
1.414493199999999888e+03,0.000000000000000000e+00
1.414495599999999968e+03,0.000000000000000000e+00
1.414498000000000047e+03,0.000000000000000000e+00
1.414500500000000102e+03,0.000000000000000000e+00
1.414502899999999954e+03,0.000000000000000000e+00
1.414505400000000009e+03,0.000000000000000000e+00
1.414507800000000088e+03,0.000000000000000000e+00
1.414510299999999916e+03,0.000000000000000000e+00
1.414512699999999995e+03,0.000000000000000000e+00
1.414515100000000075e+03,0.000000000000000000e+00
1.414517599999999902e+03,0.000000000000000000e+00
1.414519999999999982e+03,0.000000000000000000e+00
1.414522500000000036e+03,0.000000000000000000e+00
1.414524899999999889e+03,0.000000000000000000e+00
1.414527299999999968e+03,0.000000000000000000e+00
1.414529800000000023e+03,0.000000000000000000e+00
1.414532200000000103e+03,0.000000000000000000e+00
1.414534699999999930e+03,0.000000000000000000e+00
1.414537100000000009e+03,0.000000000000000000e+00
1.414539600000000064e+03,0.000000000000000000e+00
1.414541999999999916e+03,0.000000000000000000e+00
1.414544399999999996e+03,0.000000000000000000e+00
1.414546900000000051e+03,0.000000000000000000e+00
1.414549299999999903e+03,0.000000000000000000e+00
1.414551799999999957e+03,0.000000000000000000e+00
1.414554200000000037e+03,0.000000000000000000e+00
1.414556599999999889e+03,0.000000000000000000e+00
1.414559099999999944e+03,0.000000000000000000e+00
1.414561500000000024e+03,0.000000000000000000e+00
1.414564000000000078e+03,0.000000000000000000e+00
1.414566399999999931e+03,0.000000000000000000e+00
1.414568800000000010e+03,0.000000000000000000e+00
1.414571300000000065e+03,0.000000000000000000e+00
1.414573699999999917e+03,0.000000000000000000e+00
1.414576199999999972e+03,0.000000000000000000e+00
1.414578600000000051e+03,0.000000000000000000e+00
1.414581100000000106e+03,0.000000000000000000e+00
1.414583499999999958e+03,0.000000000000000000e+00
1.414585900000000038e+03,0.000000000000000000e+00
1.414588400000000092e+03,0.000000000000000000e+00
1.414590799999999945e+03,0.000000000000000000e+00
1.414593299999999999e+03,0.000000000000000000e+00
1.414595700000000079e+03,0.000000000000000000e+00
1.414598099999999931e+03,0.000000000000000000e+00
1.414600599999999986e+03,0.000000000000000000e+00
1.414603000000000065e+03,0.000000000000000000e+00
1.414605499999999893e+03,0.000000000000000000e+00
1.414607899999999972e+03,0.000000000000000000e+00
1.414610400000000027e+03,0.000000000000000000e+00
1.414612800000000107e+03,0.000000000000000000e+00
1.414615199999999959e+03,0.000000000000000000e+00
1.414617700000000013e+03,0.000000000000000000e+00
1.414620100000000093e+03,0.000000000000000000e+00
1.414622599999999920e+03,0.000000000000000000e+00
1.414625000000000000e+03,0.000000000000000000e+00
1.414627400000000080e+03,0.000000000000000000e+00
1.414629899999999907e+03,0.000000000000000000e+00
1.414632299999999987e+03,0.000000000000000000e+00
1.414634800000000041e+03,0.000000000000000000e+00
1.414637199999999893e+03,0.000000000000000000e+00
1.414639599999999973e+03,0.000000000000000000e+00
1.414642100000000028e+03,0.000000000000000000e+00
1.414644500000000107e+03,0.000000000000000000e+00
1.414646999999999935e+03,0.000000000000000000e+00
1.414649400000000014e+03,0.000000000000000000e+00
1.414651900000000069e+03,0.000000000000000000e+00
1.414654299999999921e+03,0.000000000000000000e+00
1.414656700000000001e+03,0.000000000000000000e+00
1.414659200000000055e+03,0.000000000000000000e+00
1.414661599999999908e+03,0.000000000000000000e+00
1.414664099999999962e+03,0.000000000000000000e+00
1.414666500000000042e+03,0.000000000000000000e+00
1.414668899999999894e+03,0.000000000000000000e+00
1.414671399999999949e+03,0.000000000000000000e+00
1.414673800000000028e+03,0.000000000000000000e+00
1.414676300000000083e+03,0.000000000000000000e+00
1.414678699999999935e+03,0.000000000000000000e+00
1.414681199999999990e+03,0.000000000000000000e+00
1.414683600000000069e+03,0.000000000000000000e+00
1.414685999999999922e+03,0.000000000000000000e+00
1.414688499999999976e+03,0.000000000000000000e+00
1.414690900000000056e+03,0.000000000000000000e+00
1.414693400000000111e+03,0.000000000000000000e+00
1.414695799999999963e+03,0.000000000000000000e+00
1.414698200000000043e+03,0.000000000000000000e+00
1.414700700000000097e+03,0.000000000000000000e+00
1.414703099999999949e+03,0.000000000000000000e+00
1.414705600000000004e+03,0.000000000000000000e+00
1.414708000000000084e+03,0.000000000000000000e+00
1.414710399999999936e+03,0.000000000000000000e+00
1.414712899999999991e+03,0.000000000000000000e+00
1.414715300000000070e+03,0.000000000000000000e+00
1.414717799999999897e+03,0.000000000000000000e+00
1.414720199999999977e+03,0.000000000000000000e+00
1.414722700000000032e+03,0.000000000000000000e+00
1.414725100000000111e+03,0.000000000000000000e+00
1.414727499999999964e+03,0.000000000000000000e+00
1.414730000000000018e+03,0.000000000000000000e+00
1.414732400000000098e+03,0.000000000000000000e+00
1.414734899999999925e+03,0.000000000000000000e+00
1.414737300000000005e+03,0.000000000000000000e+00
1.414739700000000084e+03,0.000000000000000000e+00
1.414742199999999912e+03,0.000000000000000000e+00
1.414744599999999991e+03,0.000000000000000000e+00
1.414747100000000046e+03,0.000000000000000000e+00
1.414749499999999898e+03,0.000000000000000000e+00
1.414751999999999953e+03,0.000000000000000000e+00
1.414754400000000032e+03,0.000000000000000000e+00
1.414756800000000112e+03,0.000000000000000000e+00
1.414759299999999939e+03,0.000000000000000000e+00
1.414761700000000019e+03,0.000000000000000000e+00
1.414764200000000073e+03,0.000000000000000000e+00
1.414766599999999926e+03,0.000000000000000000e+00
1.414769000000000005e+03,0.000000000000000000e+00
1.414771500000000060e+03,0.000000000000000000e+00
1.414773899999999912e+03,0.000000000000000000e+00
1.414776399999999967e+03,0.000000000000000000e+00
1.414778800000000047e+03,0.000000000000000000e+00
1.414781199999999899e+03,0.000000000000000000e+00
1.414783699999999953e+03,0.000000000000000000e+00
1.414786100000000033e+03,0.000000000000000000e+00
1.414788600000000088e+03,0.000000000000000000e+00
1.414790999999999940e+03,0.000000000000000000e+00
1.414793499999999995e+03,0.000000000000000000e+00
1.414795900000000074e+03,0.000000000000000000e+00
1.414798299999999927e+03,0.000000000000000000e+00
1.414800799999999981e+03,0.000000000000000000e+00
1.414803200000000061e+03,0.000000000000000000e+00
1.414805699999999888e+03,0.000000000000000000e+00
1.414808099999999968e+03,0.000000000000000000e+00
1.414810500000000047e+03,0.000000000000000000e+00
1.414813000000000102e+03,0.000000000000000000e+00
1.414815399999999954e+03,0.000000000000000000e+00
1.414817900000000009e+03,0.000000000000000000e+00
1.414820300000000088e+03,0.000000000000000000e+00
1.414822799999999916e+03,0.000000000000000000e+00
1.414825199999999995e+03,0.000000000000000000e+00
1.414827600000000075e+03,0.000000000000000000e+00
1.414830099999999902e+03,0.000000000000000000e+00
1.414832499999999982e+03,0.000000000000000000e+00
1.414835000000000036e+03,0.000000000000000000e+00
1.414837399999999889e+03,0.000000000000000000e+00
1.414839799999999968e+03,0.000000000000000000e+00
1.414842300000000023e+03,0.000000000000000000e+00
1.414844700000000103e+03,0.000000000000000000e+00
1.414847199999999930e+03,0.000000000000000000e+00
1.414849600000000009e+03,0.000000000000000000e+00
1.414852100000000064e+03,0.000000000000000000e+00
1.414854499999999916e+03,0.000000000000000000e+00
1.414856899999999996e+03,0.000000000000000000e+00
1.414859400000000051e+03,0.000000000000000000e+00
1.414861799999999903e+03,0.000000000000000000e+00
1.414864299999999957e+03,0.000000000000000000e+00
1.414866700000000037e+03,0.000000000000000000e+00
1.414869099999999889e+03,0.000000000000000000e+00
1.414871599999999944e+03,0.000000000000000000e+00
1.414874000000000024e+03,0.000000000000000000e+00
1.414876500000000078e+03,0.000000000000000000e+00
1.414878899999999931e+03,0.000000000000000000e+00
1.414881300000000010e+03,0.000000000000000000e+00
1.414883800000000065e+03,0.000000000000000000e+00
1.414886199999999917e+03,0.000000000000000000e+00
1.414888699999999972e+03,0.000000000000000000e+00
1.414891100000000051e+03,0.000000000000000000e+00
1.414893600000000106e+03,0.000000000000000000e+00
1.414895999999999958e+03,0.000000000000000000e+00
1.414898400000000038e+03,0.000000000000000000e+00
1.414900900000000092e+03,0.000000000000000000e+00
1.414903299999999945e+03,0.000000000000000000e+00
1.414905799999999999e+03,0.000000000000000000e+00
1.414908200000000079e+03,0.000000000000000000e+00
1.414910599999999931e+03,0.000000000000000000e+00
1.414913099999999986e+03,0.000000000000000000e+00
1.414915500000000065e+03,0.000000000000000000e+00
1.414917999999999893e+03,0.000000000000000000e+00
1.414920399999999972e+03,0.000000000000000000e+00
1.414922900000000027e+03,0.000000000000000000e+00
1.414925300000000107e+03,0.000000000000000000e+00
1.414927699999999959e+03,0.000000000000000000e+00
1.414930200000000013e+03,0.000000000000000000e+00
1.414932600000000093e+03,0.000000000000000000e+00
1.414935099999999920e+03,0.000000000000000000e+00
1.414937500000000000e+03,0.000000000000000000e+00
1.414939900000000080e+03,0.000000000000000000e+00
1.414942399999999907e+03,0.000000000000000000e+00
1.414944799999999987e+03,0.000000000000000000e+00
1.414947300000000041e+03,0.000000000000000000e+00
1.414949699999999893e+03,0.000000000000000000e+00
1.414952099999999973e+03,0.000000000000000000e+00
1.414954600000000028e+03,0.000000000000000000e+00
1.414957000000000107e+03,0.000000000000000000e+00
1.414959499999999935e+03,0.000000000000000000e+00
1.414961900000000014e+03,0.000000000000000000e+00
1.414964400000000069e+03,0.000000000000000000e+00
1.414966799999999921e+03,0.000000000000000000e+00
1.414969200000000001e+03,0.000000000000000000e+00
1.414971700000000055e+03,0.000000000000000000e+00
1.414974099999999908e+03,0.000000000000000000e+00
1.414976599999999962e+03,0.000000000000000000e+00
1.414979000000000042e+03,0.000000000000000000e+00
1.414981399999999894e+03,0.000000000000000000e+00
1.414983899999999949e+03,0.000000000000000000e+00
1.414986300000000028e+03,0.000000000000000000e+00
1.414988800000000083e+03,0.000000000000000000e+00
1.414991199999999935e+03,0.000000000000000000e+00
1.414993699999999990e+03,0.000000000000000000e+00
1.414996100000000069e+03,0.000000000000000000e+00
1.414998499999999922e+03,0.000000000000000000e+00
1.415000999999999976e+03,2.216597999999999900e+02
1.415003400000000056e+03,2.229953999999999894e+02
1.415005900000000111e+03,2.250207000000000050e+02
1.415008299999999963e+03,2.269901000000000124e+02
1.415010700000000043e+03,2.276639000000000124e+02
1.415013200000000097e+03,2.263829000000000065e+02
1.415015599999999949e+03,2.237408000000000072e+02
1.415018100000000004e+03,2.209889000000000010e+02
1.415020500000000084e+03,2.189890000000000043e+02
1.415022899999999936e+03,2.178693000000000097e+02
1.415025399999999991e+03,2.173730999999999938e+02
1.415027800000000070e+03,2.172548999999999921e+02
1.415030299999999897e+03,2.174242999999999881e+02
1.415032699999999977e+03,2.179406999999999925e+02
1.415035200000000032e+03,2.189336999999999875e+02
1.415037600000000111e+03,2.203652999999999906e+02
1.415039999999999964e+03,2.217564000000000135e+02
1.415042500000000018e+03,2.223230000000000075e+02
1.415044900000000098e+03,2.216459999999999866e+02
1.415047399999999925e+03,2.201294000000000040e+02
1.415049800000000005e+03,2.186171999999999969e+02
1.415052200000000084e+03,2.176550000000000011e+02
1.415054699999999912e+03,2.172275999999999954e+02
1.415057099999999991e+03,2.170464000000000055e+02
1.415059600000000046e+03,2.169260999999999910e+02
1.415061999999999898e+03,2.170209000000000117e+02
1.415064499999999953e+03,2.179165999999999883e+02
1.415066900000000032e+03,2.205783999999999878e+02
1.415069300000000112e+03,2.258471000000000117e+02
1.415071799999999939e+03,2.332530999999999892e+02
1.415074200000000019e+03,2.400774000000000115e+02
1.415076700000000073e+03,2.425604999999999905e+02
1.415079099999999926e+03,2.390664999999999907e+02
1.415081500000000005e+03,2.317326999999999941e+02
1.415084000000000060e+03,2.244355999999999938e+02
1.415086399999999912e+03,2.196270000000000095e+02
1.415088899999999967e+03,2.173991000000000042e+02
1.415091300000000047e+03,2.166654000000000053e+02
1.415093800000000101e+03,2.164832000000000107e+02
1.415096199999999953e+03,2.165640999999999963e+02
1.415098600000000033e+03,2.171782000000000039e+02
1.415101100000000088e+03,2.187424000000000035e+02
1.415103499999999940e+03,2.212127000000000123e+02
1.415105999999999995e+03,2.236834000000000060e+02
1.415108400000000074e+03,2.247821999999999889e+02
1.415110799999999927e+03,2.238041000000000054e+02
1.415113299999999981e+03,2.213814999999999884e+02
1.415115700000000061e+03,2.188605000000000018e+02
1.415118199999999888e+03,2.171799000000000035e+02
1.415120599999999968e+03,2.164535999999999945e+02
1.415123000000000047e+03,2.163265000000000100e+02
1.415125500000000102e+03,2.164293999999999869e+02
1.415127899999999954e+03,2.165705000000000098e+02
1.415130400000000009e+03,2.167445999999999913e+02
1.415132800000000088e+03,2.171072000000000060e+02
1.415135299999999916e+03,2.178646999999999991e+02
1.415137699999999995e+03,2.190106000000000108e+02
1.415140100000000075e+03,2.200914999999999964e+02
1.415142599999999902e+03,2.204267000000000110e+02
1.415144999999999982e+03,2.197352999999999952e+02
1.415147500000000036e+03,2.184521000000000015e+02
1.415149899999999889e+03,2.172972000000000037e+02
1.415152299999999968e+03,2.166413000000000011e+02
1.415154800000000023e+03,2.163776000000000010e+02
1.415157200000000103e+03,2.162547999999999888e+02
1.415159699999999930e+03,2.162920000000000016e+02
1.415162100000000009e+03,2.170492000000000132e+02
1.415164600000000064e+03,2.197079999999999984e+02
1.415166999999999916e+03,2.255412000000000035e+02
1.415169399999999996e+03,2.343670999999999935e+02
1.415171900000000051e+03,2.431216000000000008e+02
1.415174299999999903e+03,2.470803999999999974e+02
1.415176799999999957e+03,2.437940000000000111e+02
1.415179200000000037e+03,2.354287999999999954e+02
1.415181599999999889e+03,2.265178999999999974e+02
1.415184099999999944e+03,2.201213999999999942e+02
1.415186500000000024e+03,2.166302000000000021e+02
1.415189000000000078e+03,2.150877000000000123e+02
1.415191399999999931e+03,2.145668000000000006e+02
1.415193800000000010e+03,2.146058999999999912e+02
1.415196300000000065e+03,2.151362000000000023e+02
1.415198699999999917e+03,2.163194000000000017e+02
1.415201199999999972e+03,2.182733000000000061e+02
1.415203600000000051e+03,2.206827999999999861e+02
1.415206100000000106e+03,2.226038000000000068e+02
1.415208499999999958e+03,2.229730999999999881e+02
1.415210900000000038e+03,2.215388000000000090e+02
1.415213400000000092e+03,2.191381000000000085e+02
1.415215799999999945e+03,2.169468999999999994e+02
1.415218299999999999e+03,2.156146999999999991e+02
1.415220700000000079e+03,2.151014000000000124e+02
1.415223099999999931e+03,2.150290999999999997e+02
1.415225599999999986e+03,2.150714000000000112e+02
1.415228000000000065e+03,2.151796999999999969e+02
1.415230499999999893e+03,2.156022000000000105e+02
1.415232899999999972e+03,2.166447000000000003e+02
1.415235400000000027e+03,2.182573999999999899e+02
1.415237800000000107e+03,2.197899999999999920e+02
1.415240199999999959e+03,2.203254000000000019e+02
1.415242700000000013e+03,2.194639999999999986e+02
1.415245100000000093e+03,2.177101000000000113e+02
1.415247599999999920e+03,2.159684000000000026e+02
1.415250000000000000e+03,2.148052000000000135e+02
1.415252400000000080e+03,2.142668999999999926e+02
1.415254899999999907e+03,2.141556999999999960e+02
1.415257299999999987e+03,2.142823999999999955e+02
1.415259800000000041e+03,2.146298999999999921e+02
1.415262199999999893e+03,2.155320000000000107e+02
1.415264599999999973e+03,2.177156999999999982e+02
1.415267100000000028e+03,2.218108000000000004e+02
1.415269500000000107e+03,2.273240000000000123e+02
1.415271999999999935e+03,2.320782000000000096e+02
1.415274400000000014e+03,2.334073999999999955e+02
1.415276900000000069e+03,2.304781000000000120e+02
1.415279299999999921e+03,2.251200000000000045e+02
1.415281700000000001e+03,2.200930999999999926e+02
1.415284200000000055e+03,2.169397999999999911e+02
1.415286599999999908e+03,2.155750999999999920e+02
1.415289099999999962e+03,2.152215999999999951e+02
1.415291500000000042e+03,2.153103999999999871e+02
1.415293899999999894e+03,2.158041000000000054e+02
1.415296399999999949e+03,2.171149000000000058e+02
1.415298800000000028e+03,2.197206999999999937e+02
1.415301300000000083e+03,2.234646999999999935e+02
1.415303699999999935e+03,2.270047000000000139e+02
1.415306199999999990e+03,2.283694999999999879e+02
1.415308600000000069e+03,2.266197999999999979e+02
1.415310999999999922e+03,2.227981000000000051e+02
1.415313499999999976e+03,2.189119000000000028e+02
1.415315900000000056e+03,2.162610999999999990e+02
1.415318400000000111e+03,2.149410000000000025e+02
1.415320799999999963e+03,2.144619000000000142e+02
1.415323200000000043e+03,2.143811000000000035e+02
1.415325700000000097e+03,2.144750999999999976e+02
1.415328099999999949e+03,2.146570000000000107e+02
1.415330600000000004e+03,2.148959000000000117e+02
1.415333000000000084e+03,2.151801000000000101e+02
1.415335399999999936e+03,2.154755000000000109e+02
1.415337899999999991e+03,2.156732000000000085e+02
1.415340300000000070e+03,2.156441000000000088e+02
1.415342799999999897e+03,2.153800999999999988e+02
1.415345199999999977e+03,2.150421000000000049e+02
1.415347700000000032e+03,2.148402000000000100e+02
1.415350100000000111e+03,2.148822000000000116e+02
1.415352499999999964e+03,2.151230999999999938e+02
1.415355000000000018e+03,2.154247000000000014e+02
1.415357400000000098e+03,2.157565999999999917e+02
1.415359899999999925e+03,2.164947999999999979e+02
1.415362300000000005e+03,2.186374000000000137e+02
1.415364700000000084e+03,2.233940000000000055e+02
1.415367199999999912e+03,2.307609999999999957e+02
1.415369599999999991e+03,2.381535000000000082e+02
1.415372100000000046e+03,2.414301000000000101e+02
1.415374499999999898e+03,2.384008000000000038e+02
1.415376999999999953e+03,2.309737000000000080e+02
1.415379400000000032e+03,2.232117000000000075e+02
1.415381800000000112e+03,2.178949000000000069e+02
1.415384299999999939e+03,2.153580000000000041e+02
1.415386700000000019e+03,2.145889999999999986e+02
1.415389200000000073e+03,2.145133999999999901e+02
1.415391599999999926e+03,2.146025999999999954e+02
1.415394000000000005e+03,2.150338000000000136e+02
1.415396500000000060e+03,2.165058999999999969e+02
1.415398899999999912e+03,2.195656999999999925e+02
1.415401399999999967e+03,2.237378999999999962e+02
1.415403800000000047e+03,2.272817000000000007e+02
1.415406199999999899e+03,2.282675999999999874e+02
1.415408699999999953e+03,2.261998000000000104e+02
1.415411100000000033e+03,2.224039999999999964e+02
1.415413600000000088e+03,2.187506999999999948e+02
1.415415999999999940e+03,2.162725000000000080e+02
1.415418499999999995e+03,2.149695000000000107e+02
1.415420900000000074e+03,2.144269999999999925e+02
1.415423299999999927e+03,2.142978999999999985e+02
1.415425799999999981e+03,2.143705999999999960e+02
1.415428200000000061e+03,2.144968000000000075e+02
1.415430699999999888e+03,2.146039000000000101e+02
1.415433099999999968e+03,2.147176000000000045e+02
1.415435500000000047e+03,2.148795000000000073e+02
1.415438000000000102e+03,2.150456000000000074e+02
1.415440399999999954e+03,2.151339999999999861e+02
1.415442900000000009e+03,2.151483000000000061e+02
1.415445300000000088e+03,2.151739000000000033e+02
1.415447799999999916e+03,2.152417000000000087e+02
1.415450199999999995e+03,2.152529000000000110e+02
1.415452600000000075e+03,2.150690999999999917e+02
1.415455099999999902e+03,2.146837999999999909e+02
1.415457499999999982e+03,2.143404999999999916e+02
1.415460000000000036e+03,2.145168999999999926e+02
1.415462399999999889e+03,2.157358000000000118e+02
1.415464799999999968e+03,2.181814999999999998e+02
1.415467300000000023e+03,2.212689000000000021e+02
1.415469700000000103e+03,2.236431000000000040e+02
1.415472199999999930e+03,2.240021999999999878e+02
1.415474600000000009e+03,2.221921000000000106e+02
1.415477100000000064e+03,2.193624000000000080e+02
1.415479499999999916e+03,2.169441999999999950e+02
1.415481899999999996e+03,2.156055000000000064e+02
1.415484400000000051e+03,2.151596999999999866e+02
1.415486799999999903e+03,2.151527000000000100e+02
1.415489299999999957e+03,2.154553999999999974e+02
1.415491700000000037e+03,2.165538999999999987e+02
1.415494099999999889e+03,2.195726999999999975e+02
1.415496599999999944e+03,2.257022000000000048e+02
1.415499000000000024e+03,2.346654000000000053e+02
1.415501500000000078e+03,2.433206999999999880e+02
1.415503899999999931e+03,2.469197000000000060e+02
1.415506300000000010e+03,2.430987000000000080e+02
1.415508800000000065e+03,2.342526000000000010e+02
1.415511199999999917e+03,2.251833000000000027e+02
1.415513699999999972e+03,2.190492000000000132e+02
1.415516100000000051e+03,2.160651000000000010e+02
1.415518600000000106e+03,2.149584000000000117e+02
1.415520999999999958e+03,2.145728000000000009e+02
1.415523400000000038e+03,2.144157999999999902e+02
1.415525900000000092e+03,2.145303999999999860e+02
1.415528299999999945e+03,2.151653000000000020e+02
1.415530799999999999e+03,2.163798999999999921e+02
1.415533200000000079e+03,2.178043999999999869e+02
1.415535599999999931e+03,2.187528000000000077e+02
1.415538099999999986e+03,2.187026999999999930e+02
1.415540500000000065e+03,2.177247999999999877e+02
1.415542999999999893e+03,2.164201999999999941e+02
1.415545399999999972e+03,2.154371999999999900e+02
1.415547900000000027e+03,2.150535000000000139e+02
1.415550300000000107e+03,2.151384999999999934e+02
1.415552699999999959e+03,2.153902999999999963e+02
1.415555200000000013e+03,2.155826999999999884e+02
1.415557600000000093e+03,2.156653000000000020e+02
1.415560099999999920e+03,2.157441000000000031e+02
1.415562500000000000e+03,2.159989999999999952e+02
1.415564900000000080e+03,2.165116999999999905e+02
1.415567399999999907e+03,2.170848000000000013e+02
1.415569799999999987e+03,2.173284999999999911e+02
1.415572300000000041e+03,2.170645000000000095e+02
1.415574699999999893e+03,2.165791000000000111e+02
1.415577099999999973e+03,2.163600000000000136e+02
1.415579600000000028e+03,2.166348000000000127e+02
1.415582000000000107e+03,2.172516999999999996e+02
1.415584499999999935e+03,2.179406999999999925e+02
1.415586900000000014e+03,2.185913999999999930e+02
1.415589400000000069e+03,2.193350000000000080e+02
1.415591799999999921e+03,2.205360000000000014e+02
1.415594200000000001e+03,2.227107000000000028e+02
1.415596700000000055e+03,2.260682999999999936e+02
1.415599099999999908e+03,2.297743000000000109e+02
1.415601599999999962e+03,2.319353999999999871e+02
1.415604000000000042e+03,2.309761000000000024e+02
1.415606399999999894e+03,2.271681000000000097e+02
1.415608899999999949e+03,2.224472000000000094e+02
1.415611300000000028e+03,2.187393999999999892e+02
1.415613800000000083e+03,2.167361999999999966e+02
1.415616199999999935e+03,2.160554999999999950e+02
1.415618699999999990e+03,2.160289999999999964e+02
1.415621100000000069e+03,2.163031000000000006e+02
1.415623499999999922e+03,2.171034999999999968e+02
1.415625999999999976e+03,2.193014000000000010e+02
1.415628400000000056e+03,2.239610999999999876e+02
1.415630900000000111e+03,2.310125999999999920e+02
1.415633299999999963e+03,2.379895999999999958e+02
1.415635700000000043e+03,2.410053000000000054e+02
1.415638200000000097e+03,2.380554999999999950e+02
1.415640599999999949e+03,2.310199000000000069e+02
1.415643100000000004e+03,2.237822999999999922e+02
1.415645500000000084e+03,2.189247000000000014e+02
1.415647899999999936e+03,2.166210000000000093e+02
1.415650399999999991e+03,2.157951999999999941e+02
1.415652800000000070e+03,2.154772000000000105e+02
1.415655299999999897e+03,2.152834000000000003e+02
1.415657699999999977e+03,2.152523999999999944e+02
1.415660200000000032e+03,2.155283000000000015e+02
1.415662600000000111e+03,2.161148000000000025e+02
1.415664999999999964e+03,2.167930000000000064e+02
1.415667500000000018e+03,2.172144000000000119e+02
1.415669900000000098e+03,2.171608999999999980e+02
1.415672399999999925e+03,2.167264999999999873e+02
1.415674800000000005e+03,2.162033000000000129e+02
1.415677200000000084e+03,2.158231000000000108e+02
1.415679699999999912e+03,2.156551000000000045e+02
1.415682099999999991e+03,2.156865999999999985e+02
1.415684600000000046e+03,2.159013999999999953e+02
1.415686999999999898e+03,2.163017999999999859e+02
1.415689499999999953e+03,2.169345000000000141e+02
1.415691900000000032e+03,2.179478000000000009e+02
1.415694300000000112e+03,2.195466999999999871e+02
1.415696799999999939e+03,2.216942999999999984e+02
1.415699200000000019e+03,2.237612000000000023e+02
1.415701700000000073e+03,2.247255000000000109e+02
1.415704099999999926e+03,2.240225000000000080e+02
1.415706500000000005e+03,2.221106000000000051e+02
1.415709000000000060e+03,2.200118999999999971e+02
1.415711399999999912e+03,2.184524999999999864e+02
1.415713899999999967e+03,2.175807000000000073e+02
1.415716300000000047e+03,2.172563000000000102e+02
1.415718800000000101e+03,2.173748999999999967e+02
1.415721199999999953e+03,2.180422000000000082e+02
1.415723600000000033e+03,2.196827000000000112e+02
1.415726100000000088e+03,2.228870000000000005e+02
1.415728499999999940e+03,2.276921000000000106e+02
1.415730999999999995e+03,2.327470999999999890e+02
1.415733400000000074e+03,2.356305999999999869e+02
1.415735799999999927e+03,2.346882999999999981e+02
1.415738299999999981e+03,2.305620000000000118e+02
1.415740700000000061e+03,2.255497000000000014e+02
1.415743199999999888e+03,2.216347000000000094e+02
1.415745599999999968e+03,2.194016000000000020e+02
1.415748000000000047e+03,2.184381999999999948e+02
1.415750500000000102e+03,2.181705000000000041e+02
1.415752899999999954e+03,2.183478000000000065e+02
1.415755400000000009e+03,2.191972000000000094e+02
1.415757800000000088e+03,2.214564000000000021e+02
1.415760299999999916e+03,2.259894999999999925e+02
1.415762699999999995e+03,2.326451999999999884e+02
1.415765100000000075e+03,2.391748000000000047e+02
1.415767599999999902e+03,2.421213999999999942e+02
1.415769999999999982e+03,2.397161000000000115e+02
1.415772500000000036e+03,2.335886999999999887e+02
1.415774899999999889e+03,2.271092999999999904e+02
1.415777299999999968e+03,2.225742999999999938e+02
1.415779800000000023e+03,2.203029999999999973e+02
1.415782200000000103e+03,2.195578999999999894e+02
1.415784699999999930e+03,2.195461999999999989e+02
1.415787100000000009e+03,2.197933999999999912e+02
1.415789600000000064e+03,2.201440000000000055e+02
1.415791999999999916e+03,2.206302000000000021e+02
1.415794399999999996e+03,2.212647000000000048e+02
1.415796900000000051e+03,2.219009000000000071e+02
1.415799299999999903e+03,2.222769000000000119e+02
1.415801799999999957e+03,2.222284999999999968e+02
1.415804200000000037e+03,2.218349000000000046e+02
1.415806599999999889e+03,2.213307000000000073e+02
1.415809099999999944e+03,2.209028000000000134e+02
1.415811500000000024e+03,2.205807000000000073e+02
1.415814000000000078e+03,2.202927999999999997e+02
1.415816399999999931e+03,2.200113000000000056e+02
1.415818800000000010e+03,2.198478000000000065e+02
1.415821300000000065e+03,2.200038000000000125e+02
1.415823699999999917e+03,2.206668999999999983e+02
1.415826199999999972e+03,2.219336000000000126e+02
1.415828600000000051e+03,2.236499000000000024e+02
1.415831100000000106e+03,2.252192000000000007e+02
1.415833499999999958e+03,2.258027999999999906e+02
1.415835900000000038e+03,2.250021000000000129e+02
1.415838400000000092e+03,2.232780999999999949e+02
1.415840799999999945e+03,2.215417999999999950e+02
1.415843299999999999e+03,2.204370999999999867e+02
1.415845700000000079e+03,2.200869000000000142e+02
1.415848099999999931e+03,2.203086999999999875e+02
1.415850599999999986e+03,2.209190000000000111e+02
1.415853000000000065e+03,2.219562999999999988e+02
1.415855499999999893e+03,2.238274000000000115e+02
1.415857899999999972e+03,2.271511000000000138e+02
1.415860400000000027e+03,2.319918000000000120e+02
1.415862800000000107e+03,2.369634000000000071e+02
1.415865199999999959e+03,2.395972999999999900e+02
1.415867700000000013e+03,2.383420999999999879e+02
1.415870100000000093e+03,2.341052999999999997e+02
1.415872599999999920e+03,2.293839000000000112e+02
1.415875000000000000e+03,2.261168999999999869e+02
1.415877400000000080e+03,2.246628000000000043e+02
1.415879899999999907e+03,2.243497000000000128e+02
1.415882299999999987e+03,2.244064999999999941e+02
1.415884800000000041e+03,2.245191000000000088e+02
1.415887199999999893e+03,2.250246999999999957e+02
1.415889599999999973e+03,2.268994000000000142e+02
1.415892100000000028e+03,2.312363000000000000e+02
1.415894500000000107e+03,2.379381999999999948e+02
1.415896999999999935e+03,2.445612999999999886e+02
1.415899400000000014e+03,2.473663999999999987e+02
1.415901900000000069e+03,2.445286000000000115e+02
1.415904299999999921e+03,2.379456999999999880e+02
1.415906700000000001e+03,2.312870000000000061e+02
1.415909200000000055e+03,2.268600000000000136e+02
1.415911599999999908e+03,2.247500000000000000e+02
1.415914099999999962e+03,2.240195999999999970e+02
1.415916500000000042e+03,2.238757999999999981e+02
1.415918899999999894e+03,2.239910000000000139e+02
1.415921399999999949e+03,2.243942000000000121e+02
1.415923800000000028e+03,2.252661999999999978e+02
1.415926300000000083e+03,2.266092999999999904e+02
1.415928699999999935e+03,2.279484999999999957e+02
1.415931199999999990e+03,2.284746000000000095e+02
1.415933600000000069e+03,2.277247999999999877e+02
1.415935999999999922e+03,2.260725999999999942e+02
1.415938499999999976e+03,2.244151999999999987e+02
1.415940900000000056e+03,2.234510999999999967e+02
1.415943400000000111e+03,2.233023000000000025e+02
1.415945799999999963e+03,2.236351999999999975e+02
1.415948200000000043e+03,2.240004999999999882e+02
1.415950700000000097e+03,2.241339000000000112e+02
1.415953099999999949e+03,2.240589999999999975e+02
1.415955600000000004e+03,2.239826999999999941e+02
1.415958000000000084e+03,2.241119999999999948e+02
1.415960399999999936e+03,2.245144999999999982e+02
1.415962899999999991e+03,2.250648999999999944e+02
1.415965300000000070e+03,2.255700999999999965e+02
1.415967799999999897e+03,2.260529999999999973e+02
1.415970199999999977e+03,2.269682999999999993e+02
1.415972700000000032e+03,2.289753000000000043e+02
1.415975100000000111e+03,2.321673000000000116e+02
1.415977499999999964e+03,2.354129000000000076e+02
1.415980000000000018e+03,2.368826999999999998e+02
1.415982400000000098e+03,2.357184000000000026e+02
1.415984899999999925e+03,2.330502999999999929e+02
1.415987300000000005e+03,2.311548999999999978e+02
1.415989700000000084e+03,2.317960999999999956e+02
1.415992199999999912e+03,2.351734999999999900e+02
1.415994599999999991e+03,2.397033999999999878e+02
1.415997100000000046e+03,2.427613000000000056e+02
1.415999499999999898e+03,2.424712000000000103e+02
1.416001999999999953e+03,2.391505999999999972e+02
1.416004400000000032e+03,2.347790999999999997e+02
1.416006800000000112e+03,2.311880999999999915e+02
1.416009299999999939e+03,2.290284000000000049e+02
1.416011700000000019e+03,2.280715999999999894e+02
1.416014200000000073e+03,2.278906000000000063e+02
1.416016599999999926e+03,2.282759000000000071e+02
1.416019000000000005e+03,2.294488000000000056e+02
1.416021500000000060e+03,2.321905999999999892e+02
1.416023899999999912e+03,2.374498000000000104e+02
1.416026399999999967e+03,2.450212999999999965e+02
1.416028800000000047e+03,2.522721999999999980e+02
1.416031199999999899e+03,2.551792000000000087e+02
1.416033699999999953e+03,2.517608999999999924e+02
1.416036100000000033e+03,2.441031999999999869e+02
1.416038600000000088e+03,2.363024000000000058e+02
1.416040999999999940e+03,2.309989999999999952e+02
1.416043499999999995e+03,2.283486000000000047e+02
1.416045900000000074e+03,2.273327999999999918e+02
1.416048299999999927e+03,2.271240999999999985e+02
1.416050799999999981e+03,2.275366999999999962e+02
1.416053200000000061e+03,2.289572000000000003e+02
1.416055699999999888e+03,2.319591000000000065e+02
1.416058099999999968e+03,2.364627000000000123e+02
1.416060500000000047e+03,2.409994000000000085e+02
1.416063000000000102e+03,2.432520000000000095e+02
1.416065399999999954e+03,2.419524999999999864e+02
1.416067900000000009e+03,2.380877999999999872e+02
1.416070300000000088e+03,2.338782999999999959e+02
1.416072799999999916e+03,2.308684000000000083e+02
1.416075199999999995e+03,2.292428999999999917e+02
1.416077600000000075e+03,2.284739999999999895e+02
1.416080099999999902e+03,2.280937000000000126e+02
1.416082499999999982e+03,2.279422999999999888e+02
1.416085000000000036e+03,2.280357999999999947e+02
1.416087399999999889e+03,2.283982000000000028e+02
1.416089799999999968e+03,2.289993000000000052e+02
1.416092300000000023e+03,2.297416000000000054e+02
1.416094700000000103e+03,2.304182000000000130e+02
1.416097199999999930e+03,2.307844000000000051e+02
1.416099600000000009e+03,2.307642999999999915e+02
1.416102100000000064e+03,2.305186999999999955e+02
1.416104499999999916e+03,2.302554000000000087e+02
1.416106899999999996e+03,2.300732000000000141e+02
1.416109400000000051e+03,2.300310000000000059e+02
1.416111799999999903e+03,2.302262000000000057e+02
1.416114299999999957e+03,2.307036999999999978e+02
1.416116700000000037e+03,2.313674000000000035e+02
1.416119099999999889e+03,2.320711000000000013e+02
1.416121599999999944e+03,2.327656000000000063e+02
1.416124000000000024e+03,2.334499999999999886e+02
1.416126500000000078e+03,2.339762000000000057e+02
1.416128899999999931e+03,2.340456000000000074e+02
1.416131300000000010e+03,2.335092999999999961e+02
1.416133800000000065e+03,2.325598999999999990e+02
1.416136199999999917e+03,2.315373999999999910e+02
1.416138699999999972e+03,2.306706000000000074e+02
1.416141100000000051e+03,2.300739000000000090e+02
1.416143600000000106e+03,2.298359000000000094e+02
1.416145999999999958e+03,2.299877999999999929e+02
1.416148400000000038e+03,2.305018000000000029e+02
1.416150900000000092e+03,2.314527999999999963e+02
1.416153299999999945e+03,2.332160000000000082e+02
1.416155799999999999e+03,2.363062999999999931e+02
1.416158200000000079e+03,2.406139000000000010e+02
1.416160599999999931e+03,2.446479999999999961e+02
1.416163099999999986e+03,2.461360999999999990e+02
1.416165500000000065e+03,2.440238999999999976e+02
1.416167999999999893e+03,2.396279999999999859e+02
1.416170399999999972e+03,2.353797999999999888e+02
1.416172900000000027e+03,2.327668999999999926e+02
1.416175300000000107e+03,2.317468000000000075e+02
1.416177699999999959e+03,2.315752999999999986e+02
1.416180200000000013e+03,2.317521999999999878e+02
1.416182600000000093e+03,2.324638999999999953e+02
1.416185099999999920e+03,2.346168000000000120e+02
1.416187500000000000e+03,2.392911000000000001e+02
1.416189900000000080e+03,2.463847000000000094e+02
1.416192399999999907e+03,2.534267999999999859e+02
1.416194799999999987e+03,2.565715999999999894e+02
1.416197300000000041e+03,2.538077999999999861e+02
1.416199699999999893e+03,2.469183999999999912e+02
1.416202099999999973e+03,2.397142000000000053e+02
1.416204600000000028e+03,2.348406999999999982e+02
1.416207000000000107e+03,2.326143999999999892e+02
1.416209499999999935e+03,2.320394000000000005e+02
1.416211900000000014e+03,2.321099000000000103e+02
1.416214400000000069e+03,2.324150999999999954e+02
1.416216799999999921e+03,2.331822999999999979e+02
1.416219200000000001e+03,2.350862999999999943e+02
1.416221700000000055e+03,2.387702999999999918e+02
1.416224099999999908e+03,2.439778000000000020e+02
1.416226599999999962e+03,2.488798999999999921e+02
1.416229000000000042e+03,2.508874000000000137e+02
1.416231399999999894e+03,2.488131999999999948e+02
1.416233899999999949e+03,2.440174000000000092e+02
1.416236300000000028e+03,2.390560000000000116e+02
1.416238800000000083e+03,2.355725999999999942e+02
1.416241199999999935e+03,2.337145999999999901e+02
1.416243699999999990e+03,2.329459999999999980e+02
1.416246100000000069e+03,2.328434000000000026e+02
1.416248499999999922e+03,2.332675999999999874e+02
1.416250999999999976e+03,2.342153999999999883e+02
1.416253400000000056e+03,2.356576000000000022e+02
1.416255900000000111e+03,2.373511000000000024e+02
1.416258299999999963e+03,2.387230999999999881e+02
1.416260700000000043e+03,2.390996000000000095e+02
1.416263200000000097e+03,2.382676999999999907e+02
1.416265599999999949e+03,2.367324000000000126e+02
1.416268100000000004e+03,2.352796999999999912e+02
1.416270500000000084e+03,2.343514000000000124e+02
1.416272899999999936e+03,2.338840999999999894e+02
1.416275399999999991e+03,2.335884000000000071e+02
1.416277800000000070e+03,2.332763999999999953e+02
1.416280299999999897e+03,2.329807999999999879e+02
1.416282699999999977e+03,2.328352999999999895e+02
1.416285200000000032e+03,2.328940000000000055e+02
1.416287600000000111e+03,2.330996000000000095e+02
1.416289999999999964e+03,2.333867999999999938e+02
1.416292500000000018e+03,2.337289000000000101e+02
1.416294900000000098e+03,2.341011000000000024e+02
1.416297399999999925e+03,2.344696999999999889e+02
1.416299800000000005e+03,2.348114999999999952e+02
1.416302200000000084e+03,2.350945000000000107e+02
1.416304699999999912e+03,2.352570000000000050e+02
1.416307099999999991e+03,2.352560000000000002e+02
1.416309600000000046e+03,2.351282999999999959e+02
1.416311999999999898e+03,2.350091999999999928e+02
1.416314499999999953e+03,2.351526000000000067e+02
1.416316900000000032e+03,2.359859999999999900e+02
1.416319300000000112e+03,2.379704000000000121e+02
1.416321799999999939e+03,2.410464000000000055e+02
1.416324200000000019e+03,2.441132000000000062e+02
1.416326700000000073e+03,2.454836999999999989e+02
1.416329099999999926e+03,2.442918999999999983e+02
1.416331500000000005e+03,2.413160000000000025e+02
1.416334000000000060e+03,2.381836999999999875e+02
1.416336399999999912e+03,2.359939999999999998e+02
1.416338899999999967e+03,2.348463000000000136e+02
1.416341300000000047e+03,2.343387999999999920e+02
1.416343800000000101e+03,2.341765000000000043e+02
1.416346199999999953e+03,2.344175999999999931e+02
1.416348600000000033e+03,2.354205000000000041e+02
1.416351100000000088e+03,2.377202000000000055e+02
1.416353499999999940e+03,2.417335999999999956e+02
1.416355999999999995e+03,2.470440000000000111e+02
1.416358400000000074e+03,2.517820000000000107e+02
1.416360799999999927e+03,2.534335000000000093e+02
1.416363299999999981e+03,2.509745000000000061e+02
1.416365700000000061e+03,2.459211999999999989e+02
1.416368199999999888e+03,2.408813000000000102e+02
1.416370599999999968e+03,2.374707999999999970e+02
1.416373000000000047e+03,2.358309999999999889e+02
1.416375500000000102e+03,2.354463000000000079e+02
1.416377899999999954e+03,2.359277999999999906e+02
1.416380400000000009e+03,2.373317999999999870e+02
1.416382800000000088e+03,2.402600999999999942e+02
1.416385299999999916e+03,2.455157000000000096e+02
1.416387699999999995e+03,2.528890000000000100e+02
1.416390100000000075e+03,2.599513999999999783e+02
1.416392599999999902e+03,2.629614000000000260e+02
1.416394999999999982e+03,2.600371000000000095e+02
1.416397500000000036e+03,2.530731000000000108e+02
1.416399899999999889e+03,2.458705999999999960e+02
1.416402299999999968e+03,2.409243999999999915e+02
1.416404800000000023e+03,2.384326000000000079e+02
1.416407200000000103e+03,2.374781999999999869e+02
1.416409699999999930e+03,2.372656000000000063e+02
1.416412100000000009e+03,2.374860999999999933e+02
1.416414600000000064e+03,2.382133000000000038e+02
1.416416999999999916e+03,2.397802000000000078e+02
1.416419399999999996e+03,2.425137000000000000e+02
1.416421900000000051e+03,2.461518000000000086e+02
1.416424299999999903e+03,2.493888000000000034e+02
1.416426799999999957e+03,2.505046000000000106e+02
1.416429200000000037e+03,2.488745000000000118e+02
1.416431599999999889e+03,2.456102999999999952e+02
1.416434099999999944e+03,2.424567999999999870e+02
1.416436500000000024e+03,2.403738999999999919e+02
1.416439000000000078e+03,2.393249000000000137e+02
1.416441399999999931e+03,2.389223000000000070e+02
1.416443800000000010e+03,2.388958000000000084e+02
1.416446300000000065e+03,2.391387000000000000e+02
1.416448699999999917e+03,2.396568000000000040e+02
1.416451199999999972e+03,2.405286000000000115e+02
1.416453600000000051e+03,2.417182999999999993e+02
1.416456100000000106e+03,2.428242999999999938e+02
1.416458499999999958e+03,2.431722000000000037e+02
1.416460900000000038e+03,2.423926999999999907e+02
1.416463400000000092e+03,2.408577999999999975e+02
1.416465799999999945e+03,2.394095000000000084e+02
1.416468299999999999e+03,2.386992999999999938e+02
1.416470700000000079e+03,2.388052999999999884e+02
1.416473099999999931e+03,2.393145000000000095e+02
1.416475599999999986e+03,2.396732000000000085e+02
1.416478000000000065e+03,2.395603000000000122e+02
1.416480499999999893e+03,2.390557000000000016e+02
1.416482899999999972e+03,2.384958000000000027e+02
1.416485400000000027e+03,2.381710999999999956e+02
1.416487800000000107e+03,2.381596999999999866e+02
1.416490199999999959e+03,2.383701000000000079e+02
1.416492700000000013e+03,2.386713000000000022e+02
1.416495100000000093e+03,2.389904999999999973e+02
1.416497599999999920e+03,2.393531999999999869e+02
1.416500000000000000e+03,2.398432999999999993e+02
1.416502400000000080e+03,2.404993000000000052e+02
1.416504899999999907e+03,2.412373000000000047e+02
1.416507299999999987e+03,2.418893999999999949e+02
1.416509800000000041e+03,2.423506999999999891e+02
1.416512199999999893e+03,2.427088999999999999e+02
1.416514599999999973e+03,2.432486000000000104e+02
1.416517100000000028e+03,2.442763999999999953e+02
1.416519500000000107e+03,2.457831999999999937e+02
1.416521999999999935e+03,2.471896000000000129e+02
1.416524400000000014e+03,2.476101999999999919e+02
1.416526900000000069e+03,2.466099000000000103e+02
1.416529299999999921e+03,2.446382000000000119e+02
1.416531700000000001e+03,2.425919000000000096e+02
1.416534200000000055e+03,2.410869999999999891e+02
1.416536599999999908e+03,2.402378999999999962e+02
1.416539099999999962e+03,2.398968999999999880e+02
1.416541500000000042e+03,2.398982000000000028e+02
1.416543899999999894e+03,2.401774000000000058e+02
1.416546399999999949e+03,2.408779999999999859e+02
1.416548800000000028e+03,2.424038999999999930e+02
1.416551300000000083e+03,2.451192000000000064e+02
1.416553699999999935e+03,2.486580999999999904e+02
1.416556199999999990e+03,2.515715999999999894e+02
1.416558600000000069e+03,2.521888999999999896e+02
1.416560999999999922e+03,2.501493000000000109e+02
1.416563499999999976e+03,2.468011999999999944e+02
1.416565900000000056e+03,2.438943999999999903e+02
1.416568400000000111e+03,2.421889999999999930e+02
1.416570799999999963e+03,2.414111000000000047e+02
1.416573200000000043e+03,2.410525000000000091e+02
1.416575700000000097e+03,2.409826999999999941e+02
1.416578099999999949e+03,2.416428999999999974e+02
1.416580600000000004e+03,2.440391999999999939e+02
1.416583000000000084e+03,2.492305000000000064e+02
1.416585399999999936e+03,2.569671999999999912e+02
1.416587899999999991e+03,2.645147999999999797e+02
1.416590300000000070e+03,2.678059000000000083e+02
1.416592799999999897e+03,2.648702000000000112e+02
1.416595199999999977e+03,2.577726000000000113e+02
1.416597700000000032e+03,2.505295000000000130e+02
1.416600100000000111e+03,2.456983999999999924e+02
1.416602499999999964e+03,2.433857000000000141e+02
1.416605000000000018e+03,2.425423000000000116e+02
1.416607400000000098e+03,2.422949999999999875e+02
1.416609899999999925e+03,2.423934000000000140e+02
1.416612300000000005e+03,2.431655000000000086e+02
1.416614700000000084e+03,2.452709999999999866e+02
1.416617199999999912e+03,2.490892000000000053e+02
1.416619599999999991e+03,2.538963999999999999e+02
1.416622100000000046e+03,2.576567999999999756e+02
1.416624499999999898e+03,2.582653999999999996e+02
1.416626999999999953e+03,2.553950000000000102e+02
1.416629400000000032e+03,2.508255000000000052e+02
1.416631800000000112e+03,2.467839999999999918e+02
1.416634299999999939e+03,2.443154999999999859e+02
1.416636700000000019e+03,2.432410000000000139e+02
1.416639200000000073e+03,2.430057999999999936e+02
1.416641599999999926e+03,2.432455999999999960e+02
1.416644000000000005e+03,2.439365999999999985e+02
1.416646500000000060e+03,2.454767999999999972e+02
1.416648899999999912e+03,2.484877999999999929e+02
1.416651399999999967e+03,2.529635000000000105e+02
1.416653800000000047e+03,2.573783000000000243e+02
1.416656199999999899e+03,2.592509000000000015e+02
1.416658699999999953e+03,2.572785000000000082e+02
1.416661100000000033e+03,2.526493000000000109e+02
1.416663600000000088e+03,2.478284999999999911e+02
1.416665999999999940e+03,2.444512000000000000e+02
1.416668499999999995e+03,2.426693999999999960e+02
1.416670900000000074e+03,2.419088999999999885e+02
1.416673299999999927e+03,2.416723000000000070e+02
1.416675799999999981e+03,2.417740000000000009e+02
1.416678200000000061e+03,2.422291999999999916e+02
1.416680699999999888e+03,2.431101999999999919e+02
1.416683099999999968e+03,2.444158999999999935e+02
1.416685500000000047e+03,2.459170000000000016e+02
1.416688000000000102e+03,2.471106000000000051e+02
1.416690399999999954e+03,2.475321000000000140e+02
1.416692900000000009e+03,2.471897999999999911e+02
1.416695300000000088e+03,2.465585000000000093e+02
1.416697799999999916e+03,2.461064000000000078e+02
1.416700199999999995e+03,2.459423999999999921e+02
1.416702600000000075e+03,2.459232000000000085e+02
1.416705099999999902e+03,2.459482000000000141e+02
1.416707499999999982e+03,2.460563999999999965e+02
1.416710000000000036e+03,2.462661999999999978e+02
1.416712399999999889e+03,2.464234999999999900e+02
1.416714799999999968e+03,2.463074000000000012e+02
1.416717300000000023e+03,2.458816999999999950e+02
1.416719700000000103e+03,2.453451000000000022e+02
1.416722199999999930e+03,2.449173000000000116e+02
1.416724600000000009e+03,2.446668999999999983e+02
1.416727100000000064e+03,2.445525000000000091e+02
1.416729499999999916e+03,2.445213999999999999e+02
1.416731899999999996e+03,2.445264999999999986e+02
1.416734400000000051e+03,2.445150999999999897e+02
1.416736799999999903e+03,2.444476999999999975e+02
1.416739299999999957e+03,2.443282000000000096e+02
1.416741700000000037e+03,2.442322000000000060e+02
1.416744099999999889e+03,2.443071999999999946e+02
1.416746599999999944e+03,2.446945000000000050e+02
1.416749000000000024e+03,2.453973000000000013e+02
1.416751500000000078e+03,2.462198999999999955e+02
1.416753899999999931e+03,2.468618999999999915e+02
1.416756300000000010e+03,2.471057000000000130e+02
1.416758800000000065e+03,2.469523000000000081e+02
1.416761199999999917e+03,2.465929999999999893e+02
1.416763699999999972e+03,2.462511000000000081e+02
1.416766100000000051e+03,2.460460999999999956e+02
1.416768600000000106e+03,2.459844999999999970e+02
1.416770999999999958e+03,2.460306999999999960e+02
1.416773400000000038e+03,2.461922999999999888e+02
1.416775900000000092e+03,2.465945000000000107e+02
1.416778299999999945e+03,2.475340999999999951e+02
1.416780799999999999e+03,2.493620999999999981e+02
1.416783200000000079e+03,2.520493999999999915e+02
1.416785599999999931e+03,2.547242999999999995e+02
1.416788099999999986e+03,2.559709000000000003e+02
1.416790500000000065e+03,2.550123000000000104e+02
1.416792999999999893e+03,2.524904999999999973e+02
1.416795399999999972e+03,2.498332000000000050e+02
1.416797900000000027e+03,2.480509999999999877e+02
1.416800300000000107e+03,2.472923999999999864e+02
1.416802699999999959e+03,2.471993999999999971e+02
1.416805200000000013e+03,2.473940000000000055e+02
1.416807600000000093e+03,2.477813999999999908e+02
1.416810099999999920e+03,2.486363000000000056e+02
1.416812500000000000e+03,2.504105999999999881e+02
1.416814900000000080e+03,2.532327999999999975e+02
1.416817399999999907e+03,2.563967000000000098e+02
1.416819799999999987e+03,2.584538000000000011e+02
1.416822300000000041e+03,2.582017000000000166e+02
1.416824699999999893e+03,2.557280000000000086e+02
1.416827099999999973e+03,2.523197999999999865e+02
1.416829600000000028e+03,2.493641000000000076e+02
1.416832000000000107e+03,2.475003000000000100e+02
1.416834499999999935e+03,2.466689000000000078e+02
1.416836900000000014e+03,2.465696000000000083e+02
1.416839400000000069e+03,2.470237999999999943e+02
1.416841799999999921e+03,2.482192000000000007e+02
1.416844200000000001e+03,2.509103000000000065e+02
1.416846700000000055e+03,2.560842999999999847e+02
1.416849099999999908e+03,2.636267000000000280e+02
1.416851599999999962e+03,2.710049999999999955e+02
1.416854000000000042e+03,2.742628000000000270e+02
1.416856399999999894e+03,2.713915999999999826e+02
1.416858899999999949e+03,2.643480999999999881e+02
1.416861300000000028e+03,2.570917999999999779e+02
1.416863800000000083e+03,2.521965999999999894e+02
1.416866199999999935e+03,2.497826000000000022e+02
1.416868699999999990e+03,2.487904000000000053e+02
1.416871100000000069e+03,2.484059000000000026e+02
1.416873499999999922e+03,2.485492999999999881e+02
1.416875999999999976e+03,2.497159000000000049e+02
1.416878400000000056e+03,2.525329999999999870e+02
1.416880900000000111e+03,2.570339000000000169e+02
1.416883299999999963e+03,2.619759000000000242e+02
1.416885700000000043e+03,2.650980000000000132e+02
1.416888200000000097e+03,2.647246999999999844e+02
1.416890599999999949e+03,2.612613000000000056e+02
1.416893100000000004e+03,2.567930999999999813e+02
1.416895500000000084e+03,2.532771999999999935e+02
1.416897899999999936e+03,2.513727000000000089e+02
1.416900399999999991e+03,2.506983999999999924e+02
1.416902800000000070e+03,2.506204999999999927e+02
1.416905299999999897e+03,2.507998000000000047e+02
1.416907699999999977e+03,2.514492999999999938e+02
1.416910200000000032e+03,2.534086000000000070e+02
1.416912600000000111e+03,2.577080000000000268e+02
1.416914999999999964e+03,2.643256000000000085e+02
1.416917500000000018e+03,2.709997999999999934e+02
1.416919900000000098e+03,2.740912000000000148e+02
1.416922399999999925e+03,2.716372000000000071e+02
1.416924800000000005e+03,2.652805000000000177e+02
1.416927200000000084e+03,2.585917999999999779e+02
1.416929699999999912e+03,2.539990999999999985e+02
1.416932099999999991e+03,2.517221000000000117e+02
1.416934600000000046e+03,2.508095000000000141e+02
1.416936999999999898e+03,2.504077000000000055e+02
1.416939499999999953e+03,2.503028999999999940e+02
1.416941900000000032e+03,2.508625000000000114e+02
1.416944300000000112e+03,2.526108999999999867e+02
1.416946799999999939e+03,2.555714000000000112e+02
1.416949200000000019e+03,2.587817000000000007e+02
1.416951700000000073e+03,2.605973999999999933e+02
1.416954099999999926e+03,2.599173999999999864e+02
1.416956500000000005e+03,2.571961999999999762e+02
1.416959000000000060e+03,2.540245999999999924e+02
1.416961399999999912e+03,2.517543000000000006e+02
1.416963899999999967e+03,2.506951999999999998e+02
1.416966300000000047e+03,2.504048999999999978e+02
1.416968800000000101e+03,2.503508999999999958e+02
1.416971199999999953e+03,2.503038999999999987e+02
1.416973600000000033e+03,2.504042000000000030e+02
1.416976100000000088e+03,2.510689000000000135e+02
1.416978499999999940e+03,2.527219000000000051e+02
1.416980999999999995e+03,2.553094000000000108e+02
1.416983400000000074e+03,2.579160999999999717e+02
1.416985799999999927e+03,2.591549999999999727e+02
1.416988299999999981e+03,2.583061000000000149e+02
1.416990700000000061e+03,2.559858999999999867e+02
1.416993199999999888e+03,2.535028000000000077e+02
1.416995599999999968e+03,2.517553000000000054e+02
1.416998000000000047e+03,2.508766999999999996e+02
1.417000500000000102e+03,2.505957999999999970e+02
1.417002899999999954e+03,2.506252000000000066e+02
1.417005400000000009e+03,2.508147999999999911e+02
1.417007800000000088e+03,2.511668999999999983e+02
1.417010299999999916e+03,2.517643999999999949e+02
1.417012699999999995e+03,2.526098000000000070e+02
1.417015100000000075e+03,2.535073999999999899e+02
1.417017599999999902e+03,2.541381000000000085e+02
1.417019999999999982e+03,2.543031000000000006e+02
1.417022500000000036e+03,2.540832000000000050e+02
1.417024899999999889e+03,2.537271000000000072e+02
1.417027299999999968e+03,2.534025000000000034e+02
1.417029800000000023e+03,2.530928000000000111e+02
1.417032200000000103e+03,2.527103999999999928e+02
1.417034699999999930e+03,2.522574999999999932e+02
1.417037100000000009e+03,2.518634999999999877e+02
1.417039600000000064e+03,2.516738000000000000e+02
1.417041999999999916e+03,2.517041000000000111e+02
1.417044399999999996e+03,2.518269999999999982e+02
1.417046900000000051e+03,2.519148999999999887e+02
1.417049299999999903e+03,2.519504000000000019e+02
1.417051799999999957e+03,2.519925000000000068e+02
1.417054200000000037e+03,2.520902000000000100e+02
1.417056599999999889e+03,2.522426000000000101e+02
1.417059099999999944e+03,2.524026000000000067e+02
1.417061500000000024e+03,2.525080000000000098e+02
1.417064000000000078e+03,2.525235999999999876e+02
1.417066399999999931e+03,2.524499999999999886e+02
1.417068800000000010e+03,2.523044999999999902e+02
1.417071300000000065e+03,2.521308999999999969e+02
1.417073699999999917e+03,2.520174000000000092e+02
1.417076199999999972e+03,2.520481000000000051e+02
1.417078600000000051e+03,2.522205999999999904e+02
1.417081100000000106e+03,2.524387000000000114e+02
1.417083499999999958e+03,2.525904999999999916e+02
1.417085900000000038e+03,2.526154999999999973e+02
1.417088400000000092e+03,2.525079000000000065e+02
1.417090799999999945e+03,2.522908999999999935e+02
1.417093299999999999e+03,2.520122000000000071e+02
1.417095700000000079e+03,2.517363000000000000e+02
1.417098099999999931e+03,2.515122000000000071e+02
1.417100599999999986e+03,2.513571000000000026e+02
1.417103000000000065e+03,2.512976999999999919e+02
1.417105499999999893e+03,2.514234999999999900e+02
1.417107899999999972e+03,2.518919999999999959e+02
1.417110400000000027e+03,2.528470000000000084e+02
1.417112800000000107e+03,2.542256999999999891e+02
1.417115199999999959e+03,2.555766000000000133e+02
1.417117700000000013e+03,2.562160999999999831e+02
1.417120100000000093e+03,2.557711999999999932e+02
1.417122599999999920e+03,2.545538999999999987e+02
1.417125000000000000e+03,2.532939000000000078e+02
1.417127400000000080e+03,2.525485999999999933e+02
1.417129899999999907e+03,2.524046999999999912e+02
1.417132299999999987e+03,2.525989999999999895e+02
1.417134800000000041e+03,2.528161000000000058e+02
1.417137199999999893e+03,2.529482000000000141e+02
1.417139599999999973e+03,2.532137999999999920e+02
1.417142100000000028e+03,2.540287999999999897e+02
1.417144500000000107e+03,2.555935000000000059e+02
1.417146999999999935e+03,2.574589000000000283e+02
1.417149400000000014e+03,2.586265999999999963e+02
1.417151900000000069e+03,2.583455999999999904e+02
1.417154299999999921e+03,2.568179999999999836e+02
1.417156700000000001e+03,2.549924000000000035e+02
1.417159200000000055e+03,2.537409000000000106e+02
1.417161599999999908e+03,2.533121999999999900e+02
1.417164099999999962e+03,2.534081999999999937e+02
1.417166500000000042e+03,2.535915999999999997e+02
1.417168899999999894e+03,2.536552000000000078e+02
1.417171399999999949e+03,2.537757000000000005e+02
1.417173800000000028e+03,2.544937999999999931e+02
1.417176300000000083e+03,2.564413999999999874e+02
1.417178699999999935e+03,2.596541000000000281e+02
1.417181199999999990e+03,2.629091999999999985e+02
1.417183600000000069e+03,2.642237999999999829e+02
1.417185999999999922e+03,2.625946999999999889e+02
1.417188499999999976e+03,2.590622000000000185e+02
1.417190900000000056e+03,2.556851000000000056e+02
1.417193400000000111e+03,2.537445999999999913e+02
1.417195799999999963e+03,2.531920000000000073e+02
1.417198200000000043e+03,2.533598000000000070e+02
1.417200700000000097e+03,2.537490999999999985e+02
1.417203099999999949e+03,2.543351999999999862e+02
1.417205600000000004e+03,2.555786999999999978e+02
1.417208000000000084e+03,2.581399000000000115e+02
1.417210399999999936e+03,2.620998000000000161e+02
1.417212899999999991e+03,2.661992999999999938e+02
1.417215300000000070e+03,2.682837999999999852e+02
1.417217799999999897e+03,2.670844000000000165e+02
1.417220199999999977e+03,2.634320000000000164e+02
1.417222700000000032e+03,2.593983000000000061e+02
1.417225100000000111e+03,2.565167999999999893e+02
1.417227499999999964e+03,2.550657999999999959e+02
1.417230000000000018e+03,2.545911000000000115e+02
1.417232400000000098e+03,2.545954999999999870e+02
1.417234899999999925e+03,2.548746999999999900e+02
1.417237300000000005e+03,2.556295000000000073e+02
1.417239700000000084e+03,2.575015999999999963e+02
1.417242199999999912e+03,2.612400000000000091e+02
1.417244599999999991e+03,2.667228000000000065e+02
1.417247100000000046e+03,2.720307000000000244e+02
1.417249499999999898e+03,2.742183999999999742e+02
1.417251999999999953e+03,2.718215000000000146e+02
1.417254400000000032e+03,2.663408999999999764e+02
1.417256800000000112e+03,2.607703000000000202e+02
1.417259299999999939e+03,2.570686999999999784e+02
1.417261700000000019e+03,2.553391000000000020e+02
1.417264200000000073e+03,2.547421999999999969e+02
1.417266599999999926e+03,2.546036000000000001e+02
1.417269000000000005e+03,2.549011000000000138e+02
1.417271500000000060e+03,2.562423999999999751e+02
1.417273899999999912e+03,2.594166000000000167e+02
1.417276399999999967e+03,2.644268999999999892e+02
1.417278800000000047e+03,2.696198999999999728e+02
1.417281199999999899e+03,2.722855000000000132e+02
1.417283699999999953e+03,2.708663999999999987e+02
1.417286100000000033e+03,2.664157999999999902e+02
1.417288600000000088e+03,2.614775000000000205e+02
1.417290999999999940e+03,2.579168000000000234e+02
1.417293499999999995e+03,2.561068000000000211e+02
1.417295900000000074e+03,2.555528999999999940e+02
1.417298299999999927e+03,2.556530999999999949e+02
1.417300799999999981e+03,2.560817000000000121e+02
1.417303200000000061e+03,2.569739000000000146e+02
1.417305699999999888e+03,2.589934000000000083e+02
1.417308099999999968e+03,2.629311999999999898e+02
1.417310500000000047e+03,2.686406000000000063e+02
1.417313000000000102e+03,2.741270999999999844e+02
1.417315399999999954e+03,2.764275999999999840e+02
1.417317900000000009e+03,2.741505000000000223e+02
1.417320300000000088e+03,2.688485999999999763e+02
1.417322799999999916e+03,2.634549999999999841e+02
1.417325199999999995e+03,2.598247000000000071e+02
1.417327600000000075e+03,2.580409999999999968e+02
1.417330099999999902e+03,2.573419999999999845e+02
1.417332499999999982e+03,2.571354999999999791e+02
1.417335000000000036e+03,2.574196000000000026e+02
1.417337399999999889e+03,2.587740999999999758e+02
1.417339799999999968e+03,2.619311999999999898e+02
1.417342300000000023e+03,2.668009999999999877e+02
1.417344700000000103e+03,2.716374999999999886e+02
1.417347199999999930e+03,2.737357999999999834e+02
1.417349600000000009e+03,2.717015000000000100e+02
1.417352100000000064e+03,2.668131999999999948e+02
1.417354499999999916e+03,2.617155000000000200e+02
1.417356899999999996e+03,2.581564999999999941e+02
1.417359400000000051e+03,2.562884999999999991e+02
1.417361799999999903e+03,2.555055000000000121e+02
1.417364299999999957e+03,2.553120000000000118e+02
1.417366700000000037e+03,2.556029000000000053e+02
1.417369099999999889e+03,2.566347999999999843e+02
1.417371599999999944e+03,2.589381000000000199e+02
1.417374000000000024e+03,2.629506999999999834e+02
1.417376500000000078e+03,2.682318999999999960e+02
1.417378899999999931e+03,2.728804999999999836e+02
1.417381300000000010e+03,2.744021999999999935e+02
1.417383800000000065e+03,2.718328999999999951e+02
1.417386199999999917e+03,2.667629999999999768e+02
1.417388699999999972e+03,2.618514000000000124e+02
1.417391100000000051e+03,2.586727000000000203e+02
1.417393600000000106e+03,2.572047999999999774e+02
1.417395999999999958e+03,2.567398999999999774e+02
1.417398400000000038e+03,2.567830999999999904e+02
1.417400900000000092e+03,2.573602999999999952e+02
1.417403299999999945e+03,2.589721000000000117e+02
1.417405799999999999e+03,2.622341000000000122e+02
1.417408200000000079e+03,2.670398999999999887e+02
1.417410599999999931e+03,2.718056000000000267e+02
1.417413099999999986e+03,2.740649000000000228e+02
1.417415500000000065e+03,2.725013999999999896e+02
1.417417999999999893e+03,2.682194999999999823e+02
1.417420399999999972e+03,2.636390999999999849e+02
1.417422900000000027e+03,2.604698000000000206e+02
1.417425300000000107e+03,2.589546000000000276e+02
1.417427699999999959e+03,2.584585000000000150e+02
1.417430200000000013e+03,2.582647000000000048e+02
1.417432600000000093e+03,2.580488000000000284e+02
1.417435099999999920e+03,2.580473000000000070e+02
1.417437500000000000e+03,2.589540999999999826e+02
1.417439900000000080e+03,2.614356000000000222e+02
1.417442399999999907e+03,2.653190999999999917e+02
1.417444799999999987e+03,2.690717999999999961e+02
1.417447300000000041e+03,2.705747000000000071e+02
1.417449699999999893e+03,2.689291000000000054e+02
1.417452099999999973e+03,2.653041999999999803e+02
1.417454600000000028e+03,2.617271000000000072e+02
1.417457000000000107e+03,2.593761000000000081e+02
1.417459499999999935e+03,2.582142000000000053e+02
1.417461900000000014e+03,2.577284999999999968e+02
1.417464400000000069e+03,2.576130999999999744e+02
1.417466799999999921e+03,2.579673999999999978e+02
1.417469200000000001e+03,2.592210000000000036e+02
1.417471700000000055e+03,2.618306999999999789e+02
1.417474099999999908e+03,2.656356999999999857e+02
1.417476599999999962e+03,2.693224999999999909e+02
1.417479000000000042e+03,2.709443999999999733e+02
1.417481399999999894e+03,2.694891000000000076e+02
1.417483899999999949e+03,2.658113000000000170e+02
1.417486300000000028e+03,2.617839999999999918e+02
1.417488800000000083e+03,2.588004999999999995e+02
1.417491199999999935e+03,2.572307999999999879e+02
1.417493699999999990e+03,2.568095000000000141e+02
1.417496100000000069e+03,2.570844000000000165e+02
1.417498499999999922e+03,2.576449000000000069e+02
1.417500999999999976e+03,2.583045999999999935e+02
1.417503400000000056e+03,2.592273999999999887e+02
1.417505900000000111e+03,2.607368000000000166e+02
1.417508299999999963e+03,2.628029000000000224e+02
1.417510700000000043e+03,2.646784000000000106e+02
1.417513200000000097e+03,2.652903999999999769e+02
1.417515599999999949e+03,2.641892000000000280e+02
1.417518100000000004e+03,2.619868000000000166e+02
1.417520500000000084e+03,2.597538000000000125e+02
1.417522899999999936e+03,2.581933999999999969e+02
1.417525399999999991e+03,2.574651999999999816e+02
1.417527800000000070e+03,2.574395999999999844e+02
1.417530299999999897e+03,2.578672000000000253e+02
1.417532699999999977e+03,2.584875000000000114e+02
1.417535200000000032e+03,2.592703000000000202e+02
1.417537600000000111e+03,2.605199000000000069e+02
1.417539999999999964e+03,2.624388999999999896e+02
1.417542500000000018e+03,2.644789999999999850e+02
1.417544900000000098e+03,2.654465000000000146e+02
1.417547399999999925e+03,2.645969000000000051e+02
1.417549800000000005e+03,2.624619000000000142e+02
1.417552200000000084e+03,2.603231999999999857e+02
1.417554699999999912e+03,2.590455000000000041e+02
1.417557099999999991e+03,2.586068000000000211e+02
1.417559600000000046e+03,2.585171000000000276e+02
1.417561999999999898e+03,2.584125000000000227e+02
1.417564499999999953e+03,2.583059999999999832e+02
1.417566900000000032e+03,2.584590999999999781e+02
1.417569300000000112e+03,2.591184999999999832e+02
1.417571799999999939e+03,2.603306999999999789e+02
1.417574200000000019e+03,2.618505000000000109e+02
1.417576700000000073e+03,2.631057999999999879e+02
1.417579099999999926e+03,2.634257999999999811e+02
1.417581500000000005e+03,2.625733999999999924e+02
1.417584000000000060e+03,2.610396999999999821e+02
1.417586399999999912e+03,2.596578999999999837e+02
1.417588899999999967e+03,2.589567999999999870e+02
1.417591300000000047e+03,2.589288000000000238e+02
1.417593800000000101e+03,2.592563000000000102e+02
1.417596199999999953e+03,2.596245999999999867e+02
1.417598600000000033e+03,2.599101999999999748e+02
1.417601100000000088e+03,2.602475999999999772e+02
1.417603499999999940e+03,2.609218999999999937e+02
1.417605999999999995e+03,2.620256999999999721e+02
1.417608400000000074e+03,2.631426999999999907e+02
1.417610799999999927e+03,2.635604000000000156e+02
1.417613299999999981e+03,2.629780000000000086e+02
1.417615700000000061e+03,2.618650000000000091e+02
1.417618199999999888e+03,2.609863000000000284e+02
1.417620599999999968e+03,2.607119999999999891e+02
1.417623000000000047e+03,2.608636999999999944e+02
1.417625500000000102e+03,2.610443999999999960e+02
1.417627899999999954e+03,2.609900999999999840e+02
1.417630400000000009e+03,2.607092000000000098e+02
1.417632800000000088e+03,2.604205999999999790e+02
1.417635299999999916e+03,2.604062000000000126e+02
1.417637699999999995e+03,2.608441000000000258e+02
1.417640100000000075e+03,2.616406999999999812e+02
1.417642599999999902e+03,2.623647000000000276e+02
1.417644999999999982e+03,2.624934000000000083e+02
1.417647500000000036e+03,2.618688999999999965e+02
1.417649899999999889e+03,2.608695999999999913e+02
1.417652299999999968e+03,2.600609000000000037e+02
1.417654800000000023e+03,2.597450999999999794e+02
1.417657200000000103e+03,2.598682000000000016e+02
1.417659699999999930e+03,2.602191000000000258e+02
1.417662100000000009e+03,2.606279999999999859e+02
1.417664600000000064e+03,2.610470000000000255e+02
1.417666999999999916e+03,2.615393000000000256e+02
1.417669399999999996e+03,2.621927999999999770e+02
1.417671900000000051e+03,2.629841999999999871e+02
1.417674299999999903e+03,2.636671999999999798e+02
1.417676799999999957e+03,2.638337999999999965e+02
1.417679200000000037e+03,2.632131999999999721e+02
1.417681599999999889e+03,2.619413000000000125e+02
1.417684099999999944e+03,2.604748000000000161e+02
1.417686500000000024e+03,2.592724000000000046e+02
1.417689000000000078e+03,2.586086000000000240e+02
1.417691399999999931e+03,2.585839000000000283e+02
1.417693800000000010e+03,2.591437999999999988e+02
1.417696300000000065e+03,2.600649999999999977e+02
1.417698699999999917e+03,2.610264000000000237e+02
1.417701199999999972e+03,2.617903999999999769e+02
1.417703600000000051e+03,2.623274999999999864e+02
1.417706100000000106e+03,2.627219000000000051e+02
1.417708499999999958e+03,2.629495000000000005e+02
1.417710900000000038e+03,2.628380000000000223e+02
1.417713400000000092e+03,2.623029000000000224e+02
1.417715799999999945e+03,2.615391000000000190e+02
1.417718299999999999e+03,2.609003999999999905e+02
1.417720700000000079e+03,2.606263999999999896e+02
1.417723099999999931e+03,2.607217999999999734e+02
1.417725599999999986e+03,2.610409999999999968e+02
1.417728000000000065e+03,2.614257000000000062e+02
1.417730499999999893e+03,2.617792000000000030e+02
1.417732899999999972e+03,2.620710000000000264e+02
1.417735400000000027e+03,2.623086000000000126e+02
1.417737800000000107e+03,2.624820000000000277e+02
1.417740199999999959e+03,2.625049000000000206e+02
1.417742700000000013e+03,2.622629999999999768e+02
1.417745100000000093e+03,2.617760000000000105e+02
1.417747599999999920e+03,2.612599000000000160e+02
1.417750000000000000e+03,2.609623000000000275e+02
1.417752400000000080e+03,2.609517999999999915e+02
1.417754899999999907e+03,2.610871999999999957e+02
1.417757299999999987e+03,2.611686000000000263e+02
1.417759800000000041e+03,2.611109999999999900e+02
1.417762199999999893e+03,2.609834999999999923e+02
1.417764599999999973e+03,2.608960000000000150e+02
1.417767100000000028e+03,2.608799999999999955e+02
1.417769500000000107e+03,2.608983000000000061e+02
1.417771999999999935e+03,2.609261000000000195e+02
1.417774400000000014e+03,2.609762000000000057e+02
1.417776900000000069e+03,2.610763000000000034e+02
1.417779299999999921e+03,2.612699000000000069e+02
1.417781700000000001e+03,2.616102000000000203e+02
1.417784200000000055e+03,2.621025999999999954e+02
1.417786599999999908e+03,2.626721999999999753e+02
1.417789099999999962e+03,2.632092999999999847e+02
1.417791500000000042e+03,2.636109000000000151e+02
1.417793899999999894e+03,2.637921000000000049e+02
1.417796399999999949e+03,2.637472000000000207e+02
1.417798800000000028e+03,2.635989999999999895e+02
1.417801300000000083e+03,2.634898999999999774e+02
1.417803699999999935e+03,2.634096000000000117e+02
1.417806199999999990e+03,2.632099000000000046e+02
1.417808600000000069e+03,2.628072000000000230e+02
1.417810999999999922e+03,2.623303000000000225e+02
1.417813499999999976e+03,2.620446000000000026e+02
1.417815900000000056e+03,2.621186999999999898e+02
1.417818400000000111e+03,2.624710999999999785e+02
1.417820799999999963e+03,2.628600999999999885e+02
1.417823200000000043e+03,2.631059000000000196e+02
1.417825700000000097e+03,2.631902999999999793e+02
1.417828099999999949e+03,2.631768000000000143e+02
1.417830600000000004e+03,2.631220999999999890e+02
1.417833000000000084e+03,2.630760000000000218e+02
1.417835399999999936e+03,2.630760000000000218e+02
1.417837899999999991e+03,2.630939999999999941e+02
1.417840300000000070e+03,2.630335999999999785e+02
1.417842799999999897e+03,2.628437999999999874e+02
1.417845199999999977e+03,2.626304000000000087e+02
1.417847700000000032e+03,2.626048999999999864e+02
1.417850100000000111e+03,2.628822999999999865e+02
1.417852499999999964e+03,2.633376999999999839e+02
1.417855000000000018e+03,2.636893999999999778e+02
1.417857400000000098e+03,2.637320000000000277e+02
1.417859899999999925e+03,2.634945999999999913e+02
1.417862300000000005e+03,2.631956999999999880e+02
1.417864700000000084e+03,2.630527999999999906e+02
1.417867199999999912e+03,2.631163999999999987e+02
1.417869599999999991e+03,2.632672999999999774e+02
1.417872100000000046e+03,2.633582000000000107e+02
1.417874499999999898e+03,2.633412000000000148e+02
1.417876999999999953e+03,2.632735999999999876e+02
1.417879400000000032e+03,2.632407000000000039e+02
1.417881800000000112e+03,2.632991999999999848e+02
1.417884299999999939e+03,2.634653000000000134e+02
1.417886700000000019e+03,2.637047000000000025e+02
1.417889200000000073e+03,2.639200999999999908e+02
1.417891599999999926e+03,2.639809000000000196e+02
1.417894000000000005e+03,2.638170999999999822e+02
1.417896500000000060e+03,2.635104000000000042e+02
1.417898899999999912e+03,2.632681000000000040e+02
1.417901399999999967e+03,2.632517000000000280e+02
1.417903800000000047e+03,2.634225999999999885e+02
1.417906199999999899e+03,2.636007000000000176e+02
1.417908699999999953e+03,2.636718000000000188e+02
1.417911100000000033e+03,2.636686000000000263e+02
1.417913600000000088e+03,2.636562999999999874e+02
1.417915999999999940e+03,2.636458999999999833e+02
1.417918499999999995e+03,2.636517999999999802e+02
1.417920900000000074e+03,2.637382000000000062e+02
1.417923299999999927e+03,2.639574999999999818e+02
1.417925799999999981e+03,2.642810999999999808e+02
1.417928200000000061e+03,2.646096999999999753e+02
1.417930699999999888e+03,2.648265999999999849e+02
1.417933099999999968e+03,2.648428999999999860e+02
1.417935500000000047e+03,2.646132000000000062e+02
1.417938000000000102e+03,2.641313999999999851e+02
1.417940399999999954e+03,2.634630999999999972e+02
1.417942900000000009e+03,2.628014999999999759e+02
1.417945300000000088e+03,2.624101999999999748e+02
1.417947799999999916e+03,2.624331000000000245e+02
1.417950199999999995e+03,2.627798000000000229e+02
1.417952600000000075e+03,2.632228999999999814e+02
1.417955099999999902e+03,2.635688000000000102e+02
1.417957499999999982e+03,2.637284999999999968e+02
1.417960000000000036e+03,2.636967999999999961e+02
1.417962399999999889e+03,2.635368000000000279e+02
1.417964799999999968e+03,2.633808999999999969e+02
1.417967300000000023e+03,2.633795000000000073e+02
1.417969700000000103e+03,2.635941000000000258e+02
1.417972199999999930e+03,2.639461999999999762e+02
1.417974600000000009e+03,2.642943000000000211e+02
1.417977100000000064e+03,2.645586000000000126e+02
1.417979499999999916e+03,2.647606000000000108e+02
1.417981899999999996e+03,2.649617000000000075e+02
1.417984400000000051e+03,2.651772000000000276e+02
1.417986799999999903e+03,2.653423000000000229e+02
1.417989299999999957e+03,2.653625000000000114e+02
1.417991700000000037e+03,2.652078999999999951e+02
1.417994099999999889e+03,2.649542000000000144e+02
1.417996599999999944e+03,2.647368999999999915e+02
1.417999000000000024e+03,2.646748000000000047e+02
1.418001500000000078e+03,2.648111000000000104e+02
1.418003899999999931e+03,2.650756999999999834e+02
1.418006300000000010e+03,2.653039999999999736e+02
1.418008800000000065e+03,2.653530999999999835e+02
1.418011199999999917e+03,2.652391999999999825e+02
1.418013699999999972e+03,2.651351000000000226e+02
1.418016100000000051e+03,2.652047999999999774e+02
1.418018600000000106e+03,2.654538999999999760e+02
1.418020999999999958e+03,2.657366999999999848e+02
1.418023400000000038e+03,2.658840000000000146e+02
1.418025900000000092e+03,2.658281999999999812e+02
1.418028299999999945e+03,2.656374999999999886e+02
1.418030799999999999e+03,2.654456999999999880e+02
1.418033200000000079e+03,2.653426000000000045e+02
1.418035599999999931e+03,2.653258000000000152e+02
1.418038099999999986e+03,2.653476999999999748e+02
1.418040500000000065e+03,2.653826999999999998e+02
1.418042999999999893e+03,2.654257000000000062e+02
1.418045399999999972e+03,2.654470999999999776e+02
1.418047900000000027e+03,2.653944000000000187e+02
1.418050300000000107e+03,2.652606999999999857e+02
1.418052699999999959e+03,2.651372999999999820e+02
1.418055200000000013e+03,2.651623000000000161e+02
1.418057600000000093e+03,2.653938999999999737e+02
1.418060099999999920e+03,2.657411999999999921e+02
1.418062500000000000e+03,2.660292000000000030e+02
1.418064900000000080e+03,2.661408000000000129e+02
1.418067399999999907e+03,2.660874999999999773e+02
1.418069799999999987e+03,2.659232999999999834e+02
1.418072300000000041e+03,2.656250000000000000e+02
1.418074699999999893e+03,2.651422999999999774e+02
1.418077099999999973e+03,2.645473999999999819e+02
1.418079600000000028e+03,2.640276999999999816e+02
1.418082000000000107e+03,2.637203999999999837e+02
1.418084499999999935e+03,2.636385999999999967e+02
1.418086900000000014e+03,2.637314999999999827e+02
1.418089400000000069e+03,2.639157000000000153e+02
1.418091799999999921e+03,2.640803000000000225e+02
1.418094200000000001e+03,2.641696999999999775e+02
1.418096700000000055e+03,2.642522000000000162e+02
1.418099099999999908e+03,2.644383000000000266e+02
1.418101599999999962e+03,2.647366999999999848e+02
1.418104000000000042e+03,2.650317999999999756e+02
1.418106399999999894e+03,2.651967999999999961e+02
1.418108899999999949e+03,2.652350000000000136e+02
1.418111300000000028e+03,2.653240999999999872e+02
1.418113800000000083e+03,2.656816000000000031e+02
1.418116199999999935e+03,2.663303000000000225e+02
1.418118699999999990e+03,2.670140000000000100e+02
1.418121100000000069e+03,2.673895999999999731e+02
1.418123499999999922e+03,2.672961000000000240e+02
1.418125999999999976e+03,2.668380000000000223e+02
1.418128400000000056e+03,2.662706999999999766e+02
1.418130900000000111e+03,2.658478999999999814e+02
1.418133299999999963e+03,2.657379999999999995e+02
1.418135700000000043e+03,2.659945999999999913e+02
1.418138200000000097e+03,2.665416999999999916e+02
1.418140599999999949e+03,2.671886000000000081e+02
1.418143100000000004e+03,2.677105000000000246e+02
1.418145500000000084e+03,2.679635000000000105e+02
1.418147899999999936e+03,2.679533999999999878e+02
1.418150399999999991e+03,2.678061999999999898e+02
1.418152800000000070e+03,2.676564000000000192e+02
1.418155299999999897e+03,2.675425000000000182e+02
1.418157699999999977e+03,2.674062999999999874e+02
1.418160200000000032e+03,2.671952999999999747e+02
1.418162600000000111e+03,2.669583999999999833e+02
1.418164999999999964e+03,2.668229999999999791e+02
1.418167500000000018e+03,2.668648999999999774e+02
1.418169900000000098e+03,2.670108999999999924e+02
1.418172399999999925e+03,2.670907000000000266e+02
1.418174800000000005e+03,2.669823999999999842e+02
1.418177200000000084e+03,2.667085999999999899e+02
1.418179699999999912e+03,2.664098000000000184e+02
1.418182099999999991e+03,2.662434999999999832e+02
1.418184600000000046e+03,2.662871999999999844e+02
1.418186999999999898e+03,2.664968999999999824e+02
1.418189499999999953e+03,2.667504000000000133e+02
1.418191900000000032e+03,2.669438000000000102e+02
1.418194300000000112e+03,2.670722000000000094e+02
1.418196799999999939e+03,2.672352999999999952e+02
1.418199200000000019e+03,2.675412000000000035e+02
1.418201700000000073e+03,2.679802000000000248e+02
1.418204099999999926e+03,2.684078999999999837e+02
1.418206500000000005e+03,2.686698000000000093e+02
1.418209000000000060e+03,2.687173000000000229e+02
1.418211399999999912e+03,2.685778999999999996e+02
1.418213899999999967e+03,2.682844999999999800e+02
1.418216300000000047e+03,2.679091999999999985e+02
1.418218800000000101e+03,2.676102000000000203e+02
1.418221199999999953e+03,2.675369999999999777e+02
1.418223600000000033e+03,2.677072000000000003e+02
1.418226100000000088e+03,2.680434000000000196e+02
1.418228499999999940e+03,2.684841999999999871e+02
1.418230999999999995e+03,2.689723000000000184e+02
1.418233400000000074e+03,2.693858000000000175e+02
1.418235799999999927e+03,2.695933999999999742e+02
1.418238299999999981e+03,2.695826000000000136e+02
1.418240700000000061e+03,2.694685000000000059e+02
1.418243199999999888e+03,2.693659000000000106e+02
1.418245599999999968e+03,2.692878999999999792e+02
1.418248000000000047e+03,2.691772000000000276e+02
1.418250500000000102e+03,2.690004000000000133e+02
1.418252899999999954e+03,2.687819000000000074e+02
1.418255400000000009e+03,2.685541000000000054e+02
1.418257800000000088e+03,2.683321000000000254e+02
1.418260299999999916e+03,2.681700999999999908e+02
1.418262699999999995e+03,2.681764000000000010e+02
1.418265100000000075e+03,2.683953999999999951e+02
1.418267599999999902e+03,2.687087999999999965e+02
1.418269999999999982e+03,2.689370000000000118e+02
1.418272500000000036e+03,2.690251000000000090e+02
1.418274899999999889e+03,2.690754999999999768e+02
1.418277299999999968e+03,2.692049000000000092e+02
1.418279800000000023e+03,2.694223999999999819e+02
1.418282200000000103e+03,2.696528999999999883e+02
1.418284699999999930e+03,2.698374999999999773e+02
1.418287100000000009e+03,2.699800999999999931e+02
1.418289600000000064e+03,2.701172000000000253e+02
1.418291999999999916e+03,2.702742999999999824e+02
1.418294399999999996e+03,2.704549999999999841e+02
1.418296900000000051e+03,2.706437999999999988e+02
1.418299299999999903e+03,2.707968000000000188e+02
1.418301799999999957e+03,2.708367000000000075e+02
1.418304200000000037e+03,2.707013000000000034e+02
1.418306599999999889e+03,2.704171999999999798e+02
1.418309099999999944e+03,2.700991999999999962e+02
1.418311500000000024e+03,2.698532999999999902e+02
1.418314000000000078e+03,2.697017000000000166e+02
1.418316399999999931e+03,2.696152000000000157e+02
1.418318800000000010e+03,2.695763999999999783e+02
1.418321300000000065e+03,2.695923000000000229e+02
1.418323699999999917e+03,2.696981000000000108e+02
1.418326199999999972e+03,2.699741000000000213e+02
1.418328600000000051e+03,2.704775000000000205e+02
1.418331100000000106e+03,2.710978999999999814e+02
1.418333499999999958e+03,2.715466000000000122e+02
1.418335900000000038e+03,2.715778999999999996e+02
1.418338400000000092e+03,2.712284000000000219e+02
1.418340799999999945e+03,2.707968999999999937e+02
1.418343299999999999e+03,2.705840999999999781e+02
1.418345700000000079e+03,2.706546000000000163e+02
1.418348099999999931e+03,2.708274000000000115e+02
1.418350599999999986e+03,2.708734000000000037e+02
1.418353000000000065e+03,2.707343999999999937e+02
1.418355499999999893e+03,2.705634000000000015e+02
1.418357899999999972e+03,2.705439999999999827e+02
1.418360400000000027e+03,2.706696999999999775e+02
1.418362800000000107e+03,2.707250999999999976e+02
1.418365199999999959e+03,2.705217999999999847e+02
1.418367700000000013e+03,2.701451000000000136e+02
1.418370100000000093e+03,2.699203999999999724e+02
1.418372599999999920e+03,2.701216000000000008e+02
1.418375000000000000e+03,2.707479999999999905e+02
1.418377400000000080e+03,2.715760000000000218e+02
1.418379899999999907e+03,2.723532999999999902e+02
1.418382299999999987e+03,2.729184999999999945e+02
1.418384800000000041e+03,2.732060999999999922e+02
1.418387199999999893e+03,2.732379000000000246e+02
1.418389599999999973e+03,2.731216999999999757e+02
1.418392100000000028e+03,2.729945000000000164e+02
1.418394500000000107e+03,2.729137999999999806e+02
1.418396999999999935e+03,2.728158000000000243e+02
1.418399400000000014e+03,2.725991999999999962e+02
1.418401900000000069e+03,2.722336999999999989e+02
1.418404299999999921e+03,2.717794000000000096e+02
1.418406700000000001e+03,2.713448999999999955e+02
1.418409200000000055e+03,2.710584000000000060e+02
1.418411599999999908e+03,2.710158000000000129e+02
1.418414099999999962e+03,2.712001999999999953e+02
1.418416500000000042e+03,2.714787999999999784e+02
1.418418899999999894e+03,2.717094000000000165e+02
1.418421399999999949e+03,2.718401999999999816e+02
1.418423800000000028e+03,2.719109000000000265e+02
1.418426300000000083e+03,2.719866000000000099e+02
1.418428699999999935e+03,2.721086999999999989e+02
1.418431199999999990e+03,2.722916000000000167e+02
1.418433600000000069e+03,2.725224000000000046e+02
1.418435999999999922e+03,2.727567999999999984e+02
1.418438499999999976e+03,2.729467999999999961e+02
1.418440900000000056e+03,2.730815999999999804e+02
1.418443400000000111e+03,2.731816999999999780e+02
1.418445799999999963e+03,2.732604000000000042e+02
1.418448200000000043e+03,2.733029000000000224e+02
1.418450700000000097e+03,2.732678999999999974e+02
1.418453099999999949e+03,2.731261999999999830e+02
1.418455600000000004e+03,2.729162000000000035e+02
1.418458000000000084e+03,2.727484000000000037e+02
1.418460399999999936e+03,2.727382999999999811e+02
1.418462899999999991e+03,2.729293000000000120e+02
1.418465300000000070e+03,2.732574000000000183e+02
1.418467799999999897e+03,2.735833000000000084e+02
1.418470199999999977e+03,2.737771000000000186e+02
1.418472700000000032e+03,2.738023000000000025e+02
1.418475100000000111e+03,2.737407000000000039e+02
1.418477499999999964e+03,2.737289000000000101e+02
1.418480000000000018e+03,2.738265000000000100e+02
1.418482400000000098e+03,2.739383000000000266e+02
1.418484899999999925e+03,2.739057000000000244e+02
1.418487300000000005e+03,2.736884999999999764e+02
1.418489700000000084e+03,2.734234999999999900e+02
1.418492199999999912e+03,2.732864000000000146e+02
1.418494599999999991e+03,2.733254999999999768e+02
1.418497100000000046e+03,2.734587999999999965e+02
1.418499499999999898e+03,2.735964999999999918e+02
1.418501999999999953e+03,2.737071000000000254e+02
1.418504400000000032e+03,2.737833999999999719e+02
1.418506800000000112e+03,2.738272999999999797e+02
1.418509299999999939e+03,2.738876999999999953e+02
1.418511700000000019e+03,2.740607999999999720e+02
1.418514200000000073e+03,2.744067999999999756e+02
1.418516599999999926e+03,2.748677000000000135e+02
1.418519000000000005e+03,2.752837000000000103e+02
1.418521500000000060e+03,2.754922000000000253e+02
1.418523899999999912e+03,2.754420000000000073e+02
1.418526399999999967e+03,2.752608000000000175e+02
1.418528800000000047e+03,2.752033000000000129e+02
1.418531199999999899e+03,2.754685999999999808e+02
1.418533699999999953e+03,2.760269999999999868e+02
1.418536100000000033e+03,2.766207999999999743e+02
1.418538600000000088e+03,2.769587999999999965e+02
1.418540999999999940e+03,2.769411000000000058e+02
1.418543499999999995e+03,2.767121999999999957e+02
1.418545900000000074e+03,2.764932999999999765e+02
1.418548299999999927e+03,2.763709999999999809e+02
1.418550799999999981e+03,2.762610999999999990e+02
1.418553200000000061e+03,2.760615000000000236e+02
1.418555699999999888e+03,2.758009999999999877e+02
1.418558099999999968e+03,2.756275999999999726e+02
1.418560500000000047e+03,2.756750000000000114e+02
1.418563000000000102e+03,2.759583999999999833e+02
1.418565399999999954e+03,2.763854999999999791e+02
1.418567900000000009e+03,2.768249000000000137e+02
1.418570300000000088e+03,2.771498000000000275e+02
1.418572799999999916e+03,2.772619000000000256e+02
1.418575199999999995e+03,2.771415999999999826e+02
1.418577600000000075e+03,2.768711000000000126e+02
1.418580099999999902e+03,2.765699999999999932e+02
1.418582499999999982e+03,2.763149000000000228e+02
1.418585000000000036e+03,2.761415999999999826e+02
1.418587399999999889e+03,2.760883999999999787e+02
1.418589799999999968e+03,2.761904000000000110e+02
1.418592300000000023e+03,2.764370000000000118e+02
1.418594700000000103e+03,2.767561999999999784e+02
1.418597199999999930e+03,2.770350999999999999e+02
1.418599600000000009e+03,2.771655000000000086e+02
1.418602100000000064e+03,2.771114999999999782e+02
1.418604499999999916e+03,2.769517000000000166e+02
1.418606899999999996e+03,2.768437000000000126e+02
1.418609400000000051e+03,2.769216999999999871e+02
1.418611799999999903e+03,2.771969000000000278e+02
1.418614299999999957e+03,2.775276999999999816e+02
1.418616700000000037e+03,2.777013000000000034e+02
1.418619099999999889e+03,2.775985999999999763e+02
1.418621599999999944e+03,2.773088999999999942e+02
1.418624000000000024e+03,2.770704999999999814e+02
1.418626500000000078e+03,2.770846999999999980e+02
1.418628899999999931e+03,2.773686999999999898e+02
1.418631300000000010e+03,2.777491999999999734e+02
1.418633800000000065e+03,2.780029000000000110e+02
1.418636199999999917e+03,2.780251999999999839e+02
1.418638699999999972e+03,2.778598000000000070e+02
1.418641100000000051e+03,2.775873000000000275e+02
1.418643600000000106e+03,2.772533000000000243e+02
1.418645999999999958e+03,2.768974999999999795e+02
1.418648400000000038e+03,2.765681999999999903e+02
1.418650900000000092e+03,2.762866999999999962e+02
1.418653299999999945e+03,2.760482999999999834e+02
1.418655799999999999e+03,2.758774999999999977e+02
1.418658200000000079e+03,2.758412000000000148e+02
1.418660599999999931e+03,2.759809999999999945e+02
1.418663099999999986e+03,2.762527999999999793e+02
1.418665500000000065e+03,2.765582999999999743e+02
1.418667999999999893e+03,2.768346999999999980e+02
1.418670399999999972e+03,2.771001999999999725e+02
1.418672900000000027e+03,2.774091000000000236e+02
1.418675300000000107e+03,2.777762999999999920e+02
1.418677699999999959e+03,2.781650000000000205e+02
1.418680200000000013e+03,2.785149999999999864e+02
1.418682600000000093e+03,2.787397000000000276e+02
1.418685099999999920e+03,2.787389999999999759e+02
1.418687500000000000e+03,2.785088999999999828e+02
1.418689900000000080e+03,2.782230000000000132e+02
1.418692399999999907e+03,2.781120999999999981e+02
1.418694799999999987e+03,2.782558999999999969e+02
1.418697300000000041e+03,2.785548999999999751e+02
1.418699699999999893e+03,2.788783999999999992e+02
1.418702099999999973e+03,2.791469999999999914e+02
1.418704600000000028e+03,2.792882000000000176e+02
1.418707000000000107e+03,2.792346000000000004e+02
1.418709499999999935e+03,2.790192000000000121e+02
1.418711900000000014e+03,2.787973999999999819e+02
1.418714400000000069e+03,2.787182000000000244e+02
1.418716799999999921e+03,2.787988000000000284e+02
1.418719200000000001e+03,2.789357999999999720e+02
1.418721700000000055e+03,2.790104000000000042e+02
1.418724099999999908e+03,2.789814000000000078e+02
1.418726599999999962e+03,2.789103999999999814e+02
1.418729000000000042e+03,2.789044000000000096e+02
1.418731399999999894e+03,2.790339999999999918e+02
1.418733899999999949e+03,2.793125000000000000e+02
1.418736300000000028e+03,2.797237999999999829e+02
1.418738800000000083e+03,2.802065999999999804e+02
1.418741199999999935e+03,2.806154999999999973e+02
1.418743699999999990e+03,2.807842999999999734e+02
1.418746100000000069e+03,2.806745999999999981e+02
1.418748499999999922e+03,2.804134000000000242e+02
1.418750999999999976e+03,2.801612000000000080e+02
1.418753400000000056e+03,2.799880999999999744e+02
1.418755900000000111e+03,2.798822999999999865e+02
1.418758299999999963e+03,2.798106000000000222e+02
1.418760700000000043e+03,2.797375000000000114e+02
1.418763200000000097e+03,2.796456000000000017e+02
1.418765599999999949e+03,2.795765000000000100e+02
1.418768100000000004e+03,2.796104000000000269e+02
1.418770500000000084e+03,2.797746000000000208e+02
1.418772899999999936e+03,2.800008000000000266e+02
1.418775399999999991e+03,2.801934999999999718e+02
1.418777800000000070e+03,2.803097999999999956e+02
1.418780299999999897e+03,2.803485999999999763e+02
1.418782699999999977e+03,2.803073999999999728e+02
1.418785200000000032e+03,2.802004999999999768e+02
1.418787600000000111e+03,2.800967999999999734e+02
1.418789999999999964e+03,2.800874000000000024e+02
1.418792500000000018e+03,2.802137999999999920e+02
1.418794900000000098e+03,2.804426000000000272e+02
1.418797399999999925e+03,2.806870999999999867e+02
1.418799800000000005e+03,2.808446999999999889e+02
1.418802200000000084e+03,2.808527000000000271e+02
1.418804699999999912e+03,2.807343000000000188e+02
1.418807099999999991e+03,2.805874000000000024e+02
1.418809600000000046e+03,2.805283999999999764e+02
1.418811999999999898e+03,2.806490999999999758e+02
1.418814499999999953e+03,2.809911999999999921e+02
1.418816900000000032e+03,2.815027999999999793e+02
1.418819300000000112e+03,2.820156999999999812e+02
1.418821799999999939e+03,2.823242000000000189e+02
1.418824200000000019e+03,2.823217999999999961e+02
1.418826700000000073e+03,2.820654000000000110e+02
1.418829099999999926e+03,2.817096000000000231e+02
1.418831500000000005e+03,2.813872999999999820e+02
1.418834000000000060e+03,2.811490000000000009e+02
1.418836399999999912e+03,2.810149999999999864e+02
1.418838899999999967e+03,2.810527000000000157e+02
1.418841300000000047e+03,2.813326999999999884e+02
1.418843800000000101e+03,2.817948000000000093e+02
1.418846199999999953e+03,2.822343999999999937e+02
1.418848600000000033e+03,2.824619000000000142e+02
1.418851100000000088e+03,2.824370999999999867e+02
1.418853499999999940e+03,2.822377999999999929e+02
1.418855999999999995e+03,2.819705999999999904e+02
1.418858400000000074e+03,2.817457999999999743e+02
1.418860799999999927e+03,2.816750999999999863e+02
1.418863299999999981e+03,2.818269999999999982e+02
1.418865700000000061e+03,2.821947999999999865e+02
1.418868199999999888e+03,2.827248000000000161e+02
1.418870599999999968e+03,2.833546000000000049e+02
1.418873000000000047e+03,2.840092000000000212e+02
1.418875500000000102e+03,2.845808000000000106e+02
1.418877899999999954e+03,2.849443999999999733e+02
1.418880400000000009e+03,2.850002999999999815e+02
1.418882800000000088e+03,2.847346999999999753e+02
1.418885299999999916e+03,2.842742000000000075e+02
1.418887699999999995e+03,2.838487000000000080e+02
1.418890100000000075e+03,2.836206999999999994e+02
1.418892599999999902e+03,2.835602000000000089e+02
1.418894999999999982e+03,2.835323000000000206e+02
1.418897500000000036e+03,2.834789000000000101e+02
1.418899899999999889e+03,2.834560000000000173e+02
1.418902299999999968e+03,2.835172000000000025e+02
1.418904800000000023e+03,2.836231999999999971e+02
1.418907200000000103e+03,2.836868000000000052e+02
1.418909699999999930e+03,2.836804999999999950e+02
1.418912100000000009e+03,2.836696999999999775e+02
1.418914600000000064e+03,2.837617000000000189e+02
1.418916999999999916e+03,2.840276999999999816e+02
1.418919399999999996e+03,2.844202999999999975e+02
1.418921900000000051e+03,2.847611999999999739e+02
1.418924299999999903e+03,2.848854000000000042e+02
1.418926799999999957e+03,2.848086000000000126e+02
1.418929200000000037e+03,2.846947000000000116e+02
1.418931599999999889e+03,2.846729000000000269e+02
1.418934099999999944e+03,2.847332000000000107e+02
1.418936500000000024e+03,2.847710999999999899e+02
1.418939000000000078e+03,2.846872999999999934e+02
1.418941399999999931e+03,2.844732000000000198e+02
1.418943800000000010e+03,2.842459999999999809e+02
1.418946300000000065e+03,2.841906999999999925e+02
1.418948699999999917e+03,2.844137000000000057e+02
1.418951199999999972e+03,2.848355000000000246e+02
1.418953600000000051e+03,2.852565999999999917e+02
1.418956100000000106e+03,2.855378000000000043e+02
1.418958499999999958e+03,2.856933999999999969e+02
1.418960900000000038e+03,2.858054000000000201e+02
1.418963400000000092e+03,2.858906999999999812e+02
1.418965799999999945e+03,2.858793000000000006e+02
1.418968299999999999e+03,2.856992000000000189e+02
1.418970700000000079e+03,2.853562999999999761e+02
1.418973099999999931e+03,2.849621999999999957e+02
1.418975599999999986e+03,2.846961000000000013e+02
1.418978000000000065e+03,2.846940000000000168e+02
1.418980499999999893e+03,2.849460000000000264e+02
1.418982899999999972e+03,2.853201000000000249e+02
1.418985400000000027e+03,2.856791000000000054e+02
1.418987800000000107e+03,2.859474000000000160e+02
1.418990199999999959e+03,2.861010999999999740e+02
1.418992700000000013e+03,2.861535000000000082e+02
1.418995100000000093e+03,2.861388000000000034e+02
1.418997599999999920e+03,2.860835999999999899e+02
1.419000000000000000e+03,2.860110000000000241e+02
1.419002400000000080e+03,2.859843000000000188e+02
1.419004899999999907e+03,2.861005000000000109e+02
1.419007299999999987e+03,2.864075000000000273e+02
1.419009800000000041e+03,2.868494000000000028e+02
1.419012199999999893e+03,2.873120999999999867e+02
1.419014599999999973e+03,2.876956999999999880e+02
1.419017100000000028e+03,2.879286999999999921e+02
1.419019500000000107e+03,2.879698000000000206e+02
1.419021999999999935e+03,2.878598000000000070e+02
1.419024400000000014e+03,2.877459000000000060e+02
1.419026900000000069e+03,2.877832999999999970e+02
1.419029299999999921e+03,2.879972999999999956e+02
1.419031700000000001e+03,2.882667999999999893e+02
1.419034200000000055e+03,2.884304000000000201e+02
1.419036599999999908e+03,2.883811999999999784e+02
1.419039099999999962e+03,2.880953999999999837e+02
1.419041500000000042e+03,2.876594000000000051e+02
1.419043899999999894e+03,2.872855999999999881e+02
1.419046399999999949e+03,2.872003000000000270e+02
1.419048800000000028e+03,2.874383000000000266e+02
1.419051300000000083e+03,2.877946999999999775e+02
1.419053699999999935e+03,2.880355000000000132e+02
1.419056199999999990e+03,2.881281000000000176e+02
1.419058600000000069e+03,2.882217999999999734e+02
1.419060999999999922e+03,2.884288999999999987e+02
1.419063499999999976e+03,2.886909999999999741e+02
1.419065900000000056e+03,2.888725999999999772e+02
1.419068400000000111e+03,2.889257999999999811e+02
1.419070799999999963e+03,2.889121999999999844e+02
1.419073200000000043e+03,2.888965999999999781e+02
1.419075700000000097e+03,2.888921000000000276e+02
1.419078099999999949e+03,2.889089000000000169e+02
1.419080600000000004e+03,2.889936000000000149e+02
1.419083000000000084e+03,2.891800000000000068e+02
1.419085399999999936e+03,2.894200999999999908e+02
1.419087899999999991e+03,2.895916000000000281e+02
1.419090300000000070e+03,2.895901000000000067e+02
1.419092799999999897e+03,2.894175999999999931e+02
1.419095199999999977e+03,2.891843000000000075e+02
1.419097700000000032e+03,2.890237999999999943e+02
1.419100100000000111e+03,2.889997999999999934e+02
1.419102499999999964e+03,2.890957000000000221e+02
1.419105000000000018e+03,2.892837000000000103e+02
1.419107400000000098e+03,2.895769999999999982e+02
1.419109899999999925e+03,2.899807999999999879e+02
1.419112300000000005e+03,2.903980999999999995e+02
1.419114700000000084e+03,2.906392000000000166e+02
1.419117199999999912e+03,2.905652999999999793e+02
1.419119599999999991e+03,2.902124000000000024e+02
1.419122100000000046e+03,2.897667999999999893e+02
1.419124499999999898e+03,2.894284000000000106e+02
1.419126999999999953e+03,2.892910999999999717e+02
1.419129400000000032e+03,2.893210000000000264e+02
1.419131800000000112e+03,2.894318000000000097e+02
1.419134299999999939e+03,2.895846000000000231e+02
1.419136700000000019e+03,2.898116999999999734e+02
1.419139200000000073e+03,2.901422000000000025e+02
1.419141599999999926e+03,2.905414000000000101e+02
1.419144000000000005e+03,2.909601999999999862e+02
1.419146500000000060e+03,2.914128999999999792e+02
1.419148899999999912e+03,2.919503000000000270e+02
1.419151399999999967e+03,2.925577000000000112e+02
1.419153800000000047e+03,2.931204000000000178e+02
1.419156199999999899e+03,2.934929999999999950e+02
1.419158699999999953e+03,2.935858999999999810e+02
1.419161100000000033e+03,2.934039999999999964e+02
1.419163600000000088e+03,2.930393000000000256e+02
1.419165999999999940e+03,2.926338000000000079e+02
1.419168499999999995e+03,2.923279999999999745e+02
1.419170900000000074e+03,2.921915999999999940e+02
1.419173299999999927e+03,2.921659000000000219e+02
1.419175799999999981e+03,2.920973000000000184e+02
1.419178200000000061e+03,2.918779000000000110e+02
1.419180699999999888e+03,2.915579999999999927e+02
1.419183099999999968e+03,2.913027000000000157e+02
1.419185500000000047e+03,2.912472999999999956e+02
1.419188000000000102e+03,2.914076999999999771e+02
1.419190399999999954e+03,2.917069000000000187e+02
1.419192900000000009e+03,2.920504999999999995e+02
1.419195300000000088e+03,2.923806999999999903e+02
1.419197799999999916e+03,2.926843999999999824e+02
1.419200199999999995e+03,2.929517999999999915e+02
1.419202600000000075e+03,2.931426000000000158e+02
1.419205099999999902e+03,2.932296000000000049e+02
1.419207499999999982e+03,2.932558999999999969e+02
1.419210000000000036e+03,2.932780999999999949e+02
1.419212399999999889e+03,2.932674000000000092e+02
1.419214799999999968e+03,2.931521000000000186e+02
1.419217300000000023e+03,2.929705999999999904e+02
1.419219700000000103e+03,2.929085999999999785e+02
1.419222199999999930e+03,2.931499999999999773e+02
1.419224600000000009e+03,2.937037000000000262e+02
1.419227100000000064e+03,2.943652999999999906e+02
1.419229499999999916e+03,2.948403999999999883e+02
1.419231899999999996e+03,2.949431999999999903e+02
1.419234400000000051e+03,2.947097999999999729e+02
1.419236799999999903e+03,2.943476999999999748e+02
1.419239299999999957e+03,2.941001999999999725e+02
1.419241700000000037e+03,2.941306999999999903e+02
1.419244099999999889e+03,2.944633000000000038e+02
1.419246599999999944e+03,2.950033999999999992e+02
1.419249000000000024e+03,2.956141000000000076e+02
1.419251500000000078e+03,2.961592999999999734e+02
1.419253899999999931e+03,2.964954999999999927e+02
1.419256300000000010e+03,2.965045999999999822e+02
1.419258800000000065e+03,2.961881999999999948e+02
1.419261199999999917e+03,2.957004000000000019e+02
1.419263699999999972e+03,2.952556000000000154e+02
1.419266100000000051e+03,2.950015000000000214e+02
1.419268600000000106e+03,2.949732000000000198e+02
1.419270999999999958e+03,2.951410999999999945e+02
1.419273400000000038e+03,2.954830999999999790e+02
1.419275900000000092e+03,2.959766000000000190e+02
1.419278299999999945e+03,2.965228000000000179e+02
1.419280799999999999e+03,2.969415999999999940e+02
1.419283200000000079e+03,2.970912999999999897e+02
1.419285599999999931e+03,2.969725000000000250e+02
1.419288099999999986e+03,2.967037000000000262e+02
1.419290500000000065e+03,2.964212999999999738e+02
1.419292999999999893e+03,2.962142000000000053e+02
1.419295399999999972e+03,2.961261999999999830e+02
1.419297900000000027e+03,2.961888999999999896e+02
1.419300300000000107e+03,2.964196000000000026e+02
1.419302699999999959e+03,2.967805999999999926e+02
1.419305200000000013e+03,2.971784999999999854e+02
1.419307600000000093e+03,2.975215000000000032e+02
1.419310099999999920e+03,2.977570000000000050e+02
1.419312500000000000e+03,2.978548000000000116e+02
1.419314900000000080e+03,2.977950999999999908e+02
1.419317399999999907e+03,2.975865000000000009e+02
1.419319799999999987e+03,2.972742999999999824e+02
1.419322300000000041e+03,2.969286999999999921e+02
1.419324699999999893e+03,2.966437000000000239e+02
1.419327099999999973e+03,2.965337999999999852e+02
1.419329600000000028e+03,2.966956999999999880e+02
1.419332000000000107e+03,2.971562000000000126e+02
1.419334499999999935e+03,2.978514000000000124e+02
1.419336900000000014e+03,2.986419999999999959e+02
1.419339400000000069e+03,2.993464999999999918e+02
1.419341799999999921e+03,2.997873999999999910e+02
1.419344200000000001e+03,2.998516999999999939e+02
1.419346700000000055e+03,2.995625000000000000e+02
1.419349099999999908e+03,2.991048000000000116e+02
1.419351599999999962e+03,2.987325000000000159e+02
1.419354000000000042e+03,2.986075999999999908e+02
1.419356399999999894e+03,2.987318999999999960e+02
1.419358899999999949e+03,2.990199000000000069e+02
1.419361300000000028e+03,2.993851000000000226e+02
1.419363800000000083e+03,2.997506000000000199e+02
1.419366199999999935e+03,3.000328000000000088e+02
1.419368699999999990e+03,3.001648999999999887e+02
1.419371100000000069e+03,3.001517000000000053e+02
1.419373499999999922e+03,3.000736999999999739e+02
1.419375999999999976e+03,2.999997000000000185e+02
1.419378400000000056e+03,2.999245000000000232e+02
1.419380900000000111e+03,2.998399000000000001e+02
1.419383299999999963e+03,2.998140999999999963e+02
1.419385700000000043e+03,2.999189000000000078e+02
1.419388200000000097e+03,3.001163999999999987e+02
1.419390599999999949e+03,3.003036999999999921e+02
1.419393100000000004e+03,3.004456000000000131e+02
1.419395500000000084e+03,3.005874999999999773e+02
1.419397899999999936e+03,3.007577999999999747e+02
1.419400399999999991e+03,3.009180000000000064e+02
1.419402800000000070e+03,3.010000999999999749e+02
1.419405299999999897e+03,3.009630000000000223e+02
1.419407699999999977e+03,3.008258999999999901e+02
1.419410200000000032e+03,3.006528000000000134e+02
1.419412600000000111e+03,3.005031999999999925e+02
1.419414999999999964e+03,3.004098999999999933e+02
1.419417500000000018e+03,3.004033999999999764e+02
1.419419900000000098e+03,3.005303000000000111e+02
1.419422399999999925e+03,3.008235000000000241e+02
1.419424800000000005e+03,3.012552000000000021e+02
1.419427200000000084e+03,3.017226999999999748e+02
1.419429699999999912e+03,3.020919000000000096e+02
1.419432099999999991e+03,3.022794000000000096e+02
1.419434600000000046e+03,3.023183999999999969e+02
1.419436999999999898e+03,3.023410999999999831e+02
1.419439499999999953e+03,3.024705000000000155e+02
1.419441900000000032e+03,3.027221999999999866e+02
1.419444300000000112e+03,3.030059999999999718e+02
1.419446799999999939e+03,3.031976999999999975e+02
1.419449200000000019e+03,3.032140999999999735e+02
1.419451700000000073e+03,3.030692999999999984e+02
1.419454099999999926e+03,3.028826999999999998e+02
1.419456500000000005e+03,3.028007999999999811e+02
1.419459000000000060e+03,3.028851000000000226e+02
1.419461399999999912e+03,3.030774999999999864e+02
1.419463899999999967e+03,3.032817000000000007e+02
1.419466300000000047e+03,3.034691000000000258e+02
1.419468800000000101e+03,3.036913999999999874e+02
1.419471199999999953e+03,3.039839000000000055e+02
1.419473600000000033e+03,3.042841000000000236e+02
1.419476100000000088e+03,3.044741000000000213e+02
1.419478499999999940e+03,3.044873999999999796e+02
1.419480999999999995e+03,3.043521999999999821e+02
1.419483400000000074e+03,3.041555999999999926e+02
1.419485799999999927e+03,3.040126000000000204e+02
1.419488299999999981e+03,3.040412000000000035e+02
1.419490700000000061e+03,3.042991999999999848e+02
1.419493199999999888e+03,3.047377000000000180e+02
1.419495599999999968e+03,3.052350000000000136e+02
1.419498000000000047e+03,3.056711000000000240e+02
1.419500500000000102e+03,3.059768000000000256e+02
1.419502899999999954e+03,3.061592999999999734e+02
1.419505400000000009e+03,3.062891000000000190e+02
1.419507800000000088e+03,3.064221999999999753e+02
1.419510299999999916e+03,3.065310000000000059e+02
1.419512699999999995e+03,3.065477000000000203e+02
1.419515100000000075e+03,3.064649000000000001e+02
1.419517599999999902e+03,3.063555000000000064e+02
1.419519999999999982e+03,3.063072000000000230e+02
1.419522500000000036e+03,3.063786000000000058e+02
1.419524899999999889e+03,3.065878999999999905e+02
1.419527299999999968e+03,3.068890999999999849e+02
1.419529800000000023e+03,3.071768999999999892e+02
1.419532200000000103e+03,3.073525999999999954e+02
1.419534699999999930e+03,3.073634000000000128e+02
1.419537100000000009e+03,3.071745999999999981e+02
1.419539600000000064e+03,3.067816000000000258e+02
1.419541999999999916e+03,3.062880000000000109e+02
1.419544399999999996e+03,3.058947000000000003e+02
1.419546900000000051e+03,3.057599000000000160e+02
1.419549299999999903e+03,3.059094999999999800e+02
1.419551799999999957e+03,3.062993999999999915e+02
1.419554200000000037e+03,3.068897000000000048e+02
1.419556599999999889e+03,3.076105999999999767e+02
1.419559099999999944e+03,3.083190999999999917e+02
1.419561500000000024e+03,3.088525000000000205e+02
1.419564000000000078e+03,3.091139000000000010e+02
1.419566399999999931e+03,3.090908999999999764e+02
1.419568800000000010e+03,3.088229000000000042e+02
1.419571300000000065e+03,3.083811999999999784e+02
1.419573699999999917e+03,3.078627000000000180e+02
1.419576199999999972e+03,3.073697999999999979e+02
1.419578600000000051e+03,3.069707999999999970e+02
1.419581100000000106e+03,3.066784999999999854e+02
1.419583499999999958e+03,3.064762999999999806e+02
1.419585900000000038e+03,3.063704999999999927e+02
1.419588400000000092e+03,3.064105000000000132e+02
1.419590799999999945e+03,3.066444000000000187e+02
1.419593299999999999e+03,3.070389000000000124e+02
1.419595700000000079e+03,3.074626000000000090e+02
1.419598099999999931e+03,3.077887999999999806e+02
1.419600599999999986e+03,3.080128000000000270e+02
1.419603000000000065e+03,3.082457999999999743e+02
1.419605499999999893e+03,3.086105999999999767e+02
1.419607899999999972e+03,3.091360999999999990e+02
1.419610400000000027e+03,3.096895000000000095e+02
1.419612800000000107e+03,3.100081999999999880e+02
1.419615199999999959e+03,3.098863000000000056e+02
1.419617700000000013e+03,3.093605000000000018e+02
1.419620100000000093e+03,3.086820000000000164e+02
1.419622599999999920e+03,3.081222000000000207e+02
1.419625000000000000e+03,3.078308999999999855e+02
1.419627400000000080e+03,3.078306000000000040e+02
1.419629899999999907e+03,3.080787000000000262e+02
1.419632299999999987e+03,3.085167000000000144e+02
1.419634800000000041e+03,3.090801000000000158e+02
1.419637199999999893e+03,3.096865999999999985e+02
1.419639599999999973e+03,3.102479999999999905e+02
1.419642100000000028e+03,3.107207999999999970e+02
1.419644500000000107e+03,3.111245000000000118e+02
1.419646999999999935e+03,3.114841999999999871e+02
1.419649400000000014e+03,3.117774999999999750e+02
1.419651900000000069e+03,3.119542999999999893e+02
1.419654299999999921e+03,3.119793000000000234e+02
1.419656700000000001e+03,3.118487000000000080e+02
1.419659200000000055e+03,3.115880000000000223e+02
1.419661599999999908e+03,3.112355999999999767e+02
1.419664099999999962e+03,3.108331000000000017e+02
1.419666500000000042e+03,3.104433000000000220e+02
1.419668899999999894e+03,3.101575000000000273e+02
1.419671399999999949e+03,3.100649999999999977e+02
1.419673800000000028e+03,3.102205999999999904e+02
1.419676300000000083e+03,3.106204999999999927e+02
1.419678699999999935e+03,3.111677000000000248e+02
1.419681199999999990e+03,3.116813999999999965e+02
1.419683600000000069e+03,3.120115999999999872e+02
1.419685999999999922e+03,3.121557000000000244e+02
1.419688499999999976e+03,3.122341000000000122e+02
1.419690900000000056e+03,3.123682999999999765e+02
1.419693400000000111e+03,3.126012999999999806e+02
1.419695799999999963e+03,3.128953999999999951e+02
1.419698200000000043e+03,3.131784999999999854e+02
1.419700700000000097e+03,3.133987999999999943e+02
1.419703099999999949e+03,3.135455999999999790e+02
1.419705600000000004e+03,3.136145999999999958e+02
1.419708000000000084e+03,3.135733000000000175e+02
1.419710399999999936e+03,3.134021000000000186e+02
1.419712899999999991e+03,3.131641000000000190e+02
1.419715300000000070e+03,3.129769000000000005e+02
1.419717799999999897e+03,3.128919000000000210e+02
1.419720199999999977e+03,3.128364000000000260e+02
1.419722700000000032e+03,3.127131999999999721e+02
1.419725100000000111e+03,3.125552999999999884e+02
1.419727499999999964e+03,3.125446000000000026e+02
1.419730000000000018e+03,3.128534999999999968e+02
1.419732400000000098e+03,3.134739999999999895e+02
1.419734899999999925e+03,3.142126999999999839e+02
1.419737300000000005e+03,3.148315000000000055e+02
1.419739700000000084e+03,3.151884000000000015e+02
1.419742199999999912e+03,3.152746999999999957e+02
1.419744599999999991e+03,3.151533000000000015e+02
1.419747100000000046e+03,3.148944999999999936e+02
1.419749499999999898e+03,3.145686000000000035e+02
1.419751999999999953e+03,3.142653000000000247e+02
1.419754400000000032e+03,3.140975000000000250e+02
1.419756800000000112e+03,3.141849000000000274e+02
1.419759299999999939e+03,3.146080999999999790e+02
1.419761700000000019e+03,3.153269000000000233e+02
1.419764200000000073e+03,3.161388999999999783e+02
1.419766599999999926e+03,3.167909999999999968e+02
1.419769000000000005e+03,3.171811999999999898e+02
1.419771500000000060e+03,3.174157999999999902e+02
1.419773899999999912e+03,3.176349000000000160e+02
1.419776399999999967e+03,3.178192999999999984e+02
1.419778800000000047e+03,3.178081000000000245e+02
1.419781199999999899e+03,3.174947999999999979e+02
1.419783699999999953e+03,3.169850000000000136e+02
1.419786100000000033e+03,3.165514000000000010e+02
1.419788600000000088e+03,3.164229000000000269e+02
1.419790999999999940e+03,3.166082999999999856e+02
1.419793499999999995e+03,3.169203999999999724e+02
1.419795900000000074e+03,3.171589999999999918e+02
1.419798299999999927e+03,3.172671000000000276e+02
1.419800799999999981e+03,3.173396999999999935e+02
1.419803200000000061e+03,3.175052999999999770e+02
1.419805699999999888e+03,3.177905999999999835e+02
1.419808099999999968e+03,3.180989999999999895e+02
1.419810500000000047e+03,3.183038999999999987e+02
1.419813000000000102e+03,3.183335999999999899e+02
1.419815399999999954e+03,3.182112999999999943e+02
1.419817900000000009e+03,3.181071000000000026e+02
1.419820300000000088e+03,3.183145999999999844e+02
1.419822799999999916e+03,3.190201999999999884e+02
1.419825199999999995e+03,3.200556000000000267e+02
1.419827600000000075e+03,3.209884000000000128e+02
1.419830099999999902e+03,3.215011999999999830e+02
1.419832499999999982e+03,3.216093000000000188e+02
1.419835000000000036e+03,3.215251999999999839e+02
1.419837399999999889e+03,3.214409999999999741e+02
1.419839799999999968e+03,3.214538000000000011e+02
1.419842300000000023e+03,3.215699000000000183e+02
1.419844700000000103e+03,3.217216000000000236e+02
1.419847199999999930e+03,3.218362999999999943e+02
1.419849600000000009e+03,3.219239999999999782e+02
1.419852100000000064e+03,3.220887000000000171e+02
1.419854499999999916e+03,3.224569000000000187e+02
1.419856899999999996e+03,3.230774000000000115e+02
1.419859400000000051e+03,3.238602999999999952e+02
1.419861799999999903e+03,3.246109999999999900e+02
1.419864299999999957e+03,3.251535000000000082e+02
1.419866700000000037e+03,3.254528000000000247e+02
1.419869099999999889e+03,3.256139000000000010e+02
1.419871599999999944e+03,3.257642999999999915e+02
1.419874000000000024e+03,3.259590999999999781e+02
1.419876500000000078e+03,3.261779000000000224e+02
1.419878899999999931e+03,3.263484000000000265e+02
1.419881300000000010e+03,3.263772000000000162e+02
1.419883800000000065e+03,3.262531000000000176e+02
1.419886199999999917e+03,3.261501000000000090e+02
1.419888699999999972e+03,3.263392999999999802e+02
1.419891100000000051e+03,3.269538000000000011e+02
1.419893600000000106e+03,3.278741999999999734e+02
1.419895999999999958e+03,3.288421000000000163e+02
1.419898400000000038e+03,3.296625999999999976e+02
1.419900900000000092e+03,3.303233999999999924e+02
1.419903299999999945e+03,3.309483000000000175e+02
1.419905799999999999e+03,3.316367999999999938e+02
1.419908200000000079e+03,3.323550000000000182e+02
1.419910599999999931e+03,3.329823999999999842e+02
1.419913099999999986e+03,3.334227999999999952e+02
1.419915500000000065e+03,3.336883000000000266e+02
1.419917999999999893e+03,3.339359999999999786e+02
1.419920399999999972e+03,3.344202000000000226e+02
1.419922900000000027e+03,3.353349000000000046e+02
1.419925300000000107e+03,3.366524000000000001e+02
1.419927699999999959e+03,3.381003000000000043e+02
1.419930200000000013e+03,3.392989999999999782e+02
1.419932600000000093e+03,3.399746999999999844e+02
1.419935099999999920e+03,3.401290000000000191e+02
1.419937500000000000e+03,3.400484999999999900e+02
1.419939900000000080e+03,3.401216999999999757e+02
1.419942399999999907e+03,3.405982999999999947e+02
1.419944799999999987e+03,3.415117000000000189e+02
1.419947300000000041e+03,3.427832999999999970e+02
1.419949699999999893e+03,3.442825000000000273e+02
1.419952099999999973e+03,3.457463999999999942e+02
1.419954600000000028e+03,3.467973999999999819e+02
1.419957000000000107e+03,3.471929000000000087e+02
1.419959499999999935e+03,3.470212999999999965e+02
1.419961900000000014e+03,3.465837000000000216e+02
1.419964400000000069e+03,3.461571000000000140e+02
1.419966799999999921e+03,3.459126999999999725e+02
1.419969200000000001e+03,3.459390999999999963e+02
1.419971700000000055e+03,3.462352999999999952e+02
1.419974099999999908e+03,3.467185999999999808e+02
1.419976599999999962e+03,3.473039999999999736e+02
1.419979000000000042e+03,3.479528999999999996e+02
1.419981399999999894e+03,3.486098999999999819e+02
1.419983899999999949e+03,3.491471999999999980e+02
1.419986300000000028e+03,3.494606999999999744e+02
1.419988800000000083e+03,3.496390999999999849e+02
1.419991199999999935e+03,3.499513999999999783e+02
1.419993699999999990e+03,3.506283000000000243e+02
1.419996100000000069e+03,3.516884000000000015e+02
1.419998499999999922e+03,3.529506999999999834e+02
1.420000999999999976e+03,3.541127000000000180e+02
1.420003400000000056e+03,3.548401000000000067e+02
1.420005900000000111e+03,3.549449000000000183e+02
1.420008299999999963e+03,3.545536999999999921e+02
1.420010700000000043e+03,3.540153000000000247e+02
1.420013200000000097e+03,3.535801000000000158e+02
1.420015599999999949e+03,3.532081000000000017e+02
1.420018100000000004e+03,3.527128999999999905e+02
1.420020500000000084e+03,3.520464000000000055e+02
1.420022899999999936e+03,3.513928000000000225e+02
1.420025399999999991e+03,3.509821000000000026e+02
1.420027800000000070e+03,3.508537000000000035e+02
1.420030299999999897e+03,3.508575000000000159e+02
1.420032699999999977e+03,3.508881000000000085e+02
1.420035200000000032e+03,3.510563999999999965e+02
1.420037600000000111e+03,3.515677000000000021e+02
1.420039999999999964e+03,3.524096000000000117e+02
1.420042500000000018e+03,3.531927999999999770e+02
1.420044900000000098e+03,3.534060999999999808e+02
1.420047399999999925e+03,3.529035999999999831e+02
1.420049800000000005e+03,3.520779999999999745e+02
1.420052200000000084e+03,3.514893000000000143e+02
1.420054699999999912e+03,3.513860999999999990e+02
1.420057099999999991e+03,3.516170000000000186e+02
1.420059600000000046e+03,3.518913000000000011e+02
1.420061999999999898e+03,3.520434000000000196e+02
1.420064499999999953e+03,3.520928000000000111e+02
1.420066900000000032e+03,3.521290999999999940e+02
1.420069300000000112e+03,3.521727000000000203e+02
1.420071799999999939e+03,3.521562000000000126e+02
1.420074200000000019e+03,3.520333999999999719e+02
1.420076700000000073e+03,3.518779999999999859e+02
1.420079099999999926e+03,3.518432999999999993e+02
1.420081500000000005e+03,3.520326999999999771e+02
1.420084000000000060e+03,3.524449000000000183e+02
1.420086399999999912e+03,3.530258000000000038e+02
1.420088899999999967e+03,3.537167000000000030e+02
1.420091300000000047e+03,3.544508999999999901e+02
1.420093800000000101e+03,3.551519999999999868e+02
1.420096199999999953e+03,3.557479000000000156e+02
1.420098600000000033e+03,3.561838999999999942e+02
1.420101100000000088e+03,3.564513000000000034e+02
1.420103499999999940e+03,3.566216000000000008e+02
1.420105999999999995e+03,3.568288000000000011e+02
1.420108400000000074e+03,3.571764000000000010e+02
1.420110799999999927e+03,3.576372000000000071e+02
1.420113299999999981e+03,3.580486000000000217e+02
1.420115700000000061e+03,3.582427999999999884e+02
1.420118199999999888e+03,3.582201000000000022e+02
1.420120599999999968e+03,3.582028000000000247e+02
1.420123000000000047e+03,3.584870999999999981e+02
1.420125500000000102e+03,3.592257000000000176e+02
1.420127899999999954e+03,3.603510999999999740e+02
1.420130400000000009e+03,3.616906000000000176e+02
1.420132800000000088e+03,3.631096999999999753e+02
1.420135299999999916e+03,3.645171000000000276e+02
1.420137699999999995e+03,3.657660999999999945e+02
1.420140100000000075e+03,3.666335000000000264e+02
1.420142599999999902e+03,3.669626999999999839e+02
1.420144999999999982e+03,3.668220000000000027e+02
1.420147500000000036e+03,3.664898999999999774e+02
1.420149899999999889e+03,3.662744000000000142e+02
1.420152299999999968e+03,3.663439000000000192e+02
1.420154800000000023e+03,3.666942000000000235e+02
1.420157200000000103e+03,3.672173000000000229e+02
1.420159699999999930e+03,3.677819999999999823e+02
1.420162100000000009e+03,3.683036000000000172e+02
1.420164600000000064e+03,3.687866000000000213e+02
1.420166999999999916e+03,3.692796000000000163e+02
1.420169399999999996e+03,3.697728000000000179e+02
1.420171900000000051e+03,3.701746999999999730e+02
1.420174299999999903e+03,3.704049999999999727e+02
1.420176799999999957e+03,3.704841999999999871e+02
1.420179200000000037e+03,3.705228999999999928e+02
1.420181599999999889e+03,3.706182000000000016e+02
1.420184099999999944e+03,3.707411999999999921e+02
1.420186500000000024e+03,3.707493000000000052e+02
1.420189000000000078e+03,3.705378000000000043e+02
1.420191399999999931e+03,3.701447000000000003e+02
1.420193800000000010e+03,3.696718000000000188e+02
1.420196300000000065e+03,3.691541000000000281e+02
1.420198699999999917e+03,3.685815999999999804e+02
1.420201199999999972e+03,3.680366999999999962e+02
1.420203600000000051e+03,3.677112999999999943e+02
1.420206100000000106e+03,3.677105999999999995e+02
1.420208499999999958e+03,3.678573000000000093e+02
1.420210900000000038e+03,3.677586999999999762e+02
1.420213400000000092e+03,3.671111000000000217e+02
1.420215799999999945e+03,3.659400999999999726e+02
1.420218299999999999e+03,3.645543999999999869e+02
1.420220700000000079e+03,3.632733999999999810e+02
1.420223099999999931e+03,3.621979000000000042e+02
1.420225599999999986e+03,3.612101000000000113e+02
1.420228000000000065e+03,3.601342000000000212e+02
1.420230499999999893e+03,3.588707999999999743e+02
1.420232899999999972e+03,3.574379000000000133e+02
1.420235400000000027e+03,3.559574999999999818e+02
1.420237800000000107e+03,3.545760000000000218e+02
1.420240199999999959e+03,3.533539999999999850e+02
1.420242700000000013e+03,3.522583000000000197e+02
1.420245100000000093e+03,3.512722999999999729e+02
1.420247599999999920e+03,3.504565999999999804e+02
1.420250000000000000e+03,3.498634999999999877e+02
1.420252400000000080e+03,3.494205999999999790e+02
1.420254899999999907e+03,3.489503000000000270e+02
1.420257299999999987e+03,3.483308000000000106e+02
1.420259800000000041e+03,3.476052999999999997e+02
1.420262199999999893e+03,3.469080000000000155e+02
1.420264599999999973e+03,3.463229000000000042e+02
1.420267100000000028e+03,3.458575000000000159e+02
1.420269500000000107e+03,3.455240000000000009e+02
1.420271999999999935e+03,3.453826999999999998e+02
1.420274400000000014e+03,3.454685000000000059e+02
1.420276900000000069e+03,3.456619999999999777e+02
1.420279299999999921e+03,3.456775000000000091e+02
1.420281700000000001e+03,3.452742000000000075e+02
1.420284200000000055e+03,3.445158000000000129e+02
1.420286599999999908e+03,3.437638000000000034e+02
1.420289099999999962e+03,3.433629999999999995e+02
1.420291500000000042e+03,3.433527000000000271e+02
1.420293899999999894e+03,3.434966000000000008e+02
1.420296399999999949e+03,3.435615000000000236e+02
1.420298800000000028e+03,3.435206000000000017e+02
1.420301300000000083e+03,3.434827000000000226e+02
1.420303699999999935e+03,3.434836000000000240e+02
1.420306199999999990e+03,3.434429999999999836e+02
1.420308600000000069e+03,3.433192999999999984e+02
1.420310999999999922e+03,3.432051999999999907e+02
1.420313499999999976e+03,3.432232999999999947e+02
1.420315900000000056e+03,3.433856000000000108e+02
1.420318400000000111e+03,3.435880000000000223e+02
1.420320799999999963e+03,3.436933000000000220e+02
1.420323200000000043e+03,3.436021000000000072e+02
1.420325700000000097e+03,3.433251999999999953e+02
1.420328099999999949e+03,3.430389999999999873e+02
1.420330600000000004e+03,3.429968999999999824e+02
1.420333000000000084e+03,3.433002999999999929e+02
1.420335399999999936e+03,3.437719000000000165e+02
1.420337899999999991e+03,3.441014000000000124e+02
1.420340300000000070e+03,3.441159000000000106e+02
1.420342799999999897e+03,3.439032000000000266e+02
1.420345199999999977e+03,3.437026999999999930e+02
1.420347700000000032e+03,3.436956000000000131e+02
1.420350100000000111e+03,3.438518000000000256e+02
1.420352499999999964e+03,3.439375999999999749e+02
1.420355000000000018e+03,3.437262999999999806e+02
1.420357400000000098e+03,3.432610000000000241e+02
1.420359899999999925e+03,3.428648000000000025e+02
1.420362300000000005e+03,3.428426000000000045e+02
1.420364700000000084e+03,3.432219000000000051e+02
1.420367199999999912e+03,3.437995999999999981e+02
1.420369599999999991e+03,3.443578999999999724e+02
1.420372100000000046e+03,3.447807000000000244e+02
1.420374499999999898e+03,3.450244999999999891e+02
1.420376999999999953e+03,3.450821000000000254e+02
1.420379400000000032e+03,3.450136999999999716e+02
1.420381800000000112e+03,3.449254999999999995e+02
1.420384299999999939e+03,3.448378999999999905e+02
1.420386700000000019e+03,3.446383000000000152e+02
1.420389200000000073e+03,3.442563000000000102e+02
1.420391599999999926e+03,3.438401000000000067e+02
1.420394000000000005e+03,3.436659000000000219e+02
1.420396500000000060e+03,3.438818999999999733e+02
1.420398899999999912e+03,3.443910999999999945e+02
1.420401399999999967e+03,3.449673999999999978e+02
1.420403800000000047e+03,3.454341999999999757e+02
1.420406199999999899e+03,3.457099000000000046e+02
1.420408699999999953e+03,3.457305999999999813e+02
1.420411100000000033e+03,3.454426000000000272e+02
1.420413600000000088e+03,3.449200999999999908e+02
1.420415999999999940e+03,3.444044999999999845e+02
1.420418499999999995e+03,3.441458000000000084e+02
1.420420900000000074e+03,3.442167000000000030e+02
1.420423299999999927e+03,3.445201000000000136e+02
1.420425799999999981e+03,3.449433999999999969e+02
1.420428200000000061e+03,3.454456000000000131e+02
1.420430699999999888e+03,3.460031000000000176e+02
1.420433099999999968e+03,3.465475000000000136e+02
1.420435500000000047e+03,3.469959000000000060e+02
1.420438000000000102e+03,3.473034000000000106e+02
1.420440399999999954e+03,3.474556999999999789e+02
1.420442900000000009e+03,3.474551000000000158e+02
1.420445300000000088e+03,3.473677999999999884e+02
1.420447799999999916e+03,3.473568000000000211e+02
1.420450199999999995e+03,3.475926999999999794e+02
1.420452600000000075e+03,3.480969999999999800e+02
1.420455099999999902e+03,3.486890000000000214e+02
1.420457499999999982e+03,3.490998000000000161e+02
1.420460000000000036e+03,3.491571000000000140e+02
1.420462399999999889e+03,3.488860000000000241e+02
1.420464799999999968e+03,3.484631999999999721e+02
1.420467300000000023e+03,3.480962999999999852e+02
1.420469700000000103e+03,3.479499000000000137e+02
1.420472199999999930e+03,3.481403000000000247e+02
1.420474600000000009e+03,3.487153999999999883e+02
1.420477100000000064e+03,3.495676000000000272e+02
1.420479499999999916e+03,3.503881999999999834e+02
1.420481899999999996e+03,3.508134999999999764e+02
1.420484400000000051e+03,3.506856000000000222e+02
1.420486799999999903e+03,3.501485999999999876e+02
1.420489299999999957e+03,3.494947000000000230e+02
1.420491700000000037e+03,3.489642999999999802e+02
1.420494099999999889e+03,3.486789999999999736e+02
1.420496599999999944e+03,3.486528000000000134e+02
1.420499000000000024e+03,3.487902000000000271e+02
1.420501500000000078e+03,3.489141999999999939e+02
1.420503899999999931e+03,3.488912000000000262e+02
1.420506300000000010e+03,3.487486000000000104e+02
1.420508800000000065e+03,3.486374000000000137e+02
1.420511199999999917e+03,3.486879000000000133e+02
1.420513699999999972e+03,3.489270999999999958e+02
1.420516100000000051e+03,3.493023000000000025e+02
1.420518600000000106e+03,3.497427999999999884e+02
1.420520999999999958e+03,3.502035000000000196e+02
1.420523400000000038e+03,3.506598999999999933e+02
1.420525900000000092e+03,3.510708999999999946e+02
1.420528299999999945e+03,3.513874000000000137e+02
1.420530799999999999e+03,3.516143999999999892e+02
1.420533200000000079e+03,3.518378999999999905e+02
1.420535599999999931e+03,3.521614999999999895e+02
1.420538099999999986e+03,3.526184000000000083e+02
1.420540500000000065e+03,3.531329999999999814e+02
1.420542999999999893e+03,3.535439999999999827e+02
1.420545399999999972e+03,3.536940999999999917e+02
1.420547900000000027e+03,3.535550000000000068e+02
1.420550300000000107e+03,3.532728999999999928e+02
1.420552699999999959e+03,3.530821000000000254e+02
1.420555200000000013e+03,3.531478999999999928e+02
1.420557600000000093e+03,3.534497000000000071e+02
1.420560099999999920e+03,3.537979000000000269e+02
1.420562500000000000e+03,3.539952000000000112e+02
1.420564900000000080e+03,3.539932999999999765e+02
1.420567399999999907e+03,3.538809999999999718e+02
1.420569799999999987e+03,3.537542000000000257e+02
1.420572300000000041e+03,3.536601999999999748e+02
1.420574699999999893e+03,3.536549999999999727e+02
1.420577099999999973e+03,3.538150999999999726e+02
1.420579600000000028e+03,3.541345999999999776e+02
1.420582000000000107e+03,3.544522999999999797e+02
1.420584499999999935e+03,3.545609999999999786e+02
1.420586900000000014e+03,3.544023000000000252e+02
1.420589400000000069e+03,3.540917999999999779e+02
1.420591799999999921e+03,3.537468000000000075e+02
1.420594200000000001e+03,3.533892999999999915e+02
1.420596700000000055e+03,3.530532999999999788e+02
1.420599099999999908e+03,3.528890999999999849e+02
1.420601599999999962e+03,3.530530999999999722e+02
1.420604000000000042e+03,3.534929999999999950e+02
1.420606399999999894e+03,3.539166000000000167e+02
1.420608899999999949e+03,3.540339999999999918e+02
1.420611300000000028e+03,3.538389000000000237e+02
1.420613800000000083e+03,3.536177000000000135e+02
1.420616199999999935e+03,3.536619999999999777e+02
1.420618699999999990e+03,3.540111999999999739e+02
1.420621100000000069e+03,3.544916000000000054e+02
1.420623499999999922e+03,3.549293999999999869e+02
1.420625999999999976e+03,3.552524000000000228e+02
1.420628400000000056e+03,3.554460000000000264e+02
1.420630900000000111e+03,3.555119000000000256e+02
1.420633299999999963e+03,3.554773999999999887e+02
1.420635700000000043e+03,3.554060999999999808e+02
1.420638200000000097e+03,3.553899000000000115e+02
1.420640599999999949e+03,3.555079999999999814e+02
1.420643100000000004e+03,3.557543999999999755e+02
1.420645500000000084e+03,3.559959999999999809e+02
1.420647899999999936e+03,3.560432999999999879e+02
1.420650399999999991e+03,3.558097999999999956e+02
1.420652800000000070e+03,3.554220000000000255e+02
1.420655299999999897e+03,3.551449000000000069e+02
1.420657699999999977e+03,3.551682999999999879e+02
1.420660200000000032e+03,3.554642999999999802e+02
1.420662600000000111e+03,3.558525000000000205e+02
1.420664999999999964e+03,3.561673000000000116e+02
1.420667500000000018e+03,3.563539000000000101e+02
1.420669900000000098e+03,3.564646999999999935e+02
1.420672399999999925e+03,3.566043999999999983e+02
1.420674800000000005e+03,3.568324000000000069e+02
1.420677200000000084e+03,3.570772000000000048e+02
1.420679699999999912e+03,3.572067000000000121e+02
1.420682099999999991e+03,3.572337999999999738e+02
1.420684600000000046e+03,3.573818999999999733e+02
1.420686999999999898e+03,3.578729000000000156e+02
1.420689499999999953e+03,3.586533999999999764e+02
1.420691900000000032e+03,3.593707999999999743e+02
1.420694300000000112e+03,3.596460000000000150e+02
1.420696799999999939e+03,3.593929999999999723e+02
1.420699200000000019e+03,3.588652999999999906e+02
1.420701700000000073e+03,3.584008999999999787e+02
1.420704099999999926e+03,3.581770999999999958e+02
1.420706500000000005e+03,3.581931999999999903e+02
1.420709000000000060e+03,3.583713999999999942e+02
1.420711399999999912e+03,3.586086000000000240e+02
1.420713899999999967e+03,3.587948999999999842e+02
1.420716300000000047e+03,3.588541999999999916e+02
1.420718800000000101e+03,3.587787000000000148e+02
1.420721199999999953e+03,3.586422999999999774e+02
1.420723600000000033e+03,3.586012000000000057e+02
1.420726100000000088e+03,3.588351000000000113e+02
1.420728499999999940e+03,3.593987999999999943e+02
1.420730999999999995e+03,3.601163000000000238e+02
1.420733400000000074e+03,3.606788999999999987e+02
1.420735799999999927e+03,3.608793999999999755e+02
1.420738299999999981e+03,3.607486999999999853e+02
1.420740700000000061e+03,3.604932999999999765e+02
1.420743199999999888e+03,3.603475999999999999e+02
1.420745599999999968e+03,3.604764999999999873e+02
1.420748000000000047e+03,3.609223999999999819e+02
1.420750500000000102e+03,3.615568000000000097e+02
1.420752899999999954e+03,3.620937999999999874e+02
1.420755400000000009e+03,3.622377000000000180e+02
1.420757800000000088e+03,3.618786000000000058e+02
1.420760299999999916e+03,3.611884999999999764e+02
1.420762699999999995e+03,3.605342999999999734e+02
1.420765100000000075e+03,3.602380999999999744e+02
1.420767599999999902e+03,3.603528000000000020e+02
1.420769999999999982e+03,3.606761999999999944e+02
1.420772500000000036e+03,3.609889999999999759e+02
1.420774899999999889e+03,3.612341999999999871e+02
1.420777299999999968e+03,3.614880999999999744e+02
1.420779800000000023e+03,3.618380999999999972e+02
1.420782200000000103e+03,3.622934000000000196e+02
1.420784699999999930e+03,3.627384000000000128e+02
1.420787100000000009e+03,3.629762999999999806e+02
1.420789600000000064e+03,3.628926000000000158e+02
1.420791999999999916e+03,3.625998999999999910e+02
1.420794399999999996e+03,3.623734000000000037e+02
1.420796900000000051e+03,3.624309000000000083e+02
1.420799299999999903e+03,3.627918000000000234e+02
1.420801799999999957e+03,3.633208000000000197e+02
1.420804200000000037e+03,3.638591999999999871e+02
1.420806599999999889e+03,3.643235000000000241e+02
1.420809099999999944e+03,3.647262999999999806e+02
1.420811500000000024e+03,3.650998000000000161e+02
1.420814000000000078e+03,3.653679000000000201e+02
1.420816399999999931e+03,3.653292999999999893e+02
1.420818800000000010e+03,3.648602999999999952e+02
1.420821300000000065e+03,3.641460000000000150e+02
1.420823699999999917e+03,3.636068999999999960e+02
1.420826199999999972e+03,3.635425000000000182e+02
1.420828600000000051e+03,3.638802999999999770e+02
1.420831100000000106e+03,3.642739000000000260e+02
1.420833499999999958e+03,3.643980000000000246e+02
1.420835900000000038e+03,3.641714000000000055e+02
1.420838400000000092e+03,3.637602999999999724e+02
1.420840799999999945e+03,3.634128000000000043e+02
1.420843299999999999e+03,3.633009000000000128e+02
1.420845700000000079e+03,3.634828999999999724e+02
1.420848099999999931e+03,3.639375999999999749e+02
1.420850599999999986e+03,3.645758000000000152e+02
1.420853000000000065e+03,3.652561999999999784e+02
1.420855499999999893e+03,3.658475000000000250e+02
1.420857899999999972e+03,3.662864000000000146e+02
1.420860400000000027e+03,3.665710000000000264e+02
1.420862800000000107e+03,3.666974999999999909e+02
1.420865199999999959e+03,3.666338999999999828e+02
1.420867700000000013e+03,3.663960999999999899e+02
1.420870100000000093e+03,3.661356000000000108e+02
1.420872599999999920e+03,3.660788999999999760e+02
1.420875000000000000e+03,3.663469000000000051e+02
1.420877400000000080e+03,3.668636000000000195e+02
1.420879899999999907e+03,3.674526999999999930e+02
1.420882299999999987e+03,3.679700000000000273e+02
1.420884800000000041e+03,3.683158000000000243e+02
1.420887199999999893e+03,3.684121999999999844e+02
1.420889599999999973e+03,3.682730000000000246e+02
1.420892100000000028e+03,3.680659999999999741e+02
1.420894500000000107e+03,3.679888000000000261e+02
1.420896999999999935e+03,3.680742000000000189e+02
1.420899400000000014e+03,3.681913000000000125e+02
1.420901900000000069e+03,3.682323000000000093e+02
1.420904299999999921e+03,3.682119999999999891e+02
1.420906700000000001e+03,3.681977999999999724e+02
1.420909200000000055e+03,3.682364999999999782e+02
1.420911599999999908e+03,3.683485000000000014e+02
1.420914099999999962e+03,3.685258999999999787e+02
1.420916500000000042e+03,3.687266000000000190e+02
1.420918899999999894e+03,3.689051999999999794e+02
1.420921399999999949e+03,3.690590000000000259e+02
1.420923800000000028e+03,3.692323999999999842e+02
1.420926300000000083e+03,3.694515999999999849e+02
1.420928699999999935e+03,3.696578999999999837e+02
1.420931199999999990e+03,3.697452000000000112e+02
1.420933600000000069e+03,3.696773999999999774e+02
1.420935999999999922e+03,3.695586000000000126e+02
1.420938499999999976e+03,3.695876999999999839e+02
1.420940900000000056e+03,3.699295000000000186e+02
1.420943400000000111e+03,3.705749999999999886e+02
1.420945799999999963e+03,3.713107999999999720e+02
1.420948200000000043e+03,3.718586000000000240e+02
1.420950700000000097e+03,3.720862999999999943e+02
1.420953099999999949e+03,3.721089999999999804e+02
1.420955600000000004e+03,3.721802999999999884e+02
1.420958000000000084e+03,3.724719000000000051e+02
1.420960399999999936e+03,3.729384999999999764e+02
1.420962899999999991e+03,3.733679999999999950e+02
1.420965300000000070e+03,3.735513000000000261e+02
1.420967799999999897e+03,3.734116000000000213e+02
1.420970199999999977e+03,3.730242999999999824e+02
1.420972700000000032e+03,3.725649000000000228e+02
1.420975100000000111e+03,3.722225000000000250e+02
1.420977499999999964e+03,3.720928999999999860e+02
1.420980000000000018e+03,3.721286999999999807e+02
1.420982400000000098e+03,3.722071000000000254e+02
1.420984899999999925e+03,3.722531999999999925e+02
1.420987300000000005e+03,3.722855999999999881e+02
1.420989700000000084e+03,3.723727000000000089e+02
1.420992199999999912e+03,3.725899999999999750e+02
1.420994599999999991e+03,3.729884999999999877e+02
1.420997100000000046e+03,3.735301999999999794e+02
1.420999499999999898e+03,3.740479000000000269e+02
1.421001999999999953e+03,3.743290999999999826e+02
1.421004400000000032e+03,3.742776000000000067e+02
1.421006800000000112e+03,3.739895999999999958e+02
1.421009299999999939e+03,3.736723999999999819e+02
1.421011700000000019e+03,3.734581000000000017e+02
1.421014200000000073e+03,3.732930999999999813e+02
1.421016599999999926e+03,3.730726000000000226e+02
1.421019000000000005e+03,3.728809999999999718e+02
1.421021500000000060e+03,3.729732000000000198e+02
1.421023899999999912e+03,3.734692999999999756e+02
1.421026399999999967e+03,3.741777999999999906e+02
1.421028800000000047e+03,3.747857999999999947e+02
1.421031199999999899e+03,3.751426000000000158e+02
1.421033699999999953e+03,3.752755000000000223e+02
1.421036100000000033e+03,3.752128000000000156e+02
1.421038600000000088e+03,3.749323999999999728e+02
1.421040999999999940e+03,3.744923999999999751e+02
1.421043499999999995e+03,3.741161999999999921e+02
1.421045900000000074e+03,3.740817999999999870e+02
1.421048299999999927e+03,3.745063000000000102e+02
1.421050799999999981e+03,3.752214000000000169e+02
1.421053200000000061e+03,3.758715000000000259e+02
1.421055699999999888e+03,3.761877000000000066e+02
1.421058099999999968e+03,3.761974999999999909e+02
1.421060500000000047e+03,3.761634000000000242e+02
1.421063000000000102e+03,3.763276999999999930e+02
1.421065399999999954e+03,3.767225000000000250e+02
1.421067900000000009e+03,3.771956000000000131e+02
1.421070300000000088e+03,3.775826999999999884e+02
1.421072799999999916e+03,3.778464000000000169e+02
1.421075199999999995e+03,3.780525999999999840e+02
1.421077600000000075e+03,3.782316999999999894e+02
1.421080099999999902e+03,3.782973999999999819e+02
1.421082499999999982e+03,3.781372999999999820e+02
1.421085000000000036e+03,3.777830000000000155e+02
1.421087399999999889e+03,3.774366999999999734e+02
1.421089799999999968e+03,3.773007000000000062e+02
1.421092300000000023e+03,3.774024999999999750e+02
1.421094700000000103e+03,3.776073999999999842e+02
1.421097199999999930e+03,3.777785000000000082e+02
1.421099600000000009e+03,3.778858999999999924e+02
1.421102100000000064e+03,3.779674999999999727e+02
1.421104499999999916e+03,3.780194000000000187e+02
1.421106899999999996e+03,3.779676000000000045e+02
1.421109400000000051e+03,3.777678999999999974e+02
1.421111799999999903e+03,3.775253000000000156e+02
1.421114299999999957e+03,3.774655000000000200e+02
1.421116700000000037e+03,3.777508000000000266e+02
1.421119099999999889e+03,3.783274000000000115e+02
1.421121599999999944e+03,3.789492999999999938e+02
1.421124000000000024e+03,3.793392000000000053e+02
1.421126500000000078e+03,3.793638000000000261e+02
1.421128899999999931e+03,3.791202000000000112e+02
1.421131300000000010e+03,3.788455000000000155e+02
1.421133800000000065e+03,3.787092000000000098e+02
1.421136199999999917e+03,3.787044000000000210e+02
1.421138699999999972e+03,3.787452999999999861e+02
1.421141100000000051e+03,3.788054000000000201e+02
1.421143600000000106e+03,3.789248000000000047e+02
1.421145999999999958e+03,3.791351000000000226e+02
1.421148400000000038e+03,3.794311000000000149e+02
1.421150900000000092e+03,3.797833999999999719e+02
1.421153299999999945e+03,3.801293000000000006e+02
1.421155799999999999e+03,3.803840999999999894e+02
1.421158200000000079e+03,3.804963000000000193e+02
1.421160599999999931e+03,3.804743000000000279e+02
1.421163099999999986e+03,3.803706000000000245e+02
1.421165500000000065e+03,3.802749999999999773e+02
1.421167999999999893e+03,3.802816000000000258e+02
1.421170399999999972e+03,3.804205999999999790e+02
1.421172900000000027e+03,3.806417000000000144e+02
1.421175300000000107e+03,3.808654999999999973e+02
1.421177699999999959e+03,3.810135000000000218e+02
1.421180200000000013e+03,3.810335000000000036e+02
1.421182600000000093e+03,3.809823999999999842e+02
1.421185099999999920e+03,3.810557000000000016e+02
1.421187500000000000e+03,3.814288000000000238e+02
1.421189900000000080e+03,3.820346000000000117e+02
1.421192399999999907e+03,3.825785000000000196e+02
1.421194799999999987e+03,3.828362999999999943e+02
1.421197300000000041e+03,3.828822999999999865e+02
1.421199699999999893e+03,3.829363000000000170e+02
1.421202099999999973e+03,3.830448000000000093e+02
1.421204600000000028e+03,3.830403000000000020e+02
1.421207000000000107e+03,3.827961999999999989e+02
1.421209499999999935e+03,3.824182000000000130e+02
1.421211900000000014e+03,3.821707999999999856e+02
1.421214400000000069e+03,3.822486000000000104e+02
1.421216799999999921e+03,3.825993000000000279e+02
1.421219200000000001e+03,3.829723999999999933e+02
1.421221700000000055e+03,3.831659999999999968e+02
1.421224099999999908e+03,3.831963000000000079e+02
1.421226599999999962e+03,3.832085000000000150e+02
1.421229000000000042e+03,3.833014999999999759e+02
1.421231399999999894e+03,3.835024999999999977e+02
1.421233899999999949e+03,3.838401000000000067e+02
1.421236300000000028e+03,3.843335000000000150e+02
1.421238800000000083e+03,3.849096999999999866e+02
1.421241199999999935e+03,3.854239000000000033e+02
1.421243699999999990e+03,3.857891999999999939e+02
1.421246100000000069e+03,3.860240999999999758e+02
1.421248499999999922e+03,3.861472999999999729e+02
1.421250999999999976e+03,3.860962000000000103e+02
1.421253400000000056e+03,3.857970000000000255e+02
1.421255900000000111e+03,3.852830000000000155e+02
1.421258299999999963e+03,3.847192999999999756e+02
1.421260700000000043e+03,3.843226999999999975e+02
1.421263200000000097e+03,3.842513000000000147e+02
1.421265599999999949e+03,3.845520999999999958e+02
1.421268100000000004e+03,3.851768999999999892e+02
1.421270500000000084e+03,3.859812000000000012e+02
1.421272899999999936e+03,3.867221999999999866e+02
1.421275399999999991e+03,3.871696000000000026e+02
1.421277800000000070e+03,3.872626999999999953e+02
1.421280299999999897e+03,3.871283000000000243e+02
1.421282699999999977e+03,3.869587000000000216e+02
1.421285200000000032e+03,3.868752000000000066e+02
1.421287600000000111e+03,3.868639999999999759e+02
1.421289999999999964e+03,3.868283000000000129e+02
1.421292500000000018e+03,3.867137000000000171e+02
1.421294900000000098e+03,3.865616999999999734e+02
1.421297399999999925e+03,3.864429000000000087e+02
1.421299800000000005e+03,3.863999000000000024e+02
1.421302200000000084e+03,3.864762999999999806e+02
1.421304699999999912e+03,3.867336000000000240e+02
1.421307099999999991e+03,3.871657000000000153e+02
1.421309600000000046e+03,3.876084000000000174e+02
1.421311999999999898e+03,3.878235000000000241e+02
1.421314499999999953e+03,3.877273999999999887e+02
1.421316900000000032e+03,3.874911999999999921e+02
1.421319300000000112e+03,3.873519000000000005e+02
1.421321799999999939e+03,3.873510999999999740e+02
1.421324200000000019e+03,3.873371000000000208e+02
1.421326700000000073e+03,3.872126999999999839e+02
1.421329099999999926e+03,3.870876999999999839e+02
1.421331500000000005e+03,3.871508000000000038e+02
1.421334000000000060e+03,3.874623000000000275e+02
1.421336399999999912e+03,3.879347000000000207e+02
1.421338899999999967e+03,3.884653000000000134e+02
1.421341300000000047e+03,3.890000000000000000e+02
1.421343800000000101e+03,3.894750000000000227e+02
1.421346199999999953e+03,3.898022000000000276e+02
1.421348600000000033e+03,3.899476000000000226e+02
1.421351100000000088e+03,3.899533999999999878e+02
1.421353499999999940e+03,3.898285000000000196e+02
1.421355999999999995e+03,3.894932000000000016e+02
1.421358400000000074e+03,3.889123999999999910e+02
1.421360799999999927e+03,3.882445000000000164e+02
1.421363299999999981e+03,3.877751000000000090e+02
1.421365700000000061e+03,3.877024000000000115e+02
1.421368199999999888e+03,3.880224999999999795e+02
1.421370599999999968e+03,3.885987999999999829e+02
1.421373000000000047e+03,3.892730999999999995e+02
1.421375500000000102e+03,3.898903000000000247e+02
1.421377899999999954e+03,3.903027000000000157e+02
1.421380400000000009e+03,3.904404999999999859e+02
1.421382800000000088e+03,3.903804000000000087e+02
1.421385299999999916e+03,3.902921999999999798e+02
1.421387699999999995e+03,3.903195999999999799e+02
1.421390100000000075e+03,3.905450000000000159e+02
1.421392599999999902e+03,3.910113999999999805e+02
1.421394999999999982e+03,3.916795999999999935e+02
1.421397500000000036e+03,3.923761000000000081e+02
1.421399899999999889e+03,3.928824000000000183e+02
1.421402299999999968e+03,3.931120999999999981e+02
1.421404800000000023e+03,3.931510000000000105e+02
1.421407200000000103e+03,3.931114999999999782e+02
1.421409699999999930e+03,3.929918000000000120e+02
1.421412100000000009e+03,3.927155999999999949e+02
1.421414600000000064e+03,3.922986000000000217e+02
1.421416999999999916e+03,3.919318999999999846e+02
1.421419399999999996e+03,3.918623999999999796e+02
1.421421900000000051e+03,3.921825000000000045e+02
1.421424299999999903e+03,3.927468999999999824e+02
1.421426799999999957e+03,3.932907000000000153e+02
1.421429200000000037e+03,3.936007000000000176e+02
1.421431599999999889e+03,3.935919000000000096e+02
1.421434099999999944e+03,3.933047000000000253e+02
1.421436500000000024e+03,3.928838999999999828e+02
1.421439000000000078e+03,3.925298999999999978e+02
1.421441399999999931e+03,3.924121000000000095e+02
1.421443800000000010e+03,3.925819000000000187e+02
1.421446300000000065e+03,3.929139999999999873e+02
1.421448699999999917e+03,3.931333000000000197e+02
1.421451199999999972e+03,3.929952000000000112e+02
1.421453600000000051e+03,3.925165999999999826e+02
1.421456100000000106e+03,3.919913000000000238e+02
1.421458499999999958e+03,3.917210999999999785e+02
1.421460900000000038e+03,3.917749000000000024e+02
1.421463400000000092e+03,3.920364000000000146e+02
1.421465799999999945e+03,3.923761999999999830e+02
1.421468299999999999e+03,3.926963000000000079e+02
1.421470700000000079e+03,3.929148000000000138e+02
1.421473099999999931e+03,3.930240000000000009e+02
1.421475599999999986e+03,3.931127999999999929e+02
1.421478000000000065e+03,3.932465000000000259e+02
1.421480499999999893e+03,3.933505999999999858e+02
1.421482899999999972e+03,3.932681999999999789e+02
1.421485400000000027e+03,3.929623000000000275e+02
1.421487800000000107e+03,3.926526999999999816e+02
1.421490199999999959e+03,3.926934999999999718e+02
1.421492700000000013e+03,3.932633000000000152e+02
1.421495100000000093e+03,3.941895000000000095e+02
1.421497599999999920e+03,3.950905999999999949e+02
1.421500000000000000e+03,3.956601999999999748e+02
1.421502400000000080e+03,3.958079999999999927e+02
1.421504899999999907e+03,3.956014999999999873e+02
1.421507299999999987e+03,3.951483999999999810e+02
1.421509800000000041e+03,3.945430999999999813e+02
1.421512199999999893e+03,3.938872000000000071e+02
1.421514599999999973e+03,3.933145000000000095e+02
1.421517100000000028e+03,3.929605999999999995e+02
1.421519500000000107e+03,3.928913000000000011e+02
1.421521999999999935e+03,3.930756999999999834e+02
1.421524400000000014e+03,3.934365000000000236e+02
1.421526900000000069e+03,3.938922999999999774e+02
1.421529299999999921e+03,3.943378999999999905e+02
1.421531700000000001e+03,3.946388000000000034e+02
1.421534200000000055e+03,3.947031999999999812e+02
1.421536599999999908e+03,3.945518000000000143e+02
1.421539099999999962e+03,3.943125000000000000e+02
1.421541500000000042e+03,3.941528999999999883e+02
1.421543899999999894e+03,3.942010999999999967e+02
1.421546399999999949e+03,3.944812999999999761e+02
1.421548800000000028e+03,3.948996000000000208e+02
1.421551300000000083e+03,3.953115000000000236e+02
1.421553699999999935e+03,3.956349999999999909e+02
1.421556199999999990e+03,3.958967000000000098e+02
1.421558600000000069e+03,3.961508999999999787e+02
1.421560999999999922e+03,3.963670999999999935e+02
1.421563499999999976e+03,3.964431000000000154e+02
1.421565900000000056e+03,3.963535999999999717e+02
1.421568400000000111e+03,3.962461000000000126e+02
1.421570799999999963e+03,3.963227999999999724e+02
1.421573200000000043e+03,3.966206999999999994e+02
1.421575700000000097e+03,3.969596000000000231e+02
1.421578099999999949e+03,3.971046999999999798e+02
1.421580600000000004e+03,3.969556000000000040e+02
1.421583000000000084e+03,3.966290999999999940e+02
1.421585399999999936e+03,3.964089000000000169e+02
1.421587899999999991e+03,3.965568999999999846e+02
1.421590300000000070e+03,3.971181000000000267e+02
1.421592799999999897e+03,3.978901999999999930e+02
1.421595199999999977e+03,3.985527000000000157e+02
1.421597700000000032e+03,3.988269000000000233e+02
1.421600100000000111e+03,3.986243000000000052e+02
1.421602499999999964e+03,3.981324000000000183e+02
1.421605000000000018e+03,3.977124000000000024e+02
1.421607400000000098e+03,3.976209999999999809e+02
1.421609899999999925e+03,3.978281999999999812e+02
1.421612300000000005e+03,3.981365000000000123e+02
1.421614700000000084e+03,3.984205999999999790e+02
1.421617199999999912e+03,3.986820000000000164e+02
1.421619599999999991e+03,3.989356000000000222e+02
1.421622100000000046e+03,3.991526000000000067e+02
1.421624499999999898e+03,3.993077999999999861e+02
1.421626999999999953e+03,3.994148000000000138e+02
1.421629400000000032e+03,3.995307000000000244e+02
1.421631800000000112e+03,3.997647999999999797e+02
1.421634299999999939e+03,4.002174999999999727e+02
1.421636700000000019e+03,4.008294000000000210e+02
1.421639200000000073e+03,4.013308999999999855e+02
1.421641599999999926e+03,4.014282000000000039e+02
1.421644000000000005e+03,4.010690999999999917e+02
1.421646500000000060e+03,4.005258000000000038e+02
1.421648899999999912e+03,4.002017999999999915e+02
1.421651399999999967e+03,4.003276999999999930e+02
1.421653800000000047e+03,4.008312000000000239e+02
1.421656199999999899e+03,4.014737999999999829e+02
1.421658699999999953e+03,4.020393000000000256e+02
1.421661100000000033e+03,4.023661999999999921e+02
1.421663600000000088e+03,4.023106999999999971e+02
1.421665999999999940e+03,4.018351999999999862e+02
1.421668499999999995e+03,4.011404999999999745e+02
1.421670900000000074e+03,4.005828999999999951e+02
1.421673299999999927e+03,4.003994000000000142e+02
1.421675799999999981e+03,4.005545999999999935e+02
1.421678200000000061e+03,4.008546000000000049e+02
1.421680699999999888e+03,4.011469999999999914e+02
1.421683099999999968e+03,4.014105999999999881e+02
1.421685500000000047e+03,4.017137999999999920e+02
1.421688000000000102e+03,4.021046000000000049e+02
1.421690399999999954e+03,4.025172000000000025e+02
1.421692900000000009e+03,4.027995999999999981e+02
1.421695300000000088e+03,4.028604000000000269e+02
1.421697799999999916e+03,4.027604000000000042e+02
1.421700199999999995e+03,4.026216999999999757e+02
1.421702600000000075e+03,4.024959999999999809e+02
1.421705099999999902e+03,4.023573000000000093e+02
1.421707499999999982e+03,4.021718000000000188e+02
1.421710000000000036e+03,4.019286999999999921e+02
1.421712399999999889e+03,4.016501999999999839e+02
1.421714799999999968e+03,4.014230999999999767e+02
1.421717300000000023e+03,4.013940000000000055e+02
1.421719700000000103e+03,4.016618000000000279e+02
1.421722199999999930e+03,4.021451000000000136e+02
1.421724600000000009e+03,4.025871999999999957e+02
1.421727100000000064e+03,4.027586999999999762e+02
1.421729499999999916e+03,4.026766000000000076e+02
1.421731899999999996e+03,4.025801000000000158e+02
1.421734400000000051e+03,4.026632999999999925e+02
1.421736799999999903e+03,4.028600000000000136e+02
1.421739299999999957e+03,4.029191999999999894e+02
1.421741700000000037e+03,4.026883000000000266e+02
1.421744099999999889e+03,4.022810999999999808e+02
1.421746599999999944e+03,4.019617999999999824e+02
1.421749000000000024e+03,4.019150999999999954e+02
1.421751500000000078e+03,4.021780999999999722e+02
1.421753899999999931e+03,4.027167000000000030e+02
1.421756300000000010e+03,4.034175999999999931e+02
1.421758800000000065e+03,4.040307000000000244e+02
1.421761199999999917e+03,4.043134999999999764e+02
1.421763699999999972e+03,4.042896999999999821e+02
1.421766100000000051e+03,4.042423999999999751e+02
1.421768600000000106e+03,4.044107000000000198e+02
1.421770999999999958e+03,4.047588999999999828e+02
1.421773400000000038e+03,4.050534000000000106e+02
1.421775900000000092e+03,4.051005999999999858e+02
1.421778299999999945e+03,4.048840999999999894e+02
1.421780799999999999e+03,4.045532000000000039e+02
1.421783200000000079e+03,4.043371999999999957e+02
1.421785599999999931e+03,4.044205999999999790e+02
1.421788099999999986e+03,4.048220999999999776e+02
1.421790500000000065e+03,4.053774999999999977e+02
1.421792999999999893e+03,4.058493000000000279e+02
1.421795399999999972e+03,4.060944999999999823e+02
1.421797900000000027e+03,4.061729000000000269e+02
1.421800300000000107e+03,4.062570999999999799e+02
1.421802699999999959e+03,4.063795999999999822e+02
1.421805200000000013e+03,4.063351999999999862e+02
1.421807600000000093e+03,4.059359999999999786e+02
1.421810099999999920e+03,4.053070000000000164e+02
1.421812500000000000e+03,4.048152000000000044e+02
1.421814900000000080e+03,4.047559999999999718e+02
1.421817399999999907e+03,4.051831999999999994e+02
1.421819799999999987e+03,4.059567999999999870e+02
1.421822300000000041e+03,4.068183000000000220e+02
1.421824699999999893e+03,4.074581999999999766e+02
1.421827099999999973e+03,4.076696999999999775e+02
1.421829600000000028e+03,4.074947999999999979e+02
1.421832000000000107e+03,4.071591000000000236e+02
1.421834499999999935e+03,4.068630999999999744e+02
1.421836900000000014e+03,4.066709000000000174e+02
1.421839400000000069e+03,4.065391999999999939e+02
1.421841799999999921e+03,4.063722000000000207e+02
1.421844200000000001e+03,4.061037999999999784e+02
1.421846700000000055e+03,4.057971999999999753e+02
1.421849099999999908e+03,4.056240000000000236e+02
1.421851599999999962e+03,4.057119999999999891e+02
1.421854000000000042e+03,4.060348999999999933e+02
1.421856399999999894e+03,4.064424999999999955e+02
1.421858899999999949e+03,4.067839000000000169e+02
1.421861300000000028e+03,4.070020999999999844e+02
1.421863800000000083e+03,4.071091999999999871e+02
1.421866199999999935e+03,4.071193000000000097e+02
1.421868699999999990e+03,4.070599000000000274e+02
1.421871100000000069e+03,4.069909000000000106e+02
1.421873499999999922e+03,4.069345999999999890e+02
1.421875999999999976e+03,4.068374000000000024e+02
1.421878400000000056e+03,4.066763000000000261e+02
1.421880900000000111e+03,4.065409000000000219e+02
1.421883299999999963e+03,4.065255000000000223e+02
1.421885700000000043e+03,4.065826000000000136e+02
1.421888200000000097e+03,4.065756000000000085e+02
1.421890599999999949e+03,4.064773000000000138e+02
1.421893100000000004e+03,4.064392000000000280e+02
1.421895500000000084e+03,4.066426999999999907e+02
1.421897899999999936e+03,4.071009999999999991e+02
1.421900399999999991e+03,4.076136000000000195e+02
1.421902800000000070e+03,4.079513999999999783e+02
1.421905299999999897e+03,4.081064000000000078e+02
1.421907699999999977e+03,4.082946999999999775e+02
1.421910200000000032e+03,4.086990000000000123e+02
1.421912600000000111e+03,4.093048999999999751e+02
1.421914999999999964e+03,4.099938000000000216e+02
1.421917500000000018e+03,4.106551000000000045e+02
1.421919900000000098e+03,4.111707999999999856e+02
1.421922399999999925e+03,4.114137000000000057e+02
1.421924800000000005e+03,4.113165999999999940e+02
1.421927200000000084e+03,4.109126999999999725e+02
1.421929699999999912e+03,4.103247000000000071e+02
1.421932099999999991e+03,4.097590000000000146e+02
1.421934600000000046e+03,4.094513000000000034e+02
1.421936999999999898e+03,4.095081999999999880e+02
1.421939499999999953e+03,4.097891999999999939e+02
1.421941900000000032e+03,4.099981999999999971e+02
1.421944300000000112e+03,4.099112000000000080e+02
1.421946799999999939e+03,4.095203999999999951e+02
1.421949200000000019e+03,4.090079999999999814e+02
1.421951700000000073e+03,4.086150000000000091e+02
1.421954099999999926e+03,4.084997000000000185e+02
1.421956500000000005e+03,4.086519999999999868e+02
1.421959000000000060e+03,4.089214000000000055e+02
1.421961399999999912e+03,4.091453000000000202e+02
1.421963899999999967e+03,4.092554000000000087e+02
1.421966300000000047e+03,4.092789000000000215e+02
1.421968800000000101e+03,4.092853999999999814e+02
1.421971199999999953e+03,4.093367999999999824e+02
1.421973600000000033e+03,4.094605000000000246e+02
1.421976100000000088e+03,4.096650000000000205e+02
1.421978499999999940e+03,4.099691000000000258e+02
1.421980999999999995e+03,4.103833999999999946e+02
1.421983400000000074e+03,4.108555999999999813e+02
1.421985799999999927e+03,4.112762999999999920e+02
1.421988299999999981e+03,4.115591000000000008e+02
1.421990700000000061e+03,4.116763000000000261e+02
1.421993199999999888e+03,4.116129999999999995e+02
1.421995599999999968e+03,4.113507999999999925e+02
1.421998000000000047e+03,4.109229000000000269e+02
1.422000500000000102e+03,4.104329999999999927e+02
1.422002899999999954e+03,4.099775999999999954e+02
1.422005400000000009e+03,4.095672999999999888e+02
1.422007800000000088e+03,4.091549999999999727e+02
1.422010299999999916e+03,4.087692999999999870e+02
1.422012699999999995e+03,4.085921999999999912e+02
1.422015100000000075e+03,4.088258000000000152e+02
1.422017599999999902e+03,4.094608000000000061e+02
1.422019999999999982e+03,4.102481999999999971e+02
1.422022500000000036e+03,4.109200999999999908e+02
1.422024899999999889e+03,4.113779999999999859e+02
1.422027299999999968e+03,4.116576999999999771e+02
1.422029800000000023e+03,4.118002000000000180e+02
1.422032200000000103e+03,4.118104999999999905e+02
1.422034699999999930e+03,4.116797000000000253e+02
1.422037100000000009e+03,4.114010999999999854e+02
1.422039600000000064e+03,4.110131999999999834e+02
1.422041999999999916e+03,4.106490000000000009e+02
1.422044399999999996e+03,4.104759000000000242e+02
1.422046900000000051e+03,4.105307000000000244e+02
1.422049299999999903e+03,4.106349999999999909e+02
1.422051799999999957e+03,4.105416999999999916e+02
1.422054200000000037e+03,4.101981000000000108e+02
1.422056599999999889e+03,4.098278999999999996e+02
1.422059099999999944e+03,4.097243000000000279e+02
1.422061500000000024e+03,4.099818999999999960e+02
1.422064000000000078e+03,4.104334999999999809e+02
1.422066399999999931e+03,4.107975000000000136e+02
1.422068800000000010e+03,4.108781000000000176e+02
1.422071300000000065e+03,4.106653999999999769e+02
1.422073699999999917e+03,4.102857000000000198e+02
1.422076199999999972e+03,4.098817999999999984e+02
1.422078600000000051e+03,4.095369000000000028e+02
1.422081100000000106e+03,4.092825000000000273e+02
1.422083499999999958e+03,4.091374999999999886e+02
1.422085900000000038e+03,4.090996000000000095e+02
1.422088400000000092e+03,4.091096000000000004e+02
1.422090799999999945e+03,4.090847999999999729e+02
1.422093299999999999e+03,4.090136999999999716e+02
1.422095700000000079e+03,4.090031999999999925e+02
1.422098099999999931e+03,4.092121000000000208e+02
1.422100599999999986e+03,4.097225000000000250e+02
1.422103000000000065e+03,4.104549999999999841e+02
1.422105499999999893e+03,4.111895000000000095e+02
1.422107899999999972e+03,4.116652000000000271e+02
1.422110400000000027e+03,4.117239999999999895e+02
1.422112800000000107e+03,4.114395999999999844e+02
1.422115199999999959e+03,4.111062000000000012e+02
1.422117700000000013e+03,4.110258999999999787e+02
1.422120100000000093e+03,4.112735000000000127e+02
1.422122599999999920e+03,4.116723999999999819e+02
1.422125000000000000e+03,4.119660000000000082e+02
1.422127400000000080e+03,4.119947000000000230e+02
1.422129899999999907e+03,4.117574999999999932e+02
1.422132299999999987e+03,4.113634999999999877e+02
1.422134800000000041e+03,4.109515000000000100e+02
1.422137199999999893e+03,4.106360999999999990e+02
1.422139599999999973e+03,4.104888000000000261e+02
1.422142100000000028e+03,4.105502999999999929e+02
1.422144500000000107e+03,4.108405000000000200e+02
1.422146999999999935e+03,4.113129999999999882e+02
1.422149400000000014e+03,4.118102000000000089e+02
1.422151900000000069e+03,4.121293999999999755e+02
1.422154299999999921e+03,4.121768999999999892e+02
1.422156700000000001e+03,4.120473999999999819e+02
1.422159200000000055e+03,4.119476999999999975e+02
1.422161599999999908e+03,4.120588999999999942e+02
1.422164099999999962e+03,4.124254999999999995e+02
1.422166500000000042e+03,4.128906999999999812e+02
1.422168899999999894e+03,4.131433999999999855e+02
1.422171399999999949e+03,4.129327000000000112e+02
1.422173800000000028e+03,4.122880999999999858e+02
1.422176300000000083e+03,4.114941999999999780e+02
1.422178699999999935e+03,4.108546999999999798e+02
1.422181199999999990e+03,4.105249000000000024e+02
1.422183600000000069e+03,4.105208000000000084e+02
1.422185999999999922e+03,4.107898000000000138e+02
1.422188499999999976e+03,4.112244999999999777e+02
1.422190900000000056e+03,4.116290999999999940e+02
1.422193400000000111e+03,4.117522999999999911e+02
1.422195799999999963e+03,4.114501000000000204e+02
1.422198200000000043e+03,4.108290999999999826e+02
1.422200700000000097e+03,4.101669999999999732e+02
1.422203099999999949e+03,4.096854999999999905e+02
1.422205600000000004e+03,4.094470000000000027e+02
1.422208000000000084e+03,4.094282000000000039e+02
1.422210399999999936e+03,4.095804999999999723e+02
1.422212899999999991e+03,4.098088999999999942e+02
1.422215300000000070e+03,4.099893999999999892e+02
1.422217799999999897e+03,4.100584999999999809e+02
1.422220199999999977e+03,4.100622999999999934e+02
1.422222700000000032e+03,4.101202999999999861e+02
1.422225100000000111e+03,4.103718999999999824e+02
1.422227499999999964e+03,4.109325999999999794e+02
1.422230000000000018e+03,4.118270999999999731e+02
1.422232400000000098e+03,4.129128999999999792e+02
1.422234899999999925e+03,4.138858000000000175e+02
1.422237300000000005e+03,4.144306000000000267e+02
1.422239700000000084e+03,4.144245000000000232e+02
1.422242199999999912e+03,4.140086000000000013e+02
1.422244599999999991e+03,4.134624999999999773e+02
1.422247100000000046e+03,4.130326000000000022e+02
1.422249499999999898e+03,4.128480000000000132e+02
1.422251999999999953e+03,4.129103000000000065e+02
1.422254400000000032e+03,4.131197999999999979e+02
1.422256800000000112e+03,4.133412000000000148e+02
1.422259299999999939e+03,4.134796999999999798e+02
1.422261700000000019e+03,4.134966000000000008e+02
1.422264200000000073e+03,4.133802000000000021e+02
1.422266599999999926e+03,4.131458999999999833e+02
1.422269000000000005e+03,4.128525000000000205e+02
1.422271500000000060e+03,4.125513000000000261e+02
1.422273899999999912e+03,4.122062000000000239e+02
1.422276399999999967e+03,4.117210000000000036e+02
1.422278800000000047e+03,4.110847999999999729e+02
1.422281199999999899e+03,4.104624999999999773e+02
1.422283699999999953e+03,4.100967999999999734e+02
1.422286100000000033e+03,4.101132000000000062e+02
1.422288600000000088e+03,4.104388000000000147e+02
1.422290999999999940e+03,4.109033999999999764e+02
1.422293499999999995e+03,4.113670000000000186e+02
1.422295900000000074e+03,4.117529999999999859e+02
1.422298299999999927e+03,4.120498999999999796e+02
1.422300799999999981e+03,4.123050000000000068e+02
1.422303200000000061e+03,4.125631000000000199e+02
1.422305699999999888e+03,4.128063000000000216e+02
1.422308099999999968e+03,4.129764999999999873e+02
1.422310500000000047e+03,4.130441000000000145e+02
1.422313000000000102e+03,4.130538999999999987e+02
1.422315399999999954e+03,4.131105999999999767e+02
1.422317900000000009e+03,4.132891999999999939e+02
1.422320300000000088e+03,4.135389999999999873e+02
1.422322799999999916e+03,4.137010000000000218e+02
1.422325199999999995e+03,4.136412000000000262e+02
1.422327600000000075e+03,4.133713000000000193e+02
1.422330099999999902e+03,4.130686000000000035e+02
1.422332499999999982e+03,4.129732999999999947e+02
1.422335000000000036e+03,4.131981999999999857e+02
1.422337399999999889e+03,4.135942999999999756e+02
1.422339799999999968e+03,4.138365999999999758e+02
1.422342300000000023e+03,4.137008000000000152e+02
1.422344700000000103e+03,4.132730000000000246e+02
1.422347199999999930e+03,4.128654000000000224e+02
1.422349600000000009e+03,4.127296000000000049e+02
1.422352100000000064e+03,4.128845000000000027e+02
1.422354499999999916e+03,4.132257999999999925e+02
1.422356899999999996e+03,4.137341999999999871e+02
1.422359400000000051e+03,4.144721999999999866e+02
1.422361799999999903e+03,4.153783000000000243e+02
1.422364299999999957e+03,4.161809000000000083e+02
1.422366700000000037e+03,4.165903999999999883e+02
1.422369099999999889e+03,4.165289000000000215e+02
1.422371599999999944e+03,4.161256000000000199e+02
1.422374000000000024e+03,4.155482999999999834e+02
1.422376500000000078e+03,4.149087999999999852e+02
1.422378899999999931e+03,4.142945000000000277e+02
1.422381300000000010e+03,4.137925999999999931e+02
1.422383800000000065e+03,4.134388999999999896e+02
1.422386199999999917e+03,4.131696000000000026e+02
1.422388699999999972e+03,4.128568999999999960e+02
1.422391100000000051e+03,4.124279999999999973e+02
1.422393600000000106e+03,4.119807000000000130e+02
1.422395999999999958e+03,4.117807999999999993e+02
1.422398400000000038e+03,4.120957000000000221e+02
1.422400900000000092e+03,4.129556000000000040e+02
1.422403299999999945e+03,4.140468999999999937e+02
1.422405799999999999e+03,4.148897000000000048e+02
1.422408200000000079e+03,4.151818000000000097e+02
1.422410599999999931e+03,4.149739000000000146e+02
1.422413099999999986e+03,4.145328000000000088e+02
1.422415500000000065e+03,4.140899999999999750e+02
1.422417999999999893e+03,4.137284999999999968e+02
1.422420399999999972e+03,4.134426000000000272e+02
1.422422900000000027e+03,4.132343000000000188e+02
1.422425300000000107e+03,4.131383999999999901e+02
1.422427699999999959e+03,4.131691000000000145e+02
1.422430200000000013e+03,4.132669000000000210e+02
1.422432600000000093e+03,4.133428999999999860e+02
1.422435099999999920e+03,4.133833999999999946e+02
1.422437500000000000e+03,4.134356000000000222e+02
1.422439900000000080e+03,4.134653000000000134e+02
1.422442399999999907e+03,4.133405999999999949e+02
1.422444799999999987e+03,4.130353999999999814e+02
1.422447300000000041e+03,4.127524000000000228e+02
1.422449699999999893e+03,4.127481000000000222e+02
1.422452099999999973e+03,4.130958999999999719e+02
1.422454600000000028e+03,4.136662000000000035e+02
1.422457000000000107e+03,4.142558000000000220e+02
1.422459499999999935e+03,4.146908999999999992e+02
1.422461900000000014e+03,4.148935999999999922e+02
1.422464400000000069e+03,4.149010000000000105e+02
1.422466799999999921e+03,4.147817999999999756e+02
1.422469200000000001e+03,4.145491000000000099e+02
1.422471700000000055e+03,4.142094000000000165e+02
1.422474099999999908e+03,4.138740999999999985e+02
1.422476599999999962e+03,4.137436000000000149e+02
1.422479000000000042e+03,4.139642000000000053e+02
1.422481399999999894e+03,4.145214000000000283e+02
1.422483899999999949e+03,4.152552999999999770e+02
1.422486300000000028e+03,4.159434999999999718e+02
1.422488800000000083e+03,4.163980999999999995e+02
1.422491199999999935e+03,4.165464000000000055e+02
1.422493699999999990e+03,4.164515000000000100e+02
1.422496100000000069e+03,4.162493000000000052e+02
1.422498499999999922e+03,4.160423000000000116e+02
1.422500999999999976e+03,4.158460000000000036e+02
1.422503400000000056e+03,4.156274000000000228e+02
1.422505900000000111e+03,4.153695999999999913e+02
1.422508299999999963e+03,4.150912000000000148e+02
1.422510700000000043e+03,4.148201999999999998e+02
1.422513200000000097e+03,4.145504999999999995e+02
1.422515599999999949e+03,4.142332000000000107e+02
1.422518100000000004e+03,4.138654999999999973e+02
1.422520500000000084e+03,4.135901000000000067e+02
1.422522899999999936e+03,4.136301000000000272e+02
1.422525399999999991e+03,4.140779999999999745e+02
1.422527800000000070e+03,4.147810999999999808e+02
1.422530299999999897e+03,4.154470000000000027e+02
1.422532699999999977e+03,4.158220999999999776e+02
1.422535200000000032e+03,4.157742999999999824e+02
1.422537600000000111e+03,4.152973999999999819e+02
1.422539999999999964e+03,4.145167000000000144e+02
1.422542500000000018e+03,4.136879999999999882e+02
1.422544900000000098e+03,4.131480000000000246e+02
1.422547399999999925e+03,4.132022999999999797e+02
1.422549800000000005e+03,4.139723000000000184e+02
1.422552200000000084e+03,4.152850000000000250e+02
1.422554699999999912e+03,4.167309999999999945e+02
1.422557099999999991e+03,4.178976000000000113e+02
1.422559600000000046e+03,4.185835000000000150e+02
1.422561999999999898e+03,4.188208999999999946e+02
1.422564499999999953e+03,4.187576999999999998e+02
1.422566900000000032e+03,4.185319000000000074e+02
1.422569300000000112e+03,4.181945999999999799e+02
1.422571799999999939e+03,4.177244000000000028e+02
1.422574200000000019e+03,4.171385000000000218e+02
1.422576700000000073e+03,4.165753000000000270e+02
1.422579099999999926e+03,4.162210999999999785e+02
1.422581500000000005e+03,4.161675000000000182e+02
1.422584000000000060e+03,4.163765000000000214e+02
1.422586399999999912e+03,4.167574000000000183e+02
1.422588899999999967e+03,4.172234000000000265e+02
1.422591300000000047e+03,4.176777000000000157e+02
1.422593800000000101e+03,4.180025999999999726e+02
1.422596199999999953e+03,4.181213999999999942e+02
1.422598600000000033e+03,4.180835000000000150e+02
1.422601100000000088e+03,4.180192000000000121e+02
1.422603499999999940e+03,4.179628999999999905e+02
1.422605999999999995e+03,4.178032999999999788e+02
1.422608400000000074e+03,4.174719999999999800e+02
1.422610799999999927e+03,4.170967999999999734e+02
1.422613299999999981e+03,4.169107999999999947e+02
1.422615700000000061e+03,4.170788999999999760e+02
1.422618199999999888e+03,4.176120000000000232e+02
1.422620599999999968e+03,4.183616999999999848e+02
1.422623000000000047e+03,4.190704000000000065e+02
1.422625500000000102e+03,4.194857000000000085e+02
1.422627899999999954e+03,4.194816000000000145e+02
1.422630400000000009e+03,4.190998000000000161e+02
1.422632800000000088e+03,4.185244999999999891e+02
1.422635299999999916e+03,4.180197000000000003e+02
1.422637699999999995e+03,4.178106000000000222e+02
1.422640100000000075e+03,4.179433000000000220e+02
1.422642599999999902e+03,4.182534999999999741e+02
1.422644999999999982e+03,4.185067999999999984e+02
1.422647500000000036e+03,4.185754999999999768e+02
1.422649899999999889e+03,4.184755999999999858e+02
1.422652299999999968e+03,4.182755999999999972e+02
1.422654800000000023e+03,4.180380000000000109e+02
1.422657200000000103e+03,4.178457000000000221e+02
1.422659699999999930e+03,4.178082999999999743e+02
1.422662100000000009e+03,4.179793999999999983e+02
1.422664600000000064e+03,4.182916000000000167e+02
1.422666999999999916e+03,4.186241999999999734e+02
1.422669399999999996e+03,4.189279000000000224e+02
1.422671900000000051e+03,4.192373000000000047e+02
1.422674299999999903e+03,4.195642000000000280e+02
1.422676799999999957e+03,4.198331999999999766e+02
1.422679200000000037e+03,4.199639000000000237e+02
1.422681599999999889e+03,4.199843999999999937e+02
1.422684099999999944e+03,4.199954999999999927e+02
1.422686500000000024e+03,4.200240000000000009e+02
1.422689000000000078e+03,4.199884000000000128e+02
1.422691399999999931e+03,4.198360000000000127e+02
1.422693800000000010e+03,4.196562999999999874e+02
1.422696300000000065e+03,4.196030000000000086e+02
1.422698699999999917e+03,4.197178000000000111e+02
1.422701199999999972e+03,4.198885000000000218e+02
1.422703600000000051e+03,4.199916000000000054e+02
1.422706100000000106e+03,4.200317999999999756e+02
1.422708499999999958e+03,4.201155999999999722e+02
1.422710900000000038e+03,4.203048999999999751e+02
1.422713400000000092e+03,4.205321000000000140e+02
1.422715799999999945e+03,4.206619000000000028e+02
1.422718299999999999e+03,4.206236000000000104e+02
1.422720700000000079e+03,4.204855000000000018e+02
1.422723099999999931e+03,4.204003000000000156e+02
1.422725599999999986e+03,4.204624000000000024e+02
1.422728000000000065e+03,4.206059000000000196e+02
1.422730499999999893e+03,4.206569999999999823e+02
1.422732899999999972e+03,4.205040000000000191e+02
1.422735400000000027e+03,4.202176999999999794e+02
1.422737800000000107e+03,4.200068999999999733e+02
1.422740199999999959e+03,4.200491999999999848e+02
1.422742700000000013e+03,4.203591000000000122e+02
1.422745100000000093e+03,4.208099000000000274e+02
1.422747599999999920e+03,4.212556999999999903e+02
1.422750000000000000e+03,4.216170999999999935e+02
1.422752400000000080e+03,4.218731999999999971e+02
1.422754899999999907e+03,4.220210000000000150e+02
1.422757299999999987e+03,4.220706999999999880e+02
1.422759800000000041e+03,4.220654999999999859e+02
1.422762199999999893e+03,4.220724999999999909e+02
1.422764599999999973e+03,4.221356000000000108e+02
1.422767100000000028e+03,4.222336000000000240e+02
1.422769500000000107e+03,4.223073999999999728e+02
1.422771999999999935e+03,4.223455000000000155e+02
1.422774400000000014e+03,4.224313999999999965e+02
1.422776900000000069e+03,4.226806000000000267e+02
1.422779299999999921e+03,4.231154999999999973e+02
1.422781700000000001e+03,4.236121999999999730e+02
1.422784200000000055e+03,4.239755000000000109e+02
1.422786599999999908e+03,4.240679000000000087e+02
1.422789099999999962e+03,4.239003999999999905e+02
1.422791500000000042e+03,4.236412000000000262e+02
1.422793899999999894e+03,4.235181000000000040e+02
1.422796399999999949e+03,4.236490999999999758e+02
1.422798800000000028e+03,4.239592999999999847e+02
1.422801300000000083e+03,4.242817999999999756e+02
1.422803699999999935e+03,4.245149000000000115e+02
1.422806199999999990e+03,4.246655000000000086e+02
1.422808600000000069e+03,4.247905000000000086e+02
1.422810999999999922e+03,4.249392000000000280e+02
1.422813499999999976e+03,4.251288999999999874e+02
1.422815900000000056e+03,4.253279999999999745e+02
1.422818400000000111e+03,4.254612999999999943e+02
1.422820799999999963e+03,4.254769999999999754e+02
1.422823200000000043e+03,4.254363000000000170e+02
1.422825700000000097e+03,4.254975999999999772e+02
1.422828099999999949e+03,4.257651000000000181e+02
1.422830600000000004e+03,4.261772000000000276e+02
1.422833000000000084e+03,4.265760000000000218e+02
1.422835399999999936e+03,4.268568000000000211e+02
1.422837899999999991e+03,4.270196000000000254e+02
1.422840300000000070e+03,4.271157000000000039e+02
1.422842799999999897e+03,4.271875999999999749e+02
1.422845199999999977e+03,4.272536000000000058e+02
1.422847700000000032e+03,4.273220000000000027e+02
1.422850100000000111e+03,4.274046000000000163e+02
1.422852499999999964e+03,4.275194000000000187e+02
1.422855000000000018e+03,4.276856999999999971e+02
1.422857400000000098e+03,4.279180000000000064e+02
1.422859899999999925e+03,4.282198000000000206e+02
1.422862300000000005e+03,4.285772000000000048e+02
1.422864700000000084e+03,4.289560000000000173e+02
1.422867199999999912e+03,4.293081999999999994e+02
1.422869599999999991e+03,4.295926999999999794e+02
1.422872100000000046e+03,4.297964999999999804e+02
1.422874499999999898e+03,4.299399999999999977e+02
1.422876999999999953e+03,4.300654999999999859e+02
1.422879400000000032e+03,4.302173000000000229e+02
1.422881800000000112e+03,4.304200999999999908e+02
1.422884299999999939e+03,4.306618000000000279e+02
1.422886700000000019e+03,4.308989000000000260e+02
1.422889200000000073e+03,4.310874999999999773e+02
1.422891599999999926e+03,4.312133000000000038e+02
1.422894000000000005e+03,4.312973000000000070e+02
1.422896500000000060e+03,4.313799000000000206e+02
1.422898899999999912e+03,4.315022999999999911e+02
1.422901399999999967e+03,4.316961999999999762e+02
1.422903800000000047e+03,4.319762000000000057e+02
1.422906199999999899e+03,4.323389999999999986e+02
1.422908699999999953e+03,4.327746999999999957e+02
1.422911100000000033e+03,4.332828999999999837e+02
1.422913600000000088e+03,4.338650999999999840e+02
1.422915999999999940e+03,4.344911000000000172e+02
1.422918499999999995e+03,4.350860000000000127e+02
1.422920900000000074e+03,4.355686000000000035e+02
1.422923299999999927e+03,4.359067000000000007e+02
1.422925799999999981e+03,4.361308000000000220e+02
1.422928200000000061e+03,4.362986000000000217e+02
1.422930699999999888e+03,4.364540999999999826e+02
1.422933099999999968e+03,4.366166999999999803e+02
1.422935500000000047e+03,4.367966000000000122e+02
1.422938000000000102e+03,4.370054000000000087e+02
1.422940399999999954e+03,4.372508000000000266e+02
1.422942900000000009e+03,4.375274999999999750e+02
1.422945300000000088e+03,4.378261999999999716e+02
1.422947799999999916e+03,4.381489000000000260e+02
1.422950199999999995e+03,4.385099000000000160e+02
1.422952600000000075e+03,4.389187000000000012e+02
1.422955099999999902e+03,4.393693000000000097e+02
1.422957499999999982e+03,4.398455999999999904e+02
1.422960000000000036e+03,4.403369000000000142e+02
1.422962399999999889e+03,4.408462000000000103e+02
1.422964799999999968e+03,4.413842000000000212e+02
1.422967300000000023e+03,4.419526000000000181e+02
1.422969700000000103e+03,4.425337999999999852e+02
1.422972199999999930e+03,4.430969000000000051e+02
1.422974600000000009e+03,4.436157000000000039e+02
1.422977100000000064e+03,4.440799999999999841e+02
1.422979499999999916e+03,4.444945000000000164e+02
1.422981899999999996e+03,4.448734999999999786e+02
1.422984400000000051e+03,4.452377000000000180e+02
1.422986799999999903e+03,4.456098999999999819e+02
1.422989299999999957e+03,4.460108999999999924e+02
1.422991700000000037e+03,4.464531000000000063e+02
1.422994099999999889e+03,4.469350999999999772e+02
1.422996599999999944e+03,4.474483999999999924e+02
1.422999000000000024e+03,0.000000000000000000e+00
1.423001500000000078e+03,0.000000000000000000e+00
1.423003899999999931e+03,0.000000000000000000e+00
1.423006300000000010e+03,0.000000000000000000e+00
1.423008800000000065e+03,0.000000000000000000e+00
1.423011199999999917e+03,0.000000000000000000e+00
1.423013699999999972e+03,0.000000000000000000e+00
1.423016100000000051e+03,0.000000000000000000e+00
1.423018600000000106e+03,0.000000000000000000e+00
1.423020999999999958e+03,0.000000000000000000e+00
1.423023400000000038e+03,0.000000000000000000e+00
1.423025900000000092e+03,0.000000000000000000e+00
1.423028299999999945e+03,0.000000000000000000e+00
1.423030799999999999e+03,0.000000000000000000e+00
1.423033200000000079e+03,0.000000000000000000e+00
1.423035599999999931e+03,0.000000000000000000e+00
1.423038099999999986e+03,0.000000000000000000e+00
1.423040500000000065e+03,0.000000000000000000e+00
1.423042999999999893e+03,0.000000000000000000e+00
1.423045399999999972e+03,0.000000000000000000e+00
1.423047900000000027e+03,0.000000000000000000e+00
1.423050300000000107e+03,0.000000000000000000e+00
1.423052699999999959e+03,0.000000000000000000e+00
1.423055200000000013e+03,0.000000000000000000e+00
1.423057600000000093e+03,0.000000000000000000e+00
1.423060099999999920e+03,0.000000000000000000e+00
1.423062500000000000e+03,0.000000000000000000e+00
1.423064900000000080e+03,0.000000000000000000e+00
1.423067399999999907e+03,0.000000000000000000e+00
1.423069799999999987e+03,0.000000000000000000e+00
1.423072300000000041e+03,0.000000000000000000e+00
1.423074699999999893e+03,0.000000000000000000e+00
1.423077099999999973e+03,0.000000000000000000e+00
1.423079600000000028e+03,0.000000000000000000e+00
1.423082000000000107e+03,0.000000000000000000e+00
1.423084499999999935e+03,0.000000000000000000e+00
1.423086900000000014e+03,0.000000000000000000e+00
1.423089400000000069e+03,0.000000000000000000e+00
1.423091799999999921e+03,0.000000000000000000e+00
1.423094200000000001e+03,0.000000000000000000e+00
1.423096700000000055e+03,0.000000000000000000e+00
1.423099099999999908e+03,0.000000000000000000e+00
1.423101599999999962e+03,0.000000000000000000e+00
1.423104000000000042e+03,0.000000000000000000e+00
1.423106399999999894e+03,0.000000000000000000e+00
1.423108899999999949e+03,0.000000000000000000e+00
1.423111300000000028e+03,0.000000000000000000e+00
1.423113800000000083e+03,0.000000000000000000e+00
1.423116199999999935e+03,0.000000000000000000e+00
1.423118699999999990e+03,0.000000000000000000e+00
1.423121100000000069e+03,0.000000000000000000e+00
1.423123499999999922e+03,0.000000000000000000e+00
1.423125999999999976e+03,0.000000000000000000e+00
1.423128400000000056e+03,0.000000000000000000e+00
1.423130900000000111e+03,0.000000000000000000e+00
1.423133299999999963e+03,0.000000000000000000e+00
1.423135700000000043e+03,0.000000000000000000e+00
1.423138200000000097e+03,0.000000000000000000e+00
1.423140599999999949e+03,0.000000000000000000e+00
1.423143100000000004e+03,0.000000000000000000e+00
1.423145500000000084e+03,0.000000000000000000e+00
1.423147899999999936e+03,0.000000000000000000e+00
1.423150399999999991e+03,0.000000000000000000e+00
1.423152800000000070e+03,0.000000000000000000e+00
1.423155299999999897e+03,0.000000000000000000e+00
1.423157699999999977e+03,0.000000000000000000e+00
1.423160200000000032e+03,0.000000000000000000e+00
1.423162600000000111e+03,0.000000000000000000e+00
1.423164999999999964e+03,0.000000000000000000e+00
1.423167500000000018e+03,0.000000000000000000e+00
1.423169900000000098e+03,0.000000000000000000e+00
1.423172399999999925e+03,0.000000000000000000e+00
1.423174800000000005e+03,0.000000000000000000e+00
1.423177200000000084e+03,0.000000000000000000e+00
1.423179699999999912e+03,0.000000000000000000e+00
1.423182099999999991e+03,0.000000000000000000e+00
1.423184600000000046e+03,0.000000000000000000e+00
1.423186999999999898e+03,0.000000000000000000e+00
1.423189499999999953e+03,0.000000000000000000e+00
1.423191900000000032e+03,0.000000000000000000e+00
1.423194300000000112e+03,0.000000000000000000e+00
1.423196799999999939e+03,0.000000000000000000e+00
1.423199200000000019e+03,0.000000000000000000e+00
1.423201700000000073e+03,0.000000000000000000e+00
1.423204099999999926e+03,0.000000000000000000e+00
1.423206500000000005e+03,0.000000000000000000e+00
1.423209000000000060e+03,0.000000000000000000e+00
1.423211399999999912e+03,0.000000000000000000e+00
1.423213899999999967e+03,0.000000000000000000e+00
1.423216300000000047e+03,0.000000000000000000e+00
1.423218800000000101e+03,0.000000000000000000e+00
1.423221199999999953e+03,0.000000000000000000e+00
1.423223600000000033e+03,0.000000000000000000e+00
1.423226100000000088e+03,0.000000000000000000e+00
1.423228499999999940e+03,0.000000000000000000e+00
1.423230999999999995e+03,0.000000000000000000e+00
1.423233400000000074e+03,0.000000000000000000e+00
1.423235799999999927e+03,0.000000000000000000e+00
1.423238299999999981e+03,0.000000000000000000e+00
1.423240700000000061e+03,0.000000000000000000e+00
1.423243199999999888e+03,0.000000000000000000e+00
1.423245599999999968e+03,0.000000000000000000e+00
1.423248000000000047e+03,0.000000000000000000e+00
1.423250500000000102e+03,0.000000000000000000e+00
1.423252899999999954e+03,0.000000000000000000e+00
1.423255400000000009e+03,0.000000000000000000e+00
1.423257800000000088e+03,0.000000000000000000e+00
1.423260299999999916e+03,0.000000000000000000e+00
1.423262699999999995e+03,0.000000000000000000e+00
1.423265100000000075e+03,0.000000000000000000e+00
1.423267599999999902e+03,0.000000000000000000e+00
1.423269999999999982e+03,0.000000000000000000e+00
1.423272500000000036e+03,0.000000000000000000e+00
1.423274899999999889e+03,0.000000000000000000e+00
1.423277299999999968e+03,0.000000000000000000e+00
1.423279800000000023e+03,0.000000000000000000e+00
1.423282200000000103e+03,0.000000000000000000e+00
1.423284699999999930e+03,0.000000000000000000e+00
1.423287100000000009e+03,0.000000000000000000e+00
1.423289600000000064e+03,0.000000000000000000e+00
1.423291999999999916e+03,0.000000000000000000e+00
1.423294399999999996e+03,0.000000000000000000e+00
1.423296900000000051e+03,0.000000000000000000e+00
1.423299299999999903e+03,0.000000000000000000e+00
1.423301799999999957e+03,0.000000000000000000e+00
1.423304200000000037e+03,0.000000000000000000e+00
1.423306599999999889e+03,0.000000000000000000e+00
1.423309099999999944e+03,0.000000000000000000e+00
1.423311500000000024e+03,0.000000000000000000e+00
1.423314000000000078e+03,0.000000000000000000e+00
1.423316399999999931e+03,0.000000000000000000e+00
1.423318800000000010e+03,0.000000000000000000e+00
1.423321300000000065e+03,0.000000000000000000e+00
1.423323699999999917e+03,0.000000000000000000e+00
1.423326199999999972e+03,0.000000000000000000e+00
1.423328600000000051e+03,0.000000000000000000e+00
1.423331100000000106e+03,0.000000000000000000e+00
1.423333499999999958e+03,0.000000000000000000e+00
1.423335900000000038e+03,0.000000000000000000e+00
1.423338400000000092e+03,0.000000000000000000e+00
1.423340799999999945e+03,0.000000000000000000e+00
1.423343299999999999e+03,0.000000000000000000e+00
1.423345700000000079e+03,0.000000000000000000e+00
1.423348099999999931e+03,0.000000000000000000e+00
1.423350599999999986e+03,0.000000000000000000e+00
1.423353000000000065e+03,0.000000000000000000e+00
1.423355499999999893e+03,0.000000000000000000e+00
1.423357899999999972e+03,0.000000000000000000e+00
1.423360400000000027e+03,0.000000000000000000e+00
1.423362800000000107e+03,0.000000000000000000e+00
1.423365199999999959e+03,0.000000000000000000e+00
1.423367700000000013e+03,0.000000000000000000e+00
1.423370100000000093e+03,0.000000000000000000e+00
1.423372599999999920e+03,0.000000000000000000e+00
1.423375000000000000e+03,0.000000000000000000e+00
1.423377400000000080e+03,0.000000000000000000e+00
1.423379899999999907e+03,0.000000000000000000e+00
1.423382299999999987e+03,0.000000000000000000e+00
1.423384800000000041e+03,0.000000000000000000e+00
1.423387199999999893e+03,0.000000000000000000e+00
1.423389599999999973e+03,0.000000000000000000e+00
1.423392100000000028e+03,0.000000000000000000e+00
1.423394500000000107e+03,0.000000000000000000e+00
1.423396999999999935e+03,0.000000000000000000e+00
1.423399400000000014e+03,0.000000000000000000e+00
1.423401900000000069e+03,0.000000000000000000e+00
1.423404299999999921e+03,0.000000000000000000e+00
1.423406700000000001e+03,0.000000000000000000e+00
1.423409200000000055e+03,0.000000000000000000e+00
1.423411599999999908e+03,0.000000000000000000e+00
1.423414099999999962e+03,0.000000000000000000e+00
1.423416500000000042e+03,0.000000000000000000e+00
1.423418899999999894e+03,0.000000000000000000e+00
1.423421399999999949e+03,0.000000000000000000e+00
1.423423800000000028e+03,0.000000000000000000e+00
1.423426300000000083e+03,0.000000000000000000e+00
1.423428699999999935e+03,0.000000000000000000e+00
1.423431199999999990e+03,0.000000000000000000e+00
1.423433600000000069e+03,0.000000000000000000e+00
1.423435999999999922e+03,0.000000000000000000e+00
1.423438499999999976e+03,0.000000000000000000e+00
1.423440900000000056e+03,0.000000000000000000e+00
1.423443400000000111e+03,0.000000000000000000e+00
1.423445799999999963e+03,0.000000000000000000e+00
1.423448200000000043e+03,0.000000000000000000e+00
1.423450700000000097e+03,0.000000000000000000e+00
1.423453099999999949e+03,0.000000000000000000e+00
1.423455600000000004e+03,0.000000000000000000e+00
1.423458000000000084e+03,0.000000000000000000e+00
1.423460399999999936e+03,0.000000000000000000e+00
1.423462899999999991e+03,0.000000000000000000e+00
1.423465300000000070e+03,0.000000000000000000e+00
1.423467799999999897e+03,0.000000000000000000e+00
1.423470199999999977e+03,0.000000000000000000e+00
1.423472700000000032e+03,0.000000000000000000e+00
1.423475100000000111e+03,0.000000000000000000e+00
1.423477499999999964e+03,0.000000000000000000e+00
1.423480000000000018e+03,0.000000000000000000e+00
1.423482400000000098e+03,0.000000000000000000e+00
1.423484899999999925e+03,0.000000000000000000e+00
1.423487300000000005e+03,0.000000000000000000e+00
1.423489700000000084e+03,0.000000000000000000e+00
1.423492199999999912e+03,0.000000000000000000e+00
1.423494599999999991e+03,0.000000000000000000e+00
1.423497100000000046e+03,0.000000000000000000e+00
1.423499499999999898e+03,0.000000000000000000e+00
1.423501999999999953e+03,0.000000000000000000e+00
1.423504400000000032e+03,0.000000000000000000e+00
1.423506800000000112e+03,0.000000000000000000e+00
1.423509299999999939e+03,0.000000000000000000e+00
1.423511700000000019e+03,0.000000000000000000e+00
1.423514200000000073e+03,0.000000000000000000e+00
1.423516599999999926e+03,0.000000000000000000e+00
1.423519000000000005e+03,0.000000000000000000e+00
1.423521500000000060e+03,0.000000000000000000e+00
1.423523899999999912e+03,0.000000000000000000e+00
1.423526399999999967e+03,0.000000000000000000e+00
1.423528800000000047e+03,0.000000000000000000e+00
1.423531199999999899e+03,0.000000000000000000e+00
1.423533699999999953e+03,0.000000000000000000e+00
1.423536100000000033e+03,0.000000000000000000e+00
1.423538600000000088e+03,0.000000000000000000e+00
1.423540999999999940e+03,0.000000000000000000e+00
1.423543499999999995e+03,0.000000000000000000e+00
1.423545900000000074e+03,0.000000000000000000e+00
1.423548299999999927e+03,0.000000000000000000e+00
1.423550799999999981e+03,0.000000000000000000e+00
1.423553200000000061e+03,0.000000000000000000e+00
1.423555699999999888e+03,0.000000000000000000e+00
1.423558099999999968e+03,0.000000000000000000e+00
1.423560500000000047e+03,0.000000000000000000e+00
1.423563000000000102e+03,0.000000000000000000e+00
1.423565399999999954e+03,0.000000000000000000e+00
1.423567900000000009e+03,0.000000000000000000e+00
1.423570300000000088e+03,0.000000000000000000e+00
1.423572799999999916e+03,0.000000000000000000e+00
1.423575199999999995e+03,0.000000000000000000e+00
1.423577600000000075e+03,0.000000000000000000e+00
1.423580099999999902e+03,0.000000000000000000e+00
1.423582499999999982e+03,0.000000000000000000e+00
1.423585000000000036e+03,0.000000000000000000e+00
1.423587399999999889e+03,0.000000000000000000e+00
1.423589799999999968e+03,0.000000000000000000e+00
1.423592300000000023e+03,0.000000000000000000e+00
1.423594700000000103e+03,0.000000000000000000e+00
1.423597199999999930e+03,0.000000000000000000e+00
1.423599600000000009e+03,0.000000000000000000e+00
1.423602100000000064e+03,0.000000000000000000e+00
1.423604499999999916e+03,0.000000000000000000e+00
1.423606899999999996e+03,0.000000000000000000e+00
1.423609400000000051e+03,0.000000000000000000e+00
1.423611799999999903e+03,0.000000000000000000e+00
1.423614299999999957e+03,0.000000000000000000e+00
1.423616700000000037e+03,0.000000000000000000e+00
1.423619099999999889e+03,0.000000000000000000e+00
1.423621599999999944e+03,0.000000000000000000e+00
1.423624000000000024e+03,0.000000000000000000e+00
1.423626500000000078e+03,0.000000000000000000e+00
1.423628899999999931e+03,0.000000000000000000e+00
1.423631300000000010e+03,0.000000000000000000e+00
1.423633800000000065e+03,0.000000000000000000e+00
1.423636199999999917e+03,0.000000000000000000e+00
1.423638699999999972e+03,0.000000000000000000e+00
1.423641100000000051e+03,0.000000000000000000e+00
1.423643600000000106e+03,0.000000000000000000e+00
1.423645999999999958e+03,0.000000000000000000e+00
1.423648400000000038e+03,0.000000000000000000e+00
1.423650900000000092e+03,0.000000000000000000e+00
1.423653299999999945e+03,0.000000000000000000e+00
1.423655799999999999e+03,0.000000000000000000e+00
1.423658200000000079e+03,0.000000000000000000e+00
1.423660599999999931e+03,0.000000000000000000e+00
1.423663099999999986e+03,0.000000000000000000e+00
1.423665500000000065e+03,0.000000000000000000e+00
1.423667999999999893e+03,0.000000000000000000e+00
1.423670399999999972e+03,0.000000000000000000e+00
1.423672900000000027e+03,0.000000000000000000e+00
1.423675300000000107e+03,0.000000000000000000e+00
1.423677699999999959e+03,0.000000000000000000e+00
1.423680200000000013e+03,0.000000000000000000e+00
1.423682600000000093e+03,0.000000000000000000e+00
1.423685099999999920e+03,0.000000000000000000e+00
1.423687500000000000e+03,0.000000000000000000e+00
1.423689900000000080e+03,0.000000000000000000e+00
1.423692399999999907e+03,0.000000000000000000e+00
1.423694799999999987e+03,0.000000000000000000e+00
1.423697300000000041e+03,0.000000000000000000e+00
1.423699699999999893e+03,0.000000000000000000e+00
1.423702099999999973e+03,0.000000000000000000e+00
1.423704600000000028e+03,0.000000000000000000e+00
1.423707000000000107e+03,0.000000000000000000e+00
1.423709499999999935e+03,0.000000000000000000e+00
1.423711900000000014e+03,0.000000000000000000e+00
1.423714400000000069e+03,0.000000000000000000e+00
1.423716799999999921e+03,0.000000000000000000e+00
1.423719200000000001e+03,0.000000000000000000e+00
1.423721700000000055e+03,0.000000000000000000e+00
1.423724099999999908e+03,0.000000000000000000e+00
1.423726599999999962e+03,0.000000000000000000e+00
1.423729000000000042e+03,0.000000000000000000e+00
1.423731399999999894e+03,0.000000000000000000e+00
1.423733899999999949e+03,0.000000000000000000e+00
1.423736300000000028e+03,0.000000000000000000e+00
1.423738800000000083e+03,0.000000000000000000e+00
1.423741199999999935e+03,0.000000000000000000e+00
1.423743699999999990e+03,0.000000000000000000e+00
1.423746100000000069e+03,0.000000000000000000e+00
1.423748499999999922e+03,0.000000000000000000e+00
1.423750999999999976e+03,0.000000000000000000e+00
1.423753400000000056e+03,0.000000000000000000e+00
1.423755900000000111e+03,0.000000000000000000e+00
1.423758299999999963e+03,0.000000000000000000e+00
1.423760700000000043e+03,0.000000000000000000e+00
1.423763200000000097e+03,0.000000000000000000e+00
1.423765599999999949e+03,0.000000000000000000e+00
1.423768100000000004e+03,0.000000000000000000e+00
1.423770500000000084e+03,0.000000000000000000e+00
1.423772899999999936e+03,0.000000000000000000e+00
1.423775399999999991e+03,0.000000000000000000e+00
1.423777800000000070e+03,0.000000000000000000e+00
1.423780299999999897e+03,0.000000000000000000e+00
1.423782699999999977e+03,0.000000000000000000e+00
1.423785200000000032e+03,0.000000000000000000e+00
1.423787600000000111e+03,0.000000000000000000e+00
1.423789999999999964e+03,0.000000000000000000e+00
1.423792500000000018e+03,0.000000000000000000e+00
1.423794900000000098e+03,0.000000000000000000e+00
1.423797399999999925e+03,0.000000000000000000e+00
1.423799800000000005e+03,0.000000000000000000e+00
1.423802200000000084e+03,0.000000000000000000e+00
1.423804699999999912e+03,0.000000000000000000e+00
1.423807099999999991e+03,0.000000000000000000e+00
1.423809600000000046e+03,0.000000000000000000e+00
1.423811999999999898e+03,0.000000000000000000e+00
1.423814499999999953e+03,0.000000000000000000e+00
1.423816900000000032e+03,0.000000000000000000e+00
1.423819300000000112e+03,0.000000000000000000e+00
1.423821799999999939e+03,0.000000000000000000e+00
1.423824200000000019e+03,0.000000000000000000e+00
1.423826700000000073e+03,0.000000000000000000e+00
1.423829099999999926e+03,0.000000000000000000e+00
1.423831500000000005e+03,0.000000000000000000e+00
1.423834000000000060e+03,0.000000000000000000e+00
1.423836399999999912e+03,0.000000000000000000e+00
1.423838899999999967e+03,0.000000000000000000e+00
1.423841300000000047e+03,0.000000000000000000e+00
1.423843800000000101e+03,0.000000000000000000e+00
1.423846199999999953e+03,0.000000000000000000e+00
1.423848600000000033e+03,0.000000000000000000e+00
1.423851100000000088e+03,0.000000000000000000e+00
1.423853499999999940e+03,0.000000000000000000e+00
1.423855999999999995e+03,0.000000000000000000e+00
1.423858400000000074e+03,0.000000000000000000e+00
1.423860799999999927e+03,0.000000000000000000e+00
1.423863299999999981e+03,0.000000000000000000e+00
1.423865700000000061e+03,0.000000000000000000e+00
1.423868199999999888e+03,0.000000000000000000e+00
1.423870599999999968e+03,0.000000000000000000e+00
1.423873000000000047e+03,0.000000000000000000e+00
1.423875500000000102e+03,0.000000000000000000e+00
1.423877899999999954e+03,0.000000000000000000e+00
1.423880400000000009e+03,0.000000000000000000e+00
1.423882800000000088e+03,0.000000000000000000e+00
1.423885299999999916e+03,0.000000000000000000e+00
1.423887699999999995e+03,0.000000000000000000e+00
1.423890100000000075e+03,0.000000000000000000e+00
1.423892599999999902e+03,0.000000000000000000e+00
1.423894999999999982e+03,0.000000000000000000e+00
1.423897500000000036e+03,0.000000000000000000e+00
1.423899899999999889e+03,0.000000000000000000e+00
1.423902299999999968e+03,0.000000000000000000e+00
1.423904800000000023e+03,0.000000000000000000e+00
1.423907200000000103e+03,0.000000000000000000e+00
1.423909699999999930e+03,0.000000000000000000e+00
1.423912100000000009e+03,0.000000000000000000e+00
1.423914600000000064e+03,0.000000000000000000e+00
1.423916999999999916e+03,0.000000000000000000e+00
1.423919399999999996e+03,0.000000000000000000e+00
1.423921900000000051e+03,0.000000000000000000e+00
1.423924299999999903e+03,0.000000000000000000e+00
1.423926799999999957e+03,0.000000000000000000e+00
1.423929200000000037e+03,0.000000000000000000e+00
1.423931599999999889e+03,0.000000000000000000e+00
1.423934099999999944e+03,0.000000000000000000e+00
1.423936500000000024e+03,0.000000000000000000e+00
1.423939000000000078e+03,0.000000000000000000e+00
1.423941399999999931e+03,0.000000000000000000e+00
1.423943800000000010e+03,0.000000000000000000e+00
1.423946300000000065e+03,0.000000000000000000e+00
1.423948699999999917e+03,0.000000000000000000e+00
1.423951199999999972e+03,0.000000000000000000e+00
1.423953600000000051e+03,0.000000000000000000e+00
1.423956100000000106e+03,0.000000000000000000e+00
1.423958499999999958e+03,0.000000000000000000e+00
1.423960900000000038e+03,0.000000000000000000e+00
1.423963400000000092e+03,0.000000000000000000e+00
1.423965799999999945e+03,0.000000000000000000e+00
1.423968299999999999e+03,0.000000000000000000e+00
1.423970700000000079e+03,0.000000000000000000e+00
1.423973099999999931e+03,0.000000000000000000e+00
1.423975599999999986e+03,0.000000000000000000e+00
1.423978000000000065e+03,0.000000000000000000e+00
1.423980499999999893e+03,0.000000000000000000e+00
1.423982899999999972e+03,0.000000000000000000e+00
1.423985400000000027e+03,0.000000000000000000e+00
1.423987800000000107e+03,0.000000000000000000e+00
1.423990199999999959e+03,0.000000000000000000e+00
1.423992700000000013e+03,0.000000000000000000e+00
1.423995100000000093e+03,0.000000000000000000e+00
1.423997599999999920e+03,0.000000000000000000e+00
