1.414000000000000000e+03,0.000000000000000000e+00
1.414002400000000080e+03,0.000000000000000000e+00
1.414004899999999907e+03,0.000000000000000000e+00
1.414007299999999987e+03,0.000000000000000000e+00
1.414009800000000041e+03,0.000000000000000000e+00
1.414012199999999893e+03,0.000000000000000000e+00
1.414014599999999973e+03,0.000000000000000000e+00
1.414017100000000028e+03,0.000000000000000000e+00
1.414019500000000107e+03,0.000000000000000000e+00
1.414021999999999935e+03,0.000000000000000000e+00
1.414024400000000014e+03,0.000000000000000000e+00
1.414026900000000069e+03,0.000000000000000000e+00
1.414029299999999921e+03,0.000000000000000000e+00
1.414031700000000001e+03,0.000000000000000000e+00
1.414034200000000055e+03,0.000000000000000000e+00
1.414036599999999908e+03,0.000000000000000000e+00
1.414039099999999962e+03,0.000000000000000000e+00
1.414041500000000042e+03,0.000000000000000000e+00
1.414043899999999894e+03,0.000000000000000000e+00
1.414046399999999949e+03,0.000000000000000000e+00
1.414048800000000028e+03,0.000000000000000000e+00
1.414051300000000083e+03,0.000000000000000000e+00
1.414053699999999935e+03,0.000000000000000000e+00
1.414056199999999990e+03,0.000000000000000000e+00
1.414058600000000069e+03,0.000000000000000000e+00
1.414060999999999922e+03,0.000000000000000000e+00
1.414063499999999976e+03,0.000000000000000000e+00
1.414065900000000056e+03,0.000000000000000000e+00
1.414068400000000111e+03,0.000000000000000000e+00
1.414070799999999963e+03,0.000000000000000000e+00
1.414073200000000043e+03,0.000000000000000000e+00
1.414075700000000097e+03,0.000000000000000000e+00
1.414078099999999949e+03,0.000000000000000000e+00
1.414080600000000004e+03,0.000000000000000000e+00
1.414083000000000084e+03,0.000000000000000000e+00
1.414085399999999936e+03,0.000000000000000000e+00
1.414087899999999991e+03,0.000000000000000000e+00
1.414090300000000070e+03,0.000000000000000000e+00
1.414092799999999897e+03,0.000000000000000000e+00
1.414095199999999977e+03,0.000000000000000000e+00
1.414097700000000032e+03,0.000000000000000000e+00
1.414100100000000111e+03,0.000000000000000000e+00
1.414102499999999964e+03,0.000000000000000000e+00
1.414105000000000018e+03,0.000000000000000000e+00
1.414107400000000098e+03,0.000000000000000000e+00
1.414109899999999925e+03,0.000000000000000000e+00
1.414112300000000005e+03,0.000000000000000000e+00
1.414114700000000084e+03,0.000000000000000000e+00
1.414117199999999912e+03,0.000000000000000000e+00
1.414119599999999991e+03,0.000000000000000000e+00
1.414122100000000046e+03,0.000000000000000000e+00
1.414124499999999898e+03,0.000000000000000000e+00
1.414126999999999953e+03,0.000000000000000000e+00
1.414129400000000032e+03,0.000000000000000000e+00
1.414131800000000112e+03,0.000000000000000000e+00
1.414134299999999939e+03,0.000000000000000000e+00
1.414136700000000019e+03,0.000000000000000000e+00
1.414139200000000073e+03,0.000000000000000000e+00
1.414141599999999926e+03,0.000000000000000000e+00
1.414144000000000005e+03,0.000000000000000000e+00
1.414146500000000060e+03,0.000000000000000000e+00
1.414148899999999912e+03,0.000000000000000000e+00
1.414151399999999967e+03,0.000000000000000000e+00
1.414153800000000047e+03,0.000000000000000000e+00
1.414156199999999899e+03,0.000000000000000000e+00
1.414158699999999953e+03,0.000000000000000000e+00
1.414161100000000033e+03,0.000000000000000000e+00
1.414163600000000088e+03,0.000000000000000000e+00
1.414165999999999940e+03,0.000000000000000000e+00
1.414168499999999995e+03,0.000000000000000000e+00
1.414170900000000074e+03,0.000000000000000000e+00
1.414173299999999927e+03,0.000000000000000000e+00
1.414175799999999981e+03,0.000000000000000000e+00
1.414178200000000061e+03,0.000000000000000000e+00
1.414180699999999888e+03,0.000000000000000000e+00
1.414183099999999968e+03,0.000000000000000000e+00
1.414185500000000047e+03,0.000000000000000000e+00
1.414188000000000102e+03,0.000000000000000000e+00
1.414190399999999954e+03,0.000000000000000000e+00
1.414192900000000009e+03,0.000000000000000000e+00
1.414195300000000088e+03,0.000000000000000000e+00
1.414197799999999916e+03,0.000000000000000000e+00
1.414200199999999995e+03,0.000000000000000000e+00
1.414202600000000075e+03,0.000000000000000000e+00
1.414205099999999902e+03,0.000000000000000000e+00
1.414207499999999982e+03,0.000000000000000000e+00
1.414210000000000036e+03,0.000000000000000000e+00
1.414212399999999889e+03,0.000000000000000000e+00
1.414214799999999968e+03,0.000000000000000000e+00
1.414217300000000023e+03,0.000000000000000000e+00
1.414219700000000103e+03,0.000000000000000000e+00
1.414222199999999930e+03,0.000000000000000000e+00
1.414224600000000009e+03,0.000000000000000000e+00
1.414227100000000064e+03,0.000000000000000000e+00
1.414229499999999916e+03,0.000000000000000000e+00
1.414231899999999996e+03,0.000000000000000000e+00
1.414234400000000051e+03,0.000000000000000000e+00
1.414236799999999903e+03,0.000000000000000000e+00
1.414239299999999957e+03,0.000000000000000000e+00
1.414241700000000037e+03,0.000000000000000000e+00
1.414244099999999889e+03,0.000000000000000000e+00
1.414246599999999944e+03,0.000000000000000000e+00
1.414249000000000024e+03,0.000000000000000000e+00
1.414251500000000078e+03,0.000000000000000000e+00
1.414253899999999931e+03,0.000000000000000000e+00
1.414256300000000010e+03,0.000000000000000000e+00
1.414258800000000065e+03,0.000000000000000000e+00
1.414261199999999917e+03,0.000000000000000000e+00
1.414263699999999972e+03,0.000000000000000000e+00
1.414266100000000051e+03,0.000000000000000000e+00
1.414268600000000106e+03,0.000000000000000000e+00
1.414270999999999958e+03,0.000000000000000000e+00
1.414273400000000038e+03,0.000000000000000000e+00
1.414275900000000092e+03,0.000000000000000000e+00
1.414278299999999945e+03,0.000000000000000000e+00
1.414280799999999999e+03,0.000000000000000000e+00
1.414283200000000079e+03,0.000000000000000000e+00
1.414285599999999931e+03,0.000000000000000000e+00
1.414288099999999986e+03,0.000000000000000000e+00
1.414290500000000065e+03,0.000000000000000000e+00
1.414292999999999893e+03,0.000000000000000000e+00
1.414295399999999972e+03,0.000000000000000000e+00
1.414297900000000027e+03,0.000000000000000000e+00
1.414300300000000107e+03,0.000000000000000000e+00
1.414302699999999959e+03,0.000000000000000000e+00
1.414305200000000013e+03,0.000000000000000000e+00
1.414307600000000093e+03,0.000000000000000000e+00
1.414310099999999920e+03,0.000000000000000000e+00
1.414312500000000000e+03,0.000000000000000000e+00
1.414314900000000080e+03,0.000000000000000000e+00
1.414317399999999907e+03,0.000000000000000000e+00
1.414319799999999987e+03,0.000000000000000000e+00
1.414322300000000041e+03,0.000000000000000000e+00
1.414324699999999893e+03,0.000000000000000000e+00
1.414327099999999973e+03,0.000000000000000000e+00
1.414329600000000028e+03,0.000000000000000000e+00
1.414332000000000107e+03,0.000000000000000000e+00
1.414334499999999935e+03,0.000000000000000000e+00
1.414336900000000014e+03,0.000000000000000000e+00
1.414339400000000069e+03,0.000000000000000000e+00
1.414341799999999921e+03,0.000000000000000000e+00
1.414344200000000001e+03,0.000000000000000000e+00
1.414346700000000055e+03,0.000000000000000000e+00
1.414349099999999908e+03,0.000000000000000000e+00
1.414351599999999962e+03,0.000000000000000000e+00
1.414354000000000042e+03,0.000000000000000000e+00
1.414356399999999894e+03,0.000000000000000000e+00
1.414358899999999949e+03,0.000000000000000000e+00
1.414361300000000028e+03,0.000000000000000000e+00
1.414363800000000083e+03,0.000000000000000000e+00
1.414366199999999935e+03,0.000000000000000000e+00
1.414368699999999990e+03,0.000000000000000000e+00
1.414371100000000069e+03,0.000000000000000000e+00
1.414373499999999922e+03,0.000000000000000000e+00
1.414375999999999976e+03,0.000000000000000000e+00
1.414378400000000056e+03,0.000000000000000000e+00
1.414380900000000111e+03,0.000000000000000000e+00
1.414383299999999963e+03,0.000000000000000000e+00
1.414385700000000043e+03,0.000000000000000000e+00
1.414388200000000097e+03,0.000000000000000000e+00
1.414390599999999949e+03,0.000000000000000000e+00
1.414393100000000004e+03,0.000000000000000000e+00
1.414395500000000084e+03,0.000000000000000000e+00
1.414397899999999936e+03,0.000000000000000000e+00
1.414400399999999991e+03,0.000000000000000000e+00
1.414402800000000070e+03,0.000000000000000000e+00
1.414405299999999897e+03,0.000000000000000000e+00
1.414407699999999977e+03,0.000000000000000000e+00
1.414410200000000032e+03,0.000000000000000000e+00
1.414412600000000111e+03,0.000000000000000000e+00
1.414414999999999964e+03,0.000000000000000000e+00
1.414417500000000018e+03,0.000000000000000000e+00
1.414419900000000098e+03,0.000000000000000000e+00
1.414422399999999925e+03,0.000000000000000000e+00
1.414424800000000005e+03,0.000000000000000000e+00
1.414427200000000084e+03,0.000000000000000000e+00
1.414429699999999912e+03,0.000000000000000000e+00
1.414432099999999991e+03,0.000000000000000000e+00
1.414434600000000046e+03,0.000000000000000000e+00
1.414436999999999898e+03,0.000000000000000000e+00
1.414439499999999953e+03,0.000000000000000000e+00
1.414441900000000032e+03,0.000000000000000000e+00
1.414444300000000112e+03,0.000000000000000000e+00
1.414446799999999939e+03,0.000000000000000000e+00
1.414449200000000019e+03,0.000000000000000000e+00
1.414451700000000073e+03,0.000000000000000000e+00
1.414454099999999926e+03,0.000000000000000000e+00
1.414456500000000005e+03,0.000000000000000000e+00
1.414459000000000060e+03,0.000000000000000000e+00
1.414461399999999912e+03,0.000000000000000000e+00
1.414463899999999967e+03,0.000000000000000000e+00
1.414466300000000047e+03,0.000000000000000000e+00
1.414468800000000101e+03,0.000000000000000000e+00
1.414471199999999953e+03,0.000000000000000000e+00
1.414473600000000033e+03,0.000000000000000000e+00
1.414476100000000088e+03,0.000000000000000000e+00
1.414478499999999940e+03,0.000000000000000000e+00
1.414480999999999995e+03,0.000000000000000000e+00
1.414483400000000074e+03,0.000000000000000000e+00
1.414485799999999927e+03,0.000000000000000000e+00
1.414488299999999981e+03,0.000000000000000000e+00
1.414490700000000061e+03,0.000000000000000000e+00
1.414493199999999888e+03,0.000000000000000000e+00
1.414495599999999968e+03,0.000000000000000000e+00
1.414498000000000047e+03,0.000000000000000000e+00
1.414500500000000102e+03,0.000000000000000000e+00
1.414502899999999954e+03,0.000000000000000000e+00
1.414505400000000009e+03,0.000000000000000000e+00
1.414507800000000088e+03,0.000000000000000000e+00
1.414510299999999916e+03,0.000000000000000000e+00
1.414512699999999995e+03,0.000000000000000000e+00
1.414515100000000075e+03,0.000000000000000000e+00
1.414517599999999902e+03,0.000000000000000000e+00
1.414519999999999982e+03,0.000000000000000000e+00
1.414522500000000036e+03,0.000000000000000000e+00
1.414524899999999889e+03,0.000000000000000000e+00
1.414527299999999968e+03,0.000000000000000000e+00
1.414529800000000023e+03,0.000000000000000000e+00
1.414532200000000103e+03,0.000000000000000000e+00
1.414534699999999930e+03,0.000000000000000000e+00
1.414537100000000009e+03,0.000000000000000000e+00
1.414539600000000064e+03,0.000000000000000000e+00
1.414541999999999916e+03,0.000000000000000000e+00
1.414544399999999996e+03,0.000000000000000000e+00
1.414546900000000051e+03,0.000000000000000000e+00
1.414549299999999903e+03,0.000000000000000000e+00
1.414551799999999957e+03,0.000000000000000000e+00
1.414554200000000037e+03,0.000000000000000000e+00
1.414556599999999889e+03,0.000000000000000000e+00
1.414559099999999944e+03,0.000000000000000000e+00
1.414561500000000024e+03,0.000000000000000000e+00
1.414564000000000078e+03,0.000000000000000000e+00
1.414566399999999931e+03,0.000000000000000000e+00
1.414568800000000010e+03,0.000000000000000000e+00
1.414571300000000065e+03,0.000000000000000000e+00
1.414573699999999917e+03,0.000000000000000000e+00
1.414576199999999972e+03,0.000000000000000000e+00
1.414578600000000051e+03,0.000000000000000000e+00
1.414581100000000106e+03,0.000000000000000000e+00
1.414583499999999958e+03,0.000000000000000000e+00
1.414585900000000038e+03,0.000000000000000000e+00
1.414588400000000092e+03,0.000000000000000000e+00
1.414590799999999945e+03,0.000000000000000000e+00
1.414593299999999999e+03,0.000000000000000000e+00
1.414595700000000079e+03,0.000000000000000000e+00
1.414598099999999931e+03,0.000000000000000000e+00
1.414600599999999986e+03,0.000000000000000000e+00
1.414603000000000065e+03,0.000000000000000000e+00
1.414605499999999893e+03,0.000000000000000000e+00
1.414607899999999972e+03,0.000000000000000000e+00
1.414610400000000027e+03,0.000000000000000000e+00
1.414612800000000107e+03,0.000000000000000000e+00
1.414615199999999959e+03,0.000000000000000000e+00
1.414617700000000013e+03,0.000000000000000000e+00
1.414620100000000093e+03,0.000000000000000000e+00
1.414622599999999920e+03,0.000000000000000000e+00
1.414625000000000000e+03,0.000000000000000000e+00
1.414627400000000080e+03,0.000000000000000000e+00
1.414629899999999907e+03,0.000000000000000000e+00
1.414632299999999987e+03,0.000000000000000000e+00
1.414634800000000041e+03,0.000000000000000000e+00
1.414637199999999893e+03,0.000000000000000000e+00
1.414639599999999973e+03,0.000000000000000000e+00
1.414642100000000028e+03,0.000000000000000000e+00
1.414644500000000107e+03,0.000000000000000000e+00
1.414646999999999935e+03,0.000000000000000000e+00
1.414649400000000014e+03,0.000000000000000000e+00
1.414651900000000069e+03,0.000000000000000000e+00
1.414654299999999921e+03,0.000000000000000000e+00
1.414656700000000001e+03,0.000000000000000000e+00
1.414659200000000055e+03,0.000000000000000000e+00
1.414661599999999908e+03,0.000000000000000000e+00
1.414664099999999962e+03,0.000000000000000000e+00
1.414666500000000042e+03,0.000000000000000000e+00
1.414668899999999894e+03,0.000000000000000000e+00
1.414671399999999949e+03,0.000000000000000000e+00
1.414673800000000028e+03,0.000000000000000000e+00
1.414676300000000083e+03,0.000000000000000000e+00
1.414678699999999935e+03,0.000000000000000000e+00
1.414681199999999990e+03,0.000000000000000000e+00
1.414683600000000069e+03,0.000000000000000000e+00
1.414685999999999922e+03,0.000000000000000000e+00
1.414688499999999976e+03,0.000000000000000000e+00
1.414690900000000056e+03,0.000000000000000000e+00
1.414693400000000111e+03,0.000000000000000000e+00
1.414695799999999963e+03,0.000000000000000000e+00
1.414698200000000043e+03,0.000000000000000000e+00
1.414700700000000097e+03,0.000000000000000000e+00
1.414703099999999949e+03,0.000000000000000000e+00
1.414705600000000004e+03,0.000000000000000000e+00
1.414708000000000084e+03,0.000000000000000000e+00
1.414710399999999936e+03,0.000000000000000000e+00
1.414712899999999991e+03,0.000000000000000000e+00
1.414715300000000070e+03,0.000000000000000000e+00
1.414717799999999897e+03,0.000000000000000000e+00
1.414720199999999977e+03,0.000000000000000000e+00
1.414722700000000032e+03,0.000000000000000000e+00
1.414725100000000111e+03,0.000000000000000000e+00
1.414727499999999964e+03,0.000000000000000000e+00
1.414730000000000018e+03,0.000000000000000000e+00
1.414732400000000098e+03,0.000000000000000000e+00
1.414734899999999925e+03,0.000000000000000000e+00
1.414737300000000005e+03,0.000000000000000000e+00
1.414739700000000084e+03,0.000000000000000000e+00
1.414742199999999912e+03,0.000000000000000000e+00
1.414744599999999991e+03,0.000000000000000000e+00
1.414747100000000046e+03,0.000000000000000000e+00
1.414749499999999898e+03,0.000000000000000000e+00
1.414751999999999953e+03,0.000000000000000000e+00
1.414754400000000032e+03,0.000000000000000000e+00
1.414756800000000112e+03,0.000000000000000000e+00
1.414759299999999939e+03,0.000000000000000000e+00
1.414761700000000019e+03,0.000000000000000000e+00
1.414764200000000073e+03,0.000000000000000000e+00
1.414766599999999926e+03,0.000000000000000000e+00
1.414769000000000005e+03,0.000000000000000000e+00
1.414771500000000060e+03,0.000000000000000000e+00
1.414773899999999912e+03,0.000000000000000000e+00
1.414776399999999967e+03,0.000000000000000000e+00
1.414778800000000047e+03,0.000000000000000000e+00
1.414781199999999899e+03,0.000000000000000000e+00
1.414783699999999953e+03,0.000000000000000000e+00
1.414786100000000033e+03,0.000000000000000000e+00
1.414788600000000088e+03,0.000000000000000000e+00
1.414790999999999940e+03,0.000000000000000000e+00
1.414793499999999995e+03,0.000000000000000000e+00
1.414795900000000074e+03,0.000000000000000000e+00
1.414798299999999927e+03,0.000000000000000000e+00
1.414800799999999981e+03,0.000000000000000000e+00
1.414803200000000061e+03,0.000000000000000000e+00
1.414805699999999888e+03,0.000000000000000000e+00
1.414808099999999968e+03,0.000000000000000000e+00
1.414810500000000047e+03,0.000000000000000000e+00
1.414813000000000102e+03,0.000000000000000000e+00
1.414815399999999954e+03,0.000000000000000000e+00
1.414817900000000009e+03,0.000000000000000000e+00
1.414820300000000088e+03,0.000000000000000000e+00
1.414822799999999916e+03,0.000000000000000000e+00
1.414825199999999995e+03,0.000000000000000000e+00
1.414827600000000075e+03,0.000000000000000000e+00
1.414830099999999902e+03,0.000000000000000000e+00
1.414832499999999982e+03,0.000000000000000000e+00
1.414835000000000036e+03,0.000000000000000000e+00
1.414837399999999889e+03,0.000000000000000000e+00
1.414839799999999968e+03,0.000000000000000000e+00
1.414842300000000023e+03,0.000000000000000000e+00
1.414844700000000103e+03,0.000000000000000000e+00
1.414847199999999930e+03,0.000000000000000000e+00
1.414849600000000009e+03,0.000000000000000000e+00
1.414852100000000064e+03,0.000000000000000000e+00
1.414854499999999916e+03,0.000000000000000000e+00
1.414856899999999996e+03,0.000000000000000000e+00
1.414859400000000051e+03,0.000000000000000000e+00
1.414861799999999903e+03,0.000000000000000000e+00
1.414864299999999957e+03,0.000000000000000000e+00
1.414866700000000037e+03,0.000000000000000000e+00
1.414869099999999889e+03,0.000000000000000000e+00
1.414871599999999944e+03,0.000000000000000000e+00
1.414874000000000024e+03,0.000000000000000000e+00
1.414876500000000078e+03,0.000000000000000000e+00
1.414878899999999931e+03,0.000000000000000000e+00
1.414881300000000010e+03,0.000000000000000000e+00
1.414883800000000065e+03,0.000000000000000000e+00
1.414886199999999917e+03,0.000000000000000000e+00
1.414888699999999972e+03,0.000000000000000000e+00
1.414891100000000051e+03,0.000000000000000000e+00
1.414893600000000106e+03,0.000000000000000000e+00
1.414895999999999958e+03,0.000000000000000000e+00
1.414898400000000038e+03,0.000000000000000000e+00
1.414900900000000092e+03,0.000000000000000000e+00
1.414903299999999945e+03,0.000000000000000000e+00
1.414905799999999999e+03,0.000000000000000000e+00
1.414908200000000079e+03,0.000000000000000000e+00
1.414910599999999931e+03,0.000000000000000000e+00
1.414913099999999986e+03,0.000000000000000000e+00
1.414915500000000065e+03,0.000000000000000000e+00
1.414917999999999893e+03,0.000000000000000000e+00
1.414920399999999972e+03,0.000000000000000000e+00
1.414922900000000027e+03,0.000000000000000000e+00
1.414925300000000107e+03,0.000000000000000000e+00
1.414927699999999959e+03,0.000000000000000000e+00
1.414930200000000013e+03,0.000000000000000000e+00
1.414932600000000093e+03,0.000000000000000000e+00
1.414935099999999920e+03,0.000000000000000000e+00
1.414937500000000000e+03,0.000000000000000000e+00
1.414939900000000080e+03,0.000000000000000000e+00
1.414942399999999907e+03,0.000000000000000000e+00
1.414944799999999987e+03,0.000000000000000000e+00
1.414947300000000041e+03,0.000000000000000000e+00
1.414949699999999893e+03,0.000000000000000000e+00
1.414952099999999973e+03,0.000000000000000000e+00
1.414954600000000028e+03,0.000000000000000000e+00
1.414957000000000107e+03,0.000000000000000000e+00
1.414959499999999935e+03,0.000000000000000000e+00
1.414961900000000014e+03,0.000000000000000000e+00
1.414964400000000069e+03,0.000000000000000000e+00
1.414966799999999921e+03,0.000000000000000000e+00
1.414969200000000001e+03,0.000000000000000000e+00
1.414971700000000055e+03,0.000000000000000000e+00
1.414974099999999908e+03,0.000000000000000000e+00
1.414976599999999962e+03,0.000000000000000000e+00
1.414979000000000042e+03,0.000000000000000000e+00
1.414981399999999894e+03,0.000000000000000000e+00
1.414983899999999949e+03,0.000000000000000000e+00
1.414986300000000028e+03,0.000000000000000000e+00
1.414988800000000083e+03,0.000000000000000000e+00
1.414991199999999935e+03,0.000000000000000000e+00
1.414993699999999990e+03,0.000000000000000000e+00
1.414996100000000069e+03,0.000000000000000000e+00
1.414998499999999922e+03,0.000000000000000000e+00
1.415000999999999976e+03,1.486079999999999934e+01
1.415003400000000056e+03,1.455390000000000050e+01
1.415005900000000111e+03,1.398610000000000042e+01
1.415008299999999963e+03,1.346199999999999974e+01
1.415010700000000043e+03,1.312199999999999989e+01
1.415013200000000097e+03,1.293040000000000056e+01
1.415015599999999949e+03,1.281509999999999927e+01
1.415018100000000004e+03,1.274949999999999939e+01
1.415020500000000084e+03,1.273569999999999958e+01
1.415022899999999936e+03,1.277009999999999934e+01
1.415025399999999991e+03,1.283239999999999981e+01
1.415027800000000070e+03,1.288519999999999932e+01
1.415030299999999897e+03,1.288410000000000011e+01
1.415032699999999977e+03,1.281259999999999977e+01
1.415035200000000032e+03,1.271250000000000036e+01
1.415037600000000111e+03,1.265189999999999948e+01
1.415039999999999964e+03,1.265499999999999936e+01
1.415042500000000018e+03,1.268800000000000061e+01
1.415044900000000098e+03,1.272220000000000084e+01
1.415047399999999925e+03,1.277430000000000021e+01
1.415049800000000005e+03,1.286020000000000074e+01
1.415052200000000084e+03,1.293759999999999977e+01
1.415054699999999912e+03,1.293319999999999936e+01
1.415057099999999991e+03,1.282339999999999947e+01
1.415059600000000046e+03,1.266220000000000034e+01
1.415061999999999898e+03,1.252350000000000030e+01
1.415064499999999953e+03,1.243730000000000047e+01
1.415066900000000032e+03,1.239100000000000001e+01
1.415069300000000112e+03,1.237250000000000050e+01
1.415071799999999939e+03,1.238449999999999918e+01
1.415074200000000019e+03,1.241760000000000019e+01
1.415076700000000073e+03,1.243750000000000000e+01
1.415079099999999926e+03,1.241890000000000072e+01
1.415081500000000005e+03,1.238030000000000008e+01
1.415084000000000060e+03,1.236250000000000071e+01
1.415086399999999912e+03,1.237809999999999988e+01
1.415088899999999967e+03,1.240220000000000056e+01
1.415091300000000047e+03,1.241009999999999991e+01
1.415093800000000101e+03,1.240789999999999971e+01
1.415096199999999953e+03,1.242220000000000013e+01
1.415098600000000033e+03,1.246790000000000020e+01
1.415101100000000088e+03,1.252590000000000003e+01
1.415103499999999940e+03,1.255760000000000076e+01
1.415105999999999995e+03,1.254410000000000025e+01
1.415108400000000074e+03,1.250539999999999985e+01
1.415110799999999927e+03,1.247499999999999964e+01
1.415113299999999981e+03,1.246390000000000065e+01
1.415115700000000061e+03,1.245519999999999960e+01
1.415118199999999888e+03,1.243520000000000003e+01
1.415120599999999968e+03,1.242249999999999943e+01
1.415123000000000047e+03,1.245449999999999946e+01
1.415125500000000102e+03,1.253669999999999973e+01
1.415127899999999954e+03,1.262069999999999936e+01
1.415130400000000009e+03,1.264879999999999960e+01
1.415132800000000088e+03,1.261839999999999939e+01
1.415135299999999916e+03,1.258639999999999937e+01
1.415137699999999995e+03,1.260280000000000022e+01
1.415140100000000075e+03,1.265000000000000036e+01
1.415142599999999902e+03,1.265869999999999962e+01
1.415144999999999982e+03,1.258169999999999966e+01
1.415147500000000036e+03,1.243769999999999953e+01
1.415149899999999889e+03,1.229110000000000014e+01
1.415152299999999968e+03,1.220359999999999978e+01
1.415154800000000023e+03,1.219899999999999984e+01
1.415157200000000103e+03,1.225070000000000014e+01
1.415159699999999930e+03,1.230209999999999937e+01
1.415162100000000009e+03,1.230910000000000082e+01
1.415164600000000064e+03,1.226629999999999932e+01
1.415166999999999916e+03,1.219730000000000025e+01
1.415169399999999996e+03,1.213410000000000011e+01
1.415171900000000051e+03,1.210919999999999952e+01
1.415174299999999903e+03,1.215039999999999942e+01
1.415176799999999957e+03,1.225530000000000008e+01
1.415179200000000037e+03,1.238039999999999985e+01
1.415181599999999889e+03,1.247819999999999929e+01
1.415184099999999944e+03,1.254420000000000002e+01
1.415186500000000024e+03,1.260880000000000045e+01
1.415189000000000078e+03,1.268800000000000061e+01
1.415191399999999931e+03,1.275660000000000061e+01
1.415193800000000010e+03,1.277880000000000038e+01
1.415196300000000065e+03,1.275319999999999965e+01
1.415198699999999917e+03,1.271310000000000073e+01
1.415201199999999972e+03,1.268340000000000067e+01
1.415203600000000051e+03,1.265220000000000056e+01
1.415206100000000106e+03,1.259270000000000067e+01
1.415208499999999958e+03,1.250339999999999918e+01
1.415210900000000038e+03,1.241649999999999920e+01
1.415213400000000092e+03,1.236689999999999934e+01
1.415215799999999945e+03,1.235730000000000040e+01
1.415218299999999999e+03,1.235699999999999932e+01
1.415220700000000079e+03,1.232719999999999949e+01
1.415223099999999931e+03,1.224949999999999939e+01
1.415225599999999986e+03,1.214310000000000045e+01
1.415228000000000065e+03,1.205920000000000059e+01
1.415230499999999893e+03,1.204439999999999955e+01
1.415232899999999972e+03,1.209989999999999988e+01
1.415235400000000027e+03,1.218399999999999928e+01
1.415237800000000107e+03,1.225229999999999997e+01
1.415240199999999959e+03,1.228480000000000061e+01
1.415242700000000013e+03,1.228120000000000012e+01
1.415245100000000093e+03,1.225820000000000043e+01
1.415247599999999920e+03,1.224840000000000018e+01
1.415250000000000000e+03,1.227970000000000006e+01
1.415252400000000080e+03,1.235019999999999918e+01
1.415254899999999907e+03,1.243249999999999922e+01
1.415257299999999987e+03,1.249660000000000082e+01
1.415259800000000041e+03,1.252270000000000039e+01
1.415262199999999893e+03,1.249670000000000059e+01
1.415264599999999973e+03,1.241269999999999918e+01
1.415267100000000028e+03,1.229010000000000069e+01
1.415269500000000107e+03,1.217759999999999998e+01
1.415271999999999935e+03,1.211940000000000062e+01
1.415274400000000014e+03,1.212020000000000053e+01
1.415276900000000069e+03,1.215820000000000078e+01
1.415279299999999921e+03,1.222320000000000029e+01
1.415281700000000001e+03,1.232060000000000066e+01
1.415284200000000055e+03,1.243449999999999989e+01
1.415286599999999908e+03,1.250689999999999991e+01
1.415289099999999962e+03,1.247530000000000072e+01
1.415291500000000042e+03,1.233469999999999978e+01
1.415293899999999894e+03,1.215090000000000003e+01
1.415296399999999949e+03,1.200869999999999926e+01
1.415298800000000028e+03,1.195240000000000080e+01
1.415301300000000083e+03,1.197289999999999921e+01
1.415303699999999935e+03,1.203459999999999930e+01
1.415306199999999990e+03,1.210399999999999920e+01
1.415308600000000069e+03,1.216099999999999959e+01
1.415310999999999922e+03,1.219909999999999961e+01
1.415313499999999976e+03,1.222020000000000017e+01
1.415315900000000056e+03,1.222070000000000078e+01
1.415318400000000111e+03,1.218309999999999960e+01
1.415320799999999963e+03,1.209259999999999913e+01
1.415323200000000043e+03,1.196700000000000053e+01
1.415325700000000097e+03,1.186059999999999981e+01
1.415328099999999949e+03,1.183430000000000071e+01
1.415330600000000004e+03,1.191610000000000014e+01
1.415333000000000084e+03,1.207869999999999955e+01
1.415335399999999936e+03,1.224990000000000023e+01
1.415337899999999991e+03,1.235110000000000063e+01
1.415340300000000070e+03,1.233549999999999969e+01
1.415342799999999897e+03,1.220809999999999995e+01
1.415345199999999977e+03,1.202059999999999995e+01
1.415347700000000032e+03,1.183970000000000056e+01
1.415350100000000111e+03,1.170899999999999963e+01
1.415352499999999964e+03,1.163649999999999984e+01
1.415355000000000018e+03,1.160940000000000083e+01
1.415357400000000098e+03,1.161759999999999948e+01
1.415359899999999925e+03,1.166699999999999982e+01
1.415362300000000005e+03,1.176260000000000083e+01
1.415364700000000084e+03,1.187509999999999977e+01
1.415367199999999912e+03,1.194720000000000049e+01
1.415369599999999991e+03,1.194630000000000081e+01
1.415372100000000046e+03,1.189869999999999983e+01
1.415374499999999898e+03,1.186589999999999989e+01
1.415376999999999953e+03,1.190440000000000076e+01
1.415379400000000032e+03,1.204509999999999970e+01
1.415381800000000112e+03,1.227720000000000056e+01
1.415384299999999939e+03,1.253810000000000002e+01
1.415386700000000019e+03,1.273840000000000039e+01
1.415389200000000073e+03,1.281659999999999933e+01
1.415391599999999926e+03,1.277609999999999957e+01
1.415394000000000005e+03,1.267880000000000074e+01
1.415396500000000060e+03,1.259900000000000020e+01
1.415398899999999912e+03,1.256460000000000043e+01
1.415401399999999967e+03,1.253630000000000067e+01
1.415403800000000047e+03,1.244829999999999970e+01
1.415406199999999899e+03,1.227270000000000039e+01
1.415408699999999953e+03,1.204759999999999920e+01
1.415411100000000033e+03,1.184800000000000075e+01
1.415413600000000088e+03,1.173429999999999929e+01
1.415415999999999940e+03,1.172070000000000078e+01
1.415418499999999995e+03,1.178800000000000026e+01
1.415420900000000074e+03,1.191649999999999920e+01
1.415423299999999927e+03,1.209249999999999936e+01
1.415425799999999981e+03,1.229059999999999953e+01
1.415428200000000061e+03,1.246289999999999942e+01
1.415430699999999888e+03,1.255219999999999914e+01
1.415433099999999968e+03,1.252330000000000076e+01
1.415435500000000047e+03,1.239250000000000007e+01
1.415438000000000102e+03,1.222669999999999924e+01
1.415440399999999954e+03,1.209740000000000038e+01
1.415442900000000009e+03,1.203139999999999965e+01
1.415445300000000088e+03,1.201060000000000016e+01
1.415447799999999916e+03,1.200890000000000057e+01
1.415450199999999995e+03,1.201640000000000086e+01
1.415452600000000075e+03,1.203289999999999971e+01
1.415455099999999902e+03,1.205049999999999955e+01
1.415457499999999982e+03,1.205199999999999960e+01
1.415460000000000036e+03,1.202759999999999962e+01
1.415462399999999889e+03,1.198569999999999958e+01
1.415464799999999968e+03,1.194219999999999970e+01
1.415467300000000023e+03,1.190279999999999916e+01
1.415469700000000103e+03,1.186059999999999981e+01
1.415472199999999930e+03,1.181729999999999947e+01
1.415474600000000009e+03,1.180330000000000013e+01
1.415477100000000064e+03,1.186400000000000077e+01
1.415479499999999916e+03,1.201679999999999993e+01
1.415481899999999996e+03,1.223109999999999964e+01
1.415484400000000051e+03,1.244969999999999999e+01
1.415486799999999903e+03,1.262720000000000020e+01
1.415489299999999957e+03,1.274719999999999942e+01
1.415491700000000037e+03,1.281199999999999939e+01
1.415494099999999889e+03,1.281610000000000049e+01
1.415496599999999944e+03,1.273419999999999952e+01
1.415499000000000024e+03,1.255010000000000048e+01
1.415501500000000078e+03,1.229889999999999972e+01
1.415503899999999931e+03,1.206290000000000084e+01
1.415506300000000010e+03,1.190910000000000046e+01
1.415508800000000065e+03,1.182900000000000063e+01
1.415511199999999917e+03,1.175300000000000011e+01
1.415513699999999972e+03,1.163279999999999959e+01
1.415516100000000051e+03,1.149440000000000062e+01
1.415518600000000106e+03,1.140429999999999922e+01
1.415520999999999958e+03,1.140569999999999951e+01
1.415523400000000038e+03,1.149890000000000079e+01
1.415525900000000092e+03,1.165680000000000049e+01
1.415528299999999945e+03,1.183309999999999995e+01
1.415530799999999999e+03,1.196170000000000044e+01
1.415533200000000079e+03,1.198060000000000080e+01
1.415535599999999931e+03,1.187359999999999971e+01
1.415538099999999986e+03,1.168599999999999994e+01
1.415540500000000065e+03,1.149399999999999977e+01
1.415542999999999893e+03,1.136260000000000048e+01
1.415545399999999972e+03,1.133029999999999937e+01
1.415547900000000027e+03,1.141119999999999912e+01
1.415550300000000107e+03,1.158709999999999951e+01
1.415552699999999959e+03,1.179550000000000054e+01
1.415555200000000013e+03,1.194130000000000003e+01
1.415557600000000093e+03,1.194589999999999996e+01
1.415560099999999920e+03,1.181000000000000050e+01
1.415562500000000000e+03,1.162780000000000058e+01
1.415564900000000080e+03,1.151900000000000013e+01
1.415567399999999907e+03,1.153149999999999942e+01
1.415569799999999987e+03,1.161560000000000059e+01
1.415572300000000041e+03,1.169120000000000026e+01
1.415574699999999893e+03,1.172669999999999924e+01
1.415577099999999973e+03,1.176909999999999989e+01
1.415579600000000028e+03,1.192089999999999961e+01
1.415582000000000107e+03,1.228960000000000008e+01
1.415584499999999935e+03,1.291970000000000063e+01
1.415586900000000014e+03,1.372700000000000031e+01
1.415589400000000069e+03,1.447760000000000069e+01
1.415591799999999921e+03,1.488279999999999959e+01
1.415594200000000001e+03,1.478940000000000055e+01
1.415596700000000055e+03,1.429649999999999999e+01
1.415599099999999908e+03,1.366460000000000008e+01
1.415601599999999962e+03,1.311919999999999931e+01
1.415604000000000042e+03,1.274399999999999977e+01
1.415606399999999894e+03,1.251370000000000005e+01
1.415608899999999949e+03,1.237110000000000021e+01
1.415611300000000028e+03,1.226529999999999987e+01
1.415613800000000083e+03,1.216430000000000078e+01
1.415616199999999935e+03,1.207280000000000086e+01
1.415618699999999990e+03,1.203120000000000012e+01
1.415621100000000069e+03,1.206990000000000052e+01
1.415623499999999922e+03,1.216419999999999924e+01
1.415625999999999976e+03,1.225210000000000043e+01
1.415628400000000056e+03,1.228769999999999918e+01
1.415630900000000111e+03,1.225500000000000078e+01
1.415633299999999963e+03,1.214259999999999984e+01
1.415635700000000043e+03,1.194209999999999994e+01
1.415638200000000097e+03,1.167980000000000018e+01
1.415640599999999949e+03,1.143510000000000026e+01
1.415643100000000004e+03,1.130819999999999936e+01
1.415645500000000084e+03,1.135330000000000084e+01
1.415647899999999936e+03,1.152730000000000032e+01
1.415650399999999991e+03,1.170720000000000027e+01
1.415652800000000070e+03,1.177650000000000041e+01
1.415655299999999897e+03,1.171909999999999918e+01
1.415657699999999977e+03,1.163199999999999967e+01
1.415660200000000032e+03,1.163199999999999967e+01
1.415662600000000111e+03,1.173949999999999960e+01
1.415664999999999964e+03,1.186090000000000089e+01
1.415667500000000018e+03,1.188499999999999979e+01
1.415669900000000098e+03,1.178289999999999971e+01
1.415672399999999925e+03,1.160950000000000060e+01
1.415674800000000005e+03,1.143399999999999928e+01
1.415677200000000084e+03,1.129920000000000080e+01
1.415679699999999912e+03,1.123939999999999984e+01
1.415682099999999991e+03,1.129449999999999932e+01
1.415684600000000046e+03,1.147630000000000017e+01
1.415686999999999898e+03,1.173680000000000057e+01
1.415689499999999953e+03,1.198840000000000039e+01
1.415691900000000032e+03,1.216140000000000043e+01
1.415694300000000112e+03,1.224029999999999951e+01
1.415696799999999939e+03,1.225029999999999930e+01
1.415699200000000019e+03,1.222080000000000055e+01
1.415701700000000073e+03,1.217389999999999972e+01
1.415704099999999926e+03,1.213840000000000074e+01
1.415706500000000005e+03,1.214840000000000053e+01
1.415709000000000060e+03,1.221460000000000079e+01
1.415711399999999912e+03,1.231010000000000026e+01
1.415713899999999967e+03,1.239269999999999960e+01
1.415716300000000047e+03,1.243829999999999991e+01
1.415718800000000101e+03,1.244860000000000078e+01
1.415721199999999953e+03,1.243360000000000021e+01
1.415723600000000033e+03,1.239939999999999998e+01
1.415726100000000088e+03,1.235570000000000057e+01
1.415728499999999940e+03,1.232360000000000078e+01
1.415730999999999995e+03,1.232540000000000013e+01
1.415733400000000074e+03,1.236720000000000041e+01
1.415735799999999927e+03,1.243069999999999986e+01
1.415738299999999981e+03,1.247610000000000063e+01
1.415740700000000061e+03,1.246519999999999939e+01
1.415743199999999888e+03,1.239729999999999954e+01
1.415745599999999968e+03,1.231630000000000003e+01
1.415748000000000047e+03,1.227420000000000044e+01
1.415750500000000102e+03,1.229679999999999929e+01
1.415752899999999954e+03,1.238059999999999938e+01
1.415755400000000009e+03,1.249080000000000013e+01
1.415757800000000088e+03,1.256390000000000029e+01
1.415760299999999916e+03,1.255020000000000024e+01
1.415762699999999995e+03,1.246659999999999968e+01
1.415765100000000075e+03,1.238920000000000066e+01
1.415767599999999902e+03,1.238359999999999950e+01
1.415769999999999982e+03,1.244510000000000005e+01
1.415772500000000036e+03,1.250479999999999947e+01
1.415774899999999889e+03,1.250220000000000020e+01
1.415777299999999968e+03,1.245390000000000086e+01
1.415779800000000023e+03,1.243849999999999945e+01
1.415782200000000103e+03,1.252389999999999937e+01
1.415784699999999930e+03,1.273520000000000074e+01
1.415787100000000009e+03,1.307380000000000031e+01
1.415789600000000064e+03,1.351900000000000013e+01
1.415791999999999916e+03,1.400520000000000032e+01
1.415794399999999996e+03,1.442680000000000007e+01
1.415796900000000051e+03,1.467759999999999998e+01
1.415799299999999903e+03,1.469030000000000058e+01
1.415801799999999957e+03,1.446100000000000030e+01
1.415804200000000037e+03,1.405230000000000068e+01
1.415806599999999889e+03,1.355899999999999928e+01
1.415809099999999944e+03,1.306470000000000020e+01
1.415811500000000024e+03,1.262710000000000043e+01
1.415814000000000078e+03,1.228289999999999971e+01
1.415816399999999931e+03,1.204090000000000060e+01
1.415818800000000010e+03,1.188240000000000052e+01
1.415821300000000065e+03,1.178899999999999970e+01
1.415823699999999917e+03,1.176149999999999984e+01
1.415826199999999972e+03,1.179930000000000057e+01
1.415828600000000051e+03,1.187420000000000009e+01
1.415831100000000106e+03,1.194449999999999967e+01
1.415833499999999958e+03,1.198840000000000039e+01
1.415835900000000038e+03,1.201060000000000016e+01
1.415838400000000092e+03,1.201849999999999952e+01
1.415840799999999945e+03,1.200539999999999985e+01
1.415843299999999999e+03,1.195390000000000086e+01
1.415845700000000079e+03,1.185019999999999918e+01
1.415848099999999931e+03,1.170379999999999932e+01
1.415850599999999986e+03,1.155809999999999960e+01
1.415853000000000065e+03,1.146860000000000035e+01
1.415855499999999893e+03,1.146429999999999971e+01
1.415857899999999972e+03,1.153769999999999918e+01
1.415860400000000027e+03,1.166370000000000040e+01
1.415862800000000107e+03,1.180760000000000076e+01
1.415865199999999959e+03,1.192019999999999946e+01
1.415867700000000013e+03,1.195730000000000004e+01
1.415870100000000093e+03,1.191489999999999938e+01
1.415872599999999920e+03,1.183709999999999951e+01
1.415875000000000000e+03,1.178129999999999988e+01
1.415877400000000080e+03,1.177899999999999991e+01
1.415879899999999907e+03,1.183239999999999981e+01
1.415882299999999987e+03,1.193790000000000084e+01
1.415884800000000041e+03,1.209839999999999982e+01
1.415887199999999893e+03,1.232130000000000081e+01
1.415889599999999973e+03,1.262790000000000035e+01
1.415892100000000028e+03,1.306639999999999979e+01
1.415894500000000107e+03,1.366849999999999987e+01
1.415896999999999935e+03,1.435280000000000022e+01
1.415899400000000014e+03,1.488509999999999955e+01
1.415901900000000069e+03,1.499949999999999939e+01
1.415904299999999921e+03,1.460139999999999993e+01
1.415906700000000001e+03,1.384730000000000061e+01
1.415909200000000055e+03,1.302979999999999983e+01
1.415911599999999908e+03,1.239509999999999934e+01
1.415914099999999962e+03,1.204390000000000072e+01
1.415916500000000042e+03,1.194139999999999979e+01
1.415918899999999894e+03,1.198559999999999981e+01
1.415921399999999949e+03,1.207080000000000020e+01
1.415923800000000028e+03,1.211759999999999948e+01
1.415926300000000083e+03,1.208590000000000053e+01
1.415928699999999935e+03,1.198479999999999990e+01
1.415931199999999990e+03,1.186430000000000007e+01
1.415933600000000069e+03,1.177880000000000038e+01
1.415935999999999922e+03,1.174869999999999948e+01
1.415938499999999976e+03,1.175670000000000037e+01
1.415940900000000056e+03,1.177459999999999951e+01
1.415943400000000111e+03,1.179069999999999929e+01
1.415945799999999963e+03,1.180380000000000074e+01
1.415948200000000043e+03,1.179979999999999940e+01
1.415950700000000097e+03,1.174900000000000055e+01
1.415953099999999949e+03,1.163490000000000002e+01
1.415955600000000004e+03,1.147700000000000031e+01
1.415958000000000084e+03,1.131300000000000061e+01
1.415960399999999936e+03,1.116169999999999973e+01
1.415962899999999991e+03,1.101539999999999964e+01
1.415965300000000070e+03,1.087129999999999974e+01
1.415967799999999897e+03,1.076859999999999928e+01
1.415970199999999977e+03,1.080219999999999914e+01
1.415972700000000032e+03,1.111459999999999937e+01
1.415975100000000111e+03,1.183389999999999986e+01
1.415977499999999964e+03,1.290329999999999977e+01
1.415980000000000018e+03,1.392950000000000088e+01
1.415982400000000098e+03,1.435340000000000060e+01
1.415984899999999925e+03,1.394909999999999961e+01
1.415987300000000005e+03,1.311340000000000039e+01
1.415989700000000084e+03,1.257890000000000086e+01
1.415992199999999912e+03,1.287229999999999919e+01
1.415994599999999991e+03,1.397990000000000066e+01
1.415997100000000046e+03,1.533469999999999978e+01
1.415999499999999898e+03,1.614399999999999835e+01
1.416001999999999953e+03,1.595950000000000024e+01
1.416004400000000032e+03,1.499559999999999960e+01
1.416006800000000112e+03,1.384469999999999956e+01
1.416009299999999939e+03,1.296199999999999974e+01
1.416011700000000019e+03,1.246589999999999954e+01
1.416014200000000073e+03,1.227250000000000085e+01
1.416016599999999926e+03,1.226720000000000077e+01
1.416019000000000005e+03,1.236250000000000071e+01
1.416021500000000060e+03,1.248509999999999920e+01
1.416023899999999912e+03,1.257980000000000054e+01
1.416026399999999967e+03,1.263809999999999967e+01
1.416028800000000047e+03,1.269929999999999914e+01
1.416031199999999899e+03,1.280119999999999969e+01
1.416033699999999953e+03,1.293709999999999916e+01
1.416036100000000033e+03,1.306109999999999971e+01
1.416038600000000088e+03,1.312959999999999994e+01
1.416040999999999940e+03,1.314310000000000045e+01
1.416043499999999995e+03,1.315119999999999933e+01
1.416045900000000074e+03,1.321069999999999922e+01
1.416048299999999927e+03,1.334089999999999954e+01
1.416050799999999981e+03,1.352880000000000038e+01
1.416053200000000061e+03,1.375970000000000049e+01
1.416055699999999888e+03,1.402169999999999916e+01
1.416058099999999968e+03,1.428420000000000023e+01
1.416060500000000047e+03,1.449489999999999945e+01
1.416063000000000102e+03,1.461069999999999958e+01
1.416065399999999954e+03,1.463299999999999912e+01
1.416067900000000009e+03,1.460859999999999914e+01
1.416070300000000088e+03,1.459450000000000003e+01
1.416072799999999916e+03,1.462170000000000059e+01
1.416075199999999995e+03,1.469120000000000026e+01
1.416077600000000075e+03,1.479609999999999914e+01
1.416080099999999902e+03,1.494500000000000028e+01
1.416082499999999982e+03,1.515850000000000009e+01
1.416085000000000036e+03,1.544749999999999979e+01
1.416087399999999889e+03,1.579879999999999995e+01
1.416089799999999968e+03,1.618039999999999878e+01
1.416092300000000023e+03,1.654769999999999897e+01
1.416094700000000103e+03,1.685979999999999990e+01
1.416097199999999930e+03,1.711459999999999937e+01
1.416099600000000009e+03,1.736659999999999826e+01
1.416102100000000064e+03,1.769350000000000023e+01
1.416104499999999916e+03,1.817070000000000007e+01
1.416106899999999996e+03,1.891710000000000136e+01
1.416109400000000051e+03,2.015159999999999840e+01
1.416111799999999903e+03,2.215469999999999828e+01
1.416114299999999957e+03,2.510429999999999851e+01
1.416116700000000037e+03,2.880099999999999838e+01
1.416119099999999889e+03,3.241159999999999997e+01
1.416121599999999944e+03,3.462380000000000280e+01
1.416124000000000024e+03,3.443739999999999668e+01
1.416126500000000078e+03,3.197579999999999956e+01
1.416128899999999931e+03,2.839649999999999963e+01
1.416131300000000010e+03,2.498079999999999856e+01
1.416133800000000065e+03,2.238950000000000173e+01
1.416136199999999917e+03,2.064270000000000138e+01
1.416138699999999972e+03,1.949699999999999989e+01
1.416141100000000051e+03,1.873789999999999978e+01
1.416143600000000106e+03,1.824239999999999995e+01
1.416145999999999958e+03,1.792530000000000001e+01
1.416148400000000038e+03,1.769750000000000156e+01
1.416150900000000092e+03,1.748329999999999984e+01
1.416153299999999945e+03,1.725499999999999901e+01
1.416155799999999999e+03,1.703760000000000119e+01
1.416158200000000079e+03,1.688179999999999836e+01
1.416160599999999931e+03,1.681850000000000023e+01
1.416163099999999986e+03,1.682219999999999871e+01
1.416165500000000065e+03,1.682049999999999912e+01
1.416167999999999893e+03,1.674780000000000157e+01
1.416170399999999972e+03,1.658770000000000167e+01
1.416172900000000027e+03,1.636799999999999855e+01
1.416175300000000107e+03,1.612559999999999860e+01
1.416177699999999959e+03,1.588299999999999912e+01
1.416180200000000013e+03,1.565540000000000020e+01
1.416182600000000093e+03,1.546870000000000012e+01
1.416185099999999920e+03,1.535360000000000014e+01
1.416187500000000000e+03,1.532109999999999950e+01
1.416189900000000080e+03,1.535280000000000022e+01
1.416192399999999907e+03,1.541580000000000084e+01
1.416194799999999987e+03,1.547519999999999918e+01
1.416197300000000041e+03,1.549479999999999968e+01
1.416199699999999893e+03,1.545010000000000083e+01
1.416202099999999973e+03,1.536170000000000080e+01
1.416204600000000028e+03,1.529279999999999973e+01
1.416207000000000107e+03,1.529110000000000014e+01
1.416209499999999935e+03,1.533590000000000053e+01
1.416211900000000014e+03,1.536180000000000057e+01
1.416214400000000069e+03,1.532699999999999996e+01
1.416216799999999921e+03,1.524830000000000041e+01
1.416219200000000001e+03,1.517309999999999981e+01
1.416221700000000055e+03,1.513119999999999976e+01
1.416224099999999908e+03,1.510999999999999943e+01
1.416226599999999962e+03,1.506020000000000003e+01
1.416229000000000042e+03,1.492670000000000030e+01
1.416231399999999894e+03,1.469229999999999947e+01
1.416233899999999949e+03,1.440130000000000088e+01
1.416236300000000028e+03,1.413150000000000084e+01
1.416238800000000083e+03,1.392980000000000018e+01
1.416241199999999935e+03,1.377459999999999951e+01
1.416243699999999990e+03,1.360430000000000028e+01
1.416246100000000069e+03,1.338359999999999950e+01
1.416248499999999922e+03,1.313940000000000019e+01
1.416250999999999976e+03,1.293469999999999942e+01
1.416253400000000056e+03,1.280959999999999965e+01
1.416255900000000111e+03,1.274920000000000009e+01
1.416258299999999963e+03,1.270369999999999955e+01
1.416260700000000043e+03,1.263429999999999964e+01
1.416263200000000097e+03,1.253739999999999988e+01
1.416265599999999949e+03,1.243709999999999916e+01
1.416268100000000004e+03,1.236950000000000038e+01
1.416270500000000084e+03,1.236899999999999977e+01
1.416272899999999936e+03,1.244599999999999973e+01
1.416275399999999991e+03,1.256760000000000055e+01
1.416277800000000070e+03,1.267489999999999917e+01
1.416280299999999897e+03,1.273039999999999949e+01
1.416282699999999977e+03,1.274540000000000006e+01
1.416285200000000032e+03,1.275890000000000057e+01
1.416287600000000111e+03,1.279579999999999984e+01
1.416289999999999964e+03,1.285079999999999956e+01
1.416292500000000018e+03,1.291159999999999997e+01
1.416294900000000098e+03,1.299130000000000074e+01
1.416297399999999925e+03,1.312659999999999982e+01
1.416299800000000005e+03,1.332530000000000037e+01
1.416302200000000084e+03,1.351750000000000007e+01
1.416304699999999912e+03,1.359089999999999954e+01
1.416307099999999991e+03,1.348840000000000039e+01
1.416309600000000046e+03,1.325849999999999973e+01
1.416311999999999898e+03,1.300699999999999967e+01
1.416314499999999953e+03,1.282199999999999918e+01
1.416316900000000032e+03,1.274029999999999951e+01
1.416319300000000112e+03,1.275079999999999991e+01
1.416321799999999939e+03,1.280770000000000053e+01
1.416324200000000019e+03,1.285619999999999941e+01
1.416326700000000073e+03,1.286209999999999987e+01
1.416329099999999926e+03,1.282269999999999932e+01
1.416331500000000005e+03,1.275109999999999921e+01
1.416334000000000060e+03,1.265700000000000003e+01
1.416336399999999912e+03,1.254759999999999920e+01
1.416338899999999967e+03,1.243950000000000067e+01
1.416341300000000047e+03,1.235629999999999917e+01
1.416343800000000101e+03,1.230630000000000024e+01
1.416346199999999953e+03,1.226929999999999943e+01
1.416348600000000033e+03,1.221649999999999991e+01
1.416351100000000088e+03,1.214380000000000059e+01
1.416353499999999940e+03,1.207760000000000034e+01
1.416355999999999995e+03,1.204229999999999912e+01
1.416358400000000074e+03,1.202369999999999983e+01
1.416360799999999927e+03,1.198269999999999946e+01
1.416363299999999981e+03,1.191050000000000075e+01
1.416365700000000061e+03,1.185180000000000078e+01
1.416368199999999888e+03,1.186320000000000086e+01
1.416370599999999968e+03,1.195090000000000074e+01
1.416373000000000047e+03,1.205719999999999992e+01
1.416375500000000102e+03,1.211129999999999995e+01
1.416377899999999954e+03,1.208830000000000027e+01
1.416380400000000009e+03,1.201759999999999984e+01
1.416382800000000088e+03,1.194510000000000005e+01
1.416385299999999916e+03,1.189879999999999960e+01
1.416387699999999995e+03,1.188260000000000005e+01
1.416390100000000075e+03,1.188829999999999920e+01
1.416392599999999902e+03,1.191239999999999988e+01
1.416394999999999982e+03,1.196720000000000006e+01
1.416397500000000036e+03,1.207729999999999926e+01
1.416399899999999889e+03,1.225740000000000052e+01
1.416402299999999968e+03,1.248390000000000022e+01
1.416404800000000023e+03,1.268609999999999971e+01
1.416407200000000103e+03,1.278180000000000049e+01
1.416409699999999930e+03,1.273370000000000068e+01
1.416412100000000009e+03,1.257210000000000072e+01
1.416414600000000064e+03,1.236589999999999989e+01
1.416416999999999916e+03,1.217820000000000036e+01
1.416419399999999996e+03,1.204310000000000080e+01
1.416421900000000051e+03,1.196230000000000082e+01
1.416424299999999903e+03,1.191830000000000034e+01
1.416426799999999957e+03,1.189419999999999966e+01
1.416429200000000037e+03,1.188449999999999918e+01
1.416431599999999889e+03,1.188940000000000019e+01
1.416434099999999944e+03,1.189959999999999951e+01
1.416436500000000024e+03,1.188879999999999981e+01
1.416439000000000078e+03,1.182000000000000028e+01
1.416441399999999931e+03,1.166799999999999926e+01
1.416443800000000010e+03,1.144740000000000002e+01
1.416446300000000065e+03,1.121579999999999977e+01
1.416448699999999917e+03,1.104180000000000028e+01
1.416451199999999972e+03,1.096759999999999913e+01
1.416453600000000051e+03,1.099619999999999997e+01
1.416456100000000106e+03,1.109639999999999915e+01
1.416458499999999958e+03,1.121700000000000053e+01
1.416460900000000038e+03,1.131259999999999977e+01
1.416463400000000092e+03,1.136689999999999934e+01
1.416465799999999945e+03,1.140060000000000073e+01
1.416468299999999999e+03,1.145560000000000045e+01
1.416470700000000079e+03,1.155719999999999992e+01
1.416473099999999931e+03,1.168079999999999963e+01
1.416475599999999986e+03,1.176200000000000045e+01
1.416478000000000065e+03,1.175619999999999976e+01
1.416480499999999893e+03,1.168810000000000038e+01
1.416482899999999972e+03,1.163710000000000022e+01
1.416485400000000027e+03,1.166779999999999973e+01
1.416487800000000107e+03,1.177979999999999983e+01
1.416490199999999959e+03,1.193260000000000076e+01
1.416492700000000013e+03,1.211589999999999989e+01
1.416495100000000093e+03,1.238170000000000037e+01
1.416497599999999920e+03,1.279170000000000051e+01
1.416500000000000000e+03,1.333329999999999949e+01
1.416502400000000080e+03,1.389780000000000015e+01
1.416504899999999907e+03,1.435079999999999956e+01
1.416507299999999987e+03,1.461059999999999981e+01
1.416509800000000041e+03,1.465140000000000065e+01
1.416512199999999893e+03,1.446770000000000067e+01
1.416514599999999973e+03,1.408530000000000015e+01
1.416517100000000028e+03,1.359190000000000076e+01
1.416519500000000107e+03,1.310800000000000054e+01
1.416521999999999935e+03,1.271819999999999951e+01
1.416524400000000014e+03,1.243660000000000032e+01
1.416526900000000069e+03,1.222860000000000014e+01
1.416529299999999921e+03,1.205579999999999963e+01
1.416531700000000001e+03,1.189980000000000082e+01
1.416534200000000055e+03,1.175389999999999979e+01
1.416536599999999908e+03,1.161449999999999960e+01
1.416539099999999962e+03,1.149319999999999986e+01
1.416541500000000042e+03,1.141409999999999947e+01
1.416543899999999894e+03,1.137839999999999918e+01
1.416546399999999949e+03,1.135229999999999961e+01
1.416548800000000028e+03,1.131339999999999968e+01
1.416551300000000083e+03,1.129449999999999932e+01
1.416553699999999935e+03,1.135989999999999966e+01
1.416556199999999990e+03,1.154010000000000069e+01
1.416558600000000069e+03,1.179149999999999920e+01
1.416560999999999922e+03,1.201829999999999998e+01
1.416563499999999976e+03,1.213560000000000016e+01
1.416565900000000056e+03,1.212650000000000006e+01
1.416568400000000111e+03,1.203950000000000031e+01
1.416570799999999963e+03,1.193629999999999924e+01
1.416573200000000043e+03,1.185079999999999956e+01
1.416575700000000097e+03,1.178710000000000058e+01
1.416578099999999949e+03,1.174070000000000036e+01
1.416580600000000004e+03,1.171930000000000049e+01
1.416583000000000084e+03,1.174510000000000076e+01
1.416585399999999936e+03,1.182830000000000048e+01
1.416587899999999991e+03,1.194009999999999927e+01
1.416590300000000070e+03,1.202260000000000062e+01
1.416592799999999897e+03,1.203359999999999985e+01
1.416595199999999977e+03,1.198390000000000022e+01
1.416597700000000032e+03,1.192910000000000004e+01
1.416600100000000111e+03,1.192319999999999958e+01
1.416602499999999964e+03,1.197940000000000005e+01
1.416605000000000018e+03,1.206990000000000052e+01
1.416607400000000098e+03,1.215210000000000079e+01
1.416609899999999925e+03,1.219389999999999930e+01
1.416612300000000005e+03,1.218420000000000059e+01
1.416614700000000084e+03,1.212079999999999913e+01
1.416617199999999912e+03,1.200150000000000006e+01
1.416619599999999991e+03,1.183600000000000030e+01
1.416622100000000046e+03,1.165879999999999939e+01
1.416624499999999898e+03,1.152120000000000033e+01
1.416626999999999953e+03,1.146889999999999965e+01
1.416629400000000032e+03,1.151609999999999978e+01
1.416631800000000112e+03,1.162379999999999924e+01
1.416634299999999939e+03,1.170899999999999963e+01
1.416636700000000019e+03,1.169829999999999970e+01
1.416639200000000073e+03,1.158440000000000047e+01
1.416641599999999926e+03,1.142530000000000001e+01
1.416644000000000005e+03,1.128739999999999988e+01
1.416646500000000060e+03,1.119170000000000087e+01
1.416648899999999912e+03,1.111359999999999992e+01
1.416651399999999967e+03,1.101859999999999928e+01
1.416653800000000047e+03,1.088909999999999911e+01
1.416656199999999899e+03,1.072639999999999993e+01
1.416658699999999953e+03,1.054340000000000011e+01
1.416661100000000033e+03,1.035430000000000028e+01
1.416663600000000088e+03,1.017350000000000065e+01
1.416665999999999940e+03,1.002239999999999931e+01
1.416668499999999995e+03,9.923899999999999721e+00
1.416670900000000074e+03,9.883200000000000429e+00
1.416673299999999927e+03,9.877299999999999969e+00
1.416675799999999981e+03,9.862600000000000477e+00
1.416678200000000061e+03,9.797700000000000742e+00
1.416680699999999888e+03,9.677500000000000213e+00
1.416683099999999968e+03,9.564099999999999824e+00
1.416685500000000047e+03,9.611800000000000566e+00
1.416688000000000102e+03,1.009779999999999944e+01
1.416690399999999954e+03,1.135970000000000013e+01
1.416692900000000009e+03,1.346480000000000032e+01
1.416695300000000088e+03,1.578420000000000023e+01
1.416697799999999916e+03,1.712330000000000041e+01
1.416700199999999995e+03,1.665129999999999910e+01
1.416702600000000075e+03,1.471809999999999974e+01
1.416705099999999902e+03,1.253420000000000023e+01
1.416707499999999982e+03,1.108960000000000079e+01
1.416710000000000036e+03,1.053069999999999951e+01
1.416712399999999889e+03,1.043120000000000047e+01
1.416714799999999968e+03,1.037880000000000003e+01
1.416717300000000023e+03,1.026120000000000054e+01
1.416719700000000103e+03,1.016810000000000080e+01
1.416722199999999930e+03,1.018280000000000030e+01
1.416724600000000009e+03,1.028669999999999973e+01
1.416727100000000064e+03,1.040620000000000012e+01
1.416729499999999916e+03,1.049409999999999954e+01
1.416731899999999996e+03,1.056129999999999924e+01
1.416734400000000051e+03,1.064819999999999922e+01
1.416736799999999903e+03,1.077519999999999989e+01
1.416739299999999957e+03,1.092309999999999981e+01
1.416741700000000037e+03,1.106060000000000088e+01
1.416744099999999889e+03,1.117350000000000065e+01
1.416746599999999944e+03,1.125769999999999982e+01
1.416749000000000024e+03,1.130869999999999997e+01
1.416751500000000078e+03,1.134239999999999959e+01
1.416753899999999931e+03,1.140659999999999918e+01
1.416756300000000010e+03,1.153379999999999939e+01
1.416758800000000065e+03,1.169319999999999915e+01
1.416761199999999917e+03,1.181419999999999959e+01
1.416763699999999972e+03,1.184360000000000035e+01
1.416766100000000051e+03,1.177250000000000085e+01
1.416768600000000106e+03,1.163909999999999911e+01
1.416770999999999958e+03,1.151570000000000071e+01
1.416773400000000038e+03,1.146380000000000088e+01
1.416775900000000092e+03,1.149419999999999931e+01
1.416778299999999945e+03,1.158779999999999966e+01
1.416780799999999999e+03,1.173329999999999984e+01
1.416783200000000079e+03,1.191269999999999918e+01
1.416785599999999931e+03,1.206780000000000008e+01
1.416788099999999986e+03,1.213250000000000028e+01
1.416790500000000065e+03,1.210159999999999947e+01
1.416792999999999893e+03,1.203470000000000084e+01
1.416795399999999972e+03,1.198809999999999931e+01
1.416797900000000027e+03,1.196439999999999948e+01
1.416800300000000107e+03,1.193529999999999980e+01
1.416802699999999959e+03,1.188509999999999955e+01
1.416805200000000013e+03,1.181760000000000055e+01
1.416807600000000093e+03,1.173959999999999937e+01
1.416810099999999920e+03,1.165939999999999976e+01
1.416812500000000000e+03,1.158939999999999948e+01
1.416814900000000080e+03,1.153320000000000078e+01
1.416817399999999907e+03,1.147830000000000084e+01
1.416819799999999987e+03,1.141169999999999973e+01
1.416822300000000041e+03,1.134029999999999916e+01
1.416824699999999893e+03,1.129540000000000077e+01
1.416827099999999973e+03,1.131649999999999956e+01
1.416829600000000028e+03,1.141920000000000002e+01
1.416832000000000107e+03,1.157280000000000086e+01
1.416834499999999935e+03,1.171279999999999966e+01
1.416836900000000014e+03,1.177759999999999962e+01
1.416839400000000069e+03,1.173889999999999922e+01
1.416841799999999921e+03,1.161539999999999928e+01
1.416844200000000001e+03,1.147199999999999953e+01
1.416846700000000055e+03,1.139460000000000051e+01
1.416849099999999908e+03,1.143929999999999936e+01
1.416851599999999962e+03,1.159110000000000085e+01
1.416854000000000042e+03,1.177059999999999995e+01
1.416856399999999894e+03,1.188719999999999999e+01
1.416858899999999949e+03,1.189569999999999972e+01
1.416861300000000028e+03,1.181189999999999962e+01
1.416863800000000083e+03,1.168229999999999968e+01
1.416866199999999935e+03,1.154659999999999975e+01
1.416868699999999990e+03,1.142820000000000036e+01
1.416871100000000069e+03,1.134399999999999942e+01
1.416873499999999922e+03,1.130310000000000059e+01
1.416875999999999976e+03,1.129480000000000040e+01
1.416878400000000056e+03,1.129560000000000031e+01
1.416880900000000111e+03,1.129110000000000014e+01
1.416883299999999963e+03,1.128040000000000020e+01
1.416885700000000043e+03,1.126360000000000028e+01
1.416888200000000097e+03,1.124370000000000047e+01
1.416890599999999949e+03,1.124499999999999922e+01
1.416893100000000004e+03,1.131060000000000088e+01
1.416895500000000084e+03,1.146690000000000076e+01
1.416897899999999936e+03,1.169469999999999921e+01
1.416900399999999991e+03,1.193590000000000018e+01
1.416902800000000070e+03,1.212570000000000014e+01
1.416905299999999897e+03,1.222509999999999941e+01
1.416907699999999977e+03,1.223799999999999955e+01
1.416910200000000032e+03,1.220299999999999940e+01
1.416912600000000111e+03,1.216249999999999964e+01
1.416914999999999964e+03,1.212620000000000076e+01
1.416917500000000018e+03,1.206390000000000029e+01
1.416919900000000098e+03,1.194229999999999947e+01
1.416922399999999925e+03,1.176699999999999946e+01
1.416924800000000005e+03,1.157579999999999920e+01
1.416927200000000084e+03,1.139980000000000082e+01
1.416929699999999912e+03,1.125000000000000000e+01
1.416932099999999991e+03,1.113519999999999932e+01
1.416934600000000046e+03,1.106980000000000075e+01
1.416936999999999898e+03,1.106429999999999936e+01
1.416939499999999953e+03,1.112069999999999936e+01
1.416941900000000032e+03,1.122749999999999915e+01
1.416944300000000112e+03,1.134609999999999985e+01
1.416946799999999939e+03,1.141210000000000058e+01
1.416949200000000019e+03,1.137710000000000043e+01
1.416951700000000073e+03,1.125440000000000040e+01
1.416954099999999926e+03,1.111299999999999955e+01
1.416956500000000005e+03,1.102280000000000015e+01
1.416959000000000060e+03,1.101469999999999949e+01
1.416961399999999912e+03,1.109290000000000020e+01
1.416963899999999967e+03,1.125670000000000037e+01
1.416966300000000047e+03,1.148300000000000054e+01
1.416968800000000101e+03,1.170659999999999989e+01
1.416971199999999953e+03,1.185440000000000005e+01
1.416973600000000033e+03,1.190779999999999994e+01
1.416976100000000088e+03,1.191610000000000014e+01
1.416978499999999940e+03,1.194689999999999941e+01
1.416980999999999995e+03,1.202539999999999942e+01
1.416983400000000074e+03,1.211650000000000027e+01
1.416985799999999927e+03,1.215620000000000012e+01
1.416988299999999981e+03,1.210350000000000037e+01
1.416990700000000061e+03,1.197289999999999921e+01
1.416993199999999888e+03,1.182709999999999972e+01
1.416995599999999968e+03,1.174109999999999943e+01
1.416998000000000047e+03,1.175309999999999988e+01
1.417000500000000102e+03,1.183610000000000007e+01
1.417002899999999954e+03,1.191799999999999926e+01
1.417005400000000009e+03,1.194519999999999982e+01
1.417007800000000088e+03,1.193120000000000047e+01
1.417010299999999916e+03,1.194330000000000069e+01
1.417012699999999995e+03,1.203659999999999997e+01
1.417015100000000075e+03,1.219570000000000043e+01
1.417017599999999902e+03,1.234019999999999939e+01
1.417019999999999982e+03,1.238599999999999923e+01
1.417022500000000036e+03,1.229930000000000057e+01
1.417024899999999889e+03,1.210870000000000068e+01
1.417027299999999968e+03,1.188780000000000037e+01
1.417029800000000023e+03,1.171940000000000026e+01
1.417032200000000103e+03,1.164070000000000071e+01
1.417034699999999930e+03,1.161749999999999972e+01
1.417037100000000009e+03,1.158960000000000079e+01
1.417039600000000064e+03,1.154199999999999982e+01
1.417041999999999916e+03,1.151890000000000036e+01
1.417044399999999996e+03,1.156850000000000023e+01
1.417046900000000051e+03,1.168900000000000006e+01
1.417049299999999903e+03,1.182760000000000034e+01
1.417051799999999957e+03,1.192420000000000080e+01
1.417054200000000037e+03,1.195459999999999923e+01
1.417056599999999889e+03,1.193779999999999930e+01
1.417059099999999944e+03,1.191200000000000081e+01
1.417061500000000024e+03,1.190390000000000015e+01
1.417064000000000078e+03,1.191259999999999941e+01
1.417066399999999931e+03,1.191549999999999976e+01
1.417068800000000010e+03,1.189250000000000007e+01
1.417071300000000065e+03,1.184929999999999950e+01
1.417073699999999917e+03,1.181419999999999959e+01
1.417076199999999972e+03,1.180910000000000082e+01
1.417078600000000051e+03,1.182240000000000002e+01
1.417081100000000106e+03,1.181380000000000052e+01
1.417083499999999958e+03,1.175309999999999988e+01
1.417085900000000038e+03,1.165559999999999974e+01
1.417088400000000092e+03,1.156910000000000061e+01
1.417090799999999945e+03,1.153090000000000082e+01
1.417093299999999999e+03,1.154959999999999987e+01
1.417095700000000079e+03,1.161640000000000050e+01
1.417098099999999931e+03,1.170589999999999975e+01
1.417100599999999986e+03,1.178449999999999953e+01
1.417103000000000065e+03,1.184830000000000005e+01
1.417105499999999893e+03,1.193859999999999921e+01
1.417107899999999972e+03,1.209140000000000015e+01
1.417110400000000027e+03,1.228529999999999944e+01
1.417112800000000107e+03,1.246749999999999936e+01
1.417115199999999959e+03,1.260640000000000072e+01
1.417117700000000013e+03,1.268619999999999948e+01
1.417120100000000093e+03,1.267800000000000082e+01
1.417122599999999920e+03,1.256339999999999968e+01
1.417125000000000000e+03,1.237480000000000047e+01
1.417127400000000080e+03,1.216740000000000066e+01
1.417129899999999907e+03,1.195320000000000071e+01
1.417132299999999987e+03,1.170589999999999975e+01
1.417134800000000041e+03,1.144020000000000081e+01
1.417137199999999893e+03,1.123930000000000007e+01
1.417139599999999973e+03,1.118420000000000059e+01
1.417142100000000028e+03,1.129260000000000019e+01
1.417144500000000107e+03,1.153619999999999912e+01
1.417146999999999935e+03,1.186180000000000057e+01
1.417149400000000014e+03,1.216779999999999973e+01
1.417151900000000069e+03,1.231719999999999970e+01
1.417154299999999921e+03,1.223509999999999920e+01
1.417156700000000001e+03,1.198409999999999975e+01
1.417159200000000055e+03,1.171729999999999983e+01
1.417161599999999908e+03,1.156639999999999979e+01
1.417164099999999962e+03,1.157029999999999959e+01
1.417166500000000042e+03,1.167510000000000048e+01
1.417168899999999894e+03,1.178609999999999935e+01
1.417171399999999949e+03,1.183670000000000044e+01
1.417173800000000028e+03,1.182419999999999938e+01
1.417176300000000083e+03,1.178909999999999947e+01
1.417178699999999935e+03,1.177590000000000003e+01
1.417181199999999990e+03,1.180969999999999942e+01
1.417183600000000069e+03,1.188530000000000086e+01
1.417185999999999922e+03,1.196199999999999974e+01
1.417188499999999976e+03,1.198140000000000072e+01
1.417190900000000056e+03,1.190900000000000070e+01
1.417193400000000111e+03,1.176309999999999967e+01
1.417195799999999963e+03,1.160219999999999985e+01
1.417198200000000043e+03,1.149000000000000021e+01
1.417200700000000097e+03,1.146390000000000065e+01
1.417203099999999949e+03,1.152420000000000044e+01
1.417205600000000004e+03,1.164879999999999960e+01
1.417208000000000084e+03,1.181129999999999924e+01
1.417210399999999936e+03,1.198230000000000040e+01
1.417212899999999991e+03,1.212560000000000038e+01
1.417215300000000070e+03,1.220880000000000010e+01
1.417217799999999897e+03,1.221540000000000070e+01
1.417220199999999977e+03,1.214949999999999974e+01
1.417222700000000032e+03,1.203350000000000009e+01
1.417225100000000111e+03,1.189899999999999913e+01
1.417227499999999964e+03,1.176960000000000051e+01
1.417230000000000018e+03,1.165540000000000020e+01
1.417232400000000098e+03,1.155790000000000006e+01
1.417234899999999925e+03,1.147279999999999944e+01
1.417237300000000005e+03,1.139520000000000088e+01
1.417239700000000084e+03,1.133539999999999992e+01
1.417242199999999912e+03,1.132859999999999978e+01
1.417244599999999991e+03,1.140789999999999971e+01
1.417247100000000046e+03,1.156080000000000041e+01
1.417249499999999898e+03,1.172419999999999973e+01
1.417251999999999953e+03,1.183350000000000080e+01
1.417254400000000032e+03,1.186250000000000071e+01
1.417256800000000112e+03,1.181470000000000020e+01
1.417259299999999939e+03,1.170190000000000019e+01
1.417261700000000019e+03,1.154269999999999996e+01
1.417264200000000073e+03,1.135790000000000077e+01
1.417266599999999926e+03,1.115910000000000046e+01
1.417269000000000005e+03,1.095749999999999957e+01
1.417271500000000060e+03,1.078870000000000040e+01
1.417273899999999912e+03,1.070509999999999984e+01
1.417276399999999967e+03,1.073000000000000043e+01
1.417278800000000047e+03,1.083200000000000074e+01
1.417281199999999899e+03,1.095420000000000016e+01
1.417283699999999953e+03,1.105690000000000062e+01
1.417286100000000033e+03,1.112860000000000049e+01
1.417288600000000088e+03,1.116820000000000057e+01
1.417290999999999940e+03,1.117420000000000080e+01
1.417293499999999995e+03,1.115179999999999971e+01
1.417295900000000074e+03,1.112490000000000023e+01
1.417298299999999927e+03,1.113299999999999912e+01
1.417300799999999981e+03,1.120620000000000083e+01
1.417303200000000061e+03,1.134459999999999980e+01
1.417305699999999888e+03,1.151670000000000016e+01
1.417308099999999968e+03,1.167970000000000041e+01
1.417310500000000047e+03,1.181060000000000088e+01
1.417313000000000102e+03,1.193069999999999986e+01
1.417315399999999954e+03,1.209029999999999916e+01
1.417317900000000009e+03,1.231279999999999930e+01
1.417320300000000088e+03,1.255160000000000053e+01
1.417322799999999916e+03,1.270539999999999914e+01
1.417325199999999995e+03,1.267900000000000027e+01
1.417327600000000075e+03,1.244730000000000025e+01
1.417330099999999902e+03,1.208290000000000042e+01
1.417332499999999982e+03,1.172080000000000055e+01
1.417335000000000036e+03,1.147690000000000055e+01
1.417337399999999889e+03,1.138260000000000005e+01
1.417339799999999968e+03,1.138760000000000083e+01
1.417342300000000023e+03,1.142060000000000031e+01
1.417344700000000103e+03,1.145309999999999917e+01
1.417347199999999930e+03,1.150280000000000058e+01
1.417349600000000009e+03,1.158210000000000051e+01
1.417352100000000064e+03,1.166469999999999985e+01
1.417354499999999916e+03,1.171809999999999974e+01
1.417356899999999996e+03,1.174990000000000023e+01
1.417359400000000051e+03,1.179310000000000080e+01
1.417361799999999903e+03,1.185369999999999990e+01
1.417364299999999957e+03,1.190210000000000079e+01
1.417366700000000037e+03,1.191389999999999993e+01
1.417369099999999889e+03,1.189329999999999998e+01
1.417371599999999944e+03,1.185660000000000025e+01
1.417374000000000024e+03,1.180690000000000062e+01
1.417376500000000078e+03,1.173370000000000068e+01
1.417378899999999931e+03,1.163129999999999953e+01
1.417381300000000010e+03,1.152079999999999949e+01
1.417383800000000065e+03,1.144430000000000014e+01
1.417386199999999917e+03,1.143169999999999931e+01
1.417388699999999972e+03,1.147710000000000008e+01
1.417391100000000051e+03,1.155400000000000027e+01
1.417393600000000106e+03,1.163579999999999970e+01
1.417395999999999958e+03,1.169400000000000084e+01
1.417398400000000038e+03,1.169829999999999970e+01
1.417400900000000092e+03,1.164189999999999969e+01
1.417403299999999945e+03,1.156540000000000035e+01
1.417405799999999999e+03,1.153969999999999985e+01
1.417408200000000079e+03,1.162139999999999951e+01
1.417410599999999931e+03,1.181579999999999941e+01
1.417413099999999986e+03,1.207939999999999969e+01
1.417415500000000065e+03,1.236459999999999937e+01
1.417417999999999893e+03,1.265740000000000087e+01
1.417420399999999972e+03,1.294929999999999914e+01
1.417422900000000027e+03,1.317750000000000021e+01
1.417425300000000107e+03,1.323160000000000025e+01
1.417427699999999959e+03,1.304529999999999923e+01
1.417430200000000013e+03,1.267280000000000051e+01
1.417432600000000093e+03,1.226389999999999958e+01
1.417435099999999920e+03,1.195270000000000010e+01
1.417437500000000000e+03,1.176299999999999990e+01
1.417439900000000080e+03,1.162579999999999991e+01
1.417442399999999907e+03,1.148509999999999920e+01
1.417444799999999987e+03,1.136180000000000057e+01
1.417447300000000041e+03,1.131380000000000052e+01
1.417449699999999893e+03,1.136149999999999949e+01
1.417452099999999973e+03,1.145669999999999966e+01
1.417454600000000028e+03,1.151089999999999947e+01
1.417457000000000107e+03,1.146020000000000039e+01
1.417459499999999935e+03,1.132029999999999959e+01
1.417461900000000014e+03,1.117779999999999951e+01
1.417464400000000069e+03,1.111739999999999995e+01
1.417466799999999921e+03,1.116009999999999991e+01
1.417469200000000001e+03,1.127239999999999931e+01
1.417471700000000055e+03,1.141999999999999993e+01
1.417474099999999908e+03,1.158399999999999963e+01
1.417476599999999962e+03,1.173099999999999987e+01
1.417479000000000042e+03,1.181109999999999971e+01
1.417481399999999894e+03,1.180100000000000016e+01
1.417483899999999949e+03,1.172339999999999982e+01
1.417486300000000028e+03,1.162270000000000003e+01
1.417488800000000083e+03,1.154320000000000057e+01
1.417491199999999935e+03,1.152779999999999916e+01
1.417493699999999990e+03,1.160340000000000060e+01
1.417496100000000069e+03,1.174760000000000026e+01
1.417498499999999922e+03,1.187979999999999947e+01
1.417500999999999976e+03,1.191019999999999968e+01
1.417503400000000056e+03,1.180959999999999965e+01
1.417505900000000111e+03,1.162780000000000058e+01
1.417508299999999963e+03,1.144660000000000011e+01
1.417510700000000043e+03,1.132360000000000078e+01
1.417513200000000097e+03,1.127239999999999931e+01
1.417515599999999949e+03,1.127769999999999939e+01
1.417518100000000004e+03,1.131470000000000020e+01
1.417520500000000084e+03,1.135859999999999914e+01
1.417522899999999936e+03,1.138540000000000063e+01
1.417525399999999991e+03,1.137310000000000088e+01
1.417527800000000070e+03,1.131269999999999953e+01
1.417530299999999897e+03,1.122780000000000022e+01
1.417532699999999977e+03,1.117789999999999928e+01
1.417535200000000032e+03,1.122189999999999976e+01
1.417537600000000111e+03,1.136640000000000050e+01
1.417539999999999964e+03,1.155310000000000059e+01
1.417542500000000018e+03,1.170500000000000007e+01
1.417544900000000098e+03,1.178090000000000082e+01
1.417547399999999925e+03,1.178219999999999956e+01
1.417549800000000005e+03,1.172509999999999941e+01
1.417552200000000084e+03,1.162940000000000040e+01
1.417554699999999912e+03,1.152369999999999983e+01
1.417557099999999991e+03,1.143609999999999971e+01
1.417559600000000046e+03,1.137739999999999974e+01
1.417561999999999898e+03,1.134670000000000023e+01
1.417564499999999953e+03,1.134500000000000064e+01
1.417566900000000032e+03,1.136919999999999931e+01
1.417569300000000112e+03,1.139949999999999974e+01
1.417571799999999939e+03,1.140709999999999980e+01
1.417574200000000019e+03,1.137509999999999977e+01
1.417576700000000073e+03,1.131080000000000041e+01
1.417579099999999926e+03,1.124099999999999966e+01
1.417581500000000005e+03,1.119640000000000057e+01
1.417584000000000060e+03,1.119979999999999976e+01
1.417586399999999912e+03,1.126190000000000069e+01
1.417588899999999967e+03,1.137500000000000000e+01
1.417591300000000047e+03,1.150210000000000043e+01
1.417593800000000101e+03,1.158309999999999995e+01
1.417596199999999953e+03,1.156760000000000055e+01
1.417598600000000033e+03,1.144979999999999976e+01
1.417601100000000088e+03,1.127899999999999991e+01
1.417603499999999940e+03,1.113509999999999955e+01
1.417605999999999995e+03,1.108469999999999978e+01
1.417608400000000074e+03,1.114109999999999978e+01
1.417610799999999927e+03,1.126239999999999952e+01
1.417613299999999981e+03,1.139029999999999987e+01
1.417615700000000061e+03,1.149789999999999957e+01
1.417618199999999888e+03,1.159919999999999973e+01
1.417620599999999968e+03,1.172489999999999988e+01
1.417623000000000047e+03,1.189450000000000074e+01
1.417625500000000102e+03,1.210319999999999929e+01
1.417627899999999954e+03,1.231060000000000088e+01
1.417630400000000009e+03,1.244229999999999947e+01
1.417632800000000088e+03,1.242750000000000021e+01
1.417635299999999916e+03,1.225719999999999921e+01
1.417637699999999995e+03,1.200229999999999997e+01
1.417640100000000075e+03,1.176329999999999920e+01
1.417642599999999902e+03,1.160130000000000017e+01
1.417644999999999982e+03,1.151539999999999964e+01
1.417647500000000036e+03,1.147220000000000084e+01
1.417649899999999889e+03,1.144020000000000081e+01
1.417652299999999968e+03,1.139969999999999928e+01
1.417654800000000023e+03,1.134309999999999974e+01
1.417657200000000103e+03,1.128270000000000017e+01
1.417659699999999930e+03,1.124760000000000026e+01
1.417662100000000009e+03,1.125830000000000020e+01
1.417664600000000064e+03,1.130509999999999948e+01
1.417666999999999916e+03,1.135940000000000083e+01
1.417669399999999996e+03,1.140559999999999974e+01
1.417671900000000051e+03,1.145100000000000051e+01
1.417674299999999903e+03,1.150750000000000028e+01
1.417676799999999957e+03,1.156840000000000046e+01
1.417679200000000037e+03,1.160890000000000022e+01
1.417681599999999889e+03,1.161110000000000042e+01
1.417684099999999944e+03,1.158610000000000007e+01
1.417686500000000024e+03,1.156189999999999962e+01
1.417689000000000078e+03,1.155119999999999969e+01
1.417691399999999931e+03,1.154310000000000080e+01
1.417693800000000010e+03,1.152880000000000038e+01
1.417696300000000065e+03,1.152529999999999966e+01
1.417698699999999917e+03,1.155930000000000035e+01
1.417701199999999972e+03,1.163180000000000014e+01
1.417703600000000051e+03,1.171499999999999986e+01
1.417706100000000106e+03,1.178560000000000052e+01
1.417708499999999958e+03,1.184769999999999968e+01
1.417710900000000038e+03,1.192029999999999923e+01
1.417713400000000092e+03,1.201309999999999967e+01
1.417715799999999945e+03,1.211669999999999980e+01
1.417718299999999999e+03,1.220790000000000042e+01
1.417720700000000079e+03,1.225810000000000066e+01
1.417723099999999931e+03,1.224920000000000009e+01
1.417725599999999986e+03,1.219319999999999915e+01
1.417728000000000065e+03,1.212589999999999968e+01
1.417730499999999893e+03,1.206400000000000006e+01
1.417732899999999972e+03,1.197330000000000005e+01
1.417735400000000027e+03,1.179870000000000019e+01
1.417737800000000107e+03,1.153250000000000064e+01
1.417740199999999959e+03,1.123850000000000016e+01
1.417742700000000013e+03,1.100779999999999959e+01
1.417745100000000093e+03,1.089920000000000044e+01
1.417747599999999920e+03,1.092169999999999952e+01
1.417750000000000000e+03,1.104800000000000004e+01
1.417752400000000080e+03,1.122760000000000069e+01
1.417754899999999907e+03,1.139429999999999943e+01
1.417757299999999987e+03,1.148729999999999940e+01
1.417759800000000041e+03,1.147690000000000055e+01
1.417762199999999893e+03,1.137850000000000072e+01
1.417764599999999973e+03,1.124799999999999933e+01
1.417767100000000028e+03,1.115349999999999930e+01
1.417769500000000107e+03,1.113330000000000020e+01
1.417771999999999935e+03,1.117549999999999955e+01
1.417774400000000014e+03,1.124060000000000059e+01
1.417776900000000069e+03,1.129899999999999949e+01
1.417779299999999921e+03,1.134600000000000009e+01
1.417781700000000001e+03,1.139059999999999917e+01
1.417784200000000055e+03,1.143989999999999974e+01
1.417786599999999908e+03,1.149540000000000006e+01
1.417789099999999962e+03,1.155369999999999919e+01
1.417791500000000042e+03,1.160590000000000011e+01
1.417793899999999894e+03,1.164029999999999987e+01
1.417796399999999949e+03,1.165249999999999986e+01
1.417798800000000028e+03,1.165249999999999986e+01
1.417801300000000083e+03,1.165930000000000000e+01
1.417803699999999935e+03,1.168449999999999989e+01
1.417806199999999990e+03,1.172119999999999962e+01
1.417808600000000069e+03,1.175450000000000017e+01
1.417810999999999922e+03,1.178209999999999980e+01
1.417813499999999976e+03,1.181479999999999997e+01
1.417815900000000056e+03,1.185110000000000063e+01
1.417818400000000111e+03,1.186689999999999934e+01
1.417820799999999963e+03,1.184249999999999936e+01
1.417823200000000043e+03,1.179129999999999967e+01
1.417825700000000097e+03,1.175329999999999941e+01
1.417828099999999949e+03,1.175510000000000055e+01
1.417830600000000004e+03,1.177619999999999933e+01
1.417833000000000084e+03,1.176190000000000069e+01
1.417835399999999936e+03,1.168110000000000070e+01
1.417837899999999991e+03,1.156390000000000029e+01
1.417840300000000070e+03,1.146649999999999991e+01
1.417842799999999897e+03,1.140779999999999994e+01
1.417845199999999977e+03,1.136280000000000001e+01
1.417847700000000032e+03,1.131349999999999945e+01
1.417850100000000111e+03,1.128009999999999913e+01
1.417852499999999964e+03,1.129400000000000048e+01
1.417855000000000018e+03,1.135180000000000078e+01
1.417857400000000098e+03,1.141239999999999988e+01
1.417859899999999925e+03,1.143900000000000006e+01
1.417862300000000005e+03,1.143479999999999919e+01
1.417864700000000084e+03,1.142520000000000024e+01
1.417867199999999912e+03,1.141009999999999991e+01
1.417869599999999991e+03,1.136129999999999995e+01
1.417872100000000046e+03,1.127040000000000042e+01
1.417874499999999898e+03,1.117450000000000010e+01
1.417876999999999953e+03,1.112579999999999991e+01
1.417879400000000032e+03,1.115259999999999962e+01
1.417881800000000112e+03,1.124959999999999916e+01
1.417884299999999939e+03,1.138749999999999929e+01
1.417886700000000019e+03,1.152490000000000059e+01
1.417889200000000073e+03,1.162650000000000006e+01
1.417891599999999926e+03,1.167370000000000019e+01
1.417894000000000005e+03,1.166269999999999918e+01
1.417896500000000060e+03,1.160330000000000084e+01
1.417898899999999912e+03,1.152210000000000001e+01
1.417901399999999967e+03,1.145279999999999987e+01
1.417903800000000047e+03,1.141089999999999982e+01
1.417906199999999899e+03,1.138410000000000011e+01
1.417908699999999953e+03,1.135340000000000060e+01
1.417911100000000033e+03,1.132210000000000072e+01
1.417913600000000088e+03,1.131930000000000014e+01
1.417915999999999940e+03,1.136930000000000085e+01
1.417918499999999995e+03,1.146570000000000000e+01
1.417920900000000074e+03,1.158440000000000047e+01
1.417923299999999927e+03,1.171330000000000027e+01
1.417925799999999981e+03,1.184849999999999959e+01
1.417928200000000061e+03,1.196729999999999983e+01
1.417930699999999888e+03,1.202829999999999977e+01
1.417933099999999968e+03,1.200569999999999915e+01
1.417935500000000047e+03,1.190859999999999985e+01
1.417938000000000102e+03,1.177299999999999969e+01
1.417940399999999954e+03,1.164000000000000057e+01
1.417942900000000009e+03,1.153509999999999991e+01
1.417945300000000088e+03,1.146390000000000065e+01
1.417947799999999916e+03,1.142229999999999990e+01
1.417950199999999995e+03,1.139700000000000024e+01
1.417952600000000075e+03,1.136020000000000074e+01
1.417955099999999902e+03,1.129229999999999912e+01
1.417957499999999982e+03,1.121780000000000044e+01
1.417960000000000036e+03,1.118939999999999912e+01
1.417962399999999889e+03,1.122240000000000038e+01
1.417964799999999968e+03,1.126420000000000066e+01
1.417967300000000023e+03,1.124820000000000064e+01
1.417969700000000103e+03,1.116929999999999978e+01
1.417972199999999930e+03,1.109259999999999913e+01
1.417974600000000009e+03,1.108120000000000083e+01
1.417977100000000064e+03,1.112729999999999997e+01
1.417979499999999916e+03,1.116559999999999953e+01
1.417981899999999996e+03,1.114680000000000071e+01
1.417984400000000051e+03,1.108389999999999986e+01
1.417986799999999903e+03,1.102870000000000061e+01
1.417989299999999957e+03,1.102229999999999954e+01
1.417991700000000037e+03,1.106400000000000006e+01
1.417994099999999889e+03,1.111449999999999960e+01
1.417996599999999944e+03,1.112609999999999921e+01
1.417999000000000024e+03,1.108309999999999995e+01
1.418001500000000078e+03,1.102069999999999972e+01
1.418003899999999931e+03,1.100530000000000008e+01
1.418006300000000010e+03,1.108520000000000039e+01
1.418008800000000065e+03,1.124569999999999936e+01
1.418011199999999917e+03,1.142159999999999975e+01
1.418013699999999972e+03,1.156230000000000047e+01
1.418016100000000051e+03,1.166929999999999978e+01
1.418018600000000106e+03,1.176909999999999989e+01
1.418020999999999958e+03,1.187020000000000053e+01
1.418023400000000038e+03,1.195730000000000004e+01
1.418025900000000092e+03,1.201210000000000022e+01
1.418028299999999945e+03,1.202950000000000053e+01
1.418030799999999999e+03,1.201619999999999955e+01
1.418033200000000079e+03,1.197819999999999929e+01
1.418035599999999931e+03,1.191200000000000081e+01
1.418038099999999986e+03,1.181579999999999941e+01
1.418040500000000065e+03,1.170889999999999986e+01
1.418042999999999893e+03,1.163569999999999993e+01
1.418045399999999972e+03,1.163949999999999996e+01
1.418047900000000027e+03,1.172160000000000046e+01
1.418050300000000107e+03,1.182770000000000010e+01
1.418052699999999959e+03,1.188330000000000020e+01
1.418055200000000013e+03,1.185120000000000040e+01
1.418057600000000093e+03,1.175890000000000057e+01
1.418060099999999920e+03,1.167190000000000083e+01
1.418062500000000000e+03,1.164250000000000007e+01
1.418064900000000080e+03,1.168099999999999916e+01
1.418067399999999907e+03,1.176270000000000060e+01
1.418069799999999987e+03,1.184880000000000067e+01
1.418072300000000041e+03,1.190090000000000003e+01
1.418074699999999893e+03,1.189530000000000065e+01
1.418077099999999973e+03,1.183130000000000059e+01
1.418079600000000028e+03,1.172979999999999912e+01
1.418082000000000107e+03,1.162059999999999960e+01
1.418084499999999935e+03,1.152250000000000085e+01
1.418086900000000014e+03,1.143849999999999945e+01
1.418089400000000069e+03,1.137139999999999951e+01
1.418091799999999921e+03,1.133309999999999995e+01
1.418094200000000001e+03,1.133120000000000083e+01
1.418096700000000055e+03,1.136190000000000033e+01
1.418099099999999908e+03,1.141970000000000063e+01
1.418101599999999962e+03,1.149499999999999922e+01
1.418104000000000042e+03,1.156670000000000087e+01
1.418106399999999894e+03,1.161739999999999995e+01
1.418108899999999949e+03,1.164910000000000068e+01
1.418111300000000028e+03,1.166999999999999993e+01
1.418113800000000083e+03,1.167839999999999989e+01
1.418116199999999935e+03,1.166960000000000086e+01
1.418118699999999990e+03,1.164819999999999922e+01
1.418121100000000069e+03,1.163410000000000011e+01
1.418123499999999922e+03,1.166060000000000052e+01
1.418125999999999976e+03,1.175929999999999964e+01
1.418128400000000056e+03,1.193929999999999936e+01
1.418130900000000111e+03,1.217489999999999917e+01
1.418133299999999963e+03,1.239840000000000053e+01
1.418135700000000043e+03,1.251019999999999932e+01
1.418138200000000097e+03,1.243629999999999924e+01
1.418140599999999949e+03,1.219849999999999923e+01
1.418143100000000004e+03,1.190850000000000009e+01
1.418145500000000084e+03,1.167469999999999963e+01
1.418147899999999936e+03,1.152469999999999928e+01
1.418150399999999991e+03,1.142740000000000045e+01
1.418152800000000070e+03,1.136940000000000062e+01
1.418155299999999897e+03,1.137969999999999970e+01
1.418157699999999977e+03,1.148140000000000072e+01
1.418160200000000032e+03,1.165080000000000027e+01
1.418162600000000111e+03,1.182879999999999932e+01
1.418164999999999964e+03,1.195260000000000034e+01
1.418167500000000018e+03,1.197470000000000034e+01
1.418169900000000098e+03,1.188250000000000028e+01
1.418172399999999925e+03,1.171519999999999939e+01
1.418174800000000005e+03,1.154490000000000016e+01
1.418177200000000084e+03,1.142210000000000036e+01
1.418179699999999912e+03,1.134759999999999991e+01
1.418182099999999991e+03,1.130250000000000021e+01
1.418184600000000046e+03,1.129269999999999996e+01
1.418186999999999898e+03,1.134859999999999935e+01
1.418189499999999953e+03,1.149000000000000021e+01
1.418191900000000032e+03,1.169250000000000078e+01
1.418194300000000112e+03,1.188069999999999915e+01
1.418196799999999939e+03,1.195710000000000051e+01
1.418199200000000019e+03,1.185890000000000022e+01
1.418201700000000073e+03,1.160050000000000026e+01
1.418204099999999926e+03,1.126919999999999966e+01
1.418206500000000005e+03,1.098479999999999990e+01
1.418209000000000060e+03,1.084399999999999942e+01
1.418211399999999912e+03,1.087540000000000084e+01
1.418213899999999967e+03,1.103759999999999941e+01
1.418216300000000047e+03,1.126640000000000086e+01
1.418218800000000101e+03,1.151640000000000086e+01
1.418221199999999953e+03,1.175440000000000040e+01
1.418223600000000033e+03,1.193909999999999982e+01
1.418226100000000088e+03,1.204149999999999920e+01
1.418228499999999940e+03,1.207890000000000086e+01
1.418230999999999995e+03,1.209980000000000011e+01
1.418233400000000074e+03,1.212899999999999956e+01
1.418235799999999927e+03,1.214250000000000007e+01
1.418238299999999981e+03,1.209110000000000085e+01
1.418240700000000061e+03,1.194379999999999953e+01
1.418243199999999888e+03,1.172739999999999938e+01
1.418245599999999968e+03,1.153379999999999939e+01
1.418248000000000047e+03,1.146579999999999977e+01
1.418250500000000102e+03,1.155499999999999972e+01
1.418252899999999954e+03,1.172959999999999958e+01
1.418255400000000009e+03,1.187439999999999962e+01
1.418257800000000088e+03,1.192319999999999958e+01
1.418260299999999916e+03,1.189429999999999943e+01
1.418262699999999995e+03,1.184210000000000029e+01
1.418265100000000075e+03,1.179480000000000040e+01
1.418267599999999902e+03,1.174290000000000056e+01
1.418269999999999982e+03,1.167329999999999934e+01
1.418272500000000036e+03,1.158890000000000065e+01
1.418274899999999889e+03,1.150229999999999997e+01
1.418277299999999968e+03,1.143249999999999922e+01
1.418279800000000023e+03,1.140329999999999977e+01
1.418282200000000103e+03,1.142999999999999972e+01
1.418284699999999930e+03,1.150019999999999953e+01
1.418287100000000009e+03,1.156789999999999985e+01
1.418289600000000064e+03,1.157610000000000028e+01
1.418291999999999916e+03,1.150590000000000046e+01
1.418294399999999996e+03,1.141109999999999935e+01
1.418296900000000051e+03,1.137340000000000018e+01
1.418299299999999903e+03,1.141089999999999982e+01
1.418301799999999957e+03,1.145679999999999943e+01
1.418304200000000037e+03,1.145079999999999920e+01
1.418306599999999889e+03,1.141520000000000046e+01
1.418309099999999944e+03,1.141070000000000029e+01
1.418311500000000024e+03,1.144730000000000025e+01
1.418314000000000078e+03,1.147990000000000066e+01
1.418316399999999931e+03,1.147959999999999958e+01
1.418318800000000010e+03,1.147000000000000064e+01
1.418321300000000065e+03,1.149430000000000085e+01
1.418323699999999917e+03,1.158009999999999984e+01
1.418326199999999972e+03,1.174339999999999939e+01
1.418328600000000051e+03,1.198579999999999934e+01
1.418331100000000106e+03,1.226159999999999961e+01
1.418333499999999958e+03,1.247000000000000064e+01
1.418335900000000038e+03,1.251759999999999984e+01
1.418338400000000092e+03,1.238930000000000042e+01
1.418340799999999945e+03,1.215010000000000012e+01
1.418343299999999999e+03,1.188760000000000083e+01
1.418345700000000079e+03,1.166680000000000028e+01
1.418348099999999931e+03,1.152169999999999916e+01
1.418350599999999986e+03,1.146020000000000039e+01
1.418353000000000065e+03,1.146640000000000015e+01
1.418355499999999893e+03,1.150270000000000081e+01
1.418357899999999972e+03,1.152289999999999992e+01
1.418360400000000027e+03,1.150590000000000046e+01
1.418362800000000107e+03,1.147789999999999999e+01
1.418365199999999959e+03,1.148370000000000068e+01
1.418367700000000013e+03,1.152800000000000047e+01
1.418370100000000093e+03,1.156240000000000023e+01
1.418372599999999920e+03,1.153570000000000029e+01
1.418375000000000000e+03,1.144839999999999947e+01
1.418377400000000080e+03,1.135200000000000031e+01
1.418379899999999907e+03,1.130250000000000021e+01
1.418382299999999987e+03,1.131680000000000064e+01
1.418384800000000041e+03,1.136289999999999978e+01
1.418387199999999893e+03,1.138429999999999964e+01
1.418389599999999973e+03,1.134880000000000067e+01
1.418392100000000028e+03,1.128400000000000070e+01
1.418394500000000107e+03,1.125609999999999999e+01
1.418396999999999935e+03,1.130100000000000016e+01
1.418399400000000014e+03,1.138909999999999911e+01
1.418401900000000069e+03,1.146349999999999980e+01
1.418404299999999921e+03,1.149619999999999997e+01
1.418406700000000001e+03,1.149039999999999928e+01
1.418409200000000055e+03,1.143999999999999950e+01
1.418411599999999908e+03,1.132039999999999935e+01
1.418414099999999962e+03,1.113819999999999943e+01
1.418416500000000042e+03,1.096369999999999933e+01
1.418418899999999894e+03,1.087739999999999974e+01
1.418421399999999949e+03,1.088879999999999981e+01
1.418423800000000028e+03,1.093299999999999983e+01
1.418426300000000083e+03,1.094689999999999941e+01
1.418428699999999935e+03,1.092929999999999957e+01
1.418431199999999990e+03,1.092939999999999934e+01
1.418433600000000069e+03,1.099440000000000062e+01
1.418435999999999922e+03,1.113139999999999930e+01
1.418438499999999976e+03,1.130669999999999931e+01
1.418440900000000056e+03,1.146340000000000003e+01
1.418443400000000111e+03,1.153839999999999932e+01
1.418445799999999963e+03,1.148900000000000077e+01
1.418448200000000043e+03,1.132220000000000049e+01
1.418450700000000097e+03,1.108840000000000003e+01
1.418453099999999949e+03,1.084450000000000003e+01
1.418455600000000004e+03,1.063760000000000083e+01
1.418458000000000084e+03,1.052009999999999934e+01
1.418460399999999936e+03,1.054819999999999958e+01
1.418462899999999991e+03,1.073310000000000031e+01
1.418465300000000070e+03,1.099779999999999980e+01
1.418467799999999897e+03,1.120909999999999940e+01
1.418470199999999977e+03,1.127519999999999989e+01
1.418472700000000032e+03,1.121990000000000087e+01
1.418475100000000111e+03,1.116080000000000005e+01
1.418477499999999964e+03,1.120989999999999931e+01
1.418480000000000018e+03,1.138400000000000034e+01
1.418482400000000098e+03,1.160260000000000069e+01
1.418484899999999925e+03,1.176239999999999952e+01
1.418487300000000005e+03,1.181269999999999953e+01
1.418489700000000084e+03,1.176789999999999914e+01
1.418492199999999912e+03,1.167300000000000004e+01
1.418494599999999991e+03,1.156700000000000017e+01
1.418497100000000046e+03,1.146899999999999942e+01
1.418499499999999898e+03,1.138199999999999967e+01
1.418501999999999953e+03,1.131479999999999997e+01
1.418504400000000032e+03,1.129850000000000065e+01
1.418506800000000112e+03,1.136439999999999984e+01
1.418509299999999939e+03,1.149859999999999971e+01
1.418511700000000019e+03,1.163339999999999996e+01
1.418514200000000073e+03,1.169480000000000075e+01
1.418516599999999926e+03,1.165460000000000029e+01
1.418519000000000005e+03,1.154049999999999976e+01
1.418521500000000060e+03,1.141580000000000084e+01
1.418523899999999912e+03,1.134409999999999918e+01
1.418526399999999967e+03,1.135280000000000022e+01
1.418528800000000047e+03,1.141970000000000063e+01
1.418531199999999899e+03,1.150280000000000058e+01
1.418533699999999953e+03,1.158200000000000074e+01
1.418536100000000033e+03,1.166569999999999929e+01
1.418538600000000088e+03,1.175569999999999915e+01
1.418540999999999940e+03,1.182380000000000031e+01
1.418543499999999995e+03,1.183880000000000088e+01
1.418545900000000074e+03,1.180840000000000067e+01
1.418548299999999927e+03,1.176989999999999981e+01
1.418550799999999981e+03,1.174690000000000012e+01
1.418553200000000061e+03,1.172879999999999967e+01
1.418555699999999888e+03,1.168759999999999977e+01
1.418558099999999968e+03,1.160790000000000077e+01
1.418560500000000047e+03,1.150500000000000078e+01
1.418563000000000102e+03,1.141670000000000051e+01
1.418565399999999954e+03,1.136940000000000062e+01
1.418567900000000009e+03,1.135529999999999973e+01
1.418570300000000088e+03,1.134559999999999924e+01
1.418572799999999916e+03,1.132409999999999961e+01
1.418575199999999995e+03,1.130320000000000036e+01
1.418577600000000075e+03,1.130659999999999954e+01
1.418580099999999902e+03,1.134120000000000061e+01
1.418582499999999982e+03,1.138739999999999952e+01
1.418585000000000036e+03,1.141479999999999961e+01
1.418587399999999889e+03,1.140450000000000053e+01
1.418589799999999968e+03,1.136250000000000071e+01
1.418592300000000023e+03,1.131540000000000035e+01
1.418594700000000103e+03,1.128909999999999947e+01
1.418597199999999930e+03,1.129229999999999912e+01
1.418599600000000009e+03,1.132010000000000005e+01
1.418602100000000064e+03,1.136720000000000041e+01
1.418604499999999916e+03,1.143079999999999963e+01
1.418606899999999996e+03,1.150249999999999950e+01
1.418609400000000051e+03,1.155450000000000088e+01
1.418611799999999903e+03,1.154439999999999955e+01
1.418614299999999957e+03,1.145299999999999940e+01
1.418616700000000037e+03,1.132109999999999950e+01
1.418619099999999889e+03,1.122940000000000005e+01
1.418621599999999944e+03,1.122560000000000002e+01
1.418624000000000024e+03,1.128340000000000032e+01
1.418626500000000078e+03,1.133489999999999931e+01
1.418628899999999931e+03,1.133510000000000062e+01
1.418631300000000010e+03,1.128659999999999997e+01
1.418633800000000065e+03,1.121679999999999922e+01
1.418636199999999917e+03,1.114959999999999951e+01
1.418638699999999972e+03,1.110330000000000084e+01
1.418641100000000051e+03,1.109939999999999927e+01
1.418643600000000106e+03,1.115980000000000061e+01
1.418645999999999958e+03,1.129170000000000051e+01
1.418648400000000038e+03,1.147680000000000078e+01
1.418650900000000092e+03,1.166900000000000048e+01
1.418653299999999945e+03,1.180480000000000018e+01
1.418655799999999999e+03,1.183060000000000045e+01
1.418658200000000079e+03,1.173399999999999999e+01
1.418660599999999931e+03,1.155339999999999989e+01
1.418663099999999986e+03,1.135640000000000072e+01
1.418665500000000065e+03,1.120079999999999920e+01
1.418667999999999893e+03,1.110740000000000016e+01
1.418670399999999972e+03,1.106709999999999994e+01
1.418672900000000027e+03,1.106310000000000038e+01
1.418675300000000107e+03,1.106990000000000052e+01
1.418677699999999959e+03,1.104969999999999963e+01
1.418680200000000013e+03,1.098140000000000072e+01
1.418682600000000093e+03,1.089109999999999978e+01
1.418685099999999920e+03,1.083280000000000065e+01
1.418687500000000000e+03,1.083479999999999954e+01
1.418689900000000080e+03,1.087609999999999921e+01
1.418692399999999907e+03,1.090859999999999985e+01
1.418694799999999987e+03,1.090029999999999966e+01
1.418697300000000041e+03,1.086129999999999995e+01
1.418699699999999893e+03,1.083670000000000044e+01
1.418702099999999973e+03,1.086989999999999945e+01
1.418704600000000028e+03,1.096519999999999939e+01
1.418707000000000107e+03,1.108009999999999984e+01
1.418709499999999935e+03,1.115140000000000065e+01
1.418711900000000014e+03,1.113909999999999911e+01
1.418714400000000069e+03,1.105630000000000024e+01
1.418716799999999921e+03,1.096129999999999960e+01
1.418719200000000001e+03,1.091150000000000020e+01
1.418721700000000055e+03,1.092730000000000068e+01
1.418724099999999908e+03,1.099840000000000018e+01
1.418726599999999962e+03,1.111229999999999940e+01
1.418729000000000042e+03,1.126409999999999911e+01
1.418731399999999894e+03,1.144120000000000026e+01
1.418733899999999949e+03,1.160720000000000063e+01
1.418736300000000028e+03,1.171380000000000088e+01
1.418738800000000083e+03,1.174300000000000033e+01
1.418741199999999935e+03,1.172659999999999947e+01
1.418743699999999990e+03,1.171529999999999916e+01
1.418746100000000069e+03,1.173370000000000068e+01
1.418748499999999922e+03,1.176650000000000063e+01
1.418750999999999976e+03,1.177280000000000015e+01
1.418753400000000056e+03,1.171449999999999925e+01
1.418755900000000111e+03,1.158559999999999945e+01
1.418758299999999963e+03,1.141750000000000043e+01
1.418760700000000043e+03,1.125479999999999947e+01
1.418763200000000097e+03,1.113109999999999999e+01
1.418765599999999949e+03,1.106479999999999997e+01
1.418768100000000004e+03,1.106460000000000043e+01
1.418770500000000084e+03,1.112720000000000020e+01
1.418772899999999936e+03,1.123210000000000086e+01
1.418775399999999991e+03,1.134859999999999935e+01
1.418777800000000070e+03,1.145459999999999923e+01
1.418780299999999897e+03,1.153880000000000017e+01
1.418782699999999977e+03,1.158189999999999920e+01
1.418785200000000032e+03,1.155109999999999992e+01
1.418787600000000111e+03,1.142440000000000033e+01
1.418789999999999964e+03,1.121749999999999936e+01
1.418792500000000018e+03,1.098150000000000048e+01
1.418794900000000098e+03,1.077210000000000001e+01
1.418797399999999925e+03,1.062570000000000014e+01
1.418799800000000005e+03,1.055990000000000073e+01
1.418802200000000084e+03,1.058559999999999945e+01
1.418804699999999912e+03,1.069689999999999941e+01
1.418807099999999991e+03,1.084820000000000029e+01
1.418809600000000046e+03,1.096149999999999913e+01
1.418811999999999898e+03,1.098189999999999955e+01
1.418814499999999953e+03,1.092689999999999984e+01
1.418816900000000032e+03,1.086660000000000004e+01
1.418819300000000112e+03,1.084800000000000075e+01
1.418821799999999939e+03,1.085800000000000054e+01
1.418824200000000019e+03,1.086209999999999987e+01
1.418826700000000073e+03,1.086040000000000028e+01
1.418829099999999926e+03,1.088400000000000034e+01
1.418831500000000005e+03,1.095229999999999926e+01
1.418834000000000060e+03,1.105349999999999966e+01
1.418836399999999912e+03,1.117040000000000077e+01
1.418838899999999967e+03,1.130489999999999995e+01
1.418841300000000047e+03,1.146599999999999930e+01
1.418843800000000101e+03,1.163460000000000072e+01
1.418846199999999953e+03,1.175060000000000038e+01
1.418848600000000033e+03,1.174719999999999942e+01
1.418851100000000088e+03,1.160849999999999937e+01
1.418853499999999940e+03,1.140160000000000018e+01
1.418855999999999995e+03,1.124549999999999983e+01
1.418858400000000074e+03,1.123129999999999917e+01
1.418860799999999927e+03,1.135599999999999987e+01
1.418863299999999981e+03,1.152749999999999986e+01
1.418865700000000061e+03,1.163649999999999984e+01
1.418868199999999888e+03,1.163760000000000083e+01
1.418870599999999968e+03,1.157290000000000063e+01
1.418873000000000047e+03,1.152800000000000047e+01
1.418875500000000102e+03,1.156049999999999933e+01
1.418877899999999954e+03,1.165680000000000049e+01
1.418880400000000009e+03,1.174869999999999948e+01
1.418882800000000088e+03,1.177720000000000056e+01
1.418885299999999916e+03,1.173639999999999972e+01
1.418887699999999995e+03,1.166060000000000052e+01
1.418890100000000075e+03,1.158639999999999937e+01
1.418892599999999902e+03,1.153350000000000009e+01
1.418894999999999982e+03,1.150179999999999936e+01
1.418897500000000036e+03,1.147330000000000005e+01
1.418899899999999889e+03,1.142650000000000077e+01
1.418902299999999968e+03,1.135940000000000083e+01
1.418904800000000023e+03,1.129540000000000077e+01
1.418907200000000103e+03,1.126299999999999990e+01
1.418909699999999930e+03,1.127340000000000053e+01
1.418912100000000009e+03,1.131900000000000084e+01
1.418914600000000064e+03,1.138429999999999964e+01
1.418916999999999916e+03,1.144780000000000086e+01
1.418919399999999996e+03,1.148349999999999937e+01
1.418921900000000051e+03,1.147300000000000075e+01
1.418924299999999903e+03,1.142060000000000031e+01
1.418926799999999957e+03,1.135519999999999996e+01
1.418929200000000037e+03,1.131579999999999941e+01
1.418931599999999889e+03,1.132670000000000066e+01
1.418934099999999944e+03,1.138030000000000008e+01
1.418936500000000024e+03,1.144519999999999982e+01
1.418939000000000078e+03,1.149189999999999934e+01
1.418941399999999931e+03,1.151820000000000022e+01
1.418943800000000010e+03,1.155339999999999989e+01
1.418946300000000065e+03,1.162899999999999956e+01
1.418948699999999917e+03,1.173760000000000048e+01
1.418951199999999972e+03,1.182339999999999947e+01
1.418953600000000051e+03,1.182390000000000008e+01
1.418956100000000106e+03,1.172600000000000087e+01
1.418958499999999958e+03,1.158039999999999914e+01
1.418960900000000038e+03,1.145899999999999963e+01
1.418963400000000092e+03,1.139569999999999972e+01
1.418965799999999945e+03,1.137289999999999957e+01
1.418968299999999999e+03,1.136749999999999972e+01
1.418970700000000079e+03,1.138969999999999949e+01
1.418973099999999931e+03,1.145770000000000088e+01
1.418975599999999986e+03,1.155209999999999937e+01
1.418978000000000065e+03,1.161999999999999922e+01
1.418980499999999893e+03,1.162020000000000053e+01
1.418982899999999972e+03,1.155530000000000079e+01
1.418985400000000027e+03,1.146030000000000015e+01
1.418987800000000107e+03,1.136720000000000041e+01
1.418990199999999959e+03,1.127860000000000085e+01
1.418992700000000013e+03,1.117970000000000041e+01
1.418995100000000093e+03,1.107360000000000078e+01
1.418997599999999920e+03,1.099859999999999971e+01
1.419000000000000000e+03,1.099799999999999933e+01
1.419002400000000080e+03,1.107179999999999964e+01
1.419004899999999907e+03,1.116859999999999964e+01
1.419007299999999987e+03,1.123879999999999946e+01
1.419009800000000041e+03,1.128659999999999997e+01
1.419012199999999893e+03,1.135030000000000072e+01
1.419014599999999973e+03,1.144219999999999970e+01
1.419017100000000028e+03,1.152909999999999968e+01
1.419019500000000107e+03,1.157060000000000066e+01
1.419021999999999935e+03,1.155889999999999951e+01
1.419024400000000014e+03,1.151239999999999952e+01
1.419026900000000069e+03,1.144630000000000081e+01
1.419029299999999921e+03,1.136110000000000042e+01
1.419031700000000001e+03,1.126229999999999976e+01
1.419034200000000055e+03,1.117830000000000013e+01
1.419036599999999908e+03,1.114300000000000068e+01
1.419039099999999962e+03,1.116849999999999987e+01
1.419041500000000042e+03,1.124530000000000030e+01
1.419043899999999894e+03,1.135699999999999932e+01
1.419046399999999949e+03,1.148329999999999984e+01
1.419048800000000028e+03,1.160110000000000063e+01
1.419051300000000083e+03,1.169599999999999973e+01
1.419053699999999935e+03,1.176130000000000031e+01
1.419056199999999990e+03,1.178669999999999973e+01
1.419058600000000069e+03,1.176370000000000005e+01
1.419060999999999922e+03,1.170500000000000007e+01
1.419063499999999976e+03,1.164480000000000004e+01
1.419065900000000056e+03,1.161139999999999972e+01
1.419068400000000111e+03,1.160640000000000072e+01
1.419070799999999963e+03,1.161599999999999966e+01
1.419073200000000043e+03,1.164400000000000013e+01
1.419075700000000097e+03,1.172059999999999924e+01
1.419078099999999949e+03,1.187320000000000064e+01
1.419080600000000004e+03,1.209120000000000061e+01
1.419083000000000084e+03,1.231060000000000088e+01
1.419085399999999936e+03,1.242730000000000068e+01
1.419087899999999991e+03,1.235149999999999970e+01
1.419090300000000070e+03,1.208159999999999989e+01
1.419092799999999897e+03,1.172199999999999953e+01
1.419095199999999977e+03,1.141430000000000078e+01
1.419097700000000032e+03,1.125070000000000014e+01
1.419100100000000111e+03,1.124390000000000001e+01
1.419102499999999964e+03,1.134830000000000005e+01
1.419105000000000018e+03,1.149830000000000041e+01
1.419107400000000098e+03,1.163599999999999923e+01
1.419109899999999925e+03,1.171819999999999951e+01
1.419112300000000005e+03,1.171780000000000044e+01
1.419114700000000084e+03,1.163610000000000078e+01
1.419117199999999912e+03,1.151069999999999993e+01
1.419119599999999991e+03,1.139489999999999981e+01
1.419122100000000046e+03,1.131959999999999944e+01
1.419124499999999898e+03,1.127790000000000070e+01
1.419126999999999953e+03,1.124709999999999965e+01
1.419129400000000032e+03,1.122230000000000061e+01
1.419131800000000112e+03,1.122150000000000070e+01
1.419134299999999939e+03,1.126249999999999929e+01
1.419136700000000019e+03,1.134670000000000023e+01
1.419139200000000073e+03,1.146189999999999998e+01
1.419141599999999926e+03,1.158929999999999971e+01
1.419144000000000005e+03,1.170490000000000030e+01
1.419146500000000060e+03,1.177860000000000085e+01
1.419148899999999912e+03,1.178170000000000073e+01
1.419151399999999967e+03,1.170369999999999955e+01
1.419153800000000047e+03,1.156109999999999971e+01
1.419156199999999899e+03,1.138969999999999949e+01
1.419158699999999953e+03,1.123039999999999949e+01
1.419161100000000033e+03,1.111500000000000021e+01
1.419163600000000088e+03,1.105100000000000016e+01
1.419165999999999940e+03,1.102469999999999928e+01
1.419168499999999995e+03,1.102720000000000056e+01
1.419170900000000074e+03,1.106259999999999977e+01
1.419173299999999927e+03,1.111800000000000033e+01
1.419175799999999981e+03,1.114509999999999934e+01
1.419178200000000061e+03,1.109660000000000046e+01
1.419180699999999888e+03,1.097949999999999982e+01
1.419183099999999968e+03,1.085389999999999944e+01
1.419185500000000047e+03,1.077999999999999936e+01
1.419188000000000102e+03,1.078059999999999974e+01
1.419190399999999954e+03,1.084370000000000012e+01
1.419192900000000009e+03,1.093249999999999922e+01
1.419195300000000088e+03,1.100089999999999968e+01
1.419197799999999916e+03,1.102800000000000047e+01
1.419200199999999995e+03,1.103449999999999953e+01
1.419202600000000075e+03,1.104950000000000010e+01
1.419205099999999902e+03,1.106900000000000084e+01
1.419207499999999982e+03,1.106739999999999924e+01
1.419210000000000036e+03,1.104599999999999937e+01
1.419212399999999889e+03,1.104480000000000040e+01
1.419214799999999968e+03,1.109590000000000032e+01
1.419217300000000023e+03,1.117910000000000004e+01
1.419219700000000103e+03,1.124200000000000088e+01
1.419222199999999930e+03,1.125079999999999991e+01
1.419224600000000009e+03,1.121110000000000007e+01
1.419227100000000064e+03,1.114669999999999916e+01
1.419229499999999916e+03,1.107900000000000063e+01
1.419231899999999996e+03,1.102410000000000068e+01
1.419234400000000051e+03,1.099300000000000033e+01
1.419236799999999903e+03,1.099440000000000062e+01
1.419239299999999957e+03,1.104330000000000034e+01
1.419241700000000037e+03,1.115760000000000041e+01
1.419244099999999889e+03,1.133539999999999992e+01
1.419246599999999944e+03,1.154729999999999990e+01
1.419249000000000024e+03,1.175309999999999988e+01
1.419251500000000078e+03,1.191380000000000017e+01
1.419253899999999931e+03,1.198949999999999960e+01
1.419256300000000010e+03,1.195350000000000001e+01
1.419258800000000065e+03,1.182479999999999976e+01
1.419261199999999917e+03,1.166879999999999917e+01
1.419263699999999972e+03,1.154860000000000042e+01
1.419266100000000051e+03,1.148179999999999978e+01
1.419268600000000106e+03,1.144190000000000040e+01
1.419270999999999958e+03,1.138439999999999941e+01
1.419273400000000038e+03,1.127730000000000032e+01
1.419275900000000092e+03,1.113230000000000075e+01
1.419278299999999945e+03,1.101009999999999955e+01
1.419280799999999999e+03,1.097620000000000040e+01
1.419283200000000079e+03,1.104359999999999964e+01
1.419285599999999931e+03,1.116380000000000017e+01
1.419288099999999986e+03,1.127089999999999925e+01
1.419290500000000065e+03,1.133009999999999984e+01
1.419292999999999893e+03,1.134890000000000043e+01
1.419295399999999972e+03,1.135689999999999955e+01
1.419297900000000027e+03,1.138490000000000002e+01
1.419300300000000107e+03,1.145579999999999998e+01
1.419302699999999959e+03,1.156540000000000035e+01
1.419305200000000013e+03,1.166690000000000005e+01
1.419307600000000093e+03,1.169720000000000049e+01
1.419310099999999920e+03,1.163000000000000078e+01
1.419312500000000000e+03,1.149140000000000050e+01
1.419314900000000080e+03,1.132779999999999987e+01
1.419317399999999907e+03,1.117989999999999995e+01
1.419319799999999987e+03,1.107929999999999993e+01
1.419322300000000041e+03,1.103780000000000072e+01
1.419324699999999893e+03,1.103630000000000067e+01
1.419327099999999973e+03,1.104889999999999972e+01
1.419329600000000028e+03,1.107779999999999987e+01
1.419332000000000107e+03,1.113640000000000008e+01
1.419334499999999935e+03,1.120320000000000071e+01
1.419336900000000014e+03,1.122910000000000075e+01
1.419339400000000069e+03,1.119539999999999935e+01
1.419341799999999921e+03,1.113150000000000084e+01
1.419344200000000001e+03,1.107089999999999996e+01
1.419346700000000055e+03,1.101640000000000086e+01
1.419349099999999908e+03,1.095519999999999960e+01
1.419351599999999962e+03,1.088860000000000028e+01
1.419354000000000042e+03,1.083440000000000047e+01
1.419356399999999894e+03,1.080499999999999972e+01
1.419358899999999949e+03,1.079390000000000072e+01
1.419361300000000028e+03,1.078880000000000017e+01
1.419363800000000083e+03,1.078880000000000017e+01
1.419366199999999935e+03,1.079940000000000033e+01
1.419368699999999990e+03,1.081949999999999967e+01
1.419371100000000069e+03,1.084239999999999959e+01
1.419373499999999922e+03,1.086710000000000065e+01
1.419375999999999976e+03,1.089680000000000071e+01
1.419378400000000056e+03,1.092910000000000004e+01
1.419380900000000111e+03,1.096020000000000039e+01
1.419383299999999963e+03,1.100070000000000014e+01
1.419385700000000043e+03,1.107099999999999973e+01
1.419388200000000097e+03,1.116729999999999912e+01
1.419390599999999949e+03,1.124399999999999977e+01
1.419393100000000004e+03,1.125089999999999968e+01
1.419395500000000084e+03,1.118929999999999936e+01
1.419397899999999936e+03,1.111739999999999995e+01
1.419400399999999991e+03,1.108949999999999925e+01
1.419402800000000070e+03,1.110430000000000028e+01
1.419405299999999897e+03,1.112170000000000059e+01
1.419407699999999977e+03,1.111529999999999951e+01
1.419410200000000032e+03,1.109680000000000000e+01
1.419412600000000111e+03,1.109939999999999927e+01
1.419414999999999964e+03,1.114460000000000051e+01
1.419417500000000018e+03,1.121570000000000000e+01
1.419419900000000098e+03,1.126370000000000005e+01
1.419422399999999925e+03,1.124959999999999916e+01
1.419424800000000005e+03,1.117859999999999943e+01
1.419427200000000084e+03,1.109079999999999977e+01
1.419429699999999912e+03,1.102439999999999998e+01
1.419432099999999991e+03,1.098969999999999914e+01
1.419434600000000046e+03,1.096979999999999933e+01
1.419436999999999898e+03,1.094389999999999930e+01
1.419439499999999953e+03,1.091319999999999979e+01
1.419441900000000032e+03,1.090119999999999933e+01
1.419444300000000112e+03,1.092520000000000024e+01
1.419446799999999939e+03,1.097620000000000040e+01
1.419449200000000019e+03,1.103529999999999944e+01
1.419451700000000073e+03,1.109220000000000006e+01
1.419454099999999926e+03,1.113059999999999938e+01
1.419456500000000005e+03,1.111389999999999922e+01
1.419459000000000060e+03,1.102040000000000042e+01
1.419461399999999912e+03,1.089310000000000045e+01
1.419463899999999967e+03,1.082360000000000078e+01
1.419466300000000047e+03,1.086829999999999963e+01
1.419468800000000101e+03,1.099249999999999972e+01
1.419471199999999953e+03,1.110650000000000048e+01
1.419473600000000033e+03,1.115249999999999986e+01
1.419476100000000088e+03,1.114739999999999931e+01
1.419478499999999940e+03,1.114230000000000054e+01
1.419480999999999995e+03,1.115189999999999948e+01
1.419483400000000074e+03,1.113809999999999967e+01
1.419485799999999927e+03,1.106450000000000067e+01
1.419488299999999981e+03,1.094989999999999952e+01
1.419490700000000061e+03,1.085570000000000057e+01
1.419493199999999888e+03,1.082890000000000086e+01
1.419495599999999968e+03,1.086509999999999998e+01
1.419498000000000047e+03,1.091830000000000034e+01
1.419500500000000102e+03,1.094059999999999988e+01
1.419502899999999954e+03,1.092179999999999929e+01
1.419505400000000009e+03,1.089489999999999981e+01
1.419507800000000088e+03,1.089899999999999913e+01
1.419510299999999916e+03,1.093909999999999982e+01
1.419512699999999995e+03,1.099070000000000036e+01
1.419515100000000075e+03,1.103009999999999913e+01
1.419517599999999902e+03,1.104439999999999955e+01
1.419519999999999982e+03,1.102299999999999969e+01
1.419522500000000036e+03,1.095930000000000071e+01
1.419524899999999889e+03,1.086059999999999981e+01
1.419527299999999968e+03,1.074499999999999922e+01
1.419529800000000023e+03,1.063390000000000057e+01
1.419532200000000103e+03,1.054640000000000022e+01
1.419534699999999930e+03,1.049680000000000035e+01
1.419537100000000009e+03,1.049559999999999960e+01
1.419539600000000064e+03,1.054790000000000028e+01
1.419541999999999916e+03,1.064339999999999975e+01
1.419544399999999996e+03,1.075389999999999979e+01
1.419546900000000051e+03,1.086040000000000028e+01
1.419549299999999903e+03,1.097949999999999982e+01
1.419551799999999957e+03,1.113840000000000074e+01
1.419554200000000037e+03,1.132549999999999990e+01
1.419556599999999889e+03,1.148590000000000089e+01
1.419559099999999944e+03,1.156980000000000075e+01
1.419561500000000024e+03,1.156939999999999991e+01
1.419564000000000078e+03,1.150980000000000025e+01
1.419566399999999931e+03,1.141999999999999993e+01
1.419568800000000010e+03,1.131670000000000087e+01
1.419571300000000065e+03,1.120720000000000027e+01
1.419573699999999917e+03,1.109980000000000011e+01
1.419576199999999972e+03,1.100740000000000052e+01
1.419578600000000051e+03,1.094020000000000081e+01
1.419581100000000106e+03,1.089990000000000059e+01
1.419583499999999958e+03,1.088369999999999926e+01
1.419585900000000038e+03,1.089400000000000013e+01
1.419588400000000092e+03,1.094069999999999965e+01
1.419590799999999945e+03,1.102870000000000061e+01
1.419593299999999999e+03,1.113909999999999911e+01
1.419595700000000079e+03,1.122920000000000051e+01
1.419598099999999931e+03,1.126110000000000078e+01
1.419600599999999986e+03,1.122380000000000067e+01
1.419603000000000065e+03,1.112219999999999942e+01
1.419605499999999893e+03,1.096279999999999966e+01
1.419607899999999972e+03,1.076699999999999946e+01
1.419610400000000027e+03,1.058360000000000056e+01
1.419612800000000107e+03,1.046969999999999956e+01
1.419615199999999959e+03,1.045630000000000059e+01
1.419617700000000013e+03,1.052839999999999954e+01
1.419620100000000093e+03,1.063310000000000066e+01
1.419622599999999920e+03,1.071289999999999942e+01
1.419625000000000000e+03,1.074239999999999995e+01
1.419627400000000080e+03,1.073499999999999943e+01
1.419629899999999907e+03,1.071499999999999986e+01
1.419632299999999987e+03,1.068590000000000018e+01
1.419634800000000041e+03,1.063049999999999962e+01
1.419637199999999893e+03,1.054209999999999958e+01
1.419639599999999973e+03,1.044749999999999979e+01
1.419642100000000028e+03,1.039509999999999934e+01
1.419644500000000107e+03,1.041939999999999955e+01
1.419646999999999935e+03,1.051820000000000022e+01
1.419649400000000014e+03,1.066269999999999918e+01
1.419651900000000069e+03,1.082659999999999911e+01
1.419654299999999921e+03,1.100109999999999921e+01
1.419656700000000001e+03,1.117820000000000036e+01
1.419659200000000055e+03,1.132920000000000016e+01
1.419661599999999908e+03,1.141389999999999993e+01
1.419664099999999962e+03,1.141779999999999973e+01
1.419666500000000042e+03,1.137500000000000000e+01
1.419668899999999894e+03,1.134549999999999947e+01
1.419671399999999949e+03,1.136190000000000033e+01
1.419673800000000028e+03,1.139969999999999928e+01
1.419676300000000083e+03,1.139860000000000007e+01
1.419678699999999935e+03,1.131300000000000061e+01
1.419681199999999990e+03,1.115060000000000073e+01
1.419683600000000069e+03,1.097680000000000078e+01
1.419685999999999922e+03,1.087860000000000049e+01
1.419688499999999976e+03,1.091070000000000029e+01
1.419690900000000056e+03,1.106129999999999924e+01
1.419693400000000111e+03,1.125839999999999996e+01
1.419695799999999963e+03,1.140719999999999956e+01
1.419698200000000043e+03,1.144439999999999991e+01
1.419700700000000097e+03,1.137720000000000020e+01
1.419703099999999949e+03,1.126839999999999975e+01
1.419705600000000004e+03,1.117680000000000007e+01
1.419708000000000084e+03,1.111669999999999980e+01
1.419710399999999936e+03,1.107189999999999941e+01
1.419712899999999991e+03,1.102360000000000007e+01
1.419715300000000070e+03,1.095120000000000005e+01
1.419717799999999897e+03,1.083460000000000001e+01
1.419720199999999977e+03,1.068469999999999942e+01
1.419722700000000032e+03,1.056370000000000076e+01
1.419725100000000111e+03,1.054519999999999946e+01
1.419727499999999964e+03,1.065049999999999919e+01
1.419730000000000018e+03,1.082869999999999955e+01
1.419732400000000098e+03,1.099259999999999948e+01
1.419734899999999925e+03,1.106760000000000055e+01
1.419737300000000005e+03,1.102749999999999986e+01
1.419739700000000084e+03,1.090670000000000073e+01
1.419742199999999912e+03,1.077549999999999919e+01
1.419744599999999991e+03,1.068709999999999916e+01
1.419747100000000046e+03,1.064780000000000015e+01
1.419749499999999898e+03,1.065010000000000012e+01
1.419751999999999953e+03,1.071799999999999997e+01
1.419754400000000032e+03,1.088780000000000037e+01
1.419756800000000112e+03,1.114209999999999923e+01
1.419759299999999939e+03,1.139049999999999940e+01
1.419761700000000019e+03,1.153369999999999962e+01
1.419764200000000073e+03,1.153930000000000078e+01
1.419766599999999926e+03,1.145340000000000025e+01
1.419769000000000005e+03,1.134639999999999915e+01
1.419771500000000060e+03,1.125440000000000040e+01
1.419773899999999912e+03,1.116670000000000051e+01
1.419776399999999967e+03,1.106020000000000003e+01
1.419778800000000047e+03,1.094350000000000023e+01
1.419781199999999899e+03,1.086589999999999989e+01
1.419783699999999953e+03,1.087669999999999959e+01
1.419786100000000033e+03,1.097080000000000055e+01
1.419788600000000088e+03,1.108419999999999916e+01
1.419790999999999940e+03,1.115140000000000065e+01
1.419793499999999995e+03,1.115900000000000070e+01
1.419795900000000074e+03,1.113850000000000051e+01
1.419798299999999927e+03,1.111839999999999939e+01
1.419800799999999981e+03,1.109880000000000067e+01
1.419803200000000061e+03,1.106850000000000023e+01
1.419805699999999888e+03,1.102590000000000003e+01
1.419808099999999968e+03,1.097049999999999947e+01
1.419810500000000047e+03,1.089000000000000057e+01
1.419813000000000102e+03,1.078270000000000017e+01
1.419815399999999954e+03,1.069299999999999962e+01
1.419817900000000009e+03,1.068810000000000038e+01
1.419820300000000088e+03,1.078589999999999982e+01
1.419822799999999916e+03,1.092960000000000065e+01
1.419825199999999995e+03,1.104219999999999935e+01
1.419827600000000075e+03,1.107789999999999964e+01
1.419830099999999902e+03,1.101750000000000007e+01
1.419832499999999982e+03,1.086309999999999931e+01
1.419835000000000036e+03,1.066089999999999982e+01
1.419837399999999889e+03,1.050000000000000000e+01
1.419839799999999968e+03,1.045560000000000045e+01
1.419842300000000023e+03,1.053400000000000070e+01
1.419844700000000103e+03,1.067750000000000021e+01
1.419847199999999930e+03,1.081990000000000052e+01
1.419849600000000009e+03,1.093779999999999930e+01
1.419852100000000064e+03,1.105209999999999937e+01
1.419854499999999916e+03,1.118340000000000067e+01
1.419856899999999996e+03,1.131780000000000008e+01
1.419859400000000051e+03,1.141910000000000025e+01
1.419861799999999903e+03,1.146449999999999925e+01
1.419864299999999957e+03,1.145790000000000042e+01
1.419866700000000037e+03,1.141600000000000037e+01
1.419869099999999889e+03,1.135319999999999929e+01
1.419871599999999944e+03,1.128009999999999913e+01
1.419874000000000024e+03,1.121199999999999974e+01
1.419876500000000078e+03,1.117379999999999995e+01
1.419878899999999931e+03,1.118260000000000076e+01
1.419881300000000010e+03,1.121899999999999942e+01
1.419883800000000065e+03,1.123019999999999996e+01
1.419886199999999917e+03,1.117839999999999989e+01
1.419888699999999972e+03,1.108319999999999972e+01
1.419891100000000051e+03,1.100380000000000003e+01
1.419893600000000106e+03,1.098010000000000019e+01
1.419895999999999958e+03,1.100319999999999965e+01
1.419898400000000038e+03,1.103989999999999938e+01
1.419900900000000092e+03,1.106760000000000055e+01
1.419903299999999945e+03,1.108000000000000007e+01
1.419905799999999999e+03,1.107869999999999955e+01
1.419908200000000079e+03,1.107370000000000054e+01
1.419910599999999931e+03,1.108590000000000053e+01
1.419913099999999986e+03,1.113569999999999993e+01
1.419915500000000065e+03,1.122639999999999993e+01
1.419917999999999893e+03,1.133779999999999966e+01
1.419920399999999972e+03,1.143389999999999951e+01
1.419922900000000027e+03,1.148550000000000004e+01
1.419925300000000107e+03,1.149489999999999945e+01
1.419927699999999959e+03,1.149440000000000062e+01
1.419930200000000013e+03,1.151469999999999949e+01
1.419932600000000093e+03,1.156400000000000006e+01
1.419935099999999920e+03,1.164049999999999940e+01
1.419937500000000000e+03,1.174430000000000085e+01
1.419939900000000080e+03,1.187839999999999918e+01
1.419942399999999907e+03,1.206610000000000049e+01
1.419944799999999987e+03,1.238840000000000074e+01
1.419947300000000041e+03,1.297429999999999950e+01
1.419949699999999893e+03,1.387770000000000081e+01
1.419952099999999973e+03,1.491920000000000002e+01
1.419954600000000028e+03,1.569839999999999947e+01
1.419957000000000107e+03,1.586560000000000059e+01
1.419959499999999935e+03,1.541779999999999973e+01
1.419961900000000014e+03,1.468609999999999971e+01
1.419964400000000069e+03,1.403999999999999915e+01
1.419966799999999921e+03,1.364939999999999998e+01
1.419969200000000001e+03,1.349709999999999965e+01
1.419971700000000055e+03,1.351440000000000019e+01
1.419974099999999908e+03,1.365549999999999997e+01
1.419976599999999962e+03,1.387240000000000073e+01
1.419979000000000042e+03,1.407929999999999993e+01
1.419981399999999894e+03,1.418169999999999931e+01
1.419983899999999949e+03,1.414949999999999974e+01
1.419986300000000028e+03,1.404920000000000080e+01
1.419988800000000083e+03,1.400479999999999947e+01
1.419991199999999935e+03,1.413139999999999930e+01
1.419993699999999990e+03,1.450650000000000084e+01
1.419996100000000069e+03,1.518110000000000070e+01
1.419998499999999922e+03,1.615220000000000056e+01
1.420000999999999976e+03,1.725690000000000168e+01
1.420003400000000056e+03,1.812280000000000157e+01
1.420005900000000111e+03,1.835549999999999926e+01
1.420008299999999963e+03,1.785399999999999920e+01
1.420010700000000043e+03,1.690650000000000119e+01
1.420013200000000097e+03,1.594529999999999959e+01
1.420015599999999949e+03,1.523690000000000033e+01
1.420018100000000004e+03,1.479570000000000007e+01
1.420020500000000084e+03,1.450919999999999987e+01
1.420022899999999936e+03,1.427650000000000041e+01
1.420025399999999991e+03,1.405139999999999922e+01
1.420027800000000070e+03,1.382399999999999984e+01
1.420030299999999897e+03,1.361529999999999951e+01
1.420032699999999977e+03,1.350569999999999915e+01
1.420035200000000032e+03,1.364869999999999983e+01
1.420037600000000111e+03,1.418500000000000050e+01
1.420039999999999964e+03,1.505259999999999998e+01
1.420042500000000018e+03,1.586700000000000088e+01
1.420044900000000098e+03,1.611400000000000077e+01
1.420047399999999925e+03,1.557319999999999993e+01
1.420049800000000005e+03,1.451270000000000060e+01
1.420052200000000084e+03,1.342239999999999966e+01
1.420054699999999912e+03,1.263250000000000028e+01
1.420057099999999991e+03,1.220570000000000022e+01
1.420059600000000046e+03,1.205160000000000053e+01
1.420061999999999898e+03,1.204579999999999984e+01
1.420064499999999953e+03,1.208760000000000012e+01
1.420066900000000032e+03,1.212030000000000030e+01
1.420069300000000112e+03,1.212340000000000018e+01
1.420071799999999939e+03,1.209190000000000076e+01
1.420074200000000019e+03,1.202679999999999971e+01
1.420076700000000073e+03,1.192740000000000045e+01
1.420079099999999926e+03,1.178759999999999941e+01
1.420081500000000005e+03,1.160849999999999937e+01
1.420084000000000060e+03,1.141460000000000008e+01
1.420086399999999912e+03,1.124520000000000053e+01
1.420088899999999967e+03,1.113610000000000078e+01
1.420091300000000047e+03,1.111960000000000015e+01
1.420093800000000101e+03,1.121899999999999942e+01
1.420096199999999953e+03,1.141690000000000005e+01
1.420098600000000033e+03,1.162889999999999979e+01
1.420101100000000088e+03,1.173859999999999992e+01
1.420103499999999940e+03,1.168469999999999942e+01
1.420105999999999995e+03,1.151699999999999946e+01
1.420108400000000074e+03,1.135069999999999979e+01
1.420110799999999927e+03,1.126210000000000022e+01
1.420113299999999981e+03,1.124499999999999922e+01
1.420115700000000061e+03,1.125810000000000066e+01
1.420118199999999888e+03,1.127079999999999949e+01
1.420120599999999968e+03,1.126099999999999923e+01
1.420123000000000047e+03,1.121419999999999995e+01
1.420125500000000102e+03,1.114710000000000001e+01
1.420127899999999954e+03,1.110539999999999949e+01
1.420130400000000009e+03,1.111550000000000082e+01
1.420132800000000088e+03,1.115569999999999951e+01
1.420135299999999916e+03,1.118149999999999977e+01
1.420137699999999995e+03,1.117009999999999970e+01
1.420140100000000075e+03,1.113330000000000020e+01
1.420142599999999902e+03,1.109319999999999951e+01
1.420144999999999982e+03,1.105090000000000039e+01
1.420147500000000036e+03,1.098569999999999958e+01
1.420149899999999889e+03,1.089039999999999964e+01
1.420152299999999968e+03,1.080090000000000039e+01
1.420154800000000023e+03,1.077560000000000073e+01
1.420157200000000103e+03,1.083949999999999925e+01
1.420159699999999930e+03,1.095809999999999995e+01
1.420162100000000009e+03,1.107070000000000043e+01
1.420164600000000064e+03,1.114419999999999966e+01
1.420166999999999916e+03,1.118759999999999977e+01
1.420169399999999996e+03,1.122250000000000014e+01
1.420171900000000051e+03,1.125200000000000067e+01
1.420174299999999903e+03,1.125960000000000072e+01
1.420176799999999957e+03,1.123440000000000083e+01
1.420179200000000037e+03,1.119490000000000052e+01
1.420181599999999889e+03,1.118180000000000085e+01
1.420184099999999944e+03,1.122540000000000049e+01
1.420186500000000024e+03,1.131750000000000078e+01
1.420189000000000078e+03,1.140700000000000003e+01
1.420191399999999931e+03,1.143040000000000056e+01
1.420193800000000010e+03,1.136270000000000024e+01
1.420196300000000065e+03,1.124339999999999939e+01
1.420198699999999917e+03,1.113860000000000028e+01
1.420201199999999972e+03,1.107390000000000008e+01
1.420203600000000051e+03,1.101360000000000028e+01
1.420206100000000106e+03,1.091140000000000043e+01
1.420208499999999958e+03,1.077069999999999972e+01
1.420210900000000038e+03,1.064409999999999989e+01
1.420213400000000092e+03,1.057729999999999926e+01
1.420215799999999945e+03,1.056170000000000009e+01
1.420218299999999999e+03,1.054550000000000054e+01
1.420220700000000079e+03,1.048889999999999922e+01
1.420223099999999931e+03,1.040220000000000056e+01
1.420225599999999986e+03,1.032990000000000030e+01
1.420228000000000065e+03,1.031060000000000088e+01
1.420230499999999893e+03,1.035529999999999973e+01
1.420232899999999972e+03,1.044180000000000064e+01
1.420235400000000027e+03,1.051849999999999952e+01
1.420237800000000107e+03,1.053129999999999988e+01
1.420240199999999959e+03,1.046480000000000032e+01
1.420242700000000013e+03,1.035650000000000048e+01
1.420245100000000093e+03,1.026750000000000007e+01
1.420247599999999920e+03,1.023750000000000071e+01
1.420250000000000000e+03,1.026730000000000054e+01
1.420252400000000080e+03,1.033120000000000083e+01
1.420254899999999907e+03,1.039780000000000015e+01
1.420257299999999987e+03,1.044369999999999976e+01
1.420259800000000041e+03,1.046149999999999913e+01
1.420262199999999893e+03,1.046390000000000065e+01
1.420264599999999973e+03,1.046819999999999951e+01
1.420267100000000028e+03,1.046630000000000038e+01
1.420269500000000107e+03,1.042309999999999981e+01
1.420271999999999935e+03,1.032440000000000069e+01
1.420274400000000014e+03,1.021380000000000088e+01
1.420276900000000069e+03,1.015760000000000041e+01
1.420279299999999921e+03,1.018040000000000056e+01
1.420281700000000001e+03,1.025399999999999956e+01
1.420284200000000055e+03,1.033520000000000039e+01
1.420286599999999908e+03,1.039029999999999987e+01
1.420289099999999962e+03,1.040080000000000027e+01
1.420291500000000042e+03,1.038150000000000084e+01
1.420293899999999894e+03,1.038949999999999996e+01
1.420296399999999949e+03,1.048220000000000063e+01
1.420298800000000028e+03,1.065039999999999942e+01
1.420301300000000083e+03,1.080940000000000012e+01
1.420303699999999935e+03,1.086759999999999948e+01
1.420306199999999990e+03,1.080659999999999954e+01
1.420308600000000069e+03,1.068839999999999968e+01
1.420310999999999922e+03,1.058970000000000056e+01
1.420313499999999976e+03,1.054139999999999944e+01
1.420315900000000056e+03,1.053170000000000073e+01
1.420318400000000111e+03,1.054180000000000028e+01
1.420320799999999963e+03,1.056039999999999957e+01
1.420323200000000043e+03,1.058079999999999998e+01
1.420325700000000097e+03,1.061330000000000062e+01
1.420328099999999949e+03,1.068479999999999919e+01
1.420330600000000004e+03,1.080680000000000085e+01
1.420333000000000084e+03,1.094619999999999926e+01
1.420335399999999936e+03,1.103619999999999912e+01
1.420337899999999991e+03,1.102069999999999972e+01
1.420340300000000070e+03,1.089949999999999974e+01
1.420342799999999897e+03,1.073639999999999972e+01
1.420345199999999977e+03,1.061270000000000024e+01
1.420347700000000032e+03,1.056499999999999950e+01
1.420350100000000111e+03,1.057489999999999952e+01
1.420352499999999964e+03,1.061630000000000074e+01
1.420355000000000018e+03,1.069020000000000081e+01
1.420357400000000098e+03,1.080330000000000013e+01
1.420359899999999925e+03,1.093570000000000064e+01
1.420362300000000005e+03,1.104400000000000048e+01
1.420364700000000084e+03,1.108740000000000059e+01
1.420367199999999912e+03,1.105199999999999960e+01
1.420369599999999991e+03,1.096369999999999933e+01
1.420372100000000046e+03,1.088080000000000069e+01
1.420374499999999898e+03,1.085159999999999947e+01
1.420376999999999953e+03,1.087090000000000067e+01
1.420379400000000032e+03,1.088540000000000063e+01
1.420381800000000112e+03,1.085330000000000084e+01
1.420384299999999939e+03,1.079620000000000068e+01
1.420386700000000019e+03,1.078420000000000023e+01
1.420389200000000073e+03,1.086790000000000056e+01
1.420391599999999926e+03,1.103989999999999938e+01
1.420394000000000005e+03,1.126140000000000008e+01
1.420396500000000060e+03,1.150290000000000035e+01
1.420398899999999912e+03,1.174489999999999945e+01
1.420401399999999967e+03,1.195390000000000086e+01
1.420403800000000047e+03,1.208290000000000042e+01
1.420406199999999899e+03,1.210299999999999976e+01
1.420408699999999953e+03,1.203020000000000067e+01
1.420411100000000033e+03,1.191820000000000057e+01
1.420413600000000088e+03,1.182360000000000078e+01
1.420415999999999940e+03,1.178090000000000082e+01
1.420418499999999995e+03,1.180020000000000024e+01
1.420420900000000074e+03,1.187110000000000021e+01
1.420423299999999927e+03,1.196550000000000047e+01
1.420425799999999981e+03,1.205199999999999960e+01
1.420428200000000061e+03,1.212310000000000088e+01
1.420430699999999888e+03,1.221139999999999937e+01
1.420433099999999968e+03,1.236839999999999939e+01
1.420435500000000047e+03,1.261589999999999989e+01
1.420438000000000102e+03,1.291929999999999978e+01
1.420440399999999954e+03,1.321209999999999951e+01
1.420442900000000009e+03,1.344609999999999950e+01
1.420445300000000088e+03,1.362390000000000079e+01
1.420447799999999916e+03,1.379540000000000077e+01
1.420450199999999995e+03,1.403110000000000035e+01
1.420452600000000075e+03,1.438579999999999970e+01
1.420455099999999902e+03,1.487579999999999991e+01
1.420457499999999982e+03,1.548700000000000010e+01
1.420460000000000036e+03,1.620029999999999859e+01
1.420462399999999889e+03,1.700349999999999895e+01
1.420464799999999968e+03,1.788929999999999865e+01
1.420467300000000023e+03,1.886090000000000089e+01
1.420469700000000103e+03,1.993370000000000175e+01
1.420472199999999930e+03,2.111159999999999926e+01
1.420474600000000009e+03,2.235839999999999961e+01
1.420477100000000064e+03,2.362020000000000053e+01
1.420479499999999916e+03,2.489219999999999899e+01
1.420481899999999996e+03,2.624980000000000047e+01
1.420484400000000051e+03,2.779139999999999944e+01
1.420486799999999903e+03,2.954860000000000042e+01
1.420489299999999957e+03,3.146709999999999852e+01
1.420491700000000037e+03,3.348010000000000019e+01
1.420494099999999889e+03,3.558579999999999899e+01
1.420496599999999944e+03,3.783590000000000231e+01
1.420499000000000024e+03,4.023960000000000292e+01
1.420501500000000078e+03,4.269539999999999935e+01
1.420503899999999931e+03,4.504500000000000171e+01
1.420506300000000010e+03,4.719339999999999691e+01
1.420508800000000065e+03,4.915619999999999834e+01
1.420511199999999917e+03,5.099860000000000326e+01
1.420513699999999972e+03,5.275410000000000110e+01
1.420516100000000051e+03,5.439180000000000348e+01
1.420518600000000106e+03,5.583200000000000074e+01
1.420520999999999958e+03,5.699009999999999820e+01
1.420523400000000038e+03,5.782659999999999911e+01
1.420525900000000092e+03,5.837210000000000321e+01
1.420528299999999945e+03,5.870739999999999981e+01
1.420530799999999999e+03,5.892009999999999792e+01
1.420533200000000079e+03,5.907189999999999941e+01
1.420535599999999931e+03,5.919100000000000250e+01
1.420538099999999986e+03,5.927570000000000050e+01
1.420540500000000065e+03,5.929769999999999897e+01
1.420542999999999893e+03,5.920790000000000219e+01
1.420545399999999972e+03,5.895519999999999783e+01
1.420547900000000027e+03,5.851780000000000115e+01
1.420550300000000107e+03,5.792360000000000042e+01
1.420552699999999959e+03,5.723259999999999792e+01
1.420555200000000013e+03,5.649300000000000210e+01
1.420557600000000093e+03,5.570960000000000178e+01
1.420560099999999920e+03,5.485540000000000305e+01
1.420562500000000000e+03,5.390610000000000213e+01
1.420564900000000080e+03,5.286059999999999803e+01
1.420567399999999907e+03,5.173210000000000264e+01
1.420569799999999987e+03,5.053540000000000276e+01
1.420572300000000041e+03,4.929480000000000217e+01
1.420574699999999893e+03,4.805879999999999797e+01
1.420577099999999973e+03,4.689000000000000057e+01
1.420579600000000028e+03,4.582500000000000284e+01
1.420582000000000107e+03,4.484129999999999683e+01
1.420584499999999935e+03,4.387409999999999854e+01
1.420586900000000014e+03,4.287980000000000302e+01
1.420589400000000069e+03,4.188000000000000256e+01
1.420591799999999921e+03,4.093849999999999767e+01
1.420594200000000001e+03,4.010779999999999745e+01
1.420596700000000055e+03,3.939820000000000277e+01
1.420599099999999908e+03,3.878020000000000067e+01
1.420601599999999962e+03,3.820069999999999766e+01
1.420604000000000042e+03,3.760510000000000019e+01
1.420606399999999894e+03,3.695499999999999829e+01
1.420608899999999949e+03,3.623619999999999663e+01
1.420611300000000028e+03,3.546209999999999951e+01
1.420613800000000083e+03,3.466009999999999991e+01
1.420616199999999935e+03,3.384329999999999927e+01
1.420618699999999990e+03,3.300690000000000168e+01
1.420621100000000069e+03,3.216230000000000189e+01
1.420623499999999922e+03,3.136120000000000019e+01
1.420625999999999976e+03,3.067379999999999995e+01
1.420628400000000056e+03,3.013990000000000080e+01
1.420630900000000111e+03,2.972700000000000031e+01
1.420633299999999963e+03,2.933699999999999974e+01
1.420635700000000043e+03,2.887490000000000023e+01
1.420638200000000097e+03,2.832700000000000173e+01
1.420640599999999949e+03,2.776239999999999952e+01
1.420643100000000004e+03,2.725550000000000139e+01
1.420645500000000084e+03,2.682219999999999871e+01
1.420647899999999936e+03,2.643339999999999890e+01
1.420650399999999991e+03,2.606640000000000157e+01
1.420652800000000070e+03,2.573089999999999833e+01
1.420655299999999897e+03,2.545050000000000168e+01
1.420657699999999977e+03,2.523329999999999984e+01
1.420660200000000032e+03,2.506629999999999825e+01
1.420662600000000111e+03,2.493530000000000157e+01
1.420664999999999964e+03,2.483579999999999899e+01
1.420667500000000018e+03,2.476340000000000074e+01
1.420669900000000098e+03,2.470540000000000092e+01
1.420672399999999925e+03,2.464989999999999881e+01
1.420674800000000005e+03,2.459959999999999880e+01
1.420677200000000084e+03,2.457059999999999889e+01
1.420679699999999912e+03,2.457300000000000040e+01
1.420682099999999991e+03,2.458719999999999928e+01
1.420684600000000046e+03,2.456520000000000081e+01
1.420686999999999898e+03,2.447090000000000032e+01
1.420689499999999953e+03,2.432779999999999987e+01
1.420691900000000032e+03,2.421669999999999945e+01
1.420694300000000112e+03,2.420629999999999882e+01
1.420696799999999939e+03,2.428509999999999991e+01
1.420699200000000019e+03,2.438250000000000028e+01
1.420701700000000073e+03,2.445360000000000156e+01
1.420704099999999926e+03,2.451109999999999900e+01
1.420706500000000005e+03,2.457389999999999830e+01
1.420709000000000060e+03,2.462699999999999889e+01
1.420711399999999912e+03,2.464150000000000063e+01
1.420713899999999967e+03,2.460279999999999845e+01
1.420716300000000047e+03,2.451150000000000162e+01
1.420718800000000101e+03,2.438589999999999947e+01
1.420721199999999953e+03,2.428000000000000114e+01
1.420723600000000033e+03,2.426910000000000167e+01
1.420726100000000088e+03,2.438410000000000011e+01
1.420728499999999940e+03,2.456500000000000128e+01
1.420730999999999995e+03,2.470169999999999888e+01
1.420733400000000074e+03,2.472569999999999979e+01
1.420735799999999927e+03,2.465820000000000078e+01
1.420738299999999981e+03,2.457710000000000150e+01
1.420740700000000061e+03,2.454810000000000159e+01
1.420743199999999888e+03,2.458139999999999858e+01
1.420745599999999968e+03,2.464179999999999993e+01
1.420748000000000047e+03,2.469699999999999918e+01
1.420750500000000102e+03,2.474190000000000111e+01
1.420752899999999954e+03,2.477400000000000091e+01
1.420755400000000009e+03,2.476780000000000115e+01
1.420757800000000088e+03,2.469869999999999877e+01
1.420760299999999916e+03,2.458849999999999980e+01
1.420762699999999995e+03,2.449719999999999942e+01
1.420765100000000075e+03,2.446000000000000085e+01
1.420767599999999902e+03,2.444839999999999947e+01
1.420769999999999982e+03,2.440380000000000038e+01
1.420772500000000036e+03,2.429530000000000101e+01
1.420774899999999889e+03,2.414229999999999876e+01
1.420777299999999968e+03,2.399510000000000076e+01
1.420779800000000023e+03,2.389900000000000091e+01
1.420782200000000103e+03,2.386469999999999914e+01
1.420784699999999930e+03,2.386380000000000123e+01
1.420787100000000009e+03,2.385150000000000148e+01
1.420789600000000064e+03,2.379299999999999926e+01
1.420791999999999916e+03,2.367739999999999867e+01
1.420794399999999996e+03,2.351729999999999876e+01
1.420796900000000051e+03,2.333820000000000050e+01
1.420799299999999903e+03,2.317160000000000153e+01
1.420801799999999957e+03,2.304899999999999949e+01
1.420804200000000037e+03,2.298649999999999949e+01
1.420806599999999889e+03,2.296999999999999886e+01
1.420809099999999944e+03,2.297040000000000148e+01
1.420811500000000024e+03,2.296989999999999910e+01
1.420814000000000078e+03,2.296320000000000050e+01
1.420816399999999931e+03,2.293649999999999878e+01
1.420818800000000010e+03,2.286430000000000007e+01
1.420821300000000065e+03,2.273679999999999879e+01
1.420823699999999917e+03,2.257819999999999894e+01
1.420826199999999972e+03,2.242739999999999867e+01
1.420828600000000051e+03,2.230910000000000082e+01
1.420831100000000106e+03,2.223560000000000159e+01
1.420833499999999958e+03,2.221900000000000119e+01
1.420835900000000038e+03,2.225900000000000034e+01
1.420838400000000092e+03,2.231909999999999883e+01
1.420840799999999945e+03,2.234149999999999991e+01
1.420843299999999999e+03,2.229789999999999850e+01
1.420845700000000079e+03,2.221640000000000015e+01
1.420848099999999931e+03,2.215530000000000044e+01
1.420850599999999986e+03,2.215919999999999845e+01
1.420853000000000065e+03,2.223089999999999833e+01
1.420855499999999893e+03,2.232770000000000010e+01
1.420857899999999972e+03,2.238109999999999999e+01
1.420860400000000027e+03,2.233230000000000004e+01
1.420862800000000107e+03,2.216189999999999927e+01
1.420865199999999959e+03,2.190080000000000027e+01
1.420867700000000013e+03,2.161730000000000018e+01
1.420870100000000093e+03,2.138870000000000005e+01
1.420872599999999920e+03,2.127680000000000149e+01
1.420875000000000000e+03,2.130480000000000018e+01
1.420877400000000080e+03,2.143629999999999924e+01
1.420879899999999907e+03,2.158909999999999840e+01
1.420882299999999987e+03,2.168459999999999965e+01
1.420884800000000041e+03,2.168440000000000012e+01
1.420887199999999893e+03,2.159069999999999823e+01
1.420889599999999973e+03,2.142719999999999914e+01
1.420892100000000028e+03,2.122459999999999880e+01
1.420894500000000107e+03,2.101679999999999993e+01
1.420896999999999935e+03,2.085190000000000055e+01
1.420899400000000014e+03,2.079469999999999885e+01
1.420901900000000069e+03,2.089999999999999858e+01
1.420904299999999921e+03,2.116430000000000078e+01
1.420906700000000001e+03,2.150199999999999889e+01
1.420909200000000055e+03,2.177209999999999823e+01
1.420911599999999908e+03,2.184440000000000026e+01
1.420914099999999962e+03,2.166689999999999827e+01
1.420916500000000042e+03,2.128999999999999915e+01
1.420918899999999894e+03,2.083040000000000092e+01
1.420921399999999949e+03,2.040240000000000009e+01
1.420923800000000028e+03,2.007059999999999889e+01
1.420926300000000083e+03,1.984819999999999851e+01
1.420928699999999935e+03,1.972439999999999927e+01
1.420931199999999990e+03,1.968459999999999965e+01
1.420933600000000069e+03,1.970429999999999993e+01
1.420935999999999922e+03,1.973610000000000042e+01
1.420938499999999976e+03,1.972510000000000119e+01
1.420940900000000056e+03,1.964519999999999911e+01
1.420943400000000111e+03,1.951099999999999923e+01
1.420945799999999963e+03,1.935140000000000171e+01
1.420948200000000043e+03,1.918550000000000111e+01
1.420950700000000097e+03,1.902599999999999980e+01
1.420953099999999949e+03,1.889499999999999957e+01
1.420955600000000004e+03,1.882039999999999935e+01
1.420958000000000084e+03,1.880519999999999925e+01
1.420960399999999936e+03,1.880499999999999972e+01
1.420962899999999991e+03,1.875730000000000075e+01
1.420965300000000070e+03,1.864570000000000149e+01
1.420967799999999897e+03,1.852540000000000120e+01
1.420970199999999977e+03,1.846699999999999875e+01
1.420972700000000032e+03,1.847749999999999915e+01
1.420975100000000111e+03,1.849849999999999994e+01
1.420977499999999964e+03,1.847690000000000055e+01
1.420980000000000018e+03,1.841140000000000043e+01
1.420982400000000098e+03,1.833269999999999911e+01
1.420984899999999925e+03,1.826579999999999870e+01
1.420987300000000005e+03,1.820830000000000126e+01
1.420989700000000084e+03,1.812409999999999854e+01
1.420992199999999912e+03,1.797090000000000032e+01
1.420994599999999991e+03,1.775179999999999936e+01
1.420997100000000046e+03,1.752199999999999847e+01
1.420999499999999898e+03,1.733230000000000004e+01
1.421001999999999953e+03,1.718070000000000164e+01
1.421004400000000032e+03,1.702980000000000160e+01
1.421006800000000112e+03,1.685579999999999856e+01
1.421009299999999939e+03,1.666809999999999903e+01
1.421011700000000019e+03,1.648590000000000089e+01
1.421014200000000073e+03,1.630480000000000018e+01
1.421016599999999926e+03,1.609590000000000032e+01
1.421019000000000005e+03,1.583600000000000030e+01
1.421021500000000060e+03,1.553270000000000017e+01
1.421023899999999912e+03,1.522049999999999947e+01
1.421026399999999967e+03,1.494560000000000066e+01
1.421028800000000047e+03,1.474600000000000044e+01
1.421031199999999899e+03,1.462459999999999916e+01
1.421033699999999953e+03,1.453870000000000040e+01
1.421036100000000033e+03,1.443030000000000079e+01
1.421038600000000088e+03,1.427250000000000085e+01
1.421040999999999940e+03,1.408539999999999992e+01
1.421043499999999995e+03,1.390770000000000017e+01
1.421045900000000074e+03,1.375530000000000008e+01
1.421048299999999927e+03,1.360500000000000043e+01
1.421050799999999981e+03,1.342130000000000045e+01
1.421053200000000061e+03,1.319749999999999979e+01
1.421055699999999888e+03,1.296570000000000000e+01
1.421058099999999968e+03,1.277500000000000036e+01
1.421060500000000047e+03,1.267159999999999975e+01
1.421063000000000102e+03,1.268640000000000079e+01
1.421065399999999954e+03,1.280749999999999922e+01
1.421067900000000009e+03,1.296059999999999945e+01
1.421070300000000088e+03,1.304640000000000022e+01
1.421072799999999916e+03,1.301309999999999967e+01
1.421075199999999995e+03,1.288490000000000002e+01
1.421077600000000075e+03,1.272189999999999976e+01
1.421080099999999902e+03,1.256530000000000058e+01
1.421082499999999982e+03,1.242109999999999914e+01
1.421085000000000036e+03,1.227619999999999933e+01
1.421087399999999889e+03,1.212129999999999974e+01
1.421089799999999968e+03,1.196630000000000038e+01
1.421092300000000023e+03,1.184319999999999951e+01
1.421094700000000103e+03,1.179059999999999953e+01
1.421097199999999930e+03,1.182579999999999920e+01
1.421099600000000009e+03,1.192389999999999972e+01
1.421102100000000064e+03,1.201950000000000074e+01
1.421104499999999916e+03,1.204289999999999949e+01
1.421106899999999996e+03,1.197000000000000064e+01
1.421109400000000051e+03,1.184280000000000044e+01
1.421111799999999903e+03,1.173300000000000054e+01
1.421114299999999957e+03,1.168069999999999986e+01
1.421116700000000037e+03,1.166360000000000063e+01
1.421119099999999889e+03,1.162049999999999983e+01
1.421121599999999944e+03,1.150520000000000032e+01
1.421124000000000024e+03,1.132060000000000066e+01
1.421126500000000078e+03,1.110979999999999990e+01
1.421128899999999931e+03,1.092149999999999999e+01
1.421131300000000010e+03,1.077890000000000015e+01
1.421133800000000065e+03,1.067699999999999960e+01
1.421136199999999917e+03,1.060749999999999993e+01
1.421138699999999972e+03,1.058099999999999952e+01
1.421141100000000051e+03,1.060999999999999943e+01
1.421143600000000106e+03,1.067910000000000004e+01
1.421145999999999958e+03,1.075089999999999968e+01
1.421148400000000038e+03,1.080230000000000068e+01
1.421150900000000092e+03,1.083910000000000018e+01
1.421153299999999945e+03,1.087209999999999965e+01
1.421155799999999999e+03,1.089559999999999995e+01
1.421158200000000079e+03,1.089450000000000074e+01
1.421160599999999931e+03,1.086550000000000082e+01
1.421163099999999986e+03,1.082060000000000066e+01
1.421165500000000065e+03,1.077420000000000044e+01
1.421167999999999893e+03,1.073109999999999964e+01
1.421170399999999972e+03,1.069020000000000081e+01
1.421172900000000027e+03,1.065460000000000029e+01
1.421175300000000107e+03,1.064189999999999969e+01
1.421177699999999959e+03,1.068389999999999951e+01
1.421180200000000013e+03,1.079669999999999952e+01
1.421182600000000093e+03,1.094270000000000032e+01
1.421185099999999920e+03,1.104519999999999946e+01
1.421187500000000000e+03,1.105799999999999983e+01
1.421189900000000080e+03,1.101030000000000086e+01
1.421192399999999907e+03,1.096690000000000076e+01
1.421194799999999987e+03,1.095289999999999964e+01
1.421197300000000041e+03,1.093309999999999960e+01
1.421199699999999893e+03,1.086050000000000004e+01
1.421202099999999973e+03,1.072799999999999976e+01
1.421204600000000028e+03,1.057130000000000081e+01
1.421207000000000107e+03,1.043790000000000084e+01
1.421209499999999935e+03,1.035720000000000063e+01
1.421211900000000014e+03,1.032169999999999987e+01
1.421214400000000069e+03,1.029100000000000037e+01
1.421216799999999921e+03,1.023019999999999996e+01
1.421219200000000001e+03,1.015489999999999959e+01
1.421221700000000055e+03,1.012190000000000012e+01
1.421224099999999908e+03,1.016300000000000026e+01
1.421226599999999962e+03,1.024099999999999966e+01
1.421229000000000042e+03,1.029010000000000069e+01
1.421231399999999894e+03,1.029209999999999958e+01
1.421233899999999949e+03,1.029110000000000014e+01
1.421236300000000028e+03,1.033050000000000068e+01
1.421238800000000083e+03,1.039939999999999998e+01
1.421241199999999935e+03,1.045100000000000051e+01
1.421243699999999990e+03,1.045120000000000005e+01
1.421246100000000069e+03,1.039460000000000051e+01
1.421248499999999922e+03,1.029100000000000037e+01
1.421250999999999976e+03,1.016469999999999985e+01
1.421253400000000056e+03,1.005530000000000079e+01
1.421255900000000111e+03,9.992200000000000415e+00
1.421258299999999963e+03,9.967599999999999127e+00
1.421260700000000043e+03,9.949400000000000688e+00
1.421263200000000097e+03,9.920299999999999230e+00
1.421265599999999949e+03,9.895400000000000418e+00
1.421268100000000004e+03,9.909700000000000841e+00
1.421270500000000084e+03,9.991500000000000270e+00
1.421272899999999936e+03,1.013390000000000057e+01
1.421275399999999991e+03,1.028079999999999927e+01
1.421277800000000070e+03,1.035180000000000078e+01
1.421280299999999897e+03,1.030119999999999969e+01
1.421282699999999977e+03,1.015840000000000032e+01
1.421285200000000032e+03,1.000539999999999985e+01
1.421287600000000111e+03,9.904999999999999361e+00
1.421289999999999964e+03,9.852600000000000691e+00
1.421292500000000018e+03,9.808299999999999130e+00
1.421294900000000098e+03,9.770099999999999341e+00
1.421297399999999925e+03,9.794100000000000250e+00
1.421299800000000005e+03,9.932900000000000063e+00
1.421302200000000084e+03,1.016520000000000046e+01
1.421304699999999912e+03,1.040150000000000041e+01
1.421307099999999991e+03,1.055419999999999980e+01
1.421309600000000046e+03,1.059459999999999980e+01
1.421311999999999898e+03,1.055010000000000048e+01
1.421314499999999953e+03,1.046069999999999922e+01
1.421316900000000032e+03,1.034409999999999918e+01
1.421319300000000112e+03,1.020330000000000048e+01
1.421321799999999939e+03,1.005499999999999972e+01
1.421324200000000019e+03,9.935999999999999943e+00
1.421326700000000073e+03,9.871499999999999275e+00
1.421329099999999926e+03,9.847899999999999210e+00
1.421331500000000005e+03,9.830099999999999838e+00
1.421334000000000060e+03,9.803000000000000824e+00
1.421336399999999912e+03,9.783300000000000551e+00
1.421338899999999967e+03,9.791999999999999815e+00
1.421341300000000047e+03,9.831200000000000827e+00
1.421343800000000101e+03,9.884700000000000486e+00
1.421346199999999953e+03,9.930199999999999250e+00
1.421348600000000033e+03,9.951000000000000512e+00
1.421351100000000088e+03,9.943099999999999383e+00
1.421353499999999940e+03,9.912900000000000489e+00
1.421355999999999995e+03,9.870300000000000296e+00
1.421358400000000074e+03,9.826399999999999579e+00
1.421360799999999927e+03,9.802099999999999369e+00
1.421363299999999981e+03,9.826000000000000512e+00
1.421365700000000061e+03,9.908200000000000784e+00
1.421368199999999888e+03,1.001870000000000083e+01
1.421370599999999968e+03,1.010730000000000040e+01
1.421373000000000047e+03,1.015559999999999974e+01
1.421375500000000102e+03,1.019860000000000078e+01
1.421377899999999954e+03,1.028950000000000031e+01
1.421380400000000009e+03,1.043950000000000067e+01
1.421382800000000088e+03,1.059919999999999973e+01
1.421385299999999916e+03,1.069650000000000034e+01
1.421387699999999995e+03,1.069810000000000016e+01
1.421390100000000075e+03,1.063069999999999915e+01
1.421392599999999902e+03,1.055039999999999978e+01
1.421394999999999982e+03,1.049699999999999989e+01
1.421397500000000036e+03,1.047189999999999976e+01
1.421399899999999889e+03,1.044619999999999926e+01
1.421402299999999968e+03,1.039150000000000063e+01
1.421404800000000023e+03,1.031140000000000079e+01
1.421407200000000103e+03,1.023900000000000077e+01
1.421409699999999930e+03,1.020480000000000054e+01
1.421412100000000009e+03,1.021240000000000059e+01
1.421414600000000064e+03,1.024939999999999962e+01
1.421416999999999916e+03,1.031409999999999982e+01
1.421419399999999996e+03,1.041389999999999993e+01
1.421421900000000051e+03,1.053570000000000029e+01
1.421424299999999903e+03,1.063579999999999970e+01
1.421426799999999957e+03,1.067200000000000060e+01
1.421429200000000037e+03,1.064289999999999914e+01
1.421431599999999889e+03,1.058960000000000079e+01
1.421434099999999944e+03,1.055540000000000056e+01
1.421436500000000024e+03,1.054599999999999937e+01
1.421439000000000078e+03,1.053609999999999935e+01
1.421441399999999931e+03,1.051229999999999976e+01
1.421443800000000010e+03,1.049109999999999943e+01
1.421446300000000065e+03,1.048930000000000007e+01
1.421448699999999917e+03,1.050000000000000000e+01
1.421451199999999972e+03,1.050849999999999973e+01
1.421453600000000051e+03,1.051730000000000054e+01
1.421456100000000106e+03,1.054180000000000028e+01
1.421458499999999958e+03,1.059060000000000024e+01
1.421460900000000038e+03,1.066249999999999964e+01
1.421463400000000092e+03,1.075060000000000038e+01
1.421465799999999945e+03,1.082890000000000086e+01
1.421468299999999999e+03,1.085200000000000031e+01
1.421470700000000079e+03,1.079199999999999982e+01
1.421473099999999931e+03,1.067159999999999975e+01
1.421475599999999986e+03,1.054279999999999973e+01
1.421478000000000065e+03,1.044589999999999996e+01
1.421480499999999893e+03,1.040429999999999922e+01
1.421482899999999972e+03,1.043529999999999980e+01
1.421485400000000027e+03,1.053340000000000032e+01
1.421487800000000107e+03,1.065559999999999974e+01
1.421490199999999959e+03,1.075079999999999991e+01
1.421492700000000013e+03,1.079780000000000051e+01
1.421495100000000093e+03,1.080250000000000021e+01
1.421497599999999920e+03,1.077020000000000088e+01
1.421500000000000000e+03,1.070069999999999943e+01
1.421502400000000080e+03,1.060210000000000008e+01
1.421504899999999907e+03,1.049310000000000009e+01
1.421507299999999987e+03,1.039509999999999934e+01
1.421509800000000041e+03,1.032939999999999969e+01
1.421512199999999893e+03,1.031579999999999941e+01
1.421514599999999973e+03,1.036289999999999978e+01
1.421517100000000028e+03,1.045079999999999920e+01
1.421519500000000107e+03,1.052790000000000070e+01
1.421521999999999935e+03,1.054059999999999953e+01
1.421524400000000014e+03,1.047199999999999953e+01
1.421526900000000069e+03,1.035239999999999938e+01
1.421529299999999921e+03,1.023859999999999992e+01
1.421531700000000001e+03,1.018679999999999986e+01
1.421534200000000055e+03,1.022209999999999930e+01
1.421536599999999908e+03,1.031920000000000037e+01
1.421539099999999962e+03,1.041890000000000072e+01
1.421541500000000042e+03,1.047029999999999994e+01
1.421543899999999894e+03,1.045880000000000010e+01
1.421546399999999949e+03,1.040399999999999991e+01
1.421548800000000028e+03,1.033740000000000059e+01
1.421551300000000083e+03,1.028100000000000058e+01
1.421553699999999935e+03,1.023879999999999946e+01
1.421556199999999990e+03,1.020819999999999972e+01
1.421558600000000069e+03,1.019229999999999947e+01
1.421560999999999922e+03,1.019919999999999938e+01
1.421563499999999976e+03,1.023390000000000022e+01
1.421565900000000056e+03,1.029439999999999955e+01
1.421568400000000111e+03,1.036299999999999955e+01
1.421570799999999963e+03,1.040349999999999930e+01
1.421573200000000043e+03,1.038400000000000034e+01
1.421575700000000097e+03,1.030920000000000059e+01
1.421578099999999949e+03,1.021610000000000085e+01
1.421580600000000004e+03,1.013899999999999935e+01
1.421583000000000084e+03,1.008740000000000059e+01
1.421585399999999936e+03,1.005659999999999954e+01
1.421587899999999991e+03,1.003749999999999964e+01
1.421590300000000070e+03,1.001590000000000025e+01
1.421592799999999897e+03,9.978799999999999670e+00
1.421595199999999977e+03,9.934300000000000352e+00
1.421597700000000032e+03,9.911400000000000432e+00
1.421600100000000111e+03,9.924300000000000566e+00
1.421602499999999964e+03,9.943500000000000227e+00
1.421605000000000018e+03,9.919200000000000017e+00
1.421607400000000098e+03,9.829700000000000770e+00
1.421609899999999925e+03,9.703099999999999170e+00
1.421612300000000005e+03,9.595000000000000639e+00
1.421614700000000084e+03,9.551800000000000068e+00
1.421617199999999912e+03,9.585200000000000387e+00
1.421619599999999991e+03,9.671099999999999142e+00
1.421622100000000046e+03,9.767400000000000304e+00
1.421624499999999898e+03,9.834300000000000708e+00
1.421626999999999953e+03,9.851399999999999935e+00
1.421629400000000032e+03,9.828500000000000014e+00
1.421631800000000112e+03,9.794900000000000162e+00
1.421634299999999939e+03,9.775600000000000733e+00
1.421636700000000019e+03,9.779999999999999361e+00
1.421639200000000073e+03,9.812099999999999156e+00
1.421641599999999926e+03,9.878399999999999181e+00
1.421644000000000005e+03,9.978600000000000136e+00
1.421646500000000060e+03,1.009149999999999991e+01
1.421648899999999912e+03,1.017629999999999946e+01
1.421651399999999967e+03,1.019330000000000069e+01
1.421653800000000047e+03,1.013080000000000069e+01
1.421656199999999899e+03,1.001709999999999923e+01
1.421658699999999953e+03,9.900900000000000034e+00
1.421661100000000033e+03,9.814799999999999969e+00
1.421663600000000088e+03,9.764400000000000190e+00
1.421665999999999940e+03,9.750899999999999679e+00
1.421668499999999995e+03,9.781599999999999184e+00
1.421670900000000074e+03,9.846999999999999531e+00
1.421673299999999927e+03,9.910099999999999909e+00
1.421675799999999981e+03,9.933099999999999596e+00
1.421678200000000061e+03,9.909800000000000608e+00
1.421680699999999888e+03,9.868700000000000472e+00
1.421683099999999968e+03,9.851100000000000634e+00
1.421685500000000047e+03,9.879400000000000404e+00
1.421688000000000102e+03,9.936199999999999477e+00
1.421690399999999954e+03,9.977100000000000080e+00
1.421692900000000009e+03,9.967000000000000526e+00
1.421695300000000088e+03,9.902200000000000557e+00
1.421697799999999916e+03,9.804999999999999716e+00
1.421700199999999995e+03,9.708000000000000185e+00
1.421702600000000075e+03,9.638999999999999346e+00
1.421705099999999902e+03,9.613699999999999690e+00
1.421707499999999982e+03,9.633399999999999963e+00
1.421710000000000036e+03,9.680099999999999483e+00
1.421712399999999889e+03,9.724199999999999733e+00
1.421714799999999968e+03,9.744099999999999540e+00
1.421717300000000023e+03,9.736599999999999255e+00
1.421719700000000103e+03,9.707900000000000418e+00
1.421722199999999930e+03,9.669700000000000628e+00
1.421724600000000009e+03,9.647700000000000387e+00
1.421727100000000064e+03,9.671099999999999142e+00
1.421729499999999916e+03,9.747099999999999653e+00
1.421731899999999996e+03,9.856600000000000250e+00
1.421734400000000051e+03,9.979599999999999582e+00
1.421736799999999903e+03,1.010519999999999996e+01
1.421739299999999957e+03,1.021260000000000012e+01
1.421741700000000037e+03,1.026169999999999938e+01
1.421744099999999889e+03,1.022460000000000058e+01
1.421746599999999944e+03,1.011589999999999989e+01
1.421749000000000024e+03,9.978899999999999437e+00
1.421751500000000078e+03,9.852100000000000080e+00
1.421753899999999931e+03,9.766799999999999926e+00
1.421756300000000010e+03,9.754799999999999471e+00
1.421758800000000065e+03,9.830299999999999372e+00
1.421761199999999917e+03,9.969599999999999795e+00
1.421763699999999972e+03,1.012940000000000040e+01
1.421766100000000051e+03,1.027769999999999939e+01
1.421768600000000106e+03,1.039269999999999960e+01
1.421770999999999958e+03,1.044410000000000061e+01
1.421773400000000038e+03,1.040949999999999953e+01
1.421775900000000092e+03,1.030680000000000085e+01
1.421778299999999945e+03,1.019190000000000040e+01
1.421780799999999999e+03,1.012040000000000006e+01
1.421783200000000079e+03,1.012049999999999983e+01
1.421785599999999931e+03,1.018599999999999994e+01
1.421788099999999986e+03,1.027989999999999959e+01
1.421790500000000065e+03,1.035689999999999955e+01
1.421792999999999893e+03,1.039179999999999993e+01
1.421795399999999972e+03,1.038560000000000016e+01
1.421797900000000027e+03,1.034730000000000061e+01
1.421800300000000107e+03,1.028769999999999918e+01
1.421802699999999959e+03,1.022359999999999935e+01
1.421805200000000013e+03,1.016680000000000028e+01
1.421807600000000093e+03,1.011040000000000028e+01
1.421810099999999920e+03,1.004819999999999958e+01
1.421812500000000000e+03,1.000050000000000061e+01
1.421814900000000080e+03,1.000009999999999977e+01
1.421817399999999907e+03,1.006470000000000020e+01
1.421819799999999987e+03,1.019330000000000069e+01
1.421822300000000041e+03,1.037139999999999951e+01
1.421824699999999893e+03,1.056179999999999986e+01
1.421827099999999973e+03,1.070459999999999923e+01
1.421829600000000028e+03,1.074779999999999980e+01
1.421832000000000107e+03,1.068169999999999931e+01
1.421834499999999935e+03,1.054480000000000040e+01
1.421836900000000014e+03,1.039530000000000065e+01
1.421839400000000069e+03,1.026880000000000059e+01
1.421841799999999921e+03,1.015450000000000053e+01
1.421844200000000001e+03,1.001629999999999932e+01
1.421846700000000055e+03,9.844300000000000495e+00
1.421849099999999908e+03,9.675800000000000622e+00
1.421851599999999962e+03,9.567500000000000782e+00
1.421854000000000042e+03,9.557600000000000762e+00
1.421856399999999894e+03,9.651699999999999946e+00
1.421858899999999949e+03,9.821899999999999409e+00
1.421861300000000028e+03,1.001309999999999967e+01
1.421863800000000083e+03,1.016280000000000072e+01
1.421866199999999935e+03,1.023109999999999964e+01
1.421868699999999990e+03,1.022300000000000075e+01
1.421871100000000069e+03,1.017280000000000051e+01
1.421873499999999922e+03,1.010159999999999947e+01
1.421875999999999976e+03,9.999800000000000466e+00
1.421878400000000056e+03,9.865099999999999980e+00
1.421880900000000111e+03,9.743600000000000705e+00
1.421883299999999963e+03,9.707300000000000040e+00
1.421885700000000043e+03,9.789300000000000779e+00
1.421888200000000097e+03,9.951499999999999346e+00
1.421890599999999949e+03,1.011340000000000039e+01
1.421893100000000004e+03,1.020449999999999946e+01
1.421895500000000084e+03,1.019570000000000043e+01
1.421897899999999936e+03,1.010740000000000016e+01
1.421900399999999991e+03,1.000200000000000067e+01
1.421902800000000070e+03,9.952700000000000102e+00
1.421905299999999897e+03,9.996800000000000352e+00
1.421907699999999977e+03,1.011679999999999957e+01
1.421910200000000032e+03,1.026980000000000004e+01
1.421912600000000111e+03,1.042699999999999960e+01
1.421914999999999964e+03,1.057540000000000013e+01
1.421917500000000018e+03,1.069790000000000063e+01
1.421919900000000098e+03,1.077399999999999913e+01
1.421922399999999925e+03,1.079829999999999934e+01
1.421924800000000005e+03,1.078120000000000012e+01
1.421927200000000084e+03,1.072690000000000055e+01
1.421929699999999912e+03,1.062700000000000067e+01
1.421932099999999991e+03,1.048300000000000054e+01
1.421934600000000046e+03,1.032850000000000001e+01
1.421936999999999898e+03,1.021850000000000058e+01
1.421939499999999953e+03,1.018619999999999948e+01
1.421941900000000032e+03,1.021100000000000030e+01
1.421944300000000112e+03,1.023739999999999917e+01
1.421946799999999939e+03,1.022100000000000009e+01
1.421949200000000019e+03,1.014530000000000065e+01
1.421951700000000073e+03,1.000970000000000049e+01
1.421954099999999926e+03,9.830899999999999750e+00
1.421956500000000005e+03,9.657999999999999474e+00
1.421959000000000060e+03,9.558500000000000441e+00
1.421961399999999912e+03,9.567800000000000082e+00
1.421963899999999967e+03,9.653999999999999915e+00
1.421966300000000047e+03,9.741400000000000503e+00
1.421968800000000101e+03,9.768100000000000449e+00
1.421971199999999953e+03,9.726599999999999469e+00
1.421973600000000033e+03,9.661899999999999267e+00
1.421976100000000088e+03,9.632199999999999207e+00
1.421978499999999940e+03,9.658400000000000318e+00
1.421980999999999995e+03,9.705299999999999372e+00
1.421983400000000074e+03,9.720100000000000406e+00
1.421985799999999927e+03,9.697800000000000864e+00
1.421988299999999981e+03,9.700699999999999434e+00
1.421990700000000061e+03,9.794800000000000395e+00
1.421993199999999888e+03,9.976599999999999469e+00
1.421995599999999968e+03,1.017759999999999998e+01
1.421998000000000047e+03,1.032949999999999946e+01
1.422000500000000102e+03,1.040729999999999933e+01
1.422002899999999954e+03,1.041990000000000016e+01
1.422005400000000009e+03,1.038109999999999999e+01
1.422007800000000088e+03,1.029320000000000057e+01
1.422010299999999916e+03,1.015489999999999959e+01
1.422012699999999995e+03,9.982200000000000628e+00
1.422015100000000075e+03,9.815899999999999181e+00
1.422017599999999902e+03,9.704200000000000159e+00
1.422019999999999982e+03,9.679700000000000415e+00
1.422022500000000036e+03,9.746299999999999741e+00
1.422024899999999889e+03,9.871100000000000207e+00
1.422027299999999968e+03,9.988300000000000622e+00
1.422029800000000023e+03,1.003659999999999997e+01
1.422032200000000103e+03,1.000859999999999950e+01
1.422034699999999930e+03,9.947200000000000486e+00
1.422037100000000009e+03,9.888099999999999667e+00
1.422039600000000064e+03,9.829000000000000625e+00
1.422041999999999916e+03,9.759600000000000719e+00
1.422044399999999996e+03,9.695100000000000051e+00
1.422046900000000051e+03,9.667199999999999349e+00
1.422049299999999903e+03,9.692500000000000782e+00
1.422051799999999957e+03,9.757400000000000517e+00
1.422054200000000037e+03,9.832499999999999574e+00
1.422056599999999889e+03,9.899100000000000676e+00
1.422059099999999944e+03,9.958199999999999719e+00
1.422061500000000024e+03,1.001420000000000066e+01
1.422064000000000078e+03,1.005429999999999957e+01
1.422066399999999931e+03,1.004969999999999963e+01
1.422068800000000010e+03,9.980199999999999960e+00
1.422071300000000065e+03,9.858399999999999608e+00
1.422073699999999917e+03,9.728199999999999292e+00
1.422076199999999972e+03,9.637999999999999901e+00
1.422078600000000051e+03,9.606600000000000250e+00
1.422081100000000106e+03,9.611200000000000188e+00
1.422083499999999958e+03,9.613699999999999690e+00
1.422085900000000038e+03,9.597200000000000841e+00
1.422088400000000092e+03,9.565699999999999648e+00
1.422090799999999945e+03,9.526600000000000179e+00
1.422093299999999999e+03,9.496199999999999974e+00
1.422095700000000079e+03,9.509100000000000108e+00
1.422098099999999931e+03,9.598100000000000520e+00
1.422100599999999986e+03,9.759700000000000486e+00
1.422103000000000065e+03,9.938299999999999912e+00
1.422105499999999893e+03,1.004609999999999914e+01
1.422107899999999972e+03,1.001909999999999989e+01
1.422110400000000027e+03,9.867699999999999250e+00
1.422112800000000107e+03,9.666299999999999670e+00
1.422115199999999959e+03,9.493999999999999773e+00
1.422117700000000013e+03,9.385899999999999466e+00
1.422120100000000093e+03,9.330799999999999983e+00
1.422122599999999920e+03,9.303800000000000736e+00
1.422125000000000000e+03,9.301299999999999457e+00
1.422127400000000080e+03,9.343099999999999739e+00
1.422129899999999907e+03,9.444800000000000750e+00
1.422132299999999987e+03,9.596199999999999619e+00
1.422134800000000041e+03,9.763700000000000045e+00
1.422137199999999893e+03,9.904999999999999361e+00
1.422139599999999973e+03,9.974700000000000344e+00
1.422142100000000028e+03,9.936400000000000787e+00
1.422144500000000107e+03,9.794499999999999318e+00
1.422146999999999935e+03,9.609299999999999287e+00
1.422149400000000014e+03,9.457399999999999807e+00
1.422151900000000069e+03,9.384199999999999875e+00
1.422154299999999921e+03,9.410099999999999909e+00
1.422156700000000001e+03,9.548700000000000188e+00
1.422159200000000055e+03,9.773300000000000765e+00
1.422161599999999908e+03,9.983100000000000307e+00
1.422164099999999962e+03,1.006060000000000088e+01
1.422166500000000042e+03,9.982300000000000395e+00
1.422168899999999894e+03,9.846099999999999852e+00
1.422171399999999949e+03,9.772100000000000009e+00
1.422173800000000028e+03,9.789199999999999235e+00
1.422176300000000083e+03,9.836999999999999744e+00
1.422178699999999935e+03,9.862199999999999633e+00
1.422181199999999990e+03,9.877700000000000813e+00
1.422183600000000069e+03,9.920500000000000540e+00
1.422185999999999922e+03,9.992599999999999483e+00
1.422188499999999976e+03,1.007060000000000066e+01
1.422190900000000056e+03,1.013969999999999949e+01
1.422193400000000111e+03,1.018619999999999948e+01
1.422195799999999963e+03,1.018069999999999986e+01
1.422198200000000043e+03,1.010609999999999964e+01
1.422200700000000097e+03,9.997999999999999332e+00
1.422203099999999949e+03,9.928699999999999193e+00
1.422205600000000004e+03,9.941900000000000404e+00
1.422208000000000084e+03,1.001399999999999935e+01
1.422210399999999936e+03,1.007890000000000086e+01
1.422212899999999991e+03,1.008130000000000059e+01
1.422215300000000070e+03,1.000670000000000037e+01
1.422217799999999897e+03,9.874800000000000466e+00
1.422220199999999977e+03,9.716900000000000759e+00
1.422222700000000032e+03,9.566000000000000725e+00
1.422225100000000111e+03,9.455600000000000449e+00
1.422227499999999964e+03,9.410000000000000142e+00
1.422230000000000018e+03,9.426899999999999835e+00
1.422232400000000098e+03,9.479699999999999349e+00
1.422234899999999925e+03,9.545500000000000540e+00
1.422237300000000005e+03,9.630000000000000782e+00
1.422239700000000084e+03,9.754799999999999471e+00
1.422242199999999912e+03,9.913899999999999935e+00
1.422244599999999991e+03,1.004749999999999943e+01
1.422247100000000046e+03,1.007419999999999938e+01
1.422249499999999898e+03,9.957399999999999807e+00
1.422251999999999953e+03,9.739100000000000534e+00
1.422254400000000032e+03,9.511699999999999378e+00
1.422256800000000112e+03,9.356400000000000716e+00
1.422259299999999939e+03,9.304899999999999949e+00
1.422261700000000019e+03,9.345700000000000784e+00
1.422264200000000073e+03,9.450699999999999434e+00
1.422266599999999926e+03,9.590700000000000003e+00
1.422269000000000005e+03,9.740800000000000125e+00
1.422271500000000060e+03,9.879300000000000637e+00
1.422273899999999912e+03,9.981999999999999318e+00
1.422276399999999967e+03,1.002219999999999978e+01
1.422278800000000047e+03,9.984600000000000364e+00
1.422281199999999899e+03,9.878399999999999181e+00
1.422283699999999953e+03,9.736000000000000654e+00
1.422286100000000033e+03,9.599000000000000199e+00
1.422288600000000088e+03,9.502700000000000813e+00
1.422290999999999940e+03,9.461399999999999366e+00
1.422293499999999995e+03,9.466499999999999915e+00
1.422295900000000074e+03,9.500899999999999679e+00
1.422298299999999927e+03,9.551899999999999835e+00
1.422300799999999981e+03,9.603699999999999903e+00
1.422303200000000061e+03,9.628199999999999648e+00
1.422305699999999888e+03,9.597300000000000608e+00
1.422308099999999968e+03,9.507099999999999440e+00
1.422310500000000047e+03,9.388600000000000279e+00
1.422313000000000102e+03,9.292299999999999116e+00
1.422315399999999954e+03,9.258100000000000662e+00
1.422317900000000009e+03,9.287000000000000810e+00
1.422320300000000088e+03,9.335499999999999687e+00
1.422322799999999916e+03,9.343199999999999505e+00
1.422325199999999995e+03,9.286199999999999122e+00
1.422327600000000075e+03,9.203400000000000247e+00
1.422330099999999902e+03,9.161699999999999733e+00
1.422332499999999982e+03,9.192600000000000549e+00
1.422335000000000036e+03,9.266999999999999460e+00
1.422337399999999889e+03,9.325499999999999901e+00
1.422339799999999968e+03,9.323499999999999233e+00
1.422342300000000023e+03,9.253000000000000114e+00
1.422344700000000103e+03,9.134999999999999787e+00
1.422347199999999930e+03,8.996000000000000441e+00
1.422349600000000009e+03,8.860300000000000509e+00
1.422352100000000064e+03,8.759399999999999409e+00
1.422354499999999916e+03,8.730199999999999960e+00
1.422356899999999996e+03,8.786099999999999355e+00
1.422359400000000051e+03,8.901899999999999480e+00
1.422361799999999903e+03,9.039199999999999235e+00
1.422364299999999957e+03,9.178499999999999659e+00
1.422366700000000037e+03,9.314000000000000057e+00
1.422369099999999889e+03,9.432399999999999451e+00
1.422371599999999944e+03,9.518000000000000682e+00
1.422374000000000024e+03,9.579200000000000159e+00
1.422376500000000078e+03,9.651300000000000878e+00
1.422378899999999931e+03,9.762600000000000833e+00
1.422381300000000010e+03,9.897100000000000009e+00
1.422383800000000065e+03,1.000270000000000081e+01
1.422386199999999917e+03,1.004649999999999999e+01
1.422388699999999972e+03,1.005819999999999936e+01
1.422391100000000051e+03,1.010360000000000014e+01
1.422393600000000106e+03,1.020700000000000074e+01
1.422395999999999958e+03,1.031320000000000014e+01
1.422398400000000038e+03,1.034060000000000024e+01
1.422400900000000092e+03,1.026120000000000054e+01
1.422403299999999945e+03,1.011679999999999957e+01
1.422405799999999999e+03,9.961399999999999366e+00
1.422408200000000079e+03,9.811899999999999622e+00
1.422410599999999931e+03,9.659700000000000841e+00
1.422413099999999986e+03,9.515299999999999869e+00
1.422415500000000065e+03,9.423799999999999955e+00
1.422417999999999893e+03,9.431499999999999773e+00
1.422420399999999972e+03,9.534499999999999531e+00
1.422422900000000027e+03,9.667699999999999960e+00
1.422425300000000107e+03,9.758699999999999264e+00
1.422427699999999959e+03,9.789199999999999235e+00
1.422430200000000013e+03,9.793599999999999639e+00
1.422432600000000093e+03,9.813000000000000611e+00
1.422435099999999920e+03,9.862899999999999778e+00
1.422437500000000000e+03,9.932399999999999451e+00
1.422439900000000080e+03,9.998699999999999477e+00
1.422442399999999907e+03,1.004460000000000086e+01
1.422444799999999987e+03,1.006949999999999967e+01
1.422447300000000041e+03,1.008489999999999931e+01
1.422449699999999893e+03,1.010389999999999944e+01
1.422452099999999973e+03,1.013059999999999938e+01
1.422454600000000028e+03,1.014669999999999916e+01
1.422457000000000107e+03,1.010970000000000013e+01
1.422459499999999935e+03,9.987299999999999400e+00
1.422461900000000014e+03,9.800399999999999778e+00
1.422464400000000069e+03,9.613099999999999312e+00
1.422466799999999921e+03,9.477899999999999991e+00
1.422469200000000001e+03,9.403999999999999915e+00
1.422471700000000055e+03,9.378700000000000259e+00
1.422474099999999908e+03,9.396800000000000708e+00
1.422476599999999962e+03,9.465899999999999537e+00
1.422479000000000042e+03,9.589600000000000790e+00
1.422481399999999894e+03,9.744300000000000850e+00
1.422483899999999949e+03,9.879799999999999471e+00
1.422486300000000028e+03,9.967700000000000671e+00
1.422488800000000083e+03,1.004679999999999929e+01
1.422491199999999935e+03,1.019270000000000032e+01
1.422493699999999990e+03,1.043130000000000024e+01
1.422496100000000069e+03,1.069170000000000087e+01
1.422498499999999922e+03,1.084570000000000078e+01
1.422500999999999976e+03,1.080310000000000059e+01
1.422503400000000056e+03,1.058769999999999989e+01
1.422505900000000111e+03,1.031889999999999930e+01
1.422508299999999963e+03,1.010999999999999943e+01
1.422510700000000043e+03,9.996199999999999974e+00
1.422513200000000097e+03,9.954900000000000304e+00
1.422515599999999949e+03,9.961000000000000298e+00
1.422518100000000004e+03,1.000830000000000020e+01
1.422520500000000084e+03,1.009869999999999912e+01
1.422522899999999936e+03,1.021659999999999968e+01
1.422525399999999991e+03,1.031220000000000070e+01
1.422527800000000070e+03,1.032390000000000008e+01
1.422530299999999897e+03,1.023170000000000002e+01
1.422532699999999977e+03,1.008099999999999952e+01
1.422535200000000032e+03,9.943599999999999994e+00
1.422537600000000111e+03,9.858299999999999841e+00
1.422539999999999964e+03,9.810200000000000031e+00
1.422542500000000018e+03,9.761799999999999145e+00
1.422544900000000098e+03,9.695999999999999730e+00
1.422547399999999925e+03,9.628399999999999181e+00
1.422549800000000005e+03,9.593199999999999505e+00
1.422552200000000084e+03,9.625799999999999912e+00
1.422554699999999912e+03,9.744400000000000617e+00
1.422557099999999991e+03,9.924200000000000799e+00
1.422559600000000046e+03,1.009430000000000049e+01
1.422561999999999898e+03,1.017370000000000019e+01
1.422564499999999953e+03,1.012330000000000041e+01
1.422566900000000032e+03,9.971199999999999619e+00
1.422569300000000112e+03,9.797599999999999199e+00
1.422571799999999939e+03,9.686899999999999622e+00
1.422574200000000019e+03,9.674699999999999633e+00
1.422576700000000073e+03,9.733299999999999841e+00
1.422579099999999926e+03,9.809300000000000352e+00
1.422581500000000005e+03,9.866899999999999338e+00
1.422584000000000060e+03,9.897700000000000387e+00
1.422586399999999912e+03,9.910199999999999676e+00
1.422588899999999967e+03,9.925800000000000622e+00
1.422591300000000047e+03,9.965400000000000702e+00
1.422593800000000101e+03,1.001859999999999928e+01
1.422596199999999953e+03,1.003940000000000055e+01
1.422598600000000033e+03,9.993199999999999861e+00
1.422601100000000088e+03,9.907000000000000028e+00
1.422603499999999940e+03,9.858399999999999608e+00
1.422605999999999995e+03,9.907500000000000639e+00
1.422608400000000074e+03,1.003749999999999964e+01
1.422610799999999927e+03,1.016360000000000063e+01
1.422613299999999981e+03,1.020989999999999931e+01
1.422615700000000061e+03,1.018019999999999925e+01
1.422618199999999888e+03,1.013899999999999935e+01
1.422620599999999968e+03,1.012589999999999968e+01
1.422623000000000047e+03,1.011270000000000024e+01
1.422625500000000102e+03,1.005219999999999914e+01
1.422627899999999954e+03,9.941100000000000492e+00
1.422630400000000009e+03,9.825200000000000600e+00
1.422632800000000088e+03,9.762800000000000367e+00
1.422635299999999916e+03,9.794700000000000628e+00
1.422637699999999995e+03,9.921699999999999520e+00
1.422640100000000075e+03,1.009299999999999997e+01
1.422642599999999902e+03,1.022920000000000051e+01
1.422644999999999982e+03,1.027100000000000080e+01
1.422647500000000036e+03,1.021330000000000027e+01
1.422649899999999889e+03,1.009800000000000075e+01
1.422652299999999968e+03,9.980600000000000804e+00
1.422654800000000023e+03,9.899399999999999977e+00
1.422657200000000103e+03,9.866199999999999193e+00
1.422659699999999930e+03,9.870499999999999829e+00
1.422662100000000009e+03,9.887000000000000455e+00
1.422664600000000064e+03,9.885099999999999554e+00
1.422666999999999916e+03,9.849000000000000199e+00
1.422669399999999996e+03,9.800399999999999778e+00
1.422671900000000051e+03,9.793599999999999639e+00
1.422674299999999903e+03,9.866099999999999426e+00
1.422676799999999957e+03,9.992699999999999250e+00
1.422679200000000037e+03,1.010280000000000022e+01
1.422681599999999889e+03,1.014750000000000085e+01
1.422684099999999944e+03,1.013119999999999976e+01
1.422686500000000024e+03,1.008150000000000013e+01
1.422689000000000078e+03,1.001699999999999946e+01
1.422691399999999931e+03,9.950900000000000745e+00
1.422693800000000010e+03,9.903800000000000381e+00
1.422696300000000065e+03,9.897000000000000242e+00
1.422698699999999917e+03,9.937500000000000000e+00
1.422701199999999972e+03,1.001789999999999914e+01
1.422703600000000051e+03,1.012059999999999960e+01
1.422706100000000106e+03,1.021860000000000035e+01
1.422708499999999958e+03,1.027050000000000018e+01
1.422710900000000038e+03,1.023440000000000083e+01
1.422713400000000092e+03,1.010790000000000077e+01
1.422715799999999945e+03,9.951599999999999113e+00
1.422718299999999999e+03,9.849000000000000199e+00
1.422720700000000079e+03,9.835499999999999687e+00
1.422723099999999931e+03,9.880499999999999616e+00
1.422725599999999986e+03,9.932999999999999829e+00
1.422728000000000065e+03,9.965299999999999159e+00
1.422730499999999893e+03,9.977700000000000458e+00
1.422732899999999972e+03,9.976499999999999702e+00
1.422735400000000027e+03,9.957900000000000418e+00
1.422737800000000107e+03,9.912499999999999645e+00
1.422740199999999959e+03,9.849800000000000111e+00
1.422742700000000013e+03,9.807999999999999829e+00
1.422745100000000093e+03,9.829200000000000159e+00
1.422747599999999920e+03,9.923000000000000043e+00
1.422750000000000000e+03,1.004819999999999958e+01
1.422752400000000080e+03,1.012589999999999968e+01
1.422754899999999907e+03,1.008849999999999980e+01
1.422757299999999987e+03,9.934900000000000730e+00
1.422759800000000041e+03,9.735599999999999810e+00
1.422762199999999893e+03,9.572800000000000864e+00
1.422764599999999973e+03,9.484799999999999898e+00
1.422767100000000028e+03,9.467599999999999127e+00
1.422769500000000107e+03,9.500899999999999679e+00
1.422771999999999935e+03,9.552899999999999281e+00
1.422774400000000014e+03,9.581799999999999429e+00
1.422776900000000069e+03,9.563599999999999213e+00
1.422779299999999921e+03,9.519399999999999196e+00
1.422781700000000001e+03,9.498799999999999244e+00
1.422784200000000055e+03,9.528200000000000003e+00
1.422786599999999908e+03,9.580799999999999983e+00
1.422789099999999962e+03,9.602999999999999758e+00
1.422791500000000042e+03,9.569900000000000517e+00
1.422793899999999894e+03,9.506299999999999528e+00
1.422796399999999949e+03,9.450900000000000745e+00
1.422798800000000028e+03,9.417899999999999494e+00
1.422801300000000083e+03,9.406000000000000583e+00
1.422803699999999935e+03,9.427199999999999136e+00
1.422806199999999990e+03,9.508300000000000196e+00
1.422808600000000069e+03,9.665699999999999292e+00
1.422810999999999922e+03,9.877399999999999736e+00
1.422813499999999976e+03,1.007039999999999935e+01
1.422815900000000056e+03,1.015140000000000065e+01
1.422818400000000111e+03,1.007900000000000063e+01
1.422820799999999963e+03,9.907899999999999707e+00
1.422823200000000043e+03,9.742399999999999949e+00
1.422825700000000097e+03,9.643700000000000827e+00
1.422828099999999949e+03,9.596299999999999386e+00
1.422830600000000004e+03,9.554100000000000037e+00
1.422833000000000084e+03,9.500799999999999912e+00
1.422835399999999936e+03,9.464800000000000324e+00
1.422837899999999991e+03,9.480000000000000426e+00
1.422840300000000070e+03,9.534100000000000463e+00
1.422842799999999897e+03,9.564099999999999824e+00
1.422845199999999977e+03,9.512000000000000455e+00
1.422847700000000032e+03,9.380300000000000082e+00
1.422850100000000111e+03,9.228600000000000136e+00
1.422852499999999964e+03,9.119500000000000384e+00
1.422855000000000018e+03,9.073700000000000543e+00
1.422857400000000098e+03,9.073100000000000165e+00
1.422859899999999925e+03,9.088699999999999335e+00
1.422862300000000005e+03,9.098000000000000753e+00
1.422864700000000084e+03,9.085699999999999221e+00
1.422867199999999912e+03,9.050499999999999545e+00
1.422869599999999991e+03,9.010899999999999466e+00
1.422872100000000046e+03,9.000400000000000844e+00
1.422874499999999898e+03,9.049099999999999255e+00
1.422876999999999953e+03,9.161899999999999267e+00
1.422879400000000032e+03,9.304999999999999716e+00
1.422881800000000112e+03,9.420799999999999841e+00
1.422884299999999939e+03,9.473300000000000054e+00
1.422886700000000019e+03,9.480999999999999872e+00
1.422889200000000073e+03,9.496399999999999508e+00
1.422891599999999926e+03,9.551399999999999224e+00
1.422894000000000005e+03,9.630100000000000549e+00
1.422896500000000060e+03,9.688599999999999213e+00
1.422898899999999912e+03,9.690300000000000580e+00
1.422901399999999967e+03,9.625899999999999679e+00
1.422903800000000047e+03,9.513999999999999346e+00
1.422906199999999899e+03,9.390399999999999636e+00
1.422908699999999953e+03,9.298299999999999343e+00
1.422911100000000033e+03,9.275399999999999423e+00
1.422913600000000088e+03,9.325300000000000367e+00
1.422915999999999940e+03,9.395300000000000651e+00
1.422918499999999995e+03,9.408099999999999241e+00
1.422920900000000074e+03,9.333800000000000097e+00
1.422923299999999927e+03,9.220499999999999474e+00
1.422925799999999981e+03,9.148099999999999454e+00
1.422928200000000061e+03,9.171599999999999753e+00
1.422930699999999888e+03,9.305400000000000560e+00
1.422933099999999968e+03,9.519800000000000040e+00
1.422935500000000047e+03,9.740299999999999514e+00
1.422938000000000102e+03,9.880900000000000460e+00
1.422940399999999954e+03,9.904700000000000060e+00
1.422942900000000009e+03,9.842100000000000293e+00
1.422945300000000088e+03,9.748200000000000642e+00
1.422947799999999916e+03,9.656100000000000350e+00
1.422950199999999995e+03,9.568899999999999295e+00
1.422952600000000075e+03,9.477000000000000313e+00
1.422955099999999902e+03,9.380800000000000693e+00
1.422957499999999982e+03,9.302699999999999747e+00
1.422960000000000036e+03,9.275000000000000355e+00
1.422962399999999889e+03,9.314999999999999503e+00
1.422964799999999968e+03,9.407199999999999562e+00
1.422967300000000023e+03,9.507199999999999207e+00
1.422969700000000103e+03,9.564899999999999736e+00
1.422972199999999930e+03,9.560700000000000642e+00
1.422974600000000009e+03,9.522600000000000620e+00
1.422977100000000064e+03,9.499900000000000233e+00
1.422979499999999916e+03,9.515599999999999170e+00
1.422981899999999996e+03,9.550000000000000711e+00
1.422984400000000051e+03,9.566399999999999793e+00
1.422986799999999903e+03,9.540699999999999292e+00
1.422989299999999957e+03,9.471700000000000230e+00
1.422991700000000037e+03,9.381700000000000372e+00
1.422994099999999889e+03,9.303200000000000358e+00
1.422996599999999944e+03,9.251500000000000057e+00
1.422999000000000024e+03,0.000000000000000000e+00
1.423001500000000078e+03,0.000000000000000000e+00
1.423003899999999931e+03,0.000000000000000000e+00
1.423006300000000010e+03,0.000000000000000000e+00
1.423008800000000065e+03,0.000000000000000000e+00
1.423011199999999917e+03,0.000000000000000000e+00
1.423013699999999972e+03,0.000000000000000000e+00
1.423016100000000051e+03,0.000000000000000000e+00
1.423018600000000106e+03,0.000000000000000000e+00
1.423020999999999958e+03,0.000000000000000000e+00
1.423023400000000038e+03,0.000000000000000000e+00
1.423025900000000092e+03,0.000000000000000000e+00
1.423028299999999945e+03,0.000000000000000000e+00
1.423030799999999999e+03,0.000000000000000000e+00
1.423033200000000079e+03,0.000000000000000000e+00
1.423035599999999931e+03,0.000000000000000000e+00
1.423038099999999986e+03,0.000000000000000000e+00
1.423040500000000065e+03,0.000000000000000000e+00
1.423042999999999893e+03,0.000000000000000000e+00
1.423045399999999972e+03,0.000000000000000000e+00
1.423047900000000027e+03,0.000000000000000000e+00
1.423050300000000107e+03,0.000000000000000000e+00
1.423052699999999959e+03,0.000000000000000000e+00
1.423055200000000013e+03,0.000000000000000000e+00
1.423057600000000093e+03,0.000000000000000000e+00
1.423060099999999920e+03,0.000000000000000000e+00
1.423062500000000000e+03,0.000000000000000000e+00
1.423064900000000080e+03,0.000000000000000000e+00
1.423067399999999907e+03,0.000000000000000000e+00
1.423069799999999987e+03,0.000000000000000000e+00
1.423072300000000041e+03,0.000000000000000000e+00
1.423074699999999893e+03,0.000000000000000000e+00
1.423077099999999973e+03,0.000000000000000000e+00
1.423079600000000028e+03,0.000000000000000000e+00
1.423082000000000107e+03,0.000000000000000000e+00
1.423084499999999935e+03,0.000000000000000000e+00
1.423086900000000014e+03,0.000000000000000000e+00
1.423089400000000069e+03,0.000000000000000000e+00
1.423091799999999921e+03,0.000000000000000000e+00
1.423094200000000001e+03,0.000000000000000000e+00
1.423096700000000055e+03,0.000000000000000000e+00
1.423099099999999908e+03,0.000000000000000000e+00
1.423101599999999962e+03,0.000000000000000000e+00
1.423104000000000042e+03,0.000000000000000000e+00
1.423106399999999894e+03,0.000000000000000000e+00
1.423108899999999949e+03,0.000000000000000000e+00
1.423111300000000028e+03,0.000000000000000000e+00
1.423113800000000083e+03,0.000000000000000000e+00
1.423116199999999935e+03,0.000000000000000000e+00
1.423118699999999990e+03,0.000000000000000000e+00
1.423121100000000069e+03,0.000000000000000000e+00
1.423123499999999922e+03,0.000000000000000000e+00
1.423125999999999976e+03,0.000000000000000000e+00
1.423128400000000056e+03,0.000000000000000000e+00
1.423130900000000111e+03,0.000000000000000000e+00
1.423133299999999963e+03,0.000000000000000000e+00
1.423135700000000043e+03,0.000000000000000000e+00
1.423138200000000097e+03,0.000000000000000000e+00
1.423140599999999949e+03,0.000000000000000000e+00
1.423143100000000004e+03,0.000000000000000000e+00
1.423145500000000084e+03,0.000000000000000000e+00
1.423147899999999936e+03,0.000000000000000000e+00
1.423150399999999991e+03,0.000000000000000000e+00
1.423152800000000070e+03,0.000000000000000000e+00
1.423155299999999897e+03,0.000000000000000000e+00
1.423157699999999977e+03,0.000000000000000000e+00
1.423160200000000032e+03,0.000000000000000000e+00
1.423162600000000111e+03,0.000000000000000000e+00
1.423164999999999964e+03,0.000000000000000000e+00
1.423167500000000018e+03,0.000000000000000000e+00
1.423169900000000098e+03,0.000000000000000000e+00
1.423172399999999925e+03,0.000000000000000000e+00
1.423174800000000005e+03,0.000000000000000000e+00
1.423177200000000084e+03,0.000000000000000000e+00
1.423179699999999912e+03,0.000000000000000000e+00
1.423182099999999991e+03,0.000000000000000000e+00
1.423184600000000046e+03,0.000000000000000000e+00
1.423186999999999898e+03,0.000000000000000000e+00
1.423189499999999953e+03,0.000000000000000000e+00
1.423191900000000032e+03,0.000000000000000000e+00
1.423194300000000112e+03,0.000000000000000000e+00
1.423196799999999939e+03,0.000000000000000000e+00
1.423199200000000019e+03,0.000000000000000000e+00
1.423201700000000073e+03,0.000000000000000000e+00
1.423204099999999926e+03,0.000000000000000000e+00
1.423206500000000005e+03,0.000000000000000000e+00
1.423209000000000060e+03,0.000000000000000000e+00
1.423211399999999912e+03,0.000000000000000000e+00
1.423213899999999967e+03,0.000000000000000000e+00
1.423216300000000047e+03,0.000000000000000000e+00
1.423218800000000101e+03,0.000000000000000000e+00
1.423221199999999953e+03,0.000000000000000000e+00
1.423223600000000033e+03,0.000000000000000000e+00
1.423226100000000088e+03,0.000000000000000000e+00
1.423228499999999940e+03,0.000000000000000000e+00
1.423230999999999995e+03,0.000000000000000000e+00
1.423233400000000074e+03,0.000000000000000000e+00
1.423235799999999927e+03,0.000000000000000000e+00
1.423238299999999981e+03,0.000000000000000000e+00
1.423240700000000061e+03,0.000000000000000000e+00
1.423243199999999888e+03,0.000000000000000000e+00
1.423245599999999968e+03,0.000000000000000000e+00
1.423248000000000047e+03,0.000000000000000000e+00
1.423250500000000102e+03,0.000000000000000000e+00
1.423252899999999954e+03,0.000000000000000000e+00
1.423255400000000009e+03,0.000000000000000000e+00
1.423257800000000088e+03,0.000000000000000000e+00
1.423260299999999916e+03,0.000000000000000000e+00
1.423262699999999995e+03,0.000000000000000000e+00
1.423265100000000075e+03,0.000000000000000000e+00
1.423267599999999902e+03,0.000000000000000000e+00
1.423269999999999982e+03,0.000000000000000000e+00
1.423272500000000036e+03,0.000000000000000000e+00
1.423274899999999889e+03,0.000000000000000000e+00
1.423277299999999968e+03,0.000000000000000000e+00
1.423279800000000023e+03,0.000000000000000000e+00
1.423282200000000103e+03,0.000000000000000000e+00
1.423284699999999930e+03,0.000000000000000000e+00
1.423287100000000009e+03,0.000000000000000000e+00
1.423289600000000064e+03,0.000000000000000000e+00
1.423291999999999916e+03,0.000000000000000000e+00
1.423294399999999996e+03,0.000000000000000000e+00
1.423296900000000051e+03,0.000000000000000000e+00
1.423299299999999903e+03,0.000000000000000000e+00
1.423301799999999957e+03,0.000000000000000000e+00
1.423304200000000037e+03,0.000000000000000000e+00
1.423306599999999889e+03,0.000000000000000000e+00
1.423309099999999944e+03,0.000000000000000000e+00
1.423311500000000024e+03,0.000000000000000000e+00
1.423314000000000078e+03,0.000000000000000000e+00
1.423316399999999931e+03,0.000000000000000000e+00
1.423318800000000010e+03,0.000000000000000000e+00
1.423321300000000065e+03,0.000000000000000000e+00
1.423323699999999917e+03,0.000000000000000000e+00
1.423326199999999972e+03,0.000000000000000000e+00
1.423328600000000051e+03,0.000000000000000000e+00
1.423331100000000106e+03,0.000000000000000000e+00
1.423333499999999958e+03,0.000000000000000000e+00
1.423335900000000038e+03,0.000000000000000000e+00
1.423338400000000092e+03,0.000000000000000000e+00
1.423340799999999945e+03,0.000000000000000000e+00
1.423343299999999999e+03,0.000000000000000000e+00
1.423345700000000079e+03,0.000000000000000000e+00
1.423348099999999931e+03,0.000000000000000000e+00
1.423350599999999986e+03,0.000000000000000000e+00
1.423353000000000065e+03,0.000000000000000000e+00
1.423355499999999893e+03,0.000000000000000000e+00
1.423357899999999972e+03,0.000000000000000000e+00
1.423360400000000027e+03,0.000000000000000000e+00
1.423362800000000107e+03,0.000000000000000000e+00
1.423365199999999959e+03,0.000000000000000000e+00
1.423367700000000013e+03,0.000000000000000000e+00
1.423370100000000093e+03,0.000000000000000000e+00
1.423372599999999920e+03,0.000000000000000000e+00
1.423375000000000000e+03,0.000000000000000000e+00
1.423377400000000080e+03,0.000000000000000000e+00
1.423379899999999907e+03,0.000000000000000000e+00
1.423382299999999987e+03,0.000000000000000000e+00
1.423384800000000041e+03,0.000000000000000000e+00
1.423387199999999893e+03,0.000000000000000000e+00
1.423389599999999973e+03,0.000000000000000000e+00
1.423392100000000028e+03,0.000000000000000000e+00
1.423394500000000107e+03,0.000000000000000000e+00
1.423396999999999935e+03,0.000000000000000000e+00
1.423399400000000014e+03,0.000000000000000000e+00
1.423401900000000069e+03,0.000000000000000000e+00
1.423404299999999921e+03,0.000000000000000000e+00
1.423406700000000001e+03,0.000000000000000000e+00
1.423409200000000055e+03,0.000000000000000000e+00
1.423411599999999908e+03,0.000000000000000000e+00
1.423414099999999962e+03,0.000000000000000000e+00
1.423416500000000042e+03,0.000000000000000000e+00
1.423418899999999894e+03,0.000000000000000000e+00
1.423421399999999949e+03,0.000000000000000000e+00
1.423423800000000028e+03,0.000000000000000000e+00
1.423426300000000083e+03,0.000000000000000000e+00
1.423428699999999935e+03,0.000000000000000000e+00
1.423431199999999990e+03,0.000000000000000000e+00
1.423433600000000069e+03,0.000000000000000000e+00
1.423435999999999922e+03,0.000000000000000000e+00
1.423438499999999976e+03,0.000000000000000000e+00
1.423440900000000056e+03,0.000000000000000000e+00
1.423443400000000111e+03,0.000000000000000000e+00
1.423445799999999963e+03,0.000000000000000000e+00
1.423448200000000043e+03,0.000000000000000000e+00
1.423450700000000097e+03,0.000000000000000000e+00
1.423453099999999949e+03,0.000000000000000000e+00
1.423455600000000004e+03,0.000000000000000000e+00
1.423458000000000084e+03,0.000000000000000000e+00
1.423460399999999936e+03,0.000000000000000000e+00
1.423462899999999991e+03,0.000000000000000000e+00
1.423465300000000070e+03,0.000000000000000000e+00
1.423467799999999897e+03,0.000000000000000000e+00
1.423470199999999977e+03,0.000000000000000000e+00
1.423472700000000032e+03,0.000000000000000000e+00
1.423475100000000111e+03,0.000000000000000000e+00
1.423477499999999964e+03,0.000000000000000000e+00
1.423480000000000018e+03,0.000000000000000000e+00
1.423482400000000098e+03,0.000000000000000000e+00
1.423484899999999925e+03,0.000000000000000000e+00
1.423487300000000005e+03,0.000000000000000000e+00
1.423489700000000084e+03,0.000000000000000000e+00
1.423492199999999912e+03,0.000000000000000000e+00
1.423494599999999991e+03,0.000000000000000000e+00
1.423497100000000046e+03,0.000000000000000000e+00
1.423499499999999898e+03,0.000000000000000000e+00
1.423501999999999953e+03,-0.000000000000000000e+00
1.423504400000000032e+03,-0.000000000000000000e+00
1.423506800000000112e+03,-0.000000000000000000e+00
1.423509299999999939e+03,-0.000000000000000000e+00
1.423511700000000019e+03,-0.000000000000000000e+00
1.423514200000000073e+03,-0.000000000000000000e+00
1.423516599999999926e+03,-0.000000000000000000e+00
1.423519000000000005e+03,-0.000000000000000000e+00
1.423521500000000060e+03,-0.000000000000000000e+00
1.423523899999999912e+03,-0.000000000000000000e+00
1.423526399999999967e+03,-0.000000000000000000e+00
1.423528800000000047e+03,-0.000000000000000000e+00
1.423531199999999899e+03,-0.000000000000000000e+00
1.423533699999999953e+03,-0.000000000000000000e+00
1.423536100000000033e+03,-0.000000000000000000e+00
1.423538600000000088e+03,-0.000000000000000000e+00
1.423540999999999940e+03,-0.000000000000000000e+00
1.423543499999999995e+03,-0.000000000000000000e+00
1.423545900000000074e+03,-0.000000000000000000e+00
1.423548299999999927e+03,-0.000000000000000000e+00
1.423550799999999981e+03,-0.000000000000000000e+00
1.423553200000000061e+03,-0.000000000000000000e+00
1.423555699999999888e+03,-0.000000000000000000e+00
1.423558099999999968e+03,-0.000000000000000000e+00
1.423560500000000047e+03,-0.000000000000000000e+00
1.423563000000000102e+03,-0.000000000000000000e+00
1.423565399999999954e+03,-0.000000000000000000e+00
1.423567900000000009e+03,-0.000000000000000000e+00
1.423570300000000088e+03,-0.000000000000000000e+00
1.423572799999999916e+03,-0.000000000000000000e+00
1.423575199999999995e+03,-0.000000000000000000e+00
1.423577600000000075e+03,-0.000000000000000000e+00
1.423580099999999902e+03,-0.000000000000000000e+00
1.423582499999999982e+03,-0.000000000000000000e+00
1.423585000000000036e+03,-0.000000000000000000e+00
1.423587399999999889e+03,-0.000000000000000000e+00
1.423589799999999968e+03,-0.000000000000000000e+00
1.423592300000000023e+03,-0.000000000000000000e+00
1.423594700000000103e+03,-0.000000000000000000e+00
1.423597199999999930e+03,-0.000000000000000000e+00
1.423599600000000009e+03,-0.000000000000000000e+00
1.423602100000000064e+03,-0.000000000000000000e+00
1.423604499999999916e+03,-0.000000000000000000e+00
1.423606899999999996e+03,-0.000000000000000000e+00
1.423609400000000051e+03,-0.000000000000000000e+00
1.423611799999999903e+03,-0.000000000000000000e+00
1.423614299999999957e+03,-0.000000000000000000e+00
1.423616700000000037e+03,-0.000000000000000000e+00
1.423619099999999889e+03,-0.000000000000000000e+00
1.423621599999999944e+03,-0.000000000000000000e+00
1.423624000000000024e+03,-0.000000000000000000e+00
1.423626500000000078e+03,-0.000000000000000000e+00
1.423628899999999931e+03,-0.000000000000000000e+00
1.423631300000000010e+03,-0.000000000000000000e+00
1.423633800000000065e+03,-0.000000000000000000e+00
1.423636199999999917e+03,-0.000000000000000000e+00
1.423638699999999972e+03,-0.000000000000000000e+00
1.423641100000000051e+03,-0.000000000000000000e+00
1.423643600000000106e+03,-0.000000000000000000e+00
1.423645999999999958e+03,-0.000000000000000000e+00
1.423648400000000038e+03,-0.000000000000000000e+00
1.423650900000000092e+03,-0.000000000000000000e+00
1.423653299999999945e+03,-0.000000000000000000e+00
1.423655799999999999e+03,-0.000000000000000000e+00
1.423658200000000079e+03,-0.000000000000000000e+00
1.423660599999999931e+03,-0.000000000000000000e+00
1.423663099999999986e+03,-0.000000000000000000e+00
1.423665500000000065e+03,-0.000000000000000000e+00
1.423667999999999893e+03,-0.000000000000000000e+00
1.423670399999999972e+03,0.000000000000000000e+00
1.423672900000000027e+03,0.000000000000000000e+00
1.423675300000000107e+03,0.000000000000000000e+00
1.423677699999999959e+03,0.000000000000000000e+00
1.423680200000000013e+03,0.000000000000000000e+00
1.423682600000000093e+03,0.000000000000000000e+00
1.423685099999999920e+03,0.000000000000000000e+00
1.423687500000000000e+03,0.000000000000000000e+00
1.423689900000000080e+03,0.000000000000000000e+00
1.423692399999999907e+03,0.000000000000000000e+00
1.423694799999999987e+03,0.000000000000000000e+00
1.423697300000000041e+03,0.000000000000000000e+00
1.423699699999999893e+03,0.000000000000000000e+00
1.423702099999999973e+03,0.000000000000000000e+00
1.423704600000000028e+03,0.000000000000000000e+00
1.423707000000000107e+03,0.000000000000000000e+00
1.423709499999999935e+03,0.000000000000000000e+00
1.423711900000000014e+03,0.000000000000000000e+00
1.423714400000000069e+03,0.000000000000000000e+00
1.423716799999999921e+03,0.000000000000000000e+00
1.423719200000000001e+03,0.000000000000000000e+00
1.423721700000000055e+03,0.000000000000000000e+00
1.423724099999999908e+03,0.000000000000000000e+00
1.423726599999999962e+03,0.000000000000000000e+00
1.423729000000000042e+03,0.000000000000000000e+00
1.423731399999999894e+03,0.000000000000000000e+00
1.423733899999999949e+03,0.000000000000000000e+00
1.423736300000000028e+03,0.000000000000000000e+00
1.423738800000000083e+03,0.000000000000000000e+00
1.423741199999999935e+03,0.000000000000000000e+00
1.423743699999999990e+03,0.000000000000000000e+00
1.423746100000000069e+03,0.000000000000000000e+00
1.423748499999999922e+03,0.000000000000000000e+00
1.423750999999999976e+03,0.000000000000000000e+00
1.423753400000000056e+03,0.000000000000000000e+00
1.423755900000000111e+03,0.000000000000000000e+00
1.423758299999999963e+03,0.000000000000000000e+00
1.423760700000000043e+03,0.000000000000000000e+00
1.423763200000000097e+03,0.000000000000000000e+00
1.423765599999999949e+03,0.000000000000000000e+00
1.423768100000000004e+03,0.000000000000000000e+00
1.423770500000000084e+03,0.000000000000000000e+00
1.423772899999999936e+03,0.000000000000000000e+00
1.423775399999999991e+03,0.000000000000000000e+00
1.423777800000000070e+03,0.000000000000000000e+00
1.423780299999999897e+03,0.000000000000000000e+00
1.423782699999999977e+03,0.000000000000000000e+00
1.423785200000000032e+03,0.000000000000000000e+00
1.423787600000000111e+03,0.000000000000000000e+00
1.423789999999999964e+03,0.000000000000000000e+00
1.423792500000000018e+03,0.000000000000000000e+00
1.423794900000000098e+03,0.000000000000000000e+00
1.423797399999999925e+03,0.000000000000000000e+00
1.423799800000000005e+03,0.000000000000000000e+00
1.423802200000000084e+03,0.000000000000000000e+00
1.423804699999999912e+03,0.000000000000000000e+00
1.423807099999999991e+03,0.000000000000000000e+00
1.423809600000000046e+03,0.000000000000000000e+00
1.423811999999999898e+03,0.000000000000000000e+00
1.423814499999999953e+03,0.000000000000000000e+00
1.423816900000000032e+03,0.000000000000000000e+00
1.423819300000000112e+03,0.000000000000000000e+00
1.423821799999999939e+03,0.000000000000000000e+00
1.423824200000000019e+03,0.000000000000000000e+00
1.423826700000000073e+03,0.000000000000000000e+00
1.423829099999999926e+03,0.000000000000000000e+00
1.423831500000000005e+03,0.000000000000000000e+00
1.423834000000000060e+03,0.000000000000000000e+00
1.423836399999999912e+03,0.000000000000000000e+00
1.423838899999999967e+03,0.000000000000000000e+00
1.423841300000000047e+03,0.000000000000000000e+00
1.423843800000000101e+03,0.000000000000000000e+00
1.423846199999999953e+03,0.000000000000000000e+00
1.423848600000000033e+03,0.000000000000000000e+00
1.423851100000000088e+03,0.000000000000000000e+00
1.423853499999999940e+03,0.000000000000000000e+00
1.423855999999999995e+03,0.000000000000000000e+00
1.423858400000000074e+03,0.000000000000000000e+00
1.423860799999999927e+03,0.000000000000000000e+00
1.423863299999999981e+03,0.000000000000000000e+00
1.423865700000000061e+03,0.000000000000000000e+00
1.423868199999999888e+03,0.000000000000000000e+00
1.423870599999999968e+03,0.000000000000000000e+00
1.423873000000000047e+03,0.000000000000000000e+00
1.423875500000000102e+03,0.000000000000000000e+00
1.423877899999999954e+03,0.000000000000000000e+00
1.423880400000000009e+03,0.000000000000000000e+00
1.423882800000000088e+03,0.000000000000000000e+00
1.423885299999999916e+03,0.000000000000000000e+00
1.423887699999999995e+03,0.000000000000000000e+00
1.423890100000000075e+03,0.000000000000000000e+00
1.423892599999999902e+03,0.000000000000000000e+00
1.423894999999999982e+03,0.000000000000000000e+00
1.423897500000000036e+03,0.000000000000000000e+00
1.423899899999999889e+03,0.000000000000000000e+00
1.423902299999999968e+03,0.000000000000000000e+00
1.423904800000000023e+03,0.000000000000000000e+00
1.423907200000000103e+03,0.000000000000000000e+00
1.423909699999999930e+03,0.000000000000000000e+00
1.423912100000000009e+03,0.000000000000000000e+00
1.423914600000000064e+03,0.000000000000000000e+00
1.423916999999999916e+03,0.000000000000000000e+00
1.423919399999999996e+03,0.000000000000000000e+00
1.423921900000000051e+03,0.000000000000000000e+00
1.423924299999999903e+03,0.000000000000000000e+00
1.423926799999999957e+03,0.000000000000000000e+00
1.423929200000000037e+03,0.000000000000000000e+00
1.423931599999999889e+03,0.000000000000000000e+00
1.423934099999999944e+03,0.000000000000000000e+00
1.423936500000000024e+03,0.000000000000000000e+00
1.423939000000000078e+03,0.000000000000000000e+00
1.423941399999999931e+03,0.000000000000000000e+00
1.423943800000000010e+03,0.000000000000000000e+00
1.423946300000000065e+03,0.000000000000000000e+00
1.423948699999999917e+03,0.000000000000000000e+00
1.423951199999999972e+03,0.000000000000000000e+00
1.423953600000000051e+03,0.000000000000000000e+00
1.423956100000000106e+03,0.000000000000000000e+00
1.423958499999999958e+03,0.000000000000000000e+00
1.423960900000000038e+03,0.000000000000000000e+00
1.423963400000000092e+03,0.000000000000000000e+00
1.423965799999999945e+03,0.000000000000000000e+00
1.423968299999999999e+03,0.000000000000000000e+00
1.423970700000000079e+03,0.000000000000000000e+00
1.423973099999999931e+03,0.000000000000000000e+00
1.423975599999999986e+03,0.000000000000000000e+00
1.423978000000000065e+03,0.000000000000000000e+00
1.423980499999999893e+03,0.000000000000000000e+00
1.423982899999999972e+03,0.000000000000000000e+00
1.423985400000000027e+03,0.000000000000000000e+00
1.423987800000000107e+03,0.000000000000000000e+00
1.423990199999999959e+03,0.000000000000000000e+00
1.423992700000000013e+03,0.000000000000000000e+00
1.423995100000000093e+03,0.000000000000000000e+00
1.423997599999999920e+03,0.000000000000000000e+00
