1.414000000000000000e+03,0.000000000000000000e+00
1.414002400000000080e+03,0.000000000000000000e+00
1.414004899999999907e+03,0.000000000000000000e+00
1.414007299999999987e+03,0.000000000000000000e+00
1.414009800000000041e+03,0.000000000000000000e+00
1.414012199999999893e+03,0.000000000000000000e+00
1.414014599999999973e+03,0.000000000000000000e+00
1.414017100000000028e+03,0.000000000000000000e+00
1.414019500000000107e+03,0.000000000000000000e+00
1.414021999999999935e+03,0.000000000000000000e+00
1.414024400000000014e+03,0.000000000000000000e+00
1.414026900000000069e+03,0.000000000000000000e+00
1.414029299999999921e+03,0.000000000000000000e+00
1.414031700000000001e+03,0.000000000000000000e+00
1.414034200000000055e+03,0.000000000000000000e+00
1.414036599999999908e+03,0.000000000000000000e+00
1.414039099999999962e+03,0.000000000000000000e+00
1.414041500000000042e+03,0.000000000000000000e+00
1.414043899999999894e+03,0.000000000000000000e+00
1.414046399999999949e+03,0.000000000000000000e+00
1.414048800000000028e+03,0.000000000000000000e+00
1.414051300000000083e+03,0.000000000000000000e+00
1.414053699999999935e+03,0.000000000000000000e+00
1.414056199999999990e+03,0.000000000000000000e+00
1.414058600000000069e+03,0.000000000000000000e+00
1.414060999999999922e+03,0.000000000000000000e+00
1.414063499999999976e+03,0.000000000000000000e+00
1.414065900000000056e+03,0.000000000000000000e+00
1.414068400000000111e+03,0.000000000000000000e+00
1.414070799999999963e+03,0.000000000000000000e+00
1.414073200000000043e+03,0.000000000000000000e+00
1.414075700000000097e+03,0.000000000000000000e+00
1.414078099999999949e+03,0.000000000000000000e+00
1.414080600000000004e+03,0.000000000000000000e+00
1.414083000000000084e+03,0.000000000000000000e+00
1.414085399999999936e+03,0.000000000000000000e+00
1.414087899999999991e+03,0.000000000000000000e+00
1.414090300000000070e+03,0.000000000000000000e+00
1.414092799999999897e+03,0.000000000000000000e+00
1.414095199999999977e+03,0.000000000000000000e+00
1.414097700000000032e+03,0.000000000000000000e+00
1.414100100000000111e+03,0.000000000000000000e+00
1.414102499999999964e+03,0.000000000000000000e+00
1.414105000000000018e+03,0.000000000000000000e+00
1.414107400000000098e+03,0.000000000000000000e+00
1.414109899999999925e+03,0.000000000000000000e+00
1.414112300000000005e+03,0.000000000000000000e+00
1.414114700000000084e+03,0.000000000000000000e+00
1.414117199999999912e+03,0.000000000000000000e+00
1.414119599999999991e+03,0.000000000000000000e+00
1.414122100000000046e+03,0.000000000000000000e+00
1.414124499999999898e+03,0.000000000000000000e+00
1.414126999999999953e+03,0.000000000000000000e+00
1.414129400000000032e+03,0.000000000000000000e+00
1.414131800000000112e+03,0.000000000000000000e+00
1.414134299999999939e+03,0.000000000000000000e+00
1.414136700000000019e+03,0.000000000000000000e+00
1.414139200000000073e+03,0.000000000000000000e+00
1.414141599999999926e+03,0.000000000000000000e+00
1.414144000000000005e+03,0.000000000000000000e+00
1.414146500000000060e+03,0.000000000000000000e+00
1.414148899999999912e+03,0.000000000000000000e+00
1.414151399999999967e+03,0.000000000000000000e+00
1.414153800000000047e+03,0.000000000000000000e+00
1.414156199999999899e+03,0.000000000000000000e+00
1.414158699999999953e+03,0.000000000000000000e+00
1.414161100000000033e+03,0.000000000000000000e+00
1.414163600000000088e+03,0.000000000000000000e+00
1.414165999999999940e+03,0.000000000000000000e+00
1.414168499999999995e+03,0.000000000000000000e+00
1.414170900000000074e+03,0.000000000000000000e+00
1.414173299999999927e+03,0.000000000000000000e+00
1.414175799999999981e+03,0.000000000000000000e+00
1.414178200000000061e+03,0.000000000000000000e+00
1.414180699999999888e+03,0.000000000000000000e+00
1.414183099999999968e+03,0.000000000000000000e+00
1.414185500000000047e+03,0.000000000000000000e+00
1.414188000000000102e+03,0.000000000000000000e+00
1.414190399999999954e+03,0.000000000000000000e+00
1.414192900000000009e+03,0.000000000000000000e+00
1.414195300000000088e+03,0.000000000000000000e+00
1.414197799999999916e+03,0.000000000000000000e+00
1.414200199999999995e+03,0.000000000000000000e+00
1.414202600000000075e+03,0.000000000000000000e+00
1.414205099999999902e+03,0.000000000000000000e+00
1.414207499999999982e+03,0.000000000000000000e+00
1.414210000000000036e+03,0.000000000000000000e+00
1.414212399999999889e+03,0.000000000000000000e+00
1.414214799999999968e+03,0.000000000000000000e+00
1.414217300000000023e+03,0.000000000000000000e+00
1.414219700000000103e+03,0.000000000000000000e+00
1.414222199999999930e+03,0.000000000000000000e+00
1.414224600000000009e+03,0.000000000000000000e+00
1.414227100000000064e+03,0.000000000000000000e+00
1.414229499999999916e+03,0.000000000000000000e+00
1.414231899999999996e+03,0.000000000000000000e+00
1.414234400000000051e+03,0.000000000000000000e+00
1.414236799999999903e+03,0.000000000000000000e+00
1.414239299999999957e+03,0.000000000000000000e+00
1.414241700000000037e+03,0.000000000000000000e+00
1.414244099999999889e+03,0.000000000000000000e+00
1.414246599999999944e+03,0.000000000000000000e+00
1.414249000000000024e+03,0.000000000000000000e+00
1.414251500000000078e+03,0.000000000000000000e+00
1.414253899999999931e+03,0.000000000000000000e+00
1.414256300000000010e+03,0.000000000000000000e+00
1.414258800000000065e+03,0.000000000000000000e+00
1.414261199999999917e+03,0.000000000000000000e+00
1.414263699999999972e+03,0.000000000000000000e+00
1.414266100000000051e+03,0.000000000000000000e+00
1.414268600000000106e+03,0.000000000000000000e+00
1.414270999999999958e+03,0.000000000000000000e+00
1.414273400000000038e+03,0.000000000000000000e+00
1.414275900000000092e+03,0.000000000000000000e+00
1.414278299999999945e+03,0.000000000000000000e+00
1.414280799999999999e+03,0.000000000000000000e+00
1.414283200000000079e+03,0.000000000000000000e+00
1.414285599999999931e+03,0.000000000000000000e+00
1.414288099999999986e+03,0.000000000000000000e+00
1.414290500000000065e+03,0.000000000000000000e+00
1.414292999999999893e+03,0.000000000000000000e+00
1.414295399999999972e+03,0.000000000000000000e+00
1.414297900000000027e+03,0.000000000000000000e+00
1.414300300000000107e+03,0.000000000000000000e+00
1.414302699999999959e+03,0.000000000000000000e+00
1.414305200000000013e+03,0.000000000000000000e+00
1.414307600000000093e+03,0.000000000000000000e+00
1.414310099999999920e+03,0.000000000000000000e+00
1.414312500000000000e+03,0.000000000000000000e+00
1.414314900000000080e+03,0.000000000000000000e+00
1.414317399999999907e+03,0.000000000000000000e+00
1.414319799999999987e+03,0.000000000000000000e+00
1.414322300000000041e+03,0.000000000000000000e+00
1.414324699999999893e+03,0.000000000000000000e+00
1.414327099999999973e+03,0.000000000000000000e+00
1.414329600000000028e+03,0.000000000000000000e+00
1.414332000000000107e+03,0.000000000000000000e+00
1.414334499999999935e+03,0.000000000000000000e+00
1.414336900000000014e+03,0.000000000000000000e+00
1.414339400000000069e+03,0.000000000000000000e+00
1.414341799999999921e+03,0.000000000000000000e+00
1.414344200000000001e+03,0.000000000000000000e+00
1.414346700000000055e+03,0.000000000000000000e+00
1.414349099999999908e+03,0.000000000000000000e+00
1.414351599999999962e+03,0.000000000000000000e+00
1.414354000000000042e+03,0.000000000000000000e+00
1.414356399999999894e+03,0.000000000000000000e+00
1.414358899999999949e+03,0.000000000000000000e+00
1.414361300000000028e+03,0.000000000000000000e+00
1.414363800000000083e+03,0.000000000000000000e+00
1.414366199999999935e+03,0.000000000000000000e+00
1.414368699999999990e+03,0.000000000000000000e+00
1.414371100000000069e+03,0.000000000000000000e+00
1.414373499999999922e+03,0.000000000000000000e+00
1.414375999999999976e+03,0.000000000000000000e+00
1.414378400000000056e+03,0.000000000000000000e+00
1.414380900000000111e+03,0.000000000000000000e+00
1.414383299999999963e+03,0.000000000000000000e+00
1.414385700000000043e+03,0.000000000000000000e+00
1.414388200000000097e+03,0.000000000000000000e+00
1.414390599999999949e+03,0.000000000000000000e+00
1.414393100000000004e+03,0.000000000000000000e+00
1.414395500000000084e+03,0.000000000000000000e+00
1.414397899999999936e+03,0.000000000000000000e+00
1.414400399999999991e+03,0.000000000000000000e+00
1.414402800000000070e+03,0.000000000000000000e+00
1.414405299999999897e+03,0.000000000000000000e+00
1.414407699999999977e+03,0.000000000000000000e+00
1.414410200000000032e+03,0.000000000000000000e+00
1.414412600000000111e+03,0.000000000000000000e+00
1.414414999999999964e+03,0.000000000000000000e+00
1.414417500000000018e+03,0.000000000000000000e+00
1.414419900000000098e+03,0.000000000000000000e+00
1.414422399999999925e+03,0.000000000000000000e+00
1.414424800000000005e+03,0.000000000000000000e+00
1.414427200000000084e+03,0.000000000000000000e+00
1.414429699999999912e+03,0.000000000000000000e+00
1.414432099999999991e+03,0.000000000000000000e+00
1.414434600000000046e+03,0.000000000000000000e+00
1.414436999999999898e+03,0.000000000000000000e+00
1.414439499999999953e+03,0.000000000000000000e+00
1.414441900000000032e+03,0.000000000000000000e+00
1.414444300000000112e+03,0.000000000000000000e+00
1.414446799999999939e+03,0.000000000000000000e+00
1.414449200000000019e+03,0.000000000000000000e+00
1.414451700000000073e+03,0.000000000000000000e+00
1.414454099999999926e+03,0.000000000000000000e+00
1.414456500000000005e+03,0.000000000000000000e+00
1.414459000000000060e+03,0.000000000000000000e+00
1.414461399999999912e+03,0.000000000000000000e+00
1.414463899999999967e+03,0.000000000000000000e+00
1.414466300000000047e+03,0.000000000000000000e+00
1.414468800000000101e+03,0.000000000000000000e+00
1.414471199999999953e+03,0.000000000000000000e+00
1.414473600000000033e+03,0.000000000000000000e+00
1.414476100000000088e+03,0.000000000000000000e+00
1.414478499999999940e+03,0.000000000000000000e+00
1.414480999999999995e+03,0.000000000000000000e+00
1.414483400000000074e+03,0.000000000000000000e+00
1.414485799999999927e+03,0.000000000000000000e+00
1.414488299999999981e+03,0.000000000000000000e+00
1.414490700000000061e+03,0.000000000000000000e+00
1.414493199999999888e+03,0.000000000000000000e+00
1.414495599999999968e+03,0.000000000000000000e+00
1.414498000000000047e+03,0.000000000000000000e+00
1.414500500000000102e+03,0.000000000000000000e+00
1.414502899999999954e+03,0.000000000000000000e+00
1.414505400000000009e+03,0.000000000000000000e+00
1.414507800000000088e+03,0.000000000000000000e+00
1.414510299999999916e+03,0.000000000000000000e+00
1.414512699999999995e+03,0.000000000000000000e+00
1.414515100000000075e+03,0.000000000000000000e+00
1.414517599999999902e+03,0.000000000000000000e+00
1.414519999999999982e+03,0.000000000000000000e+00
1.414522500000000036e+03,0.000000000000000000e+00
1.414524899999999889e+03,0.000000000000000000e+00
1.414527299999999968e+03,0.000000000000000000e+00
1.414529800000000023e+03,0.000000000000000000e+00
1.414532200000000103e+03,0.000000000000000000e+00
1.414534699999999930e+03,0.000000000000000000e+00
1.414537100000000009e+03,0.000000000000000000e+00
1.414539600000000064e+03,0.000000000000000000e+00
1.414541999999999916e+03,0.000000000000000000e+00
1.414544399999999996e+03,0.000000000000000000e+00
1.414546900000000051e+03,0.000000000000000000e+00
1.414549299999999903e+03,0.000000000000000000e+00
1.414551799999999957e+03,0.000000000000000000e+00
1.414554200000000037e+03,0.000000000000000000e+00
1.414556599999999889e+03,0.000000000000000000e+00
1.414559099999999944e+03,0.000000000000000000e+00
1.414561500000000024e+03,0.000000000000000000e+00
1.414564000000000078e+03,0.000000000000000000e+00
1.414566399999999931e+03,0.000000000000000000e+00
1.414568800000000010e+03,0.000000000000000000e+00
1.414571300000000065e+03,0.000000000000000000e+00
1.414573699999999917e+03,0.000000000000000000e+00
1.414576199999999972e+03,0.000000000000000000e+00
1.414578600000000051e+03,0.000000000000000000e+00
1.414581100000000106e+03,0.000000000000000000e+00
1.414583499999999958e+03,0.000000000000000000e+00
1.414585900000000038e+03,0.000000000000000000e+00
1.414588400000000092e+03,0.000000000000000000e+00
1.414590799999999945e+03,0.000000000000000000e+00
1.414593299999999999e+03,0.000000000000000000e+00
1.414595700000000079e+03,0.000000000000000000e+00
1.414598099999999931e+03,0.000000000000000000e+00
1.414600599999999986e+03,0.000000000000000000e+00
1.414603000000000065e+03,0.000000000000000000e+00
1.414605499999999893e+03,0.000000000000000000e+00
1.414607899999999972e+03,0.000000000000000000e+00
1.414610400000000027e+03,0.000000000000000000e+00
1.414612800000000107e+03,0.000000000000000000e+00
1.414615199999999959e+03,0.000000000000000000e+00
1.414617700000000013e+03,0.000000000000000000e+00
1.414620100000000093e+03,0.000000000000000000e+00
1.414622599999999920e+03,0.000000000000000000e+00
1.414625000000000000e+03,0.000000000000000000e+00
1.414627400000000080e+03,0.000000000000000000e+00
1.414629899999999907e+03,0.000000000000000000e+00
1.414632299999999987e+03,0.000000000000000000e+00
1.414634800000000041e+03,0.000000000000000000e+00
1.414637199999999893e+03,0.000000000000000000e+00
1.414639599999999973e+03,0.000000000000000000e+00
1.414642100000000028e+03,0.000000000000000000e+00
1.414644500000000107e+03,0.000000000000000000e+00
1.414646999999999935e+03,0.000000000000000000e+00
1.414649400000000014e+03,0.000000000000000000e+00
1.414651900000000069e+03,0.000000000000000000e+00
1.414654299999999921e+03,0.000000000000000000e+00
1.414656700000000001e+03,0.000000000000000000e+00
1.414659200000000055e+03,0.000000000000000000e+00
1.414661599999999908e+03,0.000000000000000000e+00
1.414664099999999962e+03,0.000000000000000000e+00
1.414666500000000042e+03,0.000000000000000000e+00
1.414668899999999894e+03,0.000000000000000000e+00
1.414671399999999949e+03,0.000000000000000000e+00
1.414673800000000028e+03,0.000000000000000000e+00
1.414676300000000083e+03,0.000000000000000000e+00
1.414678699999999935e+03,0.000000000000000000e+00
1.414681199999999990e+03,0.000000000000000000e+00
1.414683600000000069e+03,0.000000000000000000e+00
1.414685999999999922e+03,0.000000000000000000e+00
1.414688499999999976e+03,0.000000000000000000e+00
1.414690900000000056e+03,0.000000000000000000e+00
1.414693400000000111e+03,0.000000000000000000e+00
1.414695799999999963e+03,0.000000000000000000e+00
1.414698200000000043e+03,0.000000000000000000e+00
1.414700700000000097e+03,0.000000000000000000e+00
1.414703099999999949e+03,0.000000000000000000e+00
1.414705600000000004e+03,0.000000000000000000e+00
1.414708000000000084e+03,0.000000000000000000e+00
1.414710399999999936e+03,0.000000000000000000e+00
1.414712899999999991e+03,0.000000000000000000e+00
1.414715300000000070e+03,0.000000000000000000e+00
1.414717799999999897e+03,0.000000000000000000e+00
1.414720199999999977e+03,0.000000000000000000e+00
1.414722700000000032e+03,0.000000000000000000e+00
1.414725100000000111e+03,0.000000000000000000e+00
1.414727499999999964e+03,0.000000000000000000e+00
1.414730000000000018e+03,0.000000000000000000e+00
1.414732400000000098e+03,0.000000000000000000e+00
1.414734899999999925e+03,0.000000000000000000e+00
1.414737300000000005e+03,0.000000000000000000e+00
1.414739700000000084e+03,0.000000000000000000e+00
1.414742199999999912e+03,0.000000000000000000e+00
1.414744599999999991e+03,0.000000000000000000e+00
1.414747100000000046e+03,0.000000000000000000e+00
1.414749499999999898e+03,0.000000000000000000e+00
1.414751999999999953e+03,0.000000000000000000e+00
1.414754400000000032e+03,0.000000000000000000e+00
1.414756800000000112e+03,0.000000000000000000e+00
1.414759299999999939e+03,0.000000000000000000e+00
1.414761700000000019e+03,0.000000000000000000e+00
1.414764200000000073e+03,0.000000000000000000e+00
1.414766599999999926e+03,0.000000000000000000e+00
1.414769000000000005e+03,0.000000000000000000e+00
1.414771500000000060e+03,0.000000000000000000e+00
1.414773899999999912e+03,0.000000000000000000e+00
1.414776399999999967e+03,0.000000000000000000e+00
1.414778800000000047e+03,0.000000000000000000e+00
1.414781199999999899e+03,0.000000000000000000e+00
1.414783699999999953e+03,0.000000000000000000e+00
1.414786100000000033e+03,0.000000000000000000e+00
1.414788600000000088e+03,0.000000000000000000e+00
1.414790999999999940e+03,0.000000000000000000e+00
1.414793499999999995e+03,0.000000000000000000e+00
1.414795900000000074e+03,0.000000000000000000e+00
1.414798299999999927e+03,0.000000000000000000e+00
1.414800799999999981e+03,0.000000000000000000e+00
1.414803200000000061e+03,0.000000000000000000e+00
1.414805699999999888e+03,0.000000000000000000e+00
1.414808099999999968e+03,0.000000000000000000e+00
1.414810500000000047e+03,0.000000000000000000e+00
1.414813000000000102e+03,0.000000000000000000e+00
1.414815399999999954e+03,0.000000000000000000e+00
1.414817900000000009e+03,0.000000000000000000e+00
1.414820300000000088e+03,0.000000000000000000e+00
1.414822799999999916e+03,0.000000000000000000e+00
1.414825199999999995e+03,0.000000000000000000e+00
1.414827600000000075e+03,0.000000000000000000e+00
1.414830099999999902e+03,0.000000000000000000e+00
1.414832499999999982e+03,0.000000000000000000e+00
1.414835000000000036e+03,0.000000000000000000e+00
1.414837399999999889e+03,0.000000000000000000e+00
1.414839799999999968e+03,0.000000000000000000e+00
1.414842300000000023e+03,0.000000000000000000e+00
1.414844700000000103e+03,0.000000000000000000e+00
1.414847199999999930e+03,0.000000000000000000e+00
1.414849600000000009e+03,0.000000000000000000e+00
1.414852100000000064e+03,0.000000000000000000e+00
1.414854499999999916e+03,0.000000000000000000e+00
1.414856899999999996e+03,0.000000000000000000e+00
1.414859400000000051e+03,0.000000000000000000e+00
1.414861799999999903e+03,0.000000000000000000e+00
1.414864299999999957e+03,0.000000000000000000e+00
1.414866700000000037e+03,0.000000000000000000e+00
1.414869099999999889e+03,0.000000000000000000e+00
1.414871599999999944e+03,0.000000000000000000e+00
1.414874000000000024e+03,0.000000000000000000e+00
1.414876500000000078e+03,0.000000000000000000e+00
1.414878899999999931e+03,0.000000000000000000e+00
1.414881300000000010e+03,0.000000000000000000e+00
1.414883800000000065e+03,0.000000000000000000e+00
1.414886199999999917e+03,0.000000000000000000e+00
1.414888699999999972e+03,0.000000000000000000e+00
1.414891100000000051e+03,0.000000000000000000e+00
1.414893600000000106e+03,0.000000000000000000e+00
1.414895999999999958e+03,0.000000000000000000e+00
1.414898400000000038e+03,0.000000000000000000e+00
1.414900900000000092e+03,0.000000000000000000e+00
1.414903299999999945e+03,0.000000000000000000e+00
1.414905799999999999e+03,0.000000000000000000e+00
1.414908200000000079e+03,0.000000000000000000e+00
1.414910599999999931e+03,0.000000000000000000e+00
1.414913099999999986e+03,0.000000000000000000e+00
1.414915500000000065e+03,0.000000000000000000e+00
1.414917999999999893e+03,0.000000000000000000e+00
1.414920399999999972e+03,0.000000000000000000e+00
1.414922900000000027e+03,0.000000000000000000e+00
1.414925300000000107e+03,0.000000000000000000e+00
1.414927699999999959e+03,0.000000000000000000e+00
1.414930200000000013e+03,0.000000000000000000e+00
1.414932600000000093e+03,0.000000000000000000e+00
1.414935099999999920e+03,0.000000000000000000e+00
1.414937500000000000e+03,0.000000000000000000e+00
1.414939900000000080e+03,0.000000000000000000e+00
1.414942399999999907e+03,0.000000000000000000e+00
1.414944799999999987e+03,0.000000000000000000e+00
1.414947300000000041e+03,0.000000000000000000e+00
1.414949699999999893e+03,0.000000000000000000e+00
1.414952099999999973e+03,0.000000000000000000e+00
1.414954600000000028e+03,0.000000000000000000e+00
1.414957000000000107e+03,0.000000000000000000e+00
1.414959499999999935e+03,0.000000000000000000e+00
1.414961900000000014e+03,0.000000000000000000e+00
1.414964400000000069e+03,0.000000000000000000e+00
1.414966799999999921e+03,0.000000000000000000e+00
1.414969200000000001e+03,0.000000000000000000e+00
1.414971700000000055e+03,0.000000000000000000e+00
1.414974099999999908e+03,0.000000000000000000e+00
1.414976599999999962e+03,0.000000000000000000e+00
1.414979000000000042e+03,0.000000000000000000e+00
1.414981399999999894e+03,0.000000000000000000e+00
1.414983899999999949e+03,0.000000000000000000e+00
1.414986300000000028e+03,0.000000000000000000e+00
1.414988800000000083e+03,0.000000000000000000e+00
1.414991199999999935e+03,0.000000000000000000e+00
1.414993699999999990e+03,0.000000000000000000e+00
1.414996100000000069e+03,0.000000000000000000e+00
1.414998499999999922e+03,0.000000000000000000e+00
1.415000999999999976e+03,4.013989999999999725e+01
1.415003400000000056e+03,4.002759999999999962e+01
1.415005900000000111e+03,3.975670000000000215e+01
1.415008299999999963e+03,3.941069999999999851e+01
1.415010700000000043e+03,3.910029999999999717e+01
1.415013200000000097e+03,3.890120000000000289e+01
1.415015599999999949e+03,3.882390000000000185e+01
1.415018100000000004e+03,3.883149999999999835e+01
1.415020500000000084e+03,3.887369999999999948e+01
1.415022899999999936e+03,3.890709999999999980e+01
1.415025399999999991e+03,3.890149999999999864e+01
1.415027800000000070e+03,3.884559999999999746e+01
1.415030299999999897e+03,3.874889999999999901e+01
1.415032699999999977e+03,3.863989999999999725e+01
1.415035200000000032e+03,3.855870000000000175e+01
1.415037600000000111e+03,3.853430000000000177e+01
1.415039999999999964e+03,3.855519999999999925e+01
1.415042500000000018e+03,3.857869999999999777e+01
1.415044900000000098e+03,3.858089999999999975e+01
1.415047399999999925e+03,3.858720000000000283e+01
1.415049800000000005e+03,3.864070000000000249e+01
1.415052200000000084e+03,3.875280000000000058e+01
1.415054699999999912e+03,3.889459999999999695e+01
1.415057099999999991e+03,3.903009999999999735e+01
1.415059600000000046e+03,3.914269999999999783e+01
1.415061999999999898e+03,3.923120000000000118e+01
1.415064499999999953e+03,3.929769999999999897e+01
1.415066900000000032e+03,3.935139999999999816e+01
1.415069300000000112e+03,3.941700000000000159e+01
1.415071799999999939e+03,3.951910000000000167e+01
1.415074200000000019e+03,3.964509999999999934e+01
1.415076700000000073e+03,3.973400000000000176e+01
1.415079099999999926e+03,3.972480000000000189e+01
1.415081500000000005e+03,3.962140000000000128e+01
1.415084000000000060e+03,3.949739999999999895e+01
1.415086399999999912e+03,3.942629999999999768e+01
1.415088899999999967e+03,3.941149999999999665e+01
1.415091300000000047e+03,3.938409999999999656e+01
1.415093800000000101e+03,3.926709999999999923e+01
1.415096199999999953e+03,3.904780000000000229e+01
1.415098600000000033e+03,3.879500000000000171e+01
1.415101100000000088e+03,3.860889999999999844e+01
1.415103499999999940e+03,3.855190000000000339e+01
1.415105999999999995e+03,3.862270000000000181e+01
1.415108400000000074e+03,3.878150000000000119e+01
1.415110799999999927e+03,3.898400000000000176e+01
1.415113299999999981e+03,3.919429999999999836e+01
1.415115700000000061e+03,3.938559999999999661e+01
1.415118199999999888e+03,3.953880000000000194e+01
1.415120599999999968e+03,3.963960000000000150e+01
1.415123000000000047e+03,3.968189999999999884e+01
1.415125500000000102e+03,3.967920000000000158e+01
1.415127899999999954e+03,3.966830000000000211e+01
1.415130400000000009e+03,3.968410000000000082e+01
1.415132800000000088e+03,3.971430000000000149e+01
1.415135299999999916e+03,3.969489999999999696e+01
1.415137699999999995e+03,3.956830000000000069e+01
1.415140100000000075e+03,3.935029999999999717e+01
1.415142599999999902e+03,3.913130000000000308e+01
1.415144999999999982e+03,3.901729999999999876e+01
1.415147500000000036e+03,3.906410000000000338e+01
1.415149899999999889e+03,3.924929999999999808e+01
1.415152299999999968e+03,3.948519999999999897e+01
1.415154800000000023e+03,3.966080000000000183e+01
1.415157200000000103e+03,3.970159999999999911e+01
1.415159699999999930e+03,3.961560000000000059e+01
1.415162100000000009e+03,3.949110000000000298e+01
1.415164600000000064e+03,3.943430000000000035e+01
1.415166999999999916e+03,3.949119999999999919e+01
1.415169399999999996e+03,3.962709999999999866e+01
1.415171900000000051e+03,3.978029999999999688e+01
1.415174299999999903e+03,3.991859999999999786e+01
1.415176799999999957e+03,4.003130000000000166e+01
1.415179200000000037e+03,4.008950000000000102e+01
1.415181599999999889e+03,4.005330000000000013e+01
1.415184099999999944e+03,3.992690000000000339e+01
1.415186500000000024e+03,3.977839999999999776e+01
1.415189000000000078e+03,3.968019999999999925e+01
1.415191399999999931e+03,3.964549999999999841e+01
1.415193800000000010e+03,3.963539999999999708e+01
1.415196300000000065e+03,3.960739999999999839e+01
1.415198699999999917e+03,3.954399999999999693e+01
1.415201199999999972e+03,3.945649999999999835e+01
1.415203600000000051e+03,3.937850000000000250e+01
1.415206100000000106e+03,3.934409999999999741e+01
1.415208499999999958e+03,3.936460000000000292e+01
1.415210900000000038e+03,3.943249999999999744e+01
1.415213400000000092e+03,3.953909999999999769e+01
1.415215799999999945e+03,3.967020000000000124e+01
1.415218299999999999e+03,3.978629999999999711e+01
1.415220700000000079e+03,3.982699999999999818e+01
1.415223099999999931e+03,3.975639999999999930e+01
1.415225599999999986e+03,3.960499999999999687e+01
1.415228000000000065e+03,3.945219999999999771e+01
1.415230499999999893e+03,3.936370000000000147e+01
1.415232899999999972e+03,3.935889999999999844e+01
1.415235400000000027e+03,3.942260000000000275e+01
1.415237800000000107e+03,3.952060000000000173e+01
1.415240199999999959e+03,3.960620000000000118e+01
1.415242700000000013e+03,3.964470000000000027e+01
1.415245100000000093e+03,3.963589999999999947e+01
1.415247599999999920e+03,3.960110000000000241e+01
1.415250000000000000e+03,3.954999999999999716e+01
1.415252400000000080e+03,3.947460000000000235e+01
1.415254899999999907e+03,3.937279999999999802e+01
1.415257299999999987e+03,3.926559999999999917e+01
1.415259800000000041e+03,3.918889999999999674e+01
1.415262199999999893e+03,3.917649999999999721e+01
1.415264599999999973e+03,3.924539999999999651e+01
1.415267100000000028e+03,3.938360000000000127e+01
1.415269500000000107e+03,3.955089999999999861e+01
1.415271999999999935e+03,3.969610000000000127e+01
1.415274400000000014e+03,3.978540000000000276e+01
1.415276900000000069e+03,3.982540000000000191e+01
1.415279299999999921e+03,3.985260000000000247e+01
1.415281700000000001e+03,3.989189999999999969e+01
1.415284200000000055e+03,3.992779999999999774e+01
1.415286599999999908e+03,3.992139999999999844e+01
1.415289099999999962e+03,3.984770000000000323e+01
1.415291500000000042e+03,3.971390000000000242e+01
1.415293899999999894e+03,3.955349999999999966e+01
1.415296399999999949e+03,3.940639999999999787e+01
1.415298800000000028e+03,3.929999999999999716e+01
1.415301300000000083e+03,3.923930000000000007e+01
1.415303699999999935e+03,3.921200000000000330e+01
1.415306199999999990e+03,3.920170000000000243e+01
1.415308600000000069e+03,3.919559999999999889e+01
1.415310999999999922e+03,3.918699999999999761e+01
1.415313499999999976e+03,3.917750000000000199e+01
1.415315900000000056e+03,3.917920000000000158e+01
1.415318400000000111e+03,3.920870000000000033e+01
1.415320799999999963e+03,3.927450000000000330e+01
1.415323200000000043e+03,3.937049999999999983e+01
1.415325700000000097e+03,3.947619999999999862e+01
1.415328099999999949e+03,3.956510000000000105e+01
1.415330600000000004e+03,3.962539999999999907e+01
1.415333000000000084e+03,3.967410000000000281e+01
1.415335399999999936e+03,3.973619999999999663e+01
1.415337899999999991e+03,3.980550000000000210e+01
1.415340300000000070e+03,3.984519999999999840e+01
1.415342799999999897e+03,3.983619999999999806e+01
1.415345199999999977e+03,3.981830000000000069e+01
1.415347700000000032e+03,3.985649999999999693e+01
1.415350100000000111e+03,3.995559999999999690e+01
1.415352499999999964e+03,4.003340000000000032e+01
1.415355000000000018e+03,4.000880000000000081e+01
1.415357400000000098e+03,3.988980000000000103e+01
1.415359899999999925e+03,3.974710000000000321e+01
1.415362300000000005e+03,3.962709999999999866e+01
1.415364700000000084e+03,3.952779999999999916e+01
1.415367199999999912e+03,3.944089999999999918e+01
1.415369599999999991e+03,3.938239999999999696e+01
1.415372100000000046e+03,3.938360000000000127e+01
1.415374499999999898e+03,3.946320000000000050e+01
1.415376999999999953e+03,3.959620000000000317e+01
1.415379400000000032e+03,3.971070000000000277e+01
1.415381800000000112e+03,3.974479999999999791e+01
1.415384299999999939e+03,3.971529999999999916e+01
1.415386700000000019e+03,3.970029999999999859e+01
1.415389200000000073e+03,3.974680000000000035e+01
1.415391599999999926e+03,3.982229999999999848e+01
1.415394000000000005e+03,3.986659999999999826e+01
1.415396500000000060e+03,3.985979999999999990e+01
1.415398899999999912e+03,3.981649999999999778e+01
1.415401399999999967e+03,3.973980000000000246e+01
1.415403800000000047e+03,3.961469999999999914e+01
1.415406199999999899e+03,3.944830000000000325e+01
1.415408699999999953e+03,3.928509999999999991e+01
1.415411100000000033e+03,3.916799999999999926e+01
1.415413600000000088e+03,3.909620000000000317e+01
1.415415999999999940e+03,3.903620000000000090e+01
1.415418499999999995e+03,3.896999999999999886e+01
1.415420900000000074e+03,3.892969999999999686e+01
1.415423299999999927e+03,3.897749999999999915e+01
1.415425799999999981e+03,3.914350000000000307e+01
1.415428200000000061e+03,3.937890000000000157e+01
1.415430699999999888e+03,3.957459999999999667e+01
1.415433099999999968e+03,3.962409999999999854e+01
1.415435500000000047e+03,3.948899999999999721e+01
1.415438000000000102e+03,3.923460000000000036e+01
1.415440399999999954e+03,3.899730000000000274e+01
1.415442900000000009e+03,3.889119999999999777e+01
1.415445300000000088e+03,3.893260000000000076e+01
1.415447799999999916e+03,3.905160000000000053e+01
1.415450199999999995e+03,3.915809999999999746e+01
1.415452600000000075e+03,3.919850000000000279e+01
1.415455099999999902e+03,3.917900000000000205e+01
1.415457499999999982e+03,3.915899999999999892e+01
1.415460000000000036e+03,3.921320000000000050e+01
1.415462399999999889e+03,3.937109999999999843e+01
1.415464799999999968e+03,3.957849999999999824e+01
1.415467300000000023e+03,3.973230000000000217e+01
1.415469700000000103e+03,3.976359999999999673e+01
1.415472199999999930e+03,3.969189999999999685e+01
1.415474600000000009e+03,3.960110000000000241e+01
1.415477100000000064e+03,3.956799999999999784e+01
1.415479499999999916e+03,3.961509999999999820e+01
1.415481899999999996e+03,3.972209999999999752e+01
1.415484400000000051e+03,3.985370000000000346e+01
1.415486799999999903e+03,3.996020000000000039e+01
1.415489299999999957e+03,3.998329999999999984e+01
1.415491700000000037e+03,3.990849999999999653e+01
1.415494099999999889e+03,3.980819999999999936e+01
1.415496599999999944e+03,3.978459999999999752e+01
1.415499000000000024e+03,3.985580000000000211e+01
1.415501500000000078e+03,3.992830000000000013e+01
1.415503899999999931e+03,3.988810000000000144e+01
1.415506300000000010e+03,3.970329999999999870e+01
1.415508800000000065e+03,3.943889999999999674e+01
1.415511199999999917e+03,3.919789999999999708e+01
1.415513699999999972e+03,3.905519999999999925e+01
1.415516100000000051e+03,3.903079999999999927e+01
1.415518600000000106e+03,3.909349999999999881e+01
1.415520999999999958e+03,3.916859999999999786e+01
1.415523400000000038e+03,3.916590000000000060e+01
1.415525900000000092e+03,3.903940000000000055e+01
1.415528299999999945e+03,3.883310000000000173e+01
1.415530799999999999e+03,3.865279999999999916e+01
1.415533200000000079e+03,3.858610000000000184e+01
1.415535599999999931e+03,3.864300000000000068e+01
1.415538099999999986e+03,3.875520000000000209e+01
1.415540500000000065e+03,3.882759999999999678e+01
1.415542999999999893e+03,3.880720000000000169e+01
1.415545399999999972e+03,3.871730000000000160e+01
1.415547900000000027e+03,3.863459999999999894e+01
1.415550300000000107e+03,3.863909999999999911e+01
1.415552699999999959e+03,3.877210000000000178e+01
1.415555200000000013e+03,3.901500000000000057e+01
1.415557600000000093e+03,3.929339999999999833e+01
1.415560099999999920e+03,3.951319999999999766e+01
1.415562500000000000e+03,3.961370000000000147e+01
1.415564900000000080e+03,3.959629999999999939e+01
1.415567399999999907e+03,3.951080000000000325e+01
1.415569799999999987e+03,3.941729999999999734e+01
1.415572300000000041e+03,3.935810000000000031e+01
1.415574699999999893e+03,3.935419999999999874e+01
1.415577099999999973e+03,3.941700000000000159e+01
1.415579600000000028e+03,3.955210000000000292e+01
1.415582000000000107e+03,3.975390000000000157e+01
1.415584499999999935e+03,3.999830000000000041e+01
1.415586900000000014e+03,4.023940000000000339e+01
1.415589400000000069e+03,4.041329999999999956e+01
1.415591799999999921e+03,4.046150000000000091e+01
1.415594200000000001e+03,4.036730000000000018e+01
1.415596700000000055e+03,4.016980000000000217e+01
1.415599099999999908e+03,3.993139999999999645e+01
1.415601599999999962e+03,3.969069999999999965e+01
1.415604000000000042e+03,3.945810000000000173e+01
1.415606399999999894e+03,3.925860000000000127e+01
1.415608899999999949e+03,3.915650000000000119e+01
1.415611300000000028e+03,3.921179999999999666e+01
1.415613800000000083e+03,3.940690000000000026e+01
1.415616199999999935e+03,3.962910000000000110e+01
1.415618699999999990e+03,3.973989999999999867e+01
1.415621100000000069e+03,3.967020000000000124e+01
1.415623499999999922e+03,3.946209999999999951e+01
1.415625999999999976e+03,3.923060000000000258e+01
1.415628400000000056e+03,3.908579999999999899e+01
1.415630900000000111e+03,3.907009999999999650e+01
1.415633299999999963e+03,3.914289999999999736e+01
1.415635700000000043e+03,3.921159999999999712e+01
1.415638200000000097e+03,3.919180000000000064e+01
1.415640599999999949e+03,3.906750000000000256e+01
1.415643100000000004e+03,3.890670000000000073e+01
1.415645500000000084e+03,3.879939999999999856e+01
1.415647899999999936e+03,3.877259999999999707e+01
1.415650399999999991e+03,3.878130000000000166e+01
1.415652800000000070e+03,3.878029999999999688e+01
1.415655299999999897e+03,3.877900000000000347e+01
1.415657699999999977e+03,3.882189999999999941e+01
1.415660200000000032e+03,3.894010000000000105e+01
1.415662600000000111e+03,3.912210000000000321e+01
1.415664999999999964e+03,3.930579999999999785e+01
1.415667500000000018e+03,3.940059999999999718e+01
1.415669900000000098e+03,3.935390000000000299e+01
1.415672399999999925e+03,3.920960000000000178e+01
1.415674800000000005e+03,3.907379999999999853e+01
1.415677200000000084e+03,3.901019999999999754e+01
1.415679699999999912e+03,3.899009999999999820e+01
1.415682099999999991e+03,3.894570000000000221e+01
1.415684600000000046e+03,3.885309999999999775e+01
1.415686999999999898e+03,3.875950000000000273e+01
1.415689499999999953e+03,3.873910000000000053e+01
1.415691900000000032e+03,3.882289999999999708e+01
1.415694300000000112e+03,3.896759999999999735e+01
1.415696799999999939e+03,3.909779999999999944e+01
1.415699200000000019e+03,3.917799999999999727e+01
1.415701700000000073e+03,3.923949999999999960e+01
1.415704099999999926e+03,3.933659999999999712e+01
1.415706500000000005e+03,3.948479999999999990e+01
1.415709000000000060e+03,3.964629999999999654e+01
1.415711399999999912e+03,3.976539999999999964e+01
1.415713899999999967e+03,3.980409999999999826e+01
1.415716300000000047e+03,3.975300000000000011e+01
1.415718800000000101e+03,3.962859999999999872e+01
1.415721199999999953e+03,3.947010000000000218e+01
1.415723600000000033e+03,3.933129999999999882e+01
1.415726100000000088e+03,3.926930000000000121e+01
1.415728499999999940e+03,3.932300000000000040e+01
1.415730999999999995e+03,3.948400000000000176e+01
1.415733400000000074e+03,3.968520000000000181e+01
1.415735799999999927e+03,3.983409999999999940e+01
1.415738299999999981e+03,3.987369999999999948e+01
1.415740700000000061e+03,3.981519999999999726e+01
1.415743199999999888e+03,3.972160000000000224e+01
1.415745599999999968e+03,3.966020000000000323e+01
1.415748000000000047e+03,3.965709999999999980e+01
1.415750500000000102e+03,3.968880000000000052e+01
1.415752899999999954e+03,3.971840000000000259e+01
1.415755400000000009e+03,3.973669999999999902e+01
1.415757800000000088e+03,3.976219999999999999e+01
1.415760299999999916e+03,3.980700000000000216e+01
1.415762699999999995e+03,3.985320000000000107e+01
1.415765100000000075e+03,3.986659999999999826e+01
1.415767599999999902e+03,3.983169999999999789e+01
1.415769999999999982e+03,3.977420000000000044e+01
1.415772500000000036e+03,3.974399999999999977e+01
1.415774899999999889e+03,3.977590000000000003e+01
1.415777299999999968e+03,3.987019999999999698e+01
1.415779800000000023e+03,3.999969999999999715e+01
1.415782200000000103e+03,4.012980000000000302e+01
1.415784699999999930e+03,4.024439999999999884e+01
1.415787100000000009e+03,4.035540000000000305e+01
1.415789600000000064e+03,4.047429999999999950e+01
1.415791999999999916e+03,4.057339999999999947e+01
1.415794399999999996e+03,4.059380000000000166e+01
1.415796900000000051e+03,4.049499999999999744e+01
1.415799299999999903e+03,4.028940000000000055e+01
1.415801799999999957e+03,4.002989999999999782e+01
1.415804200000000037e+03,3.977429999999999666e+01
1.415806599999999889e+03,3.956519999999999726e+01
1.415809099999999944e+03,3.943139999999999645e+01
1.415811500000000024e+03,3.939719999999999800e+01
1.415814000000000078e+03,3.947540000000000049e+01
1.415816399999999931e+03,3.964600000000000080e+01
1.415818800000000010e+03,3.985260000000000247e+01
1.415821300000000065e+03,4.003269999999999840e+01
1.415823699999999917e+03,4.014889999999999759e+01
1.415826199999999972e+03,4.019519999999999982e+01
1.415828600000000051e+03,4.018769999999999953e+01
1.415831100000000106e+03,4.015209999999999724e+01
1.415833499999999958e+03,4.010119999999999862e+01
1.415835900000000038e+03,4.001590000000000202e+01
1.415838400000000092e+03,3.986099999999999710e+01
1.415840799999999945e+03,3.963119999999999976e+01
1.415843299999999999e+03,3.937810000000000343e+01
1.415845700000000079e+03,3.917849999999999966e+01
1.415848099999999931e+03,3.907750000000000057e+01
1.415850599999999986e+03,3.906490000000000151e+01
1.415853000000000065e+03,3.909579999999999700e+01
1.415855499999999893e+03,3.912870000000000203e+01
1.415857899999999972e+03,3.915429999999999922e+01
1.415860400000000027e+03,3.919590000000000174e+01
1.415862800000000107e+03,3.927369999999999806e+01
1.415865199999999959e+03,3.936529999999999774e+01
1.415867700000000013e+03,3.941159999999999997e+01
1.415870100000000093e+03,3.936350000000000193e+01
1.415872599999999920e+03,3.922919999999999874e+01
1.415875000000000000e+03,3.908679999999999666e+01
1.415877400000000080e+03,3.905689999999999884e+01
1.415879899999999907e+03,3.924119999999999919e+01
1.415882299999999987e+03,3.966230000000000189e+01
1.415884800000000041e+03,4.023689999999999856e+01
1.415887199999999893e+03,4.079429999999999978e+01
1.415889599999999973e+03,4.113790000000000191e+01
1.415892100000000028e+03,4.114039999999999964e+01
1.415894500000000107e+03,4.082600000000000051e+01
1.415896999999999935e+03,4.036540000000000106e+01
1.415899400000000014e+03,3.996569999999999823e+01
1.415901900000000069e+03,3.973859999999999815e+01
1.415904299999999921e+03,3.965330000000000155e+01
1.415906700000000001e+03,3.960179999999999723e+01
1.415909200000000055e+03,3.951030000000000086e+01
1.415911599999999908e+03,3.939710000000000178e+01
1.415914099999999962e+03,3.932930000000000348e+01
1.415916500000000042e+03,3.933630000000000138e+01
1.415918899999999894e+03,3.938409999999999656e+01
1.415921399999999949e+03,3.942909999999999826e+01
1.415923800000000028e+03,3.946800000000000352e+01
1.415926300000000083e+03,3.952550000000000097e+01
1.415928699999999935e+03,3.961039999999999850e+01
1.415931199999999990e+03,3.969389999999999930e+01
1.415933600000000069e+03,3.972370000000000090e+01
1.415935999999999922e+03,3.965250000000000341e+01
1.415938499999999976e+03,3.946410000000000196e+01
1.415940900000000056e+03,3.918990000000000151e+01
1.415943400000000111e+03,3.890290000000000248e+01
1.415945799999999963e+03,3.868050000000000210e+01
1.415948200000000043e+03,3.855890000000000128e+01
1.415950700000000097e+03,3.852060000000000173e+01
1.415953099999999949e+03,3.852250000000000085e+01
1.415955600000000004e+03,3.853240000000000265e+01
1.415958000000000084e+03,3.854860000000000042e+01
1.415960399999999936e+03,3.859870000000000090e+01
1.415962899999999991e+03,3.870750000000000313e+01
1.415965300000000070e+03,3.884899999999999665e+01
1.415967799999999897e+03,3.898519999999999897e+01
1.415970199999999977e+03,3.921900000000000119e+01
1.415972700000000032e+03,3.991919999999999646e+01
1.415975100000000111e+03,4.155190000000000339e+01
1.415977499999999964e+03,4.412689999999999912e+01
1.415980000000000018e+03,4.671379999999999910e+01
1.415982400000000098e+03,4.785070000000000334e+01
1.415984899999999925e+03,4.682300000000000040e+01
1.415987300000000005e+03,4.440610000000000213e+01
1.415989700000000084e+03,4.210869999999999891e+01
1.415992199999999912e+03,4.087709999999999866e+01
1.415994599999999991e+03,4.064450000000000074e+01
1.415997100000000046e+03,4.077859999999999729e+01
1.415999499999999898e+03,4.069819999999999993e+01
1.416001999999999953e+03,4.021609999999999729e+01
1.416004400000000032e+03,3.952479999999999905e+01
1.416006800000000112e+03,3.893520000000000181e+01
1.416009299999999939e+03,3.862160000000000082e+01
1.416011700000000019e+03,3.857639999999999958e+01
1.416014200000000073e+03,3.870349999999999824e+01
1.416016599999999926e+03,3.890290000000000248e+01
1.416019000000000005e+03,3.909159999999999968e+01
1.416021500000000060e+03,3.920720000000000027e+01
1.416023899999999912e+03,3.922990000000000066e+01
1.416026399999999967e+03,3.919850000000000279e+01
1.416028800000000047e+03,3.917900000000000205e+01
1.416031199999999899e+03,3.920360000000000156e+01
1.416033699999999953e+03,3.924790000000000134e+01
1.416036100000000033e+03,3.927239999999999753e+01
1.416038600000000088e+03,3.927040000000000219e+01
1.416040999999999940e+03,3.926440000000000197e+01
1.416043499999999995e+03,3.926570000000000249e+01
1.416045900000000074e+03,3.925589999999999691e+01
1.416048299999999927e+03,3.920499999999999829e+01
1.416050799999999981e+03,3.909420000000000073e+01
1.416053200000000061e+03,3.892799999999999727e+01
1.416055699999999888e+03,3.875039999999999907e+01
1.416058099999999968e+03,3.864359999999999928e+01
1.416060500000000047e+03,3.868639999999999901e+01
1.416063000000000102e+03,3.889600000000000080e+01
1.416065399999999954e+03,3.921399999999999864e+01
1.416067900000000009e+03,3.954990000000000094e+01
1.416070300000000088e+03,3.983939999999999770e+01
1.416072799999999916e+03,4.006609999999999872e+01
1.416075199999999995e+03,4.024309999999999832e+01
1.416077600000000075e+03,4.037910000000000110e+01
1.416080099999999902e+03,4.045810000000000173e+01
1.416082499999999982e+03,4.045420000000000016e+01
1.416085000000000036e+03,4.037270000000000181e+01
1.416087399999999889e+03,4.026760000000000161e+01
1.416089799999999968e+03,4.020040000000000191e+01
1.416092300000000023e+03,4.019180000000000064e+01
1.416094700000000103e+03,4.023020000000000351e+01
1.416097199999999930e+03,4.031739999999999924e+01
1.416099600000000009e+03,4.048060000000000258e+01
1.416102100000000064e+03,4.073169999999999646e+01
1.416104499999999916e+03,4.103430000000000177e+01
1.416106899999999996e+03,4.133760000000000190e+01
1.416109400000000051e+03,4.163839999999999719e+01
1.416111799999999903e+03,4.198530000000000229e+01
1.416114299999999957e+03,4.241049999999999898e+01
1.416116700000000037e+03,4.287239999999999895e+01
1.416119099999999889e+03,4.326239999999999952e+01
1.416121599999999944e+03,4.345940000000000225e+01
1.416124000000000024e+03,4.339039999999999964e+01
1.416126500000000078e+03,4.307229999999999848e+01
1.416128899999999931e+03,4.261059999999999803e+01
1.416131300000000010e+03,4.214679999999999893e+01
1.416133800000000065e+03,4.179290000000000305e+01
1.416136199999999917e+03,4.159279999999999688e+01
1.416138699999999972e+03,4.152609999999999957e+01
1.416141100000000051e+03,4.153020000000000067e+01
1.416143600000000106e+03,4.152499999999999858e+01
1.416145999999999958e+03,4.144559999999999889e+01
1.416148400000000038e+03,4.128410000000000224e+01
1.416150900000000092e+03,4.109530000000000172e+01
1.416153299999999945e+03,4.094729999999999848e+01
1.416155799999999999e+03,4.086869999999999692e+01
1.416158200000000079e+03,4.085379999999999967e+01
1.416160599999999931e+03,4.088969999999999771e+01
1.416163099999999986e+03,4.095689999999999742e+01
1.416165500000000065e+03,4.101409999999999911e+01
1.416167999999999893e+03,4.101350000000000051e+01
1.416170399999999972e+03,4.093730000000000047e+01
1.416172900000000027e+03,4.081589999999999918e+01
1.416175300000000107e+03,4.070349999999999824e+01
1.416177699999999959e+03,4.062769999999999726e+01
1.416180200000000013e+03,4.056640000000000157e+01
1.416182600000000093e+03,4.047870000000000346e+01
1.416185099999999920e+03,4.036330000000000240e+01
1.416187500000000000e+03,4.028370000000000317e+01
1.416189900000000080e+03,4.032730000000000103e+01
1.416192399999999907e+03,4.052329999999999899e+01
1.416194799999999987e+03,4.079569999999999652e+01
1.416197300000000041e+03,4.100619999999999976e+01
1.416199699999999893e+03,4.105330000000000013e+01
1.416202099999999973e+03,4.093410000000000082e+01
1.416204600000000028e+03,4.071390000000000242e+01
1.416207000000000107e+03,4.045779999999999887e+01
1.416209499999999935e+03,4.020409999999999684e+01
1.416211900000000014e+03,3.998729999999999762e+01
1.416214400000000069e+03,3.984870000000000090e+01
1.416216799999999921e+03,3.980389999999999873e+01
1.416219200000000001e+03,3.981580000000000297e+01
1.416221700000000055e+03,3.982630000000000337e+01
1.416224099999999908e+03,3.981459999999999866e+01
1.416226599999999962e+03,3.980859999999999843e+01
1.416229000000000042e+03,3.984009999999999962e+01
1.416231399999999894e+03,3.990480000000000160e+01
1.416233899999999949e+03,3.997129999999999939e+01
1.416236300000000028e+03,4.001409999999999911e+01
1.416238800000000083e+03,4.002300000000000324e+01
1.416241199999999935e+03,3.999560000000000315e+01
1.416243699999999990e+03,3.993750000000000000e+01
1.416246100000000069e+03,3.985779999999999745e+01
1.416248499999999922e+03,3.975269999999999726e+01
1.416250999999999976e+03,3.961370000000000147e+01
1.416253400000000056e+03,3.946430000000000149e+01
1.416255900000000111e+03,3.935660000000000025e+01
1.416258299999999963e+03,3.931029999999999802e+01
1.416260700000000043e+03,3.928620000000000090e+01
1.416263200000000097e+03,3.924260000000000304e+01
1.416265599999999949e+03,3.918580000000000041e+01
1.416268100000000004e+03,3.914359999999999928e+01
1.416270500000000084e+03,3.911860000000000070e+01
1.416272899999999936e+03,3.909680000000000177e+01
1.416275399999999991e+03,3.908630000000000138e+01
1.416277800000000070e+03,3.911930000000000263e+01
1.416280299999999897e+03,3.921039999999999992e+01
1.416282699999999977e+03,3.931810000000000116e+01
1.416285200000000032e+03,3.936610000000000298e+01
1.416287600000000111e+03,3.932070000000000221e+01
1.416289999999999964e+03,3.924739999999999895e+01
1.416292500000000018e+03,3.925979999999999848e+01
1.416294900000000098e+03,3.940160000000000196e+01
1.416297399999999925e+03,3.959470000000000312e+01
1.416299800000000005e+03,3.971170000000000044e+01
1.416302200000000084e+03,3.968059999999999832e+01
1.416304699999999912e+03,3.952450000000000330e+01
1.416307099999999991e+03,3.932560000000000144e+01
1.416309600000000046e+03,3.917009999999999792e+01
1.416311999999999898e+03,3.911430000000000007e+01
1.416314499999999953e+03,3.916890000000000072e+01
1.416316900000000032e+03,3.928090000000000259e+01
1.416319300000000112e+03,3.934660000000000224e+01
1.416321799999999939e+03,3.928509999999999991e+01
1.416324200000000019e+03,3.911140000000000327e+01
1.416326700000000073e+03,3.892459999999999809e+01
1.416329099999999926e+03,3.883109999999999928e+01
1.416331500000000005e+03,3.887599999999999767e+01
1.416334000000000060e+03,3.901850000000000307e+01
1.416336399999999912e+03,3.916219999999999857e+01
1.416338899999999967e+03,3.922820000000000107e+01
1.416341300000000047e+03,3.921269999999999811e+01
1.416343800000000101e+03,3.917450000000000188e+01
1.416346199999999953e+03,3.917199999999999704e+01
1.416348600000000033e+03,3.921430000000000149e+01
1.416351100000000088e+03,3.926359999999999673e+01
1.416353499999999940e+03,3.928009999999999735e+01
1.416355999999999995e+03,3.926039999999999708e+01
1.416358400000000074e+03,3.923089999999999833e+01
1.416360799999999927e+03,3.921410000000000196e+01
1.416363299999999981e+03,3.921730000000000160e+01
1.416365700000000061e+03,3.924179999999999779e+01
1.416368199999999888e+03,3.928119999999999834e+01
1.416370599999999968e+03,3.931230000000000047e+01
1.416373000000000047e+03,3.929959999999999809e+01
1.416375500000000102e+03,3.921800000000000352e+01
1.416377899999999954e+03,3.907260000000000133e+01
1.416380400000000009e+03,3.889829999999999899e+01
1.416382800000000088e+03,3.874000000000000199e+01
1.416385299999999916e+03,3.863219999999999743e+01
1.416387699999999995e+03,3.859790000000000276e+01
1.416390100000000075e+03,3.865390000000000015e+01
1.416392599999999902e+03,3.879829999999999757e+01
1.416394999999999982e+03,3.898810000000000286e+01
1.416397500000000036e+03,3.914739999999999753e+01
1.416399899999999889e+03,3.922249999999999659e+01
1.416402299999999968e+03,3.922990000000000066e+01
1.416404800000000023e+03,3.923230000000000217e+01
1.416407200000000103e+03,3.926930000000000121e+01
1.416409699999999930e+03,3.932999999999999829e+01
1.416412100000000009e+03,3.938360000000000127e+01
1.416414600000000064e+03,3.941069999999999851e+01
1.416416999999999916e+03,3.941559999999999775e+01
1.416419399999999996e+03,3.942470000000000141e+01
1.416421900000000051e+03,3.946170000000000044e+01
1.416424299999999903e+03,3.950840000000000174e+01
1.416426799999999957e+03,3.950639999999999930e+01
1.416429200000000037e+03,3.942079999999999984e+01
1.416431599999999889e+03,3.929610000000000269e+01
1.416434099999999944e+03,3.923230000000000217e+01
1.416436500000000024e+03,3.930149999999999721e+01
1.416439000000000078e+03,3.948299999999999699e+01
1.416441399999999931e+03,3.966779999999999973e+01
1.416443800000000010e+03,3.973169999999999646e+01
1.416446300000000065e+03,3.962330000000000041e+01
1.416448699999999917e+03,3.939479999999999649e+01
1.416451199999999972e+03,3.915240000000000009e+01
1.416453600000000051e+03,3.898210000000000264e+01
1.416456100000000106e+03,3.891579999999999728e+01
1.416458499999999958e+03,3.894109999999999872e+01
1.416460900000000038e+03,3.902349999999999852e+01
1.416463400000000092e+03,3.912420000000000186e+01
1.416465799999999945e+03,3.921640000000000015e+01
1.416468299999999999e+03,3.929699999999999704e+01
1.416470700000000079e+03,3.938040000000000163e+01
1.416473099999999931e+03,3.947050000000000125e+01
1.416475599999999986e+03,3.953840000000000288e+01
1.416478000000000065e+03,3.953699999999999903e+01
1.416480499999999893e+03,3.944319999999999737e+01
1.416482899999999972e+03,3.928470000000000084e+01
1.416485400000000027e+03,3.912919999999999732e+01
1.416487800000000107e+03,3.903540000000000276e+01
1.416490199999999959e+03,3.900359999999999872e+01
1.416492700000000013e+03,3.898109999999999786e+01
1.416495100000000093e+03,3.892730000000000246e+01
1.416497599999999920e+03,3.886010000000000275e+01
1.416500000000000000e+03,3.883449999999999847e+01
1.416502400000000080e+03,3.889119999999999777e+01
1.416504899999999907e+03,3.903240000000000265e+01
1.416507299999999987e+03,3.923199999999999932e+01
1.416509800000000041e+03,3.945139999999999958e+01
1.416512199999999893e+03,3.964269999999999783e+01
1.416514599999999973e+03,3.975399999999999778e+01
1.416517100000000028e+03,3.975370000000000203e+01
1.416519500000000107e+03,3.964829999999999899e+01
1.416521999999999935e+03,3.947670000000000101e+01
1.416524400000000014e+03,3.929710000000000036e+01
1.416526900000000069e+03,3.917340000000000089e+01
1.416529299999999921e+03,3.915350000000000108e+01
1.416531700000000001e+03,3.923559999999999803e+01
1.416534200000000055e+03,3.935909999999999798e+01
1.416536599999999908e+03,3.944579999999999842e+01
1.416539099999999962e+03,3.945739999999999981e+01
1.416541500000000042e+03,3.940659999999999741e+01
1.416543899999999894e+03,3.931860000000000355e+01
1.416546399999999949e+03,3.920859999999999701e+01
1.416548800000000028e+03,3.909550000000000125e+01
1.416551300000000083e+03,3.901069999999999993e+01
1.416553699999999935e+03,3.897800000000000153e+01
1.416556199999999990e+03,3.899280000000000257e+01
1.416558600000000069e+03,3.902689999999999770e+01
1.416560999999999922e+03,3.905649999999999977e+01
1.416563499999999976e+03,3.908760000000000190e+01
1.416565900000000056e+03,3.913700000000000045e+01
1.416568400000000111e+03,3.918390000000000128e+01
1.416570799999999963e+03,3.916689999999999827e+01
1.416573200000000043e+03,3.904749999999999943e+01
1.416575700000000097e+03,3.886269999999999669e+01
1.416578099999999949e+03,3.870750000000000313e+01
1.416580600000000004e+03,3.866429999999999723e+01
1.416583000000000084e+03,3.875150000000000006e+01
1.416585399999999936e+03,3.891449999999999676e+01
1.416587899999999991e+03,3.906450000000000244e+01
1.416590300000000070e+03,3.913779999999999859e+01
1.416592799999999897e+03,3.912969999999999970e+01
1.416595199999999977e+03,3.908469999999999800e+01
1.416597700000000032e+03,3.905579999999999785e+01
1.416600100000000111e+03,3.906580000000000297e+01
1.416602499999999964e+03,3.909499999999999886e+01
1.416605000000000018e+03,3.910490000000000066e+01
1.416607400000000098e+03,3.907300000000000040e+01
1.416609899999999925e+03,3.901080000000000325e+01
1.416612300000000005e+03,3.895120000000000005e+01
1.416614700000000084e+03,3.891409999999999769e+01
1.416617199999999912e+03,3.888340000000000174e+01
1.416619599999999991e+03,3.882659999999999911e+01
1.416622100000000046e+03,3.874080000000000013e+01
1.416624499999999898e+03,3.867450000000000188e+01
1.416626999999999953e+03,3.869539999999999935e+01
1.416629400000000032e+03,3.883140000000000214e+01
1.416631800000000112e+03,3.904180000000000206e+01
1.416634299999999939e+03,3.924620000000000175e+01
1.416636700000000019e+03,3.937140000000000128e+01
1.416639200000000073e+03,3.936780000000000257e+01
1.416641599999999926e+03,3.920850000000000080e+01
1.416644000000000005e+03,3.890659999999999741e+01
1.416646500000000060e+03,3.852729999999999677e+01
1.416648899999999912e+03,3.816510000000000247e+01
1.416651399999999967e+03,3.789489999999999981e+01
1.416653800000000047e+03,3.773579999999999757e+01
1.416656199999999899e+03,3.764569999999999794e+01
1.416658699999999953e+03,3.755239999999999867e+01
1.416661100000000033e+03,3.740180000000000149e+01
1.416663600000000088e+03,3.719069999999999965e+01
1.416665999999999940e+03,3.695700000000000074e+01
1.416668499999999995e+03,3.674040000000000106e+01
1.416670900000000074e+03,3.655530000000000257e+01
1.416673299999999927e+03,3.640639999999999787e+01
1.416675799999999981e+03,3.630989999999999895e+01
1.416678200000000061e+03,3.628399999999999892e+01
1.416680699999999888e+03,3.632880000000000109e+01
1.416683099999999968e+03,3.648089999999999833e+01
1.416685500000000047e+03,3.693880000000000052e+01
1.416688000000000102e+03,3.816400000000000148e+01
1.416690399999999954e+03,4.068979999999999819e+01
1.416692900000000009e+03,4.445109999999999673e+01
1.416695300000000088e+03,4.815030000000000143e+01
1.416697799999999916e+03,4.978220000000000312e+01
1.416700199999999995e+03,4.834349999999999881e+01
1.416702600000000075e+03,4.483400000000000318e+01
1.416705099999999902e+03,4.124360000000000070e+01
1.416707499999999982e+03,3.885300000000000153e+01
1.416710000000000036e+03,3.772749999999999915e+01
1.416712399999999889e+03,3.735070000000000334e+01
1.416714799999999968e+03,3.727539999999999765e+01
1.416717300000000023e+03,3.730400000000000205e+01
1.416719700000000103e+03,3.739730000000000132e+01
1.416722199999999930e+03,3.756239999999999668e+01
1.416724600000000009e+03,3.778090000000000259e+01
1.416727100000000064e+03,3.800489999999999924e+01
1.416729499999999916e+03,3.818769999999999953e+01
1.416731899999999996e+03,3.832529999999999859e+01
1.416734400000000051e+03,3.845369999999999777e+01
1.416736799999999903e+03,3.859609999999999985e+01
1.416739299999999957e+03,3.872039999999999793e+01
1.416741700000000037e+03,3.876870000000000260e+01
1.416744099999999889e+03,3.872990000000000066e+01
1.416746599999999944e+03,3.865990000000000038e+01
1.416749000000000024e+03,3.862680000000000291e+01
1.416751500000000078e+03,3.866349999999999909e+01
1.416753899999999931e+03,3.877060000000000173e+01
1.416756300000000010e+03,3.893169999999999931e+01
1.416758800000000065e+03,3.911229999999999762e+01
1.416761199999999917e+03,3.927210000000000178e+01
1.416763699999999972e+03,3.939489999999999981e+01
1.416766100000000051e+03,3.950130000000000052e+01
1.416768600000000106e+03,3.961359999999999815e+01
1.416770999999999958e+03,3.971320000000000050e+01
1.416773400000000038e+03,3.974889999999999901e+01
1.416775900000000092e+03,3.969550000000000267e+01
1.416778299999999945e+03,3.958550000000000324e+01
1.416780799999999999e+03,3.947200000000000131e+01
1.416783200000000079e+03,3.937210000000000321e+01
1.416785599999999931e+03,3.926149999999999807e+01
1.416788099999999986e+03,3.912519999999999953e+01
1.416790500000000065e+03,3.899699999999999989e+01
1.416792999999999893e+03,3.893529999999999802e+01
1.416795399999999972e+03,3.896909999999999741e+01
1.416797900000000027e+03,3.908189999999999742e+01
1.416800300000000107e+03,3.923270000000000124e+01
1.416802699999999959e+03,3.937149999999999750e+01
1.416805200000000013e+03,3.944959999999999667e+01
1.416807600000000093e+03,3.944630000000000081e+01
1.416810099999999920e+03,3.938269999999999982e+01
1.416812500000000000e+03,3.929619999999999891e+01
1.416814900000000080e+03,3.921249999999999858e+01
1.416817399999999907e+03,3.915749999999999886e+01
1.416819799999999987e+03,3.916819999999999879e+01
1.416822300000000041e+03,3.925339999999999918e+01
1.416824699999999893e+03,3.935940000000000083e+01
1.416827099999999973e+03,3.941409999999999769e+01
1.416829600000000028e+03,3.939110000000000156e+01
1.416832000000000107e+03,3.931300000000000239e+01
1.416834499999999935e+03,3.921370000000000289e+01
1.416836900000000014e+03,3.911950000000000216e+01
1.416839400000000069e+03,3.904690000000000083e+01
1.416841799999999921e+03,3.900090000000000146e+01
1.416844200000000001e+03,3.898199999999999932e+01
1.416846700000000055e+03,3.899689999999999657e+01
1.416849099999999908e+03,3.905510000000000304e+01
1.416851599999999962e+03,3.915780000000000172e+01
1.416854000000000042e+03,3.929690000000000083e+01
1.416856399999999894e+03,3.945790000000000219e+01
1.416858899999999949e+03,3.961639999999999873e+01
1.416861300000000028e+03,3.973740000000000094e+01
1.416863800000000083e+03,3.979319999999999879e+01
1.416866199999999935e+03,3.978659999999999997e+01
1.416868699999999990e+03,3.975030000000000285e+01
1.416871100000000069e+03,3.972149999999999892e+01
1.416873499999999922e+03,3.971800000000000352e+01
1.416875999999999976e+03,3.973740000000000094e+01
1.416878400000000056e+03,3.977150000000000318e+01
1.416880900000000111e+03,3.981519999999999726e+01
1.416883299999999963e+03,3.986639999999999873e+01
1.416885700000000043e+03,3.993370000000000175e+01
1.416888200000000097e+03,4.004059999999999775e+01
1.416890599999999949e+03,4.019270000000000209e+01
1.416893100000000004e+03,4.034239999999999782e+01
1.416895500000000084e+03,4.042110000000000269e+01
1.416897899999999936e+03,4.041140000000000043e+01
1.416900399999999991e+03,4.036030000000000229e+01
1.416902800000000070e+03,4.031730000000000302e+01
1.416905299999999897e+03,4.028320000000000078e+01
1.416907699999999977e+03,4.022420000000000329e+01
1.416910200000000032e+03,4.012010000000000076e+01
1.416912600000000111e+03,3.998689999999999856e+01
1.416914999999999964e+03,3.986099999999999710e+01
1.416917500000000018e+03,3.976789999999999736e+01
1.416919900000000098e+03,3.971039999999999992e+01
1.416922399999999925e+03,3.968319999999999936e+01
1.416924800000000005e+03,3.967949999999999733e+01
1.416927200000000084e+03,3.967629999999999768e+01
1.416929699999999912e+03,3.963880000000000337e+01
1.416932099999999991e+03,3.956239999999999668e+01
1.416934600000000046e+03,3.949419999999999931e+01
1.416936999999999898e+03,3.949130000000000251e+01
1.416939499999999953e+03,3.955969999999999942e+01
1.416941900000000032e+03,3.964509999999999934e+01
1.416944300000000112e+03,3.967690000000000339e+01
1.416946799999999939e+03,3.962460000000000093e+01
1.416949200000000019e+03,3.952270000000000039e+01
1.416951700000000073e+03,3.944500000000000028e+01
1.416954099999999926e+03,3.944469999999999743e+01
1.416956500000000005e+03,3.951270000000000238e+01
1.416959000000000060e+03,3.958899999999999864e+01
1.416961399999999912e+03,3.961789999999999878e+01
1.416963899999999967e+03,3.959590000000000032e+01
1.416966300000000047e+03,3.956300000000000239e+01
1.416968800000000101e+03,3.955310000000000059e+01
1.416971199999999953e+03,3.956080000000000041e+01
1.416973600000000033e+03,3.954999999999999716e+01
1.416976100000000088e+03,3.948700000000000188e+01
1.416978499999999940e+03,3.936990000000000123e+01
1.416980999999999995e+03,3.922800000000000153e+01
1.416983400000000074e+03,3.908990000000000009e+01
1.416985799999999927e+03,3.896110000000000184e+01
1.416988299999999981e+03,3.883659999999999712e+01
1.416990700000000061e+03,3.872619999999999862e+01
1.416993199999999888e+03,3.866179999999999950e+01
1.416995599999999968e+03,3.867260000000000275e+01
1.416998000000000047e+03,3.874609999999999843e+01
1.417000500000000102e+03,3.883189999999999742e+01
1.417002899999999954e+03,3.889600000000000080e+01
1.417005400000000009e+03,3.895909999999999940e+01
1.417007800000000088e+03,3.906170000000000186e+01
1.417010299999999916e+03,3.920309999999999917e+01
1.417012699999999995e+03,3.933080000000000354e+01
1.417015100000000075e+03,3.938799999999999812e+01
1.417017599999999902e+03,3.935560000000000258e+01
1.417019999999999982e+03,3.924510000000000076e+01
1.417022500000000036e+03,3.907690000000000197e+01
1.417024899999999889e+03,3.889320000000000022e+01
1.417027299999999968e+03,3.877109999999999701e+01
1.417029800000000023e+03,3.877680000000000149e+01
1.417032200000000103e+03,3.890030000000000143e+01
1.417034699999999930e+03,3.905660000000000309e+01
1.417037100000000009e+03,3.915440000000000254e+01
1.417039600000000064e+03,3.915619999999999834e+01
1.417041999999999916e+03,3.908250000000000313e+01
1.417044399999999996e+03,3.897849999999999682e+01
1.417046900000000051e+03,3.888580000000000325e+01
1.417049299999999903e+03,3.883970000000000056e+01
1.417051799999999957e+03,3.887239999999999895e+01
1.417054200000000037e+03,3.899309999999999832e+01
1.417056599999999889e+03,3.916700000000000159e+01
1.417059099999999944e+03,3.933080000000000354e+01
1.417061500000000024e+03,3.943160000000000309e+01
1.417064000000000078e+03,3.944599999999999795e+01
1.417066399999999931e+03,3.937709999999999866e+01
1.417068800000000010e+03,3.925370000000000203e+01
1.417071300000000065e+03,3.912769999999999726e+01
1.417073699999999917e+03,3.905850000000000222e+01
1.417076199999999972e+03,3.908400000000000318e+01
1.417078600000000051e+03,3.919100000000000250e+01
1.417081100000000106e+03,3.930810000000000315e+01
1.417083499999999958e+03,3.934640000000000271e+01
1.417085900000000038e+03,3.927450000000000330e+01
1.417088400000000092e+03,3.915579999999999927e+01
1.417090799999999945e+03,3.909879999999999711e+01
1.417093299999999999e+03,3.916460000000000008e+01
1.417095700000000079e+03,3.932609999999999673e+01
1.417098099999999931e+03,3.950630000000000308e+01
1.417100599999999986e+03,3.963870000000000005e+01
1.417103000000000065e+03,3.970100000000000051e+01
1.417105499999999893e+03,3.971439999999999770e+01
1.417107899999999972e+03,3.971809999999999974e+01
1.417110400000000027e+03,3.973680000000000234e+01
1.417112800000000107e+03,3.976959999999999695e+01
1.417115199999999959e+03,3.980429999999999779e+01
1.417117700000000013e+03,3.982469999999999999e+01
1.417120100000000093e+03,3.979930000000000234e+01
1.417122599999999920e+03,3.968469999999999942e+01
1.417125000000000000e+03,3.946620000000000061e+01
1.417127400000000080e+03,3.919519999999999982e+01
1.417129899999999907e+03,3.897270000000000323e+01
1.417132299999999987e+03,3.889659999999999940e+01
1.417134800000000041e+03,3.901939999999999742e+01
1.417137199999999893e+03,3.931450000000000244e+01
1.417139599999999973e+03,3.965829999999999700e+01
1.417142100000000028e+03,3.988499999999999801e+01
1.417144500000000107e+03,3.991029999999999944e+01
1.417146999999999935e+03,3.979690000000000083e+01
1.417149400000000014e+03,3.967289999999999850e+01
1.417151900000000069e+03,3.960490000000000066e+01
1.417154299999999921e+03,3.957509999999999906e+01
1.417156700000000001e+03,3.955060000000000286e+01
1.417159200000000055e+03,3.952949999999999875e+01
1.417161599999999908e+03,3.952009999999999934e+01
1.417164099999999962e+03,3.951109999999999900e+01
1.417166500000000042e+03,3.948610000000000042e+01
1.417168899999999894e+03,3.944800000000000040e+01
1.417171399999999949e+03,3.941620000000000346e+01
1.417173800000000028e+03,3.940480000000000160e+01
1.417176300000000083e+03,3.942119999999999891e+01
1.417178699999999935e+03,3.947879999999999967e+01
1.417181199999999990e+03,3.959479999999999933e+01
1.417183600000000069e+03,3.976160000000000139e+01
1.417185999999999922e+03,3.992799999999999727e+01
1.417188499999999976e+03,4.002170000000000272e+01
1.417190900000000056e+03,3.999900000000000233e+01
1.417193400000000111e+03,3.987680000000000291e+01
1.417195799999999963e+03,3.972079999999999700e+01
1.417198200000000043e+03,3.959490000000000265e+01
1.417200700000000097e+03,3.950679999999999836e+01
1.417203099999999949e+03,3.941749999999999687e+01
1.417205600000000004e+03,3.931360000000000099e+01
1.417208000000000084e+03,3.924580000000000268e+01
1.417210399999999936e+03,3.927259999999999707e+01
1.417212899999999991e+03,3.938700000000000045e+01
1.417215300000000070e+03,3.952750000000000341e+01
1.417217799999999897e+03,3.964869999999999806e+01
1.417220199999999977e+03,3.975220000000000198e+01
1.417222700000000032e+03,3.984790000000000276e+01
1.417225100000000111e+03,3.991239999999999810e+01
1.417227499999999964e+03,3.990480000000000160e+01
1.417230000000000018e+03,3.981989999999999696e+01
1.417232400000000098e+03,3.970889999999999986e+01
1.417234899999999925e+03,3.963329999999999842e+01
1.417237300000000005e+03,3.960249999999999915e+01
1.417239700000000084e+03,3.957540000000000191e+01
1.417242199999999912e+03,3.952230000000000132e+01
1.417244599999999991e+03,3.946370000000000289e+01
1.417247100000000046e+03,3.944200000000000017e+01
1.417249499999999898e+03,3.947090000000000032e+01
1.417251999999999953e+03,3.951989999999999981e+01
1.417254400000000032e+03,3.954099999999999682e+01
1.417256800000000112e+03,3.950509999999999877e+01
1.417259299999999939e+03,3.941770000000000351e+01
1.417261700000000019e+03,3.930669999999999931e+01
1.417264200000000073e+03,3.919409999999999883e+01
1.417266599999999926e+03,3.907699999999999818e+01
1.417269000000000005e+03,3.894550000000000267e+01
1.417271500000000060e+03,3.881510000000000105e+01
1.417273899999999912e+03,3.872729999999999961e+01
1.417276399999999967e+03,3.870989999999999753e+01
1.417278800000000047e+03,3.875070000000000192e+01
1.417281199999999899e+03,3.882050000000000267e+01
1.417283699999999953e+03,3.891610000000000014e+01
1.417286100000000033e+03,3.906490000000000151e+01
1.417288600000000088e+03,3.927709999999999724e+01
1.417290999999999940e+03,3.950330000000000297e+01
1.417293499999999995e+03,3.965259999999999962e+01
1.417295900000000074e+03,3.966120000000000090e+01
1.417298299999999927e+03,3.954879999999999995e+01
1.417300799999999981e+03,3.941109999999999758e+01
1.417303200000000061e+03,3.935459999999999781e+01
1.417305699999999888e+03,3.943269999999999698e+01
1.417308099999999968e+03,3.962400000000000233e+01
1.417310500000000047e+03,3.984850000000000136e+01
1.417313000000000102e+03,4.001180000000000092e+01
1.417315399999999954e+03,4.006459999999999866e+01
1.417317900000000009e+03,4.003479999999999706e+01
1.417320300000000088e+03,3.999569999999999936e+01
1.417322799999999916e+03,3.999260000000000304e+01
1.417325199999999995e+03,4.000330000000000297e+01
1.417327600000000075e+03,3.996929999999999694e+01
1.417330099999999902e+03,3.986330000000000240e+01
1.417332499999999982e+03,3.971829999999999927e+01
1.417335000000000036e+03,3.959660000000000224e+01
1.417337399999999889e+03,3.954489999999999839e+01
1.417339799999999968e+03,3.957469999999999999e+01
1.417342300000000023e+03,3.965870000000000317e+01
1.417344700000000103e+03,3.973669999999999902e+01
1.417347199999999930e+03,3.974170000000000158e+01
1.417349600000000009e+03,3.964090000000000202e+01
1.417352100000000064e+03,3.945629999999999882e+01
1.417354499999999916e+03,3.924260000000000304e+01
1.417356899999999996e+03,3.904979999999999762e+01
1.417359400000000051e+03,3.891109999999999758e+01
1.417361799999999903e+03,3.885860000000000269e+01
1.417364299999999957e+03,3.891910000000000025e+01
1.417366700000000037e+03,3.907410000000000139e+01
1.417369099999999889e+03,3.924170000000000158e+01
1.417371599999999944e+03,3.933290000000000219e+01
1.417374000000000024e+03,3.933189999999999742e+01
1.417376500000000078e+03,3.930100000000000193e+01
1.417378899999999931e+03,3.930530000000000257e+01
1.417381300000000010e+03,3.935249999999999915e+01
1.417383800000000065e+03,3.940690000000000026e+01
1.417386199999999917e+03,3.943860000000000099e+01
1.417388699999999972e+03,3.945389999999999731e+01
1.417391100000000051e+03,3.949360000000000070e+01
1.417393600000000106e+03,3.959790000000000276e+01
1.417395999999999958e+03,3.976370000000000005e+01
1.417398400000000038e+03,3.993610000000000326e+01
1.417400900000000092e+03,4.004549999999999699e+01
1.417403299999999945e+03,4.005769999999999698e+01
1.417405799999999999e+03,3.999869999999999948e+01
1.417408200000000079e+03,3.993619999999999948e+01
1.417410599999999931e+03,3.992530000000000001e+01
1.417413099999999986e+03,3.995689999999999742e+01
1.417415500000000065e+03,3.995870000000000033e+01
1.417417999999999893e+03,3.985679999999999978e+01
1.417420399999999972e+03,3.964679999999999893e+01
1.417422900000000027e+03,3.941020000000000323e+01
1.417425300000000107e+03,3.925939999999999941e+01
1.417427699999999959e+03,3.925280000000000058e+01
1.417430200000000013e+03,3.934779999999999944e+01
1.417432600000000093e+03,3.943710000000000093e+01
1.417435099999999920e+03,3.944019999999999726e+01
1.417437500000000000e+03,3.935510000000000019e+01
1.417439900000000080e+03,3.923839999999999861e+01
1.417442399999999907e+03,3.915840000000000032e+01
1.417444799999999987e+03,3.916080000000000183e+01
1.417447300000000041e+03,3.923899999999999721e+01
1.417449699999999893e+03,3.932630000000000337e+01
1.417452099999999973e+03,3.933740000000000236e+01
1.417454600000000028e+03,3.923870000000000147e+01
1.417457000000000107e+03,3.907800000000000296e+01
1.417459499999999935e+03,3.893760000000000332e+01
1.417461900000000014e+03,3.886110000000000042e+01
1.417464400000000069e+03,3.883850000000000335e+01
1.417466799999999921e+03,3.885690000000000310e+01
1.417469200000000001e+03,3.893460000000000321e+01
1.417471700000000055e+03,3.908239999999999981e+01
1.417474099999999908e+03,3.924549999999999983e+01
1.417476599999999962e+03,3.932939999999999969e+01
1.417479000000000042e+03,3.930230000000000246e+01
1.417481399999999894e+03,3.923329999999999984e+01
1.417483899999999949e+03,3.920550000000000068e+01
1.417486300000000028e+03,3.922879999999999967e+01
1.417488800000000083e+03,3.926469999999999771e+01
1.417491199999999935e+03,3.930030000000000001e+01
1.417493699999999990e+03,3.935679999999999978e+01
1.417496100000000069e+03,3.943549999999999756e+01
1.417498499999999922e+03,3.949170000000000158e+01
1.417500999999999976e+03,3.947469999999999857e+01
1.417503400000000056e+03,3.937720000000000198e+01
1.417505900000000111e+03,3.924430000000000263e+01
1.417508299999999963e+03,3.914829999999999899e+01
1.417510700000000043e+03,3.915039999999999765e+01
1.417513200000000097e+03,3.926370000000000005e+01
1.417515599999999949e+03,3.944270000000000209e+01
1.417518100000000004e+03,3.961580000000000013e+01
1.417520500000000084e+03,3.972259999999999991e+01
1.417522899999999936e+03,3.972120000000000317e+01
1.417525399999999991e+03,3.959120000000000061e+01
1.417527800000000070e+03,3.935269999999999868e+01
1.417530299999999897e+03,3.907589999999999719e+01
1.417532699999999977e+03,3.885099999999999909e+01
1.417535200000000032e+03,3.874080000000000013e+01
1.417537600000000111e+03,3.874539999999999651e+01
1.417539999999999964e+03,3.880890000000000128e+01
1.417542500000000018e+03,3.887109999999999843e+01
1.417544900000000098e+03,3.891449999999999676e+01
1.417547399999999925e+03,3.895629999999999882e+01
1.417549800000000005e+03,3.901449999999999818e+01
1.417552200000000084e+03,3.909590000000000032e+01
1.417554699999999912e+03,3.919630000000000081e+01
1.417557099999999991e+03,3.929240000000000066e+01
1.417559600000000046e+03,3.935079999999999956e+01
1.417561999999999898e+03,3.935759999999999792e+01
1.417564499999999953e+03,3.933959999999999724e+01
1.417566900000000032e+03,3.935220000000000340e+01
1.417569300000000112e+03,3.944570000000000221e+01
1.417571799999999939e+03,3.962480000000000047e+01
1.417574200000000019e+03,3.982950000000000301e+01
1.417576700000000073e+03,3.996399999999999864e+01
1.417579099999999926e+03,3.996470000000000056e+01
1.417581500000000005e+03,3.985349999999999682e+01
1.417584000000000060e+03,3.972010000000000218e+01
1.417586399999999912e+03,3.964139999999999731e+01
1.417588899999999967e+03,3.962129999999999797e+01
1.417591300000000047e+03,3.961200000000000188e+01
1.417593800000000101e+03,3.957350000000000279e+01
1.417596199999999953e+03,3.949510000000000076e+01
1.417598600000000033e+03,3.938159999999999883e+01
1.417601100000000088e+03,3.925789999999999935e+01
1.417603499999999940e+03,3.917510000000000048e+01
1.417605999999999995e+03,3.917280000000000229e+01
1.417608400000000074e+03,3.922970000000000113e+01
1.417610799999999927e+03,3.928450000000000131e+01
1.417613299999999981e+03,3.930850000000000222e+01
1.417615700000000061e+03,3.933359999999999701e+01
1.417618199999999888e+03,3.940599999999999881e+01
1.417620599999999968e+03,3.953529999999999944e+01
1.417623000000000047e+03,3.969250000000000256e+01
1.417625500000000102e+03,3.983310000000000173e+01
1.417627899999999954e+03,3.991470000000000340e+01
1.417630400000000009e+03,3.990599999999999881e+01
1.417632800000000088e+03,3.980019999999999669e+01
1.417635299999999916e+03,3.963000000000000256e+01
1.417637699999999995e+03,3.946070000000000277e+01
1.417640100000000075e+03,3.935490000000000066e+01
1.417642599999999902e+03,3.933350000000000080e+01
1.417644999999999982e+03,3.937230000000000274e+01
1.417647500000000036e+03,3.943529999999999802e+01
1.417649899999999889e+03,3.950650000000000261e+01
1.417652299999999968e+03,3.958400000000000318e+01
1.417654800000000023e+03,3.965120000000000289e+01
1.417657200000000103e+03,3.966969999999999885e+01
1.417659699999999930e+03,3.961319999999999908e+01
1.417662100000000009e+03,3.950990000000000180e+01
1.417664600000000064e+03,3.943229999999999791e+01
1.417666999999999916e+03,3.942880000000000251e+01
1.417669399999999996e+03,3.947090000000000032e+01
1.417671900000000051e+03,3.948429999999999751e+01
1.417674299999999903e+03,3.943260000000000076e+01
1.417676799999999957e+03,3.935790000000000077e+01
1.417679200000000037e+03,3.933809999999999718e+01
1.417681599999999889e+03,3.941329999999999956e+01
1.417684099999999944e+03,3.954719999999999658e+01
1.417686500000000024e+03,3.965240000000000009e+01
1.417689000000000078e+03,3.965959999999999752e+01
1.417691399999999931e+03,3.957249999999999801e+01
1.417693800000000010e+03,3.945709999999999695e+01
1.417696300000000065e+03,3.938219999999999743e+01
1.417698699999999917e+03,3.937680000000000291e+01
1.417701199999999972e+03,3.942830000000000013e+01
1.417703600000000051e+03,3.950249999999999773e+01
1.417706100000000106e+03,3.956510000000000105e+01
1.417708499999999958e+03,3.959470000000000312e+01
1.417710900000000038e+03,3.958740000000000236e+01
1.417713400000000092e+03,3.956159999999999854e+01
1.417715799999999945e+03,3.955590000000000117e+01
1.417718299999999999e+03,3.959309999999999974e+01
1.417720700000000079e+03,3.963799999999999812e+01
1.417723099999999931e+03,3.960940000000000083e+01
1.417725599999999986e+03,3.945550000000000068e+01
1.417728000000000065e+03,3.921340000000000003e+01
1.417730499999999893e+03,3.899150000000000205e+01
1.417732899999999972e+03,3.889609999999999701e+01
1.417735400000000027e+03,3.896759999999999735e+01
1.417737800000000107e+03,3.916590000000000060e+01
1.417740199999999959e+03,3.940270000000000294e+01
1.417742700000000013e+03,3.959749999999999659e+01
1.417745100000000093e+03,3.972699999999999676e+01
1.417747599999999920e+03,3.982390000000000185e+01
1.417750000000000000e+03,3.992110000000000269e+01
1.417752400000000080e+03,4.000439999999999685e+01
1.417754899999999907e+03,4.003040000000000020e+01
1.417757299999999987e+03,3.997679999999999723e+01
1.417759800000000041e+03,3.985609999999999786e+01
1.417762199999999893e+03,3.969239999999999924e+01
1.417764599999999973e+03,3.951259999999999906e+01
1.417767100000000028e+03,3.935190000000000055e+01
1.417769500000000107e+03,3.924320000000000164e+01
1.417771999999999935e+03,3.919720000000000226e+01
1.417774400000000014e+03,3.920420000000000016e+01
1.417776900000000069e+03,3.924940000000000140e+01
1.417779299999999921e+03,3.931470000000000198e+01
1.417781700000000001e+03,3.938060000000000116e+01
1.417784200000000055e+03,3.943410000000000082e+01
1.417786599999999908e+03,3.946430000000000149e+01
1.417789099999999962e+03,3.944839999999999947e+01
1.417791500000000042e+03,3.937210000000000321e+01
1.417793899999999894e+03,3.927340000000000231e+01
1.417796399999999949e+03,3.923449999999999704e+01
1.417798800000000028e+03,3.930980000000000274e+01
1.417801300000000083e+03,3.947870000000000346e+01
1.417803699999999935e+03,3.967479999999999762e+01
1.417806199999999990e+03,3.984219999999999828e+01
1.417808600000000069e+03,3.995649999999999835e+01
1.417810999999999922e+03,4.000919999999999987e+01
1.417813499999999976e+03,3.999349999999999739e+01
1.417815900000000056e+03,3.991349999999999909e+01
1.417818400000000111e+03,3.980199999999999960e+01
1.417820799999999963e+03,3.971390000000000242e+01
1.417823200000000043e+03,3.968699999999999761e+01
1.417825700000000097e+03,3.971430000000000149e+01
1.417828099999999949e+03,3.976380000000000337e+01
1.417830600000000004e+03,3.981640000000000157e+01
1.417833000000000084e+03,3.987259999999999849e+01
1.417835399999999936e+03,3.992940000000000111e+01
1.417837899999999991e+03,3.996379999999999910e+01
1.417840300000000070e+03,3.994570000000000221e+01
1.417842799999999897e+03,3.986590000000000344e+01
1.417845199999999977e+03,3.974240000000000350e+01
1.417847700000000032e+03,3.960060000000000002e+01
1.417850100000000111e+03,3.945909999999999940e+01
1.417852499999999964e+03,3.934029999999999916e+01
1.417855000000000018e+03,3.927170000000000272e+01
1.417857400000000098e+03,3.926440000000000197e+01
1.417859899999999925e+03,3.930250000000000199e+01
1.417862300000000005e+03,3.936169999999999902e+01
1.417864700000000084e+03,3.942739999999999867e+01
1.417867199999999912e+03,3.948810000000000286e+01
1.417869599999999991e+03,3.953260000000000218e+01
1.417872100000000046e+03,3.956170000000000186e+01
1.417874499999999898e+03,3.958189999999999742e+01
1.417876999999999953e+03,3.958259999999999934e+01
1.417879400000000032e+03,3.954070000000000107e+01
1.417881800000000112e+03,3.945349999999999824e+01
1.417884299999999939e+03,3.934689999999999799e+01
1.417886700000000019e+03,3.925339999999999918e+01
1.417889200000000073e+03,3.919590000000000174e+01
1.417891599999999926e+03,3.918560000000000088e+01
1.417894000000000005e+03,3.922469999999999857e+01
1.417896500000000060e+03,3.931360000000000099e+01
1.417898899999999912e+03,3.944509999999999650e+01
1.417901399999999967e+03,3.958180000000000121e+01
1.417903800000000047e+03,3.966700000000000159e+01
1.417906199999999899e+03,3.968220000000000169e+01
1.417908699999999953e+03,3.967580000000000240e+01
1.417911100000000033e+03,3.971500000000000341e+01
1.417913600000000088e+03,3.982679999999999865e+01
1.417915999999999940e+03,3.999530000000000030e+01
1.417918499999999995e+03,4.018560000000000088e+01
1.417920900000000074e+03,4.035079999999999956e+01
1.417923299999999927e+03,4.044230000000000302e+01
1.417925799999999981e+03,4.043659999999999854e+01
1.417928200000000061e+03,4.034649999999999892e+01
1.417930699999999888e+03,4.020130000000000337e+01
1.417933099999999968e+03,4.002620000000000289e+01
1.417935500000000047e+03,3.983840000000000003e+01
1.417938000000000102e+03,3.965189999999999770e+01
1.417940399999999954e+03,3.949190000000000111e+01
1.417942900000000009e+03,3.940090000000000003e+01
1.417945300000000088e+03,3.941420000000000101e+01
1.417947799999999916e+03,3.951769999999999783e+01
1.417950199999999995e+03,3.964099999999999824e+01
1.417952600000000075e+03,3.970969999999999800e+01
1.417955099999999902e+03,3.971390000000000242e+01
1.417957499999999982e+03,3.971770000000000067e+01
1.417960000000000036e+03,3.979120000000000346e+01
1.417962399999999889e+03,3.993330000000000268e+01
1.417964799999999968e+03,4.007350000000000279e+01
1.417967300000000023e+03,4.013969999999999771e+01
1.417969700000000103e+03,4.010249999999999915e+01
1.417972199999999930e+03,3.996750000000000114e+01
1.417974600000000009e+03,3.977040000000000219e+01
1.417977100000000064e+03,3.958529999999999660e+01
1.417979499999999916e+03,3.949419999999999931e+01
1.417981899999999996e+03,3.952109999999999701e+01
1.417984400000000051e+03,3.961359999999999815e+01
1.417986799999999903e+03,3.969819999999999993e+01
1.417989299999999957e+03,3.974130000000000251e+01
1.417991700000000037e+03,3.975900000000000034e+01
1.417994099999999889e+03,3.978050000000000352e+01
1.417996599999999944e+03,3.981439999999999912e+01
1.417999000000000024e+03,3.984740000000000038e+01
1.418001500000000078e+03,3.986229999999999762e+01
1.418003899999999931e+03,3.984329999999999927e+01
1.418006300000000010e+03,3.977590000000000003e+01
1.418008800000000065e+03,3.966499999999999915e+01
1.418011199999999917e+03,3.955599999999999739e+01
1.418013699999999972e+03,3.951670000000000016e+01
1.418016100000000051e+03,3.957970000000000255e+01
1.418018600000000106e+03,3.970660000000000167e+01
1.418020999999999958e+03,3.981620000000000203e+01
1.418023400000000038e+03,3.984660000000000224e+01
1.418025900000000092e+03,3.978410000000000224e+01
1.418028299999999945e+03,3.964999999999999858e+01
1.418030799999999999e+03,3.948969999999999914e+01
1.418033200000000079e+03,3.936659999999999826e+01
1.418035599999999931e+03,3.933180000000000121e+01
1.418038099999999986e+03,3.938870000000000005e+01
1.418040500000000065e+03,3.949439999999999884e+01
1.418042999999999893e+03,3.959479999999999933e+01
1.418045399999999972e+03,3.965429999999999922e+01
1.418047900000000027e+03,3.966570000000000107e+01
1.418050300000000107e+03,3.964750000000000085e+01
1.418052699999999959e+03,3.963190000000000168e+01
1.418055200000000013e+03,3.964139999999999731e+01
1.418057600000000093e+03,3.966989999999999839e+01
1.418060099999999920e+03,3.969080000000000297e+01
1.418062500000000000e+03,3.968889999999999674e+01
1.418064900000000080e+03,3.967580000000000240e+01
1.418067399999999907e+03,3.966660000000000252e+01
1.418069799999999987e+03,3.965149999999999864e+01
1.418072300000000041e+03,3.960430000000000206e+01
1.418074699999999893e+03,3.952389999999999759e+01
1.418077099999999973e+03,3.945499999999999829e+01
1.418079600000000028e+03,3.945649999999999835e+01
1.418082000000000107e+03,3.955340000000000344e+01
1.418084499999999935e+03,3.971690000000000254e+01
1.418086900000000014e+03,3.987899999999999778e+01
1.418089400000000069e+03,3.997169999999999845e+01
1.418091799999999921e+03,3.996940000000000026e+01
1.418094200000000001e+03,3.989999999999999858e+01
1.418096700000000055e+03,3.981450000000000244e+01
1.418099099999999908e+03,3.974949999999999761e+01
1.418101599999999962e+03,3.971569999999999823e+01
1.418104000000000042e+03,3.970879999999999654e+01
1.418106399999999894e+03,3.972429999999999950e+01
1.418108899999999949e+03,3.976630000000000109e+01
1.418111300000000028e+03,3.983480000000000132e+01
1.418113800000000083e+03,3.990220000000000056e+01
1.418116199999999935e+03,3.992040000000000077e+01
1.418118699999999990e+03,3.986919999999999931e+01
1.418121100000000069e+03,3.979719999999999658e+01
1.418123499999999922e+03,3.979079999999999728e+01
1.418125999999999976e+03,3.989000000000000057e+01
1.418128400000000056e+03,4.004670000000000130e+01
1.418130900000000111e+03,4.017510000000000048e+01
1.418133299999999963e+03,4.022650000000000148e+01
1.418135700000000043e+03,4.020830000000000126e+01
1.418138200000000097e+03,4.014999999999999858e+01
1.418140599999999949e+03,4.006909999999999883e+01
1.418143100000000004e+03,3.997149999999999892e+01
1.418145500000000084e+03,3.988119999999999976e+01
1.418147899999999936e+03,3.984150000000000347e+01
1.418150399999999991e+03,3.986090000000000089e+01
1.418152800000000070e+03,3.987879999999999825e+01
1.418155299999999897e+03,3.981949999999999790e+01
1.418157699999999977e+03,3.967680000000000007e+01
1.418160200000000032e+03,3.953300000000000125e+01
1.418162600000000111e+03,3.949450000000000216e+01
1.418164999999999964e+03,3.960929999999999751e+01
1.418167500000000018e+03,3.983859999999999957e+01
1.418169900000000098e+03,4.009539999999999793e+01
1.418172399999999925e+03,4.029520000000000124e+01
1.418174800000000005e+03,4.038000000000000256e+01
1.418177200000000084e+03,4.033220000000000027e+01
1.418179699999999912e+03,4.018820000000000192e+01
1.418182099999999991e+03,4.002570000000000050e+01
1.418184600000000046e+03,3.991660000000000252e+01
1.418186999999999898e+03,3.988909999999999911e+01
1.418189499999999953e+03,3.992210000000000036e+01
1.418191900000000032e+03,3.996750000000000114e+01
1.418194300000000112e+03,3.997899999999999920e+01
1.418196799999999939e+03,3.993130000000000024e+01
1.418199200000000019e+03,3.982540000000000191e+01
1.418201700000000073e+03,3.968370000000000175e+01
1.418204099999999926e+03,3.953940000000000055e+01
1.418206500000000005e+03,3.942280000000000229e+01
1.418209000000000060e+03,3.935020000000000095e+01
1.418211399999999912e+03,3.933279999999999887e+01
1.418213899999999967e+03,3.939529999999999887e+01
1.418216300000000047e+03,3.956080000000000041e+01
1.418218800000000101e+03,3.980409999999999826e+01
1.418221199999999953e+03,4.004979999999999762e+01
1.418223600000000033e+03,4.023129999999999740e+01
1.418226100000000088e+03,4.033379999999999654e+01
1.418228499999999940e+03,4.037100000000000222e+01
1.418230999999999995e+03,4.034779999999999944e+01
1.418233400000000074e+03,4.027040000000000219e+01
1.418235799999999927e+03,4.017730000000000246e+01
1.418238299999999981e+03,4.012989999999999924e+01
1.418240700000000061e+03,4.015590000000000259e+01
1.418243199999999888e+03,4.021450000000000102e+01
1.418245599999999968e+03,4.023299999999999699e+01
1.418248000000000047e+03,4.017779999999999774e+01
1.418250500000000102e+03,4.008700000000000330e+01
1.418252899999999954e+03,4.002940000000000254e+01
1.418255400000000009e+03,4.002890000000000015e+01
1.418257800000000088e+03,4.003459999999999752e+01
1.418260299999999916e+03,3.997509999999999764e+01
1.418262699999999995e+03,3.983679999999999666e+01
1.418265100000000075e+03,3.967609999999999815e+01
1.418267599999999902e+03,3.956380000000000052e+01
1.418269999999999982e+03,3.952920000000000300e+01
1.418272500000000036e+03,3.954910000000000281e+01
1.418274899999999889e+03,3.957390000000000185e+01
1.418277299999999968e+03,3.957119999999999749e+01
1.418279800000000023e+03,3.955199999999999960e+01
1.418282200000000103e+03,3.955010000000000048e+01
1.418284699999999930e+03,3.957739999999999725e+01
1.418287100000000009e+03,3.960949999999999704e+01
1.418289600000000064e+03,3.961390000000000100e+01
1.418291999999999916e+03,3.957930000000000348e+01
1.418294399999999996e+03,3.951979999999999649e+01
1.418296900000000051e+03,3.946540000000000248e+01
1.418299299999999903e+03,3.943670000000000186e+01
1.418301799999999957e+03,3.941680000000000206e+01
1.418304200000000037e+03,3.936200000000000188e+01
1.418306599999999889e+03,3.925950000000000273e+01
1.418309099999999944e+03,3.915919999999999845e+01
1.418311500000000024e+03,3.913119999999999976e+01
1.418314000000000078e+03,3.920380000000000109e+01
1.418316399999999931e+03,3.935070000000000334e+01
1.418318800000000010e+03,3.952239999999999753e+01
1.418321300000000065e+03,3.967450000000000188e+01
1.418323699999999917e+03,3.977850000000000108e+01
1.418326199999999972e+03,3.982450000000000045e+01
1.418328600000000051e+03,3.981960000000000122e+01
1.418331100000000106e+03,3.977660000000000196e+01
1.418333499999999958e+03,3.970289999999999964e+01
1.418335900000000038e+03,3.961229999999999762e+01
1.418338400000000092e+03,3.954220000000000113e+01
1.418340799999999945e+03,3.953889999999999816e+01
1.418343299999999999e+03,3.962089999999999890e+01
1.418345700000000079e+03,3.976339999999999719e+01
1.418348099999999931e+03,3.991610000000000014e+01
1.418350599999999986e+03,4.002709999999999724e+01
1.418353000000000065e+03,4.005199999999999960e+01
1.418355499999999893e+03,3.995870000000000033e+01
1.418357899999999972e+03,3.975139999999999674e+01
1.418360400000000027e+03,3.949340000000000117e+01
1.418362800000000107e+03,3.927750000000000341e+01
1.418365199999999959e+03,3.916749999999999687e+01
1.418367700000000013e+03,3.917459999999999809e+01
1.418370100000000093e+03,3.927459999999999951e+01
1.418372599999999920e+03,3.941839999999999833e+01
1.418375000000000000e+03,3.954070000000000107e+01
1.418377400000000080e+03,3.958829999999999671e+01
1.418379899999999907e+03,3.954579999999999984e+01
1.418382299999999987e+03,3.943849999999999767e+01
1.418384800000000041e+03,3.932240000000000180e+01
1.418387199999999893e+03,3.926149999999999807e+01
1.418389599999999973e+03,3.929099999999999682e+01
1.418392100000000028e+03,3.939309999999999690e+01
1.418394500000000107e+03,3.951189999999999714e+01
1.418396999999999935e+03,3.959510000000000218e+01
1.418399400000000014e+03,3.962769999999999726e+01
1.418401900000000069e+03,3.963289999999999935e+01
1.418404299999999921e+03,3.964639999999999986e+01
1.418406700000000001e+03,3.968569999999999709e+01
1.418409200000000055e+03,3.974219999999999686e+01
1.418411599999999908e+03,3.979780000000000229e+01
1.418414099999999962e+03,3.983800000000000097e+01
1.418416500000000042e+03,3.985699999999999932e+01
1.418418899999999894e+03,3.986449999999999960e+01
1.418421399999999949e+03,3.987939999999999685e+01
1.418423800000000028e+03,3.990050000000000097e+01
1.418426300000000083e+03,3.990350000000000108e+01
1.418428699999999935e+03,3.988089999999999691e+01
1.418431199999999990e+03,3.986019999999999897e+01
1.418433600000000069e+03,3.985399999999999920e+01
1.418435999999999922e+03,3.981689999999999685e+01
1.418438499999999976e+03,3.968350000000000222e+01
1.418440900000000056e+03,3.944489999999999696e+01
1.418443400000000111e+03,3.917340000000000089e+01
1.418445799999999963e+03,3.898279999999999745e+01
1.418448200000000043e+03,3.896880000000000166e+01
1.418450700000000097e+03,3.915619999999999834e+01
1.418453099999999949e+03,3.947599999999999909e+01
1.418455600000000004e+03,3.980069999999999908e+01
1.418458000000000084e+03,4.002219999999999800e+01
1.418460399999999936e+03,4.009850000000000136e+01
1.418462899999999991e+03,4.003699999999999903e+01
1.418465300000000070e+03,3.986769999999999925e+01
1.418467799999999897e+03,3.964979999999999905e+01
1.418470199999999977e+03,3.947310000000000230e+01
1.418472700000000032e+03,3.940930000000000177e+01
1.418475100000000111e+03,3.945479999999999876e+01
1.418477499999999964e+03,3.953340000000000032e+01
1.418480000000000018e+03,3.956199999999999761e+01
1.418482400000000098e+03,3.951850000000000307e+01
1.418484899999999925e+03,3.945049999999999812e+01
1.418487300000000005e+03,3.941879999999999740e+01
1.418489700000000084e+03,3.944019999999999726e+01
1.418492199999999912e+03,3.948689999999999856e+01
1.418494599999999991e+03,3.952669999999999817e+01
1.418497100000000046e+03,3.954740000000000322e+01
1.418499499999999898e+03,3.955270000000000152e+01
1.418501999999999953e+03,3.954769999999999897e+01
1.418504400000000032e+03,3.953949999999999676e+01
1.418506800000000112e+03,3.954579999999999984e+01
1.418509299999999939e+03,3.958189999999999742e+01
1.418511700000000019e+03,3.962650000000000006e+01
1.418514200000000073e+03,3.961939999999999884e+01
1.418516599999999926e+03,3.950999999999999801e+01
1.418519000000000005e+03,3.930299999999999727e+01
1.418521500000000060e+03,3.905669999999999931e+01
1.418523899999999912e+03,3.884890000000000043e+01
1.418526399999999967e+03,3.874040000000000106e+01
1.418528800000000047e+03,3.874790000000000134e+01
1.418531199999999899e+03,3.883570000000000277e+01
1.418533699999999953e+03,3.894330000000000069e+01
1.418536100000000033e+03,3.903220000000000312e+01
1.418538600000000088e+03,3.910499999999999687e+01
1.418540999999999940e+03,3.917640000000000100e+01
1.418543499999999995e+03,3.923749999999999716e+01
1.418545900000000074e+03,3.925529999999999831e+01
1.418548299999999927e+03,3.920680000000000121e+01
1.418550799999999981e+03,3.911209999999999809e+01
1.418553200000000061e+03,3.903620000000000090e+01
1.418555699999999888e+03,3.905129999999999768e+01
1.418558099999999968e+03,3.918849999999999767e+01
1.418560500000000047e+03,3.941239999999999810e+01
1.418563000000000102e+03,3.963580000000000325e+01
1.418565399999999954e+03,3.976489999999999725e+01
1.418567900000000009e+03,3.974649999999999750e+01
1.418570300000000088e+03,3.959490000000000265e+01
1.418572799999999916e+03,3.938900000000000290e+01
1.418575199999999995e+03,3.923409999999999798e+01
1.418577600000000075e+03,3.920139999999999958e+01
1.418580099999999902e+03,3.929149999999999920e+01
1.418582499999999982e+03,3.944669999999999987e+01
1.418585000000000036e+03,3.959120000000000061e+01
1.418587399999999889e+03,3.966749999999999687e+01
1.418589799999999968e+03,3.966140000000000043e+01
1.418592300000000023e+03,3.960739999999999839e+01
1.418594700000000103e+03,3.955490000000000350e+01
1.418597199999999930e+03,3.952450000000000330e+01
1.418599600000000009e+03,3.950829999999999842e+01
1.418602100000000064e+03,3.950460000000000349e+01
1.418604499999999916e+03,3.952459999999999951e+01
1.418606899999999996e+03,3.956380000000000052e+01
1.418609400000000051e+03,3.959539999999999793e+01
1.418611799999999903e+03,3.959790000000000276e+01
1.418614299999999957e+03,3.957169999999999987e+01
1.418616700000000037e+03,3.953059999999999974e+01
1.418619099999999889e+03,3.949530000000000030e+01
1.418621599999999944e+03,3.948819999999999908e+01
1.418624000000000024e+03,3.951740000000000208e+01
1.418626500000000078e+03,3.955870000000000175e+01
1.418628899999999931e+03,3.956660000000000110e+01
1.418631300000000010e+03,3.951500000000000057e+01
1.418633800000000065e+03,3.943130000000000024e+01
1.418636199999999917e+03,3.938100000000000023e+01
1.418638699999999972e+03,3.941230000000000189e+01
1.418641100000000051e+03,3.951530000000000342e+01
1.418643600000000106e+03,3.963089999999999691e+01
1.418645999999999958e+03,3.969169999999999732e+01
1.418648400000000038e+03,3.966899999999999693e+01
1.418650900000000092e+03,3.959969999999999857e+01
1.418653299999999945e+03,3.956400000000000006e+01
1.418655799999999999e+03,3.962019999999999698e+01
1.418658200000000079e+03,3.974860000000000326e+01
1.418660599999999931e+03,3.986330000000000240e+01
1.418663099999999986e+03,3.987989999999999924e+01
1.418665500000000065e+03,3.977969999999999828e+01
1.418667999999999893e+03,3.961869999999999692e+01
1.418670399999999972e+03,3.947919999999999874e+01
1.418672900000000027e+03,3.940639999999999787e+01
1.418675300000000107e+03,3.938300000000000267e+01
1.418677699999999959e+03,3.936149999999999949e+01
1.418680200000000013e+03,3.931900000000000261e+01
1.418682600000000093e+03,3.927380000000000138e+01
1.418685099999999920e+03,3.925430000000000064e+01
1.418687500000000000e+03,3.926910000000000167e+01
1.418689900000000080e+03,3.931080000000000041e+01
1.418692399999999907e+03,3.936200000000000188e+01
1.418694799999999987e+03,3.939059999999999917e+01
1.418697300000000041e+03,3.936549999999999727e+01
1.418699699999999893e+03,3.929180000000000206e+01
1.418702099999999973e+03,3.921569999999999823e+01
1.418704600000000028e+03,3.918319999999999936e+01
1.418707000000000107e+03,3.919760000000000133e+01
1.418709499999999935e+03,3.922070000000000078e+01
1.418711900000000014e+03,3.920929999999999893e+01
1.418714400000000069e+03,3.915079999999999671e+01
1.418716799999999921e+03,3.907110000000000127e+01
1.418719200000000001e+03,3.901180000000000092e+01
1.418721700000000055e+03,3.900310000000000343e+01
1.418724099999999908e+03,3.905409999999999826e+01
1.418726599999999962e+03,3.915699999999999648e+01
1.418729000000000042e+03,3.928929999999999723e+01
1.418731399999999894e+03,3.941949999999999932e+01
1.418733899999999949e+03,3.952360000000000184e+01
1.418736300000000028e+03,3.959570000000000078e+01
1.418738800000000083e+03,3.964189999999999969e+01
1.418741199999999935e+03,3.966870000000000118e+01
1.418743699999999990e+03,3.967790000000000106e+01
1.418746100000000069e+03,3.966740000000000066e+01
1.418748499999999922e+03,3.963739999999999952e+01
1.418750999999999976e+03,3.959609999999999985e+01
1.418753400000000056e+03,3.955630000000000024e+01
1.418755900000000111e+03,3.953329999999999700e+01
1.418758299999999963e+03,3.954849999999999710e+01
1.418760700000000043e+03,3.962559999999999860e+01
1.418763200000000097e+03,3.976559999999999917e+01
1.418765599999999949e+03,3.992399999999999949e+01
1.418768100000000004e+03,4.002720000000000056e+01
1.418770500000000084e+03,4.002459999999999951e+01
1.418772899999999936e+03,3.992710000000000292e+01
1.418775399999999991e+03,3.979290000000000305e+01
1.418777800000000070e+03,3.968229999999999791e+01
1.418780299999999897e+03,3.962360000000000326e+01
1.418782699999999977e+03,3.960940000000000083e+01
1.418785200000000032e+03,3.961220000000000141e+01
1.418787600000000111e+03,3.960360000000000014e+01
1.418789999999999964e+03,3.957350000000000279e+01
1.418792500000000018e+03,3.953280000000000172e+01
1.418794900000000098e+03,3.949560000000000315e+01
1.418797399999999925e+03,3.946779999999999688e+01
1.418799800000000005e+03,3.945640000000000214e+01
1.418802200000000084e+03,3.947010000000000218e+01
1.418804699999999912e+03,3.949940000000000140e+01
1.418807099999999991e+03,3.951200000000000045e+01
1.418809600000000046e+03,3.947760000000000247e+01
1.418811999999999898e+03,3.938719999999999999e+01
1.418814499999999953e+03,3.926050000000000040e+01
1.418816900000000032e+03,3.914639999999999986e+01
1.418819300000000112e+03,3.909899999999999665e+01
1.418821799999999939e+03,3.913519999999999754e+01
1.418824200000000019e+03,3.922440000000000282e+01
1.418826700000000073e+03,3.932180000000000319e+01
1.418829099999999926e+03,3.940189999999999770e+01
1.418831500000000005e+03,3.946309999999999718e+01
1.418834000000000060e+03,3.951720000000000255e+01
1.418836399999999912e+03,3.957330000000000325e+01
1.418838899999999967e+03,3.962349999999999994e+01
1.418841300000000047e+03,3.964459999999999695e+01
1.418843800000000101e+03,3.962089999999999890e+01
1.418846199999999953e+03,3.956499999999999773e+01
1.418848600000000033e+03,3.951460000000000150e+01
1.418851100000000088e+03,3.950639999999999930e+01
1.418853499999999940e+03,3.954410000000000025e+01
1.418855999999999995e+03,3.958970000000000056e+01
1.418858400000000074e+03,3.959859999999999758e+01
1.418860799999999927e+03,3.956799999999999784e+01
1.418863299999999981e+03,3.953199999999999648e+01
1.418865700000000061e+03,3.951449999999999818e+01
1.418868199999999888e+03,3.951279999999999859e+01
1.418870599999999968e+03,3.952420000000000044e+01
1.418873000000000047e+03,3.954729999999999990e+01
1.418875500000000102e+03,3.955279999999999774e+01
1.418877899999999954e+03,3.948830000000000240e+01
1.418880400000000009e+03,3.933140000000000214e+01
1.418882800000000088e+03,3.912680000000000291e+01
1.418885299999999916e+03,3.896050000000000324e+01
1.418887699999999995e+03,3.889950000000000330e+01
1.418890100000000075e+03,3.895139999999999958e+01
1.418892599999999902e+03,3.907569999999999766e+01
1.418894999999999982e+03,3.922330000000000183e+01
1.418897500000000036e+03,3.936280000000000001e+01
1.418899899999999889e+03,3.947590000000000288e+01
1.418902299999999968e+03,3.954710000000000036e+01
1.418904800000000023e+03,3.956450000000000244e+01
1.418907200000000103e+03,3.952929999999999922e+01
1.418909699999999930e+03,3.946260000000000190e+01
1.418912100000000009e+03,3.940079999999999671e+01
1.418914600000000064e+03,3.937299999999999756e+01
1.418916999999999916e+03,3.937789999999999679e+01
1.418919399999999996e+03,3.938989999999999725e+01
1.418921900000000051e+03,3.939459999999999695e+01
1.418924299999999903e+03,3.941599999999999682e+01
1.418926799999999957e+03,3.949860000000000326e+01
1.418929200000000037e+03,3.966369999999999862e+01
1.418931599999999889e+03,3.988870000000000005e+01
1.418934099999999944e+03,4.011610000000000298e+01
1.418936500000000024e+03,4.027360000000000184e+01
1.418939000000000078e+03,4.029540000000000077e+01
1.418941399999999931e+03,4.015460000000000207e+01
1.418943800000000010e+03,3.989710000000000178e+01
1.418946300000000065e+03,3.964070000000000249e+01
1.418948699999999917e+03,3.951069999999999993e+01
1.418951199999999972e+03,3.955089999999999861e+01
1.418953600000000051e+03,3.969550000000000267e+01
1.418956100000000106e+03,3.983559999999999945e+01
1.418958499999999958e+03,3.990910000000000224e+01
1.418960900000000038e+03,3.992889999999999873e+01
1.418963400000000092e+03,3.994030000000000058e+01
1.418965799999999945e+03,3.997299999999999898e+01
1.418968299999999999e+03,4.002980000000000160e+01
1.418970700000000079e+03,4.009839999999999804e+01
1.418973099999999931e+03,4.016100000000000136e+01
1.418975599999999986e+03,4.020250000000000057e+01
1.418978000000000065e+03,4.021350000000000335e+01
1.418980499999999893e+03,4.018809999999999860e+01
1.418982899999999972e+03,4.012360000000000326e+01
1.418985400000000027e+03,4.002819999999999823e+01
1.418987800000000107e+03,3.992419999999999902e+01
1.418990199999999959e+03,3.983789999999999765e+01
1.418992700000000013e+03,3.978479999999999706e+01
1.418995100000000093e+03,3.975549999999999784e+01
1.418997599999999920e+03,3.972399999999999665e+01
1.419000000000000000e+03,3.968330000000000268e+01
1.419002400000000080e+03,3.966230000000000189e+01
1.419004899999999907e+03,3.968919999999999959e+01
1.419007299999999987e+03,3.974369999999999692e+01
1.419009800000000041e+03,3.976800000000000068e+01
1.419012199999999893e+03,3.972030000000000172e+01
1.419014599999999973e+03,3.960909999999999798e+01
1.419017100000000028e+03,3.947910000000000252e+01
1.419019500000000107e+03,3.937590000000000146e+01
1.419021999999999935e+03,3.932600000000000051e+01
1.419024400000000014e+03,3.933670000000000044e+01
1.419026900000000069e+03,3.939959999999999951e+01
1.419029299999999921e+03,3.948850000000000193e+01
1.419031700000000001e+03,3.956700000000000017e+01
1.419034200000000055e+03,3.960849999999999937e+01
1.419036599999999908e+03,3.961079999999999757e+01
1.419039099999999962e+03,3.959230000000000160e+01
1.419041500000000042e+03,3.957970000000000255e+01
1.419043899999999894e+03,3.959230000000000160e+01
1.419046399999999949e+03,3.962199999999999989e+01
1.419048800000000028e+03,3.963159999999999883e+01
1.419051300000000083e+03,3.959020000000000294e+01
1.419053699999999935e+03,3.950489999999999924e+01
1.419056199999999990e+03,3.940709999999999980e+01
1.419058600000000069e+03,3.932480000000000331e+01
1.419060999999999922e+03,3.928349999999999653e+01
1.419063499999999976e+03,3.931289999999999907e+01
1.419065900000000056e+03,3.942280000000000229e+01
1.419068400000000111e+03,3.957439999999999714e+01
1.419070799999999963e+03,3.970309999999999917e+01
1.419073200000000043e+03,3.978439999999999799e+01
1.419075700000000097e+03,3.986749999999999972e+01
1.419078099999999949e+03,4.002530000000000143e+01
1.419080600000000004e+03,4.027129999999999654e+01
1.419083000000000084e+03,4.052759999999999962e+01
1.419085399999999936e+03,4.067190000000000083e+01
1.419087899999999991e+03,4.062579999999999814e+01
1.419090300000000070e+03,4.041349999999999909e+01
1.419092799999999897e+03,4.014280000000000115e+01
1.419095199999999977e+03,3.992269999999999897e+01
1.419097700000000032e+03,3.979710000000000036e+01
1.419100100000000111e+03,3.974710000000000321e+01
1.419102499999999964e+03,3.974099999999999966e+01
1.419105000000000018e+03,3.976670000000000016e+01
1.419107400000000098e+03,3.982379999999999853e+01
1.419109899999999925e+03,3.990209999999999724e+01
1.419112300000000005e+03,3.997599999999999909e+01
1.419114700000000084e+03,4.002429999999999666e+01
1.419117199999999912e+03,4.005380000000000251e+01
1.419119599999999991e+03,4.009309999999999974e+01
1.419122100000000046e+03,4.015400000000000347e+01
1.419124499999999898e+03,4.020580000000000354e+01
1.419126999999999953e+03,4.019989999999999952e+01
1.419129400000000032e+03,4.011650000000000205e+01
1.419131800000000112e+03,3.998169999999999646e+01
1.419134299999999939e+03,3.984819999999999851e+01
1.419136700000000019e+03,3.976299999999999812e+01
1.419139200000000073e+03,3.973299999999999699e+01
1.419141599999999926e+03,3.971289999999999765e+01
1.419144000000000005e+03,3.965310000000000201e+01
1.419146500000000060e+03,3.956850000000000023e+01
1.419148899999999912e+03,3.953090000000000259e+01
1.419151399999999967e+03,3.958330000000000126e+01
1.419153800000000047e+03,3.968880000000000052e+01
1.419156199999999899e+03,3.976870000000000260e+01
1.419158699999999953e+03,3.977129999999999654e+01
1.419161100000000033e+03,3.970759999999999934e+01
1.419163600000000088e+03,3.964300000000000068e+01
1.419165999999999940e+03,3.964990000000000236e+01
1.419168499999999995e+03,3.975019999999999953e+01
1.419170900000000074e+03,3.990079999999999671e+01
1.419173299999999927e+03,4.003960000000000008e+01
1.419175799999999981e+03,4.013980000000000103e+01
1.419178200000000061e+03,4.020589999999999975e+01
1.419180699999999888e+03,4.022679999999999723e+01
1.419183099999999968e+03,4.016129999999999711e+01
1.419185500000000047e+03,3.998819999999999908e+01
1.419188000000000102e+03,3.975630000000000308e+01
1.419190399999999954e+03,3.956519999999999726e+01
1.419192900000000009e+03,3.949020000000000152e+01
1.419195300000000088e+03,3.953300000000000125e+01
1.419197799999999916e+03,3.963839999999999719e+01
1.419200199999999995e+03,3.974349999999999739e+01
1.419202600000000075e+03,3.980319999999999681e+01
1.419205099999999902e+03,3.979059999999999775e+01
1.419207499999999982e+03,3.970179999999999865e+01
1.419210000000000036e+03,3.957450000000000045e+01
1.419212399999999889e+03,3.947630000000000194e+01
1.419214799999999968e+03,3.944700000000000273e+01
1.419217300000000023e+03,3.945819999999999794e+01
1.419219700000000103e+03,3.944969999999999999e+01
1.419222199999999930e+03,3.940149999999999864e+01
1.419224600000000009e+03,3.935640000000000072e+01
1.419227100000000064e+03,3.937830000000000297e+01
1.419229499999999916e+03,3.949369999999999692e+01
1.419231899999999996e+03,3.966100000000000136e+01
1.419234400000000051e+03,3.979529999999999745e+01
1.419236799999999903e+03,3.984309999999999974e+01
1.419239299999999957e+03,3.983120000000000260e+01
1.419241700000000037e+03,3.982650000000000290e+01
1.419244099999999889e+03,3.985779999999999745e+01
1.419246599999999944e+03,3.990120000000000289e+01
1.419249000000000024e+03,3.992849999999999966e+01
1.419251500000000078e+03,3.993990000000000151e+01
1.419253899999999931e+03,3.994420000000000215e+01
1.419256300000000010e+03,3.993500000000000227e+01
1.419258800000000065e+03,3.990290000000000248e+01
1.419261199999999917e+03,3.985779999999999745e+01
1.419263699999999972e+03,3.981920000000000215e+01
1.419266100000000051e+03,3.978840000000000288e+01
1.419268600000000106e+03,3.974799999999999756e+01
1.419270999999999958e+03,3.968430000000000035e+01
1.419273400000000038e+03,3.960379999999999967e+01
1.419275900000000092e+03,3.953090000000000259e+01
1.419278299999999945e+03,3.949000000000000199e+01
1.419280799999999999e+03,3.948420000000000130e+01
1.419283200000000079e+03,3.949210000000000065e+01
1.419285599999999931e+03,3.949020000000000152e+01
1.419288099999999986e+03,3.947420000000000329e+01
1.419290500000000065e+03,3.945519999999999783e+01
1.419292999999999893e+03,3.943919999999999959e+01
1.419295399999999972e+03,3.942430000000000234e+01
1.419297900000000027e+03,3.941910000000000025e+01
1.419300300000000107e+03,3.944530000000000314e+01
1.419302699999999959e+03,3.951400000000000290e+01
1.419305200000000013e+03,3.960840000000000316e+01
1.419307600000000093e+03,3.969239999999999924e+01
1.419310099999999920e+03,3.972630000000000194e+01
1.419312500000000000e+03,3.968379999999999797e+01
1.419314900000000080e+03,3.957569999999999766e+01
1.419317399999999907e+03,3.945909999999999940e+01
1.419319799999999987e+03,3.940930000000000177e+01
1.419322300000000041e+03,3.947129999999999939e+01
1.419324699999999893e+03,3.963539999999999708e+01
1.419327099999999973e+03,3.984669999999999845e+01
1.419329600000000028e+03,4.003329999999999700e+01
1.419332000000000107e+03,4.014459999999999695e+01
1.419334499999999935e+03,4.018149999999999977e+01
1.419336900000000014e+03,4.018289999999999651e+01
1.419339400000000069e+03,4.017530000000000001e+01
1.419341799999999921e+03,4.014909999999999712e+01
1.419344200000000001e+03,4.009360000000000213e+01
1.419346700000000055e+03,4.003170000000000073e+01
1.419349099999999908e+03,4.000419999999999732e+01
1.419351599999999962e+03,4.003739999999999810e+01
1.419354000000000042e+03,4.013009999999999877e+01
1.419356399999999894e+03,4.025249999999999773e+01
1.419358899999999949e+03,4.035649999999999693e+01
1.419361300000000028e+03,4.040590000000000259e+01
1.419363800000000083e+03,4.039900000000000091e+01
1.419366199999999935e+03,4.036180000000000234e+01
1.419368699999999990e+03,4.033160000000000167e+01
1.419371100000000069e+03,4.034519999999999840e+01
1.419373499999999922e+03,4.041919999999999646e+01
1.419375999999999976e+03,4.053320000000000078e+01
1.419378400000000056e+03,4.064670000000000272e+01
1.419380900000000111e+03,4.073949999999999960e+01
1.419383299999999963e+03,4.081530000000000058e+01
1.419385700000000043e+03,4.086299999999999955e+01
1.419388200000000097e+03,4.084329999999999927e+01
1.419390599999999949e+03,4.072939999999999827e+01
1.419393100000000004e+03,4.054200000000000159e+01
1.419395500000000084e+03,4.033489999999999753e+01
1.419397899999999936e+03,4.015939999999999799e+01
1.419400399999999991e+03,4.004549999999999699e+01
1.419402800000000070e+03,4.000489999999999924e+01
1.419405299999999897e+03,4.003490000000000038e+01
1.419407699999999977e+03,4.011489999999999867e+01
1.419410200000000032e+03,4.020409999999999684e+01
1.419412600000000111e+03,4.026370000000000005e+01
1.419414999999999964e+03,4.028110000000000213e+01
1.419417500000000018e+03,4.027239999999999753e+01
1.419419900000000098e+03,4.026579999999999870e+01
1.419422399999999925e+03,4.028699999999999903e+01
1.419424800000000005e+03,4.034380000000000166e+01
1.419427200000000084e+03,4.042040000000000077e+01
1.419429699999999912e+03,4.049170000000000158e+01
1.419432099999999991e+03,4.053869999999999862e+01
1.419434600000000046e+03,4.054890000000000327e+01
1.419436999999999898e+03,4.051630000000000109e+01
1.419439499999999953e+03,4.045190000000000197e+01
1.419441900000000032e+03,4.038779999999999859e+01
1.419444300000000112e+03,4.035649999999999693e+01
1.419446799999999939e+03,4.036910000000000309e+01
1.419449200000000019e+03,4.041409999999999769e+01
1.419451700000000073e+03,4.047259999999999991e+01
1.419454099999999926e+03,4.053260000000000218e+01
1.419456500000000005e+03,4.059300000000000352e+01
1.419459000000000060e+03,4.064439999999999742e+01
1.419461399999999912e+03,4.064770000000000039e+01
1.419463899999999967e+03,4.055879999999999797e+01
1.419466300000000047e+03,4.038230000000000075e+01
1.419468800000000101e+03,4.017830000000000013e+01
1.419471199999999953e+03,4.001400000000000290e+01
1.419473600000000033e+03,3.992410000000000281e+01
1.419476100000000088e+03,3.990769999999999840e+01
1.419478499999999940e+03,3.994299999999999784e+01
1.419480999999999995e+03,4.000480000000000302e+01
1.419483400000000074e+03,4.007990000000000208e+01
1.419485799999999927e+03,4.016660000000000252e+01
1.419488299999999981e+03,4.026189999999999714e+01
1.419490700000000061e+03,4.035370000000000346e+01
1.419493199999999888e+03,4.042719999999999914e+01
1.419495599999999968e+03,4.047659999999999769e+01
1.419498000000000047e+03,4.050730000000000075e+01
1.419500500000000102e+03,4.052620000000000289e+01
1.419502899999999954e+03,4.052680000000000149e+01
1.419505400000000009e+03,4.048239999999999839e+01
1.419507800000000088e+03,4.035979999999999990e+01
1.419510299999999916e+03,4.015679999999999694e+01
1.419512699999999995e+03,3.993690000000000140e+01
1.419515100000000075e+03,3.980769999999999698e+01
1.419517599999999902e+03,3.983570000000000277e+01
1.419519999999999982e+03,3.997899999999999920e+01
1.419522500000000036e+03,4.011710000000000065e+01
1.419524899999999889e+03,4.015120000000000289e+01
1.419527299999999968e+03,4.007679999999999865e+01
1.419529800000000023e+03,3.996699999999999875e+01
1.419532200000000103e+03,3.989370000000000260e+01
1.419534699999999930e+03,3.986699999999999733e+01
1.419537100000000009e+03,3.985139999999999816e+01
1.419539600000000064e+03,3.983290000000000219e+01
1.419541999999999916e+03,3.984759999999999991e+01
1.419544399999999996e+03,3.992969999999999686e+01
1.419546900000000051e+03,4.004679999999999751e+01
1.419549299999999903e+03,4.011789999999999878e+01
1.419551799999999957e+03,4.009389999999999787e+01
1.419554200000000037e+03,3.998949999999999960e+01
1.419556599999999889e+03,3.984559999999999746e+01
1.419559099999999944e+03,3.969720000000000226e+01
1.419561500000000024e+03,3.957560000000000144e+01
1.419564000000000078e+03,3.950460000000000349e+01
1.419566399999999931e+03,3.947959999999999781e+01
1.419568800000000010e+03,3.946959999999999980e+01
1.419571300000000065e+03,3.945210000000000150e+01
1.419573699999999917e+03,3.943599999999999994e+01
1.419576199999999972e+03,3.944290000000000163e+01
1.419578600000000051e+03,3.947800000000000153e+01
1.419581100000000106e+03,3.952870000000000061e+01
1.419583499999999958e+03,3.958250000000000313e+01
1.419585900000000038e+03,3.962890000000000157e+01
1.419588400000000092e+03,3.965579999999999927e+01
1.419590799999999945e+03,3.966179999999999950e+01
1.419593299999999999e+03,3.967029999999999745e+01
1.419595700000000079e+03,3.971399999999999864e+01
1.419598099999999931e+03,3.979809999999999803e+01
1.419600599999999986e+03,3.988470000000000226e+01
1.419603000000000065e+03,3.992079999999999984e+01
1.419605499999999893e+03,3.988739999999999952e+01
1.419607899999999972e+03,3.981949999999999790e+01
1.419610400000000027e+03,3.977859999999999729e+01
1.419612800000000107e+03,3.980579999999999785e+01
1.419615199999999959e+03,3.989620000000000033e+01
1.419617700000000013e+03,4.000469999999999970e+01
1.419620100000000093e+03,4.007459999999999667e+01
1.419622599999999920e+03,4.007309999999999661e+01
1.419625000000000000e+03,4.001359999999999673e+01
1.419627400000000080e+03,3.994809999999999661e+01
1.419629899999999907e+03,3.992629999999999768e+01
1.419632299999999987e+03,3.995850000000000080e+01
1.419634800000000041e+03,4.002069999999999794e+01
1.419637199999999893e+03,4.008469999999999800e+01
1.419639599999999973e+03,4.013210000000000122e+01
1.419642100000000028e+03,4.015489999999999782e+01
1.419644500000000107e+03,4.016320000000000334e+01
1.419646999999999935e+03,4.018800000000000239e+01
1.419649400000000014e+03,4.025310000000000343e+01
1.419651900000000069e+03,4.034089999999999776e+01
1.419654299999999921e+03,4.039809999999999945e+01
1.419656700000000001e+03,4.038080000000000069e+01
1.419659200000000055e+03,4.028529999999999944e+01
1.419661599999999908e+03,4.013569999999999993e+01
1.419664099999999962e+03,3.996150000000000091e+01
1.419666500000000042e+03,3.979449999999999932e+01
1.419668899999999894e+03,3.966819999999999879e+01
1.419671399999999949e+03,3.959369999999999834e+01
1.419673800000000028e+03,3.954359999999999786e+01
1.419676300000000083e+03,3.948479999999999990e+01
1.419678699999999935e+03,3.942600000000000193e+01
1.419681199999999990e+03,3.941230000000000189e+01
1.419683600000000069e+03,3.947990000000000066e+01
1.419685999999999922e+03,3.962669999999999959e+01
1.419688499999999976e+03,3.980680000000000263e+01
1.419690900000000056e+03,3.994389999999999930e+01
1.419693400000000111e+03,3.997930000000000206e+01
1.419695799999999963e+03,3.992379999999999995e+01
1.419698200000000043e+03,3.984000000000000341e+01
1.419700700000000097e+03,3.977060000000000173e+01
1.419703099999999949e+03,3.971509999999999962e+01
1.419705600000000004e+03,3.967629999999999768e+01
1.419708000000000084e+03,3.968099999999999739e+01
1.419710399999999936e+03,3.973080000000000211e+01
1.419712899999999991e+03,3.976930000000000121e+01
1.419715300000000070e+03,3.973259999999999792e+01
1.419717799999999897e+03,3.962230000000000274e+01
1.419720199999999977e+03,3.950070000000000192e+01
1.419722700000000032e+03,3.942190000000000083e+01
1.419725100000000111e+03,3.939379999999999882e+01
1.419727499999999964e+03,3.940849999999999653e+01
1.419730000000000018e+03,3.946840000000000259e+01
1.419732400000000098e+03,3.956660000000000110e+01
1.419734899999999925e+03,3.966960000000000264e+01
1.419737300000000005e+03,3.974669999999999703e+01
1.419739700000000084e+03,3.980340000000000344e+01
1.419742199999999912e+03,3.985909999999999798e+01
1.419744599999999991e+03,3.990140000000000242e+01
1.419747100000000046e+03,3.989090000000000202e+01
1.419749499999999898e+03,3.981620000000000203e+01
1.419751999999999953e+03,3.973100000000000165e+01
1.419754400000000032e+03,3.971759999999999735e+01
1.419756800000000112e+03,3.980879999999999797e+01
1.419759299999999939e+03,3.995530000000000115e+01
1.419761700000000019e+03,4.007350000000000279e+01
1.419764200000000073e+03,4.011880000000000024e+01
1.419766599999999926e+03,4.010940000000000083e+01
1.419769000000000005e+03,4.009459999999999980e+01
1.419771500000000060e+03,4.010289999999999822e+01
1.419773899999999912e+03,4.011180000000000234e+01
1.419776399999999967e+03,4.007079999999999842e+01
1.419778800000000047e+03,3.995949999999999847e+01
1.419781199999999899e+03,3.981669999999999732e+01
1.419783699999999953e+03,3.970739999999999981e+01
1.419786100000000033e+03,3.966640000000000299e+01
1.419788600000000088e+03,3.967880000000000251e+01
1.419790999999999940e+03,3.970550000000000068e+01
1.419793499999999995e+03,3.971840000000000259e+01
1.419795900000000074e+03,3.971640000000000015e+01
1.419798299999999927e+03,3.971909999999999741e+01
1.419800799999999981e+03,3.975269999999999726e+01
1.419803200000000061e+03,3.983630000000000138e+01
1.419805699999999888e+03,3.996829999999999927e+01
1.419808099999999968e+03,4.011319999999999908e+01
1.419810500000000047e+03,4.021560000000000201e+01
1.419813000000000102e+03,4.024210000000000065e+01
1.419815399999999954e+03,4.021240000000000236e+01
1.419817900000000009e+03,4.018260000000000076e+01
1.419820300000000088e+03,4.019780000000000086e+01
1.419822799999999916e+03,4.025999999999999801e+01
1.419825199999999995e+03,4.033089999999999975e+01
1.419827600000000075e+03,4.035649999999999693e+01
1.419830099999999902e+03,4.030190000000000339e+01
1.419832499999999982e+03,4.018630000000000280e+01
1.419835000000000036e+03,4.008639999999999759e+01
1.419837399999999889e+03,4.008500000000000085e+01
1.419839799999999968e+03,4.019650000000000034e+01
1.419842300000000023e+03,4.034519999999999840e+01
1.419844700000000103e+03,4.041879999999999740e+01
1.419847199999999930e+03,4.034759999999999991e+01
1.419849600000000009e+03,4.014869999999999806e+01
1.419852100000000064e+03,3.990390000000000015e+01
1.419854499999999916e+03,3.969650000000000034e+01
1.419856899999999996e+03,3.956580000000000297e+01
1.419859400000000051e+03,3.951359999999999673e+01
1.419861799999999903e+03,3.953240000000000265e+01
1.419864299999999957e+03,3.960909999999999798e+01
1.419866700000000037e+03,3.971419999999999817e+01
1.419869099999999889e+03,3.980680000000000263e+01
1.419871599999999944e+03,3.985070000000000334e+01
1.419874000000000024e+03,3.983050000000000068e+01
1.419876500000000078e+03,3.975959999999999894e+01
1.419878899999999931e+03,3.967170000000000130e+01
1.419881300000000010e+03,3.960190000000000055e+01
1.419883800000000065e+03,3.957829999999999870e+01
1.419886199999999917e+03,3.962480000000000047e+01
1.419888699999999972e+03,3.975189999999999912e+01
1.419891100000000051e+03,3.993970000000000198e+01
1.419893600000000106e+03,4.014059999999999917e+01
1.419895999999999958e+03,4.031320000000000192e+01
1.419898400000000038e+03,4.045280000000000342e+01
1.419900900000000092e+03,4.058539999999999992e+01
1.419903299999999945e+03,4.073080000000000211e+01
1.419905799999999999e+03,4.087700000000000244e+01
1.419908200000000079e+03,4.097930000000000206e+01
1.419910599999999931e+03,4.098080000000000211e+01
1.419913099999999986e+03,4.085340000000000060e+01
1.419915500000000065e+03,4.063810000000000144e+01
1.419917999999999893e+03,4.043110000000000070e+01
1.419920399999999972e+03,4.031250000000000000e+01
1.419922900000000027e+03,4.029509999999999792e+01
1.419925300000000107e+03,4.034020000000000294e+01
1.419927699999999959e+03,4.039840000000000231e+01
1.419930200000000013e+03,4.043189999999999884e+01
1.419932600000000093e+03,4.043480000000000274e+01
1.419935099999999920e+03,4.044870000000000232e+01
1.419937500000000000e+03,4.053549999999999898e+01
1.419939900000000080e+03,4.072469999999999857e+01
1.419942399999999907e+03,4.100399999999999778e+01
1.419944799999999987e+03,4.135849999999999937e+01
1.419947300000000041e+03,4.178990000000000293e+01
1.419949699999999893e+03,4.227009999999999934e+01
1.419952099999999973e+03,4.268200000000000216e+01
1.419954600000000028e+03,4.285499999999999687e+01
1.419957000000000107e+03,4.270439999999999969e+01
1.419959499999999935e+03,4.232350000000000279e+01
1.419961900000000014e+03,4.191349999999999909e+01
1.419964400000000069e+03,4.163400000000000034e+01
1.419966799999999921e+03,4.152940000000000254e+01
1.419969200000000001e+03,4.155709999999999837e+01
1.419971700000000055e+03,4.164359999999999928e+01
1.419974099999999908e+03,4.172529999999999717e+01
1.419976599999999962e+03,4.177629999999999910e+01
1.419979000000000042e+03,4.181289999999999907e+01
1.419981399999999894e+03,4.185949999999999704e+01
1.419983899999999949e+03,4.191620000000000346e+01
1.419986300000000028e+03,4.196340000000000003e+01
1.419988800000000083e+03,4.199020000000000152e+01
1.419991199999999935e+03,4.201010000000000133e+01
1.419993699999999990e+03,4.206210000000000093e+01
1.419996100000000069e+03,4.219729999999999848e+01
1.419998499999999922e+03,4.244830000000000325e+01
1.420000999999999976e+03,4.279310000000000258e+01
1.420003400000000056e+03,4.314459999999999695e+01
1.420005900000000111e+03,4.338490000000000180e+01
1.420008299999999963e+03,4.342669999999999675e+01
1.420010700000000043e+03,4.325840000000000174e+01
1.420013200000000097e+03,4.293910000000000338e+01
1.420015599999999949e+03,4.255680000000000263e+01
1.420018100000000004e+03,4.218269999999999698e+01
1.420020500000000084e+03,4.185840000000000316e+01
1.420022899999999936e+03,4.161310000000000286e+01
1.420025399999999991e+03,4.147789999999999822e+01
1.420027800000000070e+03,4.146050000000000324e+01
1.420030299999999897e+03,4.151659999999999684e+01
1.420032699999999977e+03,4.158319999999999794e+01
1.420035200000000032e+03,4.165590000000000259e+01
1.420037600000000111e+03,4.179919999999999902e+01
1.420039999999999964e+03,4.204469999999999885e+01
1.420042500000000018e+03,4.229149999999999920e+01
1.420044900000000098e+03,4.235419999999999874e+01
1.420047399999999925e+03,4.213989999999999725e+01
1.420049800000000005e+03,4.175099999999999767e+01
1.420052200000000084e+03,4.138280000000000314e+01
1.420054699999999912e+03,4.114419999999999789e+01
1.420057099999999991e+03,4.100549999999999784e+01
1.420059600000000046e+03,4.088640000000000185e+01
1.420061999999999898e+03,4.074660000000000082e+01
1.420064499999999953e+03,4.059839999999999804e+01
1.420066900000000032e+03,4.047769999999999868e+01
1.420069300000000112e+03,4.042170000000000130e+01
1.420071799999999939e+03,4.045270000000000010e+01
1.420074200000000019e+03,4.056479999999999819e+01
1.420076700000000073e+03,4.072189999999999799e+01
1.420079099999999926e+03,4.087460000000000093e+01
1.420081500000000005e+03,4.098550000000000182e+01
1.420084000000000060e+03,4.103990000000000293e+01
1.420086399999999912e+03,4.103439999999999799e+01
1.420088899999999967e+03,4.096280000000000143e+01
1.420091300000000047e+03,4.082520000000000238e+01
1.420093800000000101e+03,4.064999999999999858e+01
1.420096199999999953e+03,4.049309999999999832e+01
1.420098600000000033e+03,4.040279999999999916e+01
1.420101100000000088e+03,4.038510000000000133e+01
1.420103499999999940e+03,4.040910000000000224e+01
1.420105999999999995e+03,4.044509999999999650e+01
1.420108400000000074e+03,4.048169999999999646e+01
1.420110799999999927e+03,4.050450000000000017e+01
1.420113299999999981e+03,4.048449999999999704e+01
1.420115700000000061e+03,4.040809999999999746e+01
1.420118199999999888e+03,4.029860000000000042e+01
1.420120599999999968e+03,4.018959999999999866e+01
1.420123000000000047e+03,4.008879999999999910e+01
1.420125500000000102e+03,3.997469999999999857e+01
1.420127899999999954e+03,3.982549999999999812e+01
1.420130400000000009e+03,3.965809999999999746e+01
1.420132800000000088e+03,3.954079999999999728e+01
1.420135299999999916e+03,3.955149999999999721e+01
1.420137699999999995e+03,3.971130000000000138e+01
1.420140100000000075e+03,3.996029999999999660e+01
1.420142599999999902e+03,4.019230000000000302e+01
1.420144999999999982e+03,4.031710000000000349e+01
1.420147500000000036e+03,4.030429999999999779e+01
1.420149899999999889e+03,4.018840000000000146e+01
1.420152299999999968e+03,4.003790000000000049e+01
1.420154800000000023e+03,3.991219999999999857e+01
1.420157200000000103e+03,3.983729999999999905e+01
1.420159699999999930e+03,3.980890000000000128e+01
1.420162100000000009e+03,3.980619999999999692e+01
1.420164600000000064e+03,3.980330000000000013e+01
1.420166999999999916e+03,3.978399999999999892e+01
1.420169399999999996e+03,3.975489999999999924e+01
1.420171900000000051e+03,3.974049999999999727e+01
1.420174299999999903e+03,3.976230000000000331e+01
1.420176799999999957e+03,3.982540000000000191e+01
1.420179200000000037e+03,3.991470000000000340e+01
1.420181599999999889e+03,3.999660000000000082e+01
1.420184099999999944e+03,4.003649999999999665e+01
1.420186500000000024e+03,4.003020000000000067e+01
1.420189000000000078e+03,4.001239999999999952e+01
1.420191399999999931e+03,4.002689999999999770e+01
1.420193800000000010e+03,4.009259999999999735e+01
1.420196300000000065e+03,4.019389999999999930e+01
1.420198699999999917e+03,4.029260000000000019e+01
1.420201199999999972e+03,4.035210000000000008e+01
1.420203600000000051e+03,4.036090000000000089e+01
1.420206100000000106e+03,4.033639999999999759e+01
1.420208499999999958e+03,4.030859999999999843e+01
1.420210900000000038e+03,4.030149999999999721e+01
1.420213400000000092e+03,4.032659999999999911e+01
1.420215799999999945e+03,4.037950000000000017e+01
1.420218299999999999e+03,4.044339999999999691e+01
1.420220700000000079e+03,4.050390000000000157e+01
1.420223099999999931e+03,4.056329999999999814e+01
1.420225599999999986e+03,4.063490000000000180e+01
1.420228000000000065e+03,4.071750000000000114e+01
1.420230499999999893e+03,4.078150000000000119e+01
1.420232899999999972e+03,4.079429999999999978e+01
1.420235400000000027e+03,4.076339999999999719e+01
1.420237800000000107e+03,4.073570000000000135e+01
1.420240199999999959e+03,4.075010000000000332e+01
1.420242700000000013e+03,4.080899999999999750e+01
1.420245100000000093e+03,4.088989999999999725e+01
1.420247599999999920e+03,4.095340000000000202e+01
1.420250000000000000e+03,4.095040000000000191e+01
1.420252400000000080e+03,4.085490000000000066e+01
1.420254899999999907e+03,4.069169999999999732e+01
1.420257299999999987e+03,4.051550000000000296e+01
1.420259800000000041e+03,4.037299999999999756e+01
1.420262199999999893e+03,4.028520000000000323e+01
1.420264599999999973e+03,4.024689999999999657e+01
1.420267100000000028e+03,4.023669999999999902e+01
1.420269500000000107e+03,4.023550000000000182e+01
1.420271999999999935e+03,4.024399999999999977e+01
1.420274400000000014e+03,4.028880000000000194e+01
1.420276900000000069e+03,4.040690000000000026e+01
1.420279299999999921e+03,4.060520000000000351e+01
1.420281700000000001e+03,4.082849999999999824e+01
1.420284200000000055e+03,4.098519999999999897e+01
1.420286599999999908e+03,4.102040000000000219e+01
1.420289099999999962e+03,4.096999999999999886e+01
1.420291500000000042e+03,4.094389999999999930e+01
1.420293899999999894e+03,4.104339999999999833e+01
1.420296399999999949e+03,4.126859999999999928e+01
1.420298800000000028e+03,4.149770000000000181e+01
1.420301300000000083e+03,4.157849999999999824e+01
1.420303699999999935e+03,4.146119999999999806e+01
1.420306199999999990e+03,4.123660000000000281e+01
1.420308600000000069e+03,4.104330000000000211e+01
1.420310999999999922e+03,4.096450000000000102e+01
1.420313499999999976e+03,4.100979999999999848e+01
1.420315900000000056e+03,4.114529999999999887e+01
1.420318400000000111e+03,4.130409999999999826e+01
1.420320799999999963e+03,4.139699999999999847e+01
1.420323200000000043e+03,4.136180000000000234e+01
1.420325700000000097e+03,4.121099999999999852e+01
1.420328099999999949e+03,4.102600000000000335e+01
1.420330600000000004e+03,4.090220000000000056e+01
1.420333000000000084e+03,4.088929999999999865e+01
1.420335399999999936e+03,4.096750000000000114e+01
1.420337899999999991e+03,4.107450000000000045e+01
1.420340300000000070e+03,4.116080000000000183e+01
1.420342799999999897e+03,4.121459999999999724e+01
1.420345199999999977e+03,4.123819999999999908e+01
1.420347700000000032e+03,4.122449999999999903e+01
1.420350100000000111e+03,4.117199999999999704e+01
1.420352499999999964e+03,4.111110000000000042e+01
1.420355000000000018e+03,4.110300000000000153e+01
1.420357400000000098e+03,4.120380000000000109e+01
1.420359899999999925e+03,4.142040000000000077e+01
1.420362300000000005e+03,4.168500000000000227e+01
1.420364700000000084e+03,4.187780000000000058e+01
1.420367199999999912e+03,4.190440000000000254e+01
1.420369599999999991e+03,4.176939999999999742e+01
1.420372100000000046e+03,4.157030000000000314e+01
1.420374499999999898e+03,4.142079999999999984e+01
1.420376999999999953e+03,4.138450000000000273e+01
1.420379400000000032e+03,4.146280000000000143e+01
1.420381800000000112e+03,4.161699999999999733e+01
1.420384299999999939e+03,4.180040000000000333e+01
1.420386700000000019e+03,4.197820000000000107e+01
1.420389200000000073e+03,4.211899999999999977e+01
1.420391599999999926e+03,4.218509999999999849e+01
1.420394000000000005e+03,4.216980000000000217e+01
1.420396500000000060e+03,4.214439999999999742e+01
1.420398899999999912e+03,4.222520000000000095e+01
1.420401399999999967e+03,4.246860000000000213e+01
1.420403800000000047e+03,4.281099999999999994e+01
1.420406199999999899e+03,4.312140000000000128e+01
1.420408699999999953e+03,4.330689999999999884e+01
1.420411100000000033e+03,4.337669999999999959e+01
1.420413600000000088e+03,4.342470000000000141e+01
1.420415999999999940e+03,4.355469999999999686e+01
1.420418499999999995e+03,4.381119999999999948e+01
1.420420900000000074e+03,4.416989999999999839e+01
1.420423299999999927e+03,4.457090000000000174e+01
1.420425799999999981e+03,4.494680000000000319e+01
1.420428200000000061e+03,4.524179999999999779e+01
1.420430699999999888e+03,4.544010000000000105e+01
1.420433099999999968e+03,4.558270000000000266e+01
1.420435500000000047e+03,4.574360000000000070e+01
1.420438000000000102e+03,4.598270000000000124e+01
1.420440399999999954e+03,4.631569999999999965e+01
1.420442900000000009e+03,4.672010000000000218e+01
1.420445300000000088e+03,4.716460000000000008e+01
1.420447799999999916e+03,4.763929999999999865e+01
1.420450199999999995e+03,4.816610000000000014e+01
1.420452600000000075e+03,4.877550000000000097e+01
1.420455099999999902e+03,4.946090000000000231e+01
1.420457499999999982e+03,5.016510000000000247e+01
1.420460000000000036e+03,5.082849999999999824e+01
1.420462399999999889e+03,5.145259999999999678e+01
1.420464799999999968e+03,5.210390000000000299e+01
1.420467300000000023e+03,5.285390000000000299e+01
1.420469700000000103e+03,5.373610000000000042e+01
1.420472199999999930e+03,5.474960000000000093e+01
1.420474600000000009e+03,5.587010000000000076e+01
1.420477100000000064e+03,5.704690000000000083e+01
1.420479499999999916e+03,5.822800000000000153e+01
1.420481899999999996e+03,5.940469999999999828e+01
1.420484400000000051e+03,6.061820000000000164e+01
1.420486799999999903e+03,6.191709999999999781e+01
1.420489299999999957e+03,6.332030000000000314e+01
1.420491700000000037e+03,6.481109999999999616e+01
1.420494099999999889e+03,6.634749999999999659e+01
1.420496599999999944e+03,6.788079999999999359e+01
1.420499000000000024e+03,6.938379999999999370e+01
1.420501500000000078e+03,7.085999999999999943e+01
1.420503899999999931e+03,7.230849999999999511e+01
1.420506300000000010e+03,7.367780000000000484e+01
1.420508800000000065e+03,7.488370000000000459e+01
1.420511199999999917e+03,7.589749999999999375e+01
1.420513699999999972e+03,7.680200000000000671e+01
1.420516100000000051e+03,7.772950000000000159e+01
1.420518600000000106e+03,7.873810000000000286e+01
1.420520999999999958e+03,7.975690000000000168e+01
1.420523400000000038e+03,8.064400000000000546e+01
1.420525900000000092e+03,8.129099999999999682e+01
1.420528299999999945e+03,8.168049999999999500e+01
1.420530799999999999e+03,8.186639999999999873e+01
1.420533200000000079e+03,8.192000000000000171e+01
1.420535599999999931e+03,8.189749999999999375e+01
1.420538099999999986e+03,8.183429999999999893e+01
1.420540500000000065e+03,8.175000000000000000e+01
1.420542999999999893e+03,8.165030000000000143e+01
1.420545399999999972e+03,8.152930000000000632e+01
1.420547900000000027e+03,8.137409999999999854e+01
1.420550300000000107e+03,8.117059999999999320e+01
1.420552699999999959e+03,8.090540000000000020e+01
1.420555200000000013e+03,8.056109999999999616e+01
1.420557600000000093e+03,8.011759999999999593e+01
1.420560099999999920e+03,7.956399999999999295e+01
1.420562500000000000e+03,7.890949999999999420e+01
1.420564900000000080e+03,7.817149999999999466e+01
1.420567399999999907e+03,7.734860000000000468e+01
1.420569799999999987e+03,7.641830000000000211e+01
1.420572300000000041e+03,7.537560000000000571e+01
1.420574699999999893e+03,7.427190000000000225e+01
1.420577099999999973e+03,7.319199999999999307e+01
1.420579600000000028e+03,7.218120000000000402e+01
1.420582000000000107e+03,7.120730000000000359e+01
1.420584499999999935e+03,7.020740000000000691e+01
1.420586900000000014e+03,6.915779999999999461e+01
1.420589400000000069e+03,6.809250000000000114e+01
1.420591799999999921e+03,6.707340000000000657e+01
1.420594200000000001e+03,6.615189999999999770e+01
1.420596700000000055e+03,6.534180000000000632e+01
1.420599099999999908e+03,6.462109999999999843e+01
1.420601599999999962e+03,6.396119999999999806e+01
1.420604000000000042e+03,6.333760000000000190e+01
1.420606399999999894e+03,6.270580000000000354e+01
1.420608899999999949e+03,6.199589999999999890e+01
1.420611300000000028e+03,6.116219999999999857e+01
1.420613800000000083e+03,6.023709999999999809e+01
1.420616199999999935e+03,5.931320000000000192e+01
1.420618699999999990e+03,5.847050000000000125e+01
1.420621100000000069e+03,5.772630000000000194e+01
1.420623499999999922e+03,5.704990000000000094e+01
1.420625999999999976e+03,5.640690000000000026e+01
1.420628400000000056e+03,5.578770000000000095e+01
1.420630900000000111e+03,5.519760000000000133e+01
1.420633299999999963e+03,5.463569999999999993e+01
1.420635700000000043e+03,5.409839999999999804e+01
1.420638200000000097e+03,5.359559999999999746e+01
1.420640599999999949e+03,5.314309999999999690e+01
1.420643100000000004e+03,5.274419999999999931e+01
1.420645500000000084e+03,5.238159999999999883e+01
1.420647899999999936e+03,5.201420000000000243e+01
1.420650399999999991e+03,5.158689999999999998e+01
1.420652800000000070e+03,5.107450000000000045e+01
1.420655299999999897e+03,5.052470000000000283e+01
1.420657699999999977e+03,5.003990000000000293e+01
1.420660200000000032e+03,4.970280000000000342e+01
1.420662600000000111e+03,4.951820000000000022e+01
1.420664999999999964e+03,4.942860000000000298e+01
1.420667500000000018e+03,4.937859999999999872e+01
1.420669900000000098e+03,4.934440000000000026e+01
1.420672399999999925e+03,4.930709999999999837e+01
1.420674800000000005e+03,4.923640000000000327e+01
1.420677200000000084e+03,4.912250000000000227e+01
1.420679699999999912e+03,4.899399999999999977e+01
1.420682099999999991e+03,4.888620000000000232e+01
1.420684600000000046e+03,4.880330000000000013e+01
1.420686999999999898e+03,4.872310000000000230e+01
1.420689499999999953e+03,4.861880000000000024e+01
1.420691900000000032e+03,4.847840000000000060e+01
1.420694300000000112e+03,4.832730000000000103e+01
1.420696799999999939e+03,4.823089999999999833e+01
1.420699200000000019e+03,4.824249999999999972e+01
1.420701700000000073e+03,4.834179999999999922e+01
1.420704099999999926e+03,4.845179999999999865e+01
1.420706500000000005e+03,4.851250000000000284e+01
1.420709000000000060e+03,4.851059999999999661e+01
1.420711399999999912e+03,4.844899999999999807e+01
1.420713899999999967e+03,4.833400000000000318e+01
1.420716300000000047e+03,4.819129999999999825e+01
1.420718800000000101e+03,4.806340000000000146e+01
1.420721199999999953e+03,4.799020000000000152e+01
1.420723600000000033e+03,4.799929999999999808e+01
1.420726100000000088e+03,4.808919999999999817e+01
1.420728499999999940e+03,4.821009999999999707e+01
1.420730999999999995e+03,4.828170000000000073e+01
1.420733400000000074e+03,4.825010000000000332e+01
1.420735799999999927e+03,4.812680000000000291e+01
1.420738299999999981e+03,4.797460000000000235e+01
1.420740700000000061e+03,4.786449999999999960e+01
1.420743199999999888e+03,4.784400000000000119e+01
1.420745599999999968e+03,4.794030000000000058e+01
1.420748000000000047e+03,4.817069999999999652e+01
1.420750500000000102e+03,4.852300000000000324e+01
1.420752899999999954e+03,4.891689999999999827e+01
1.420755400000000009e+03,4.921679999999999922e+01
1.420757800000000088e+03,4.931560000000000343e+01
1.420760299999999916e+03,4.921240000000000236e+01
1.420762699999999995e+03,4.900169999999999959e+01
1.420765100000000075e+03,4.879410000000000025e+01
1.420767599999999902e+03,4.866040000000000276e+01
1.420769999999999982e+03,4.862330000000000041e+01
1.420772500000000036e+03,4.865579999999999927e+01
1.420774899999999889e+03,4.867940000000000111e+01
1.420777299999999968e+03,4.860929999999999751e+01
1.420779800000000023e+03,4.842249999999999943e+01
1.420782200000000103e+03,4.816559999999999775e+01
1.420784699999999930e+03,4.789770000000000039e+01
1.420787100000000009e+03,4.764920000000000044e+01
1.420789600000000064e+03,4.742999999999999972e+01
1.420791999999999916e+03,4.724669999999999703e+01
1.420794399999999996e+03,4.710629999999999740e+01
1.420796900000000051e+03,4.701590000000000202e+01
1.420799299999999903e+03,4.698310000000000031e+01
1.420801799999999957e+03,4.700840000000000174e+01
1.420804200000000037e+03,4.707050000000000267e+01
1.420806599999999889e+03,4.712930000000000064e+01
1.420809099999999944e+03,4.715529999999999688e+01
1.420811500000000024e+03,4.715229999999999677e+01
1.420814000000000078e+03,4.714180000000000348e+01
1.420816399999999931e+03,4.713380000000000081e+01
1.420818800000000010e+03,4.712290000000000134e+01
1.420821300000000065e+03,4.709470000000000312e+01
1.420823699999999917e+03,4.702759999999999962e+01
1.420826199999999972e+03,4.691040000000000276e+01
1.420828600000000051e+03,4.677729999999999677e+01
1.420831100000000106e+03,4.670709999999999695e+01
1.420833499999999958e+03,4.677159999999999940e+01
1.420835900000000038e+03,4.698400000000000176e+01
1.420838400000000092e+03,4.729140000000000299e+01
1.420840799999999945e+03,4.761059999999999803e+01
1.420843299999999999e+03,4.787619999999999720e+01
1.420845700000000079e+03,4.806949999999999790e+01
1.420848099999999931e+03,4.820779999999999887e+01
1.420850599999999986e+03,4.832379999999999853e+01
1.420853000000000065e+03,4.846739999999999782e+01
1.420855499999999893e+03,4.870069999999999766e+01
1.420857899999999972e+03,4.903970000000000340e+01
1.420860400000000027e+03,4.940379999999999683e+01
1.420862800000000107e+03,4.966740000000000066e+01
1.420865199999999959e+03,4.977369999999999806e+01
1.420867700000000013e+03,4.976839999999999975e+01
1.420870100000000093e+03,4.972979999999999734e+01
1.420872599999999920e+03,4.970179999999999865e+01
1.420875000000000000e+03,4.970210000000000150e+01
1.420877400000000080e+03,4.977000000000000313e+01
1.420879899999999907e+03,4.997429999999999950e+01
1.420882299999999987e+03,5.035430000000000206e+01
1.420884800000000041e+03,5.085150000000000148e+01
1.420887199999999893e+03,5.132059999999999889e+01
1.420889599999999973e+03,5.162989999999999924e+01
1.420892100000000028e+03,5.175489999999999924e+01
1.420894500000000107e+03,5.177439999999999998e+01
1.420896999999999935e+03,5.178349999999999653e+01
1.420899400000000014e+03,5.181799999999999784e+01
1.420901900000000069e+03,5.185220000000000340e+01
1.420904299999999921e+03,5.185450000000000159e+01
1.420906700000000001e+03,5.183449999999999847e+01
1.420909200000000055e+03,5.182229999999999848e+01
1.420911599999999908e+03,5.180960000000000321e+01
1.420914099999999962e+03,5.175180000000000291e+01
1.420916500000000042e+03,5.163920000000000243e+01
1.420918899999999894e+03,5.152759999999999962e+01
1.420921399999999949e+03,5.147339999999999804e+01
1.420923800000000028e+03,5.146170000000000044e+01
1.420926300000000083e+03,5.141199999999999903e+01
1.420928699999999935e+03,5.123839999999999861e+01
1.420931199999999990e+03,5.090520000000000067e+01
1.420933600000000069e+03,5.045660000000000167e+01
1.420935999999999922e+03,5.000650000000000261e+01
1.420938499999999976e+03,4.968229999999999791e+01
1.420940900000000056e+03,4.954010000000000247e+01
1.420943400000000111e+03,4.950419999999999732e+01
1.420945799999999963e+03,4.940939999999999799e+01
1.420948200000000043e+03,4.914549999999999841e+01
1.420950700000000097e+03,4.876500000000000057e+01
1.420953099999999949e+03,4.842249999999999943e+01
1.420955600000000004e+03,4.821099999999999852e+01
1.420958000000000084e+03,4.808129999999999882e+01
1.420960399999999936e+03,4.791409999999999769e+01
1.420962899999999991e+03,4.763759999999999906e+01
1.420965300000000070e+03,4.727810000000000201e+01
1.420967799999999897e+03,4.692790000000000106e+01
1.420970199999999977e+03,4.667869999999999919e+01
1.420972700000000032e+03,4.657690000000000197e+01
1.420975100000000111e+03,4.661889999999999645e+01
1.420977499999999964e+03,4.675719999999999743e+01
1.420980000000000018e+03,4.690279999999999916e+01
1.420982400000000098e+03,4.694350000000000023e+01
1.420984899999999925e+03,4.679480000000000217e+01
1.420987300000000005e+03,4.645430000000000348e+01
1.420989700000000084e+03,4.601230000000000331e+01
1.420992199999999912e+03,4.560029999999999717e+01
1.420994599999999991e+03,4.530870000000000175e+01
1.420997100000000046e+03,4.513980000000000103e+01
1.420999499999999898e+03,4.503569999999999851e+01
1.421001999999999953e+03,4.493760000000000332e+01
1.421004400000000032e+03,4.480919999999999703e+01
1.421006800000000112e+03,4.462519999999999953e+01
1.421009299999999939e+03,4.437570000000000192e+01
1.421011700000000019e+03,4.409340000000000259e+01
1.421014200000000073e+03,4.384949999999999903e+01
1.421016599999999926e+03,4.370199999999999818e+01
1.421019000000000005e+03,4.364900000000000091e+01
1.421021500000000060e+03,4.364009999999999678e+01
1.421023899999999912e+03,4.363089999999999691e+01
1.421026399999999967e+03,4.361280000000000001e+01
1.421028800000000047e+03,4.358850000000000335e+01
1.421031199999999899e+03,4.353860000000000241e+01
1.421033699999999953e+03,4.343289999999999651e+01
1.421036100000000033e+03,4.327459999999999951e+01
1.421038600000000088e+03,4.310889999999999844e+01
1.421040999999999940e+03,4.297860000000000014e+01
1.421043499999999995e+03,4.288060000000000116e+01
1.421045900000000074e+03,4.277830000000000155e+01
1.421048299999999927e+03,4.265879999999999939e+01
1.421050799999999981e+03,4.256499999999999773e+01
1.421053200000000061e+03,4.255689999999999884e+01
1.421055699999999888e+03,4.264000000000000057e+01
1.421058099999999968e+03,4.275300000000000011e+01
1.421060500000000047e+03,4.282789999999999964e+01
1.421063000000000102e+03,4.285170000000000101e+01
1.421065399999999954e+03,4.286950000000000216e+01
1.421067900000000009e+03,4.293760000000000332e+01
1.421070300000000088e+03,4.306960000000000122e+01
1.421072799999999916e+03,4.321790000000000020e+01
1.421075199999999995e+03,4.330279999999999774e+01
1.421077600000000075e+03,4.326689999999999969e+01
1.421080099999999902e+03,4.311399999999999721e+01
1.421082499999999982e+03,4.290379999999999683e+01
1.421085000000000036e+03,4.270369999999999777e+01
1.421087399999999889e+03,4.253999999999999915e+01
1.421089799999999968e+03,4.239410000000000167e+01
1.421092300000000023e+03,4.224929999999999808e+01
1.421094700000000103e+03,4.213239999999999696e+01
1.421097199999999930e+03,4.209120000000000061e+01
1.421099600000000009e+03,4.212939999999999685e+01
1.421102100000000064e+03,4.218379999999999797e+01
1.421104499999999916e+03,4.217390000000000327e+01
1.421106899999999996e+03,4.206329999999999814e+01
1.421109400000000051e+03,4.187239999999999895e+01
1.421111799999999903e+03,4.164900000000000091e+01
1.421114299999999957e+03,4.143780000000000285e+01
1.421116700000000037e+03,4.127270000000000039e+01
1.421119099999999889e+03,4.117770000000000152e+01
1.421121599999999944e+03,4.115630000000000166e+01
1.421124000000000024e+03,4.118070000000000164e+01
1.421126500000000078e+03,4.120709999999999695e+01
1.421128899999999931e+03,4.120729999999999649e+01
1.421131300000000010e+03,4.118280000000000030e+01
1.421133800000000065e+03,4.115780000000000172e+01
1.421136199999999917e+03,4.115999999999999659e+01
1.421138699999999972e+03,4.119910000000000139e+01
1.421141100000000051e+03,4.125589999999999691e+01
1.421143600000000106e+03,4.130239999999999867e+01
1.421145999999999958e+03,4.133659999999999712e+01
1.421148400000000038e+03,4.138680000000000092e+01
1.421150900000000092e+03,4.147509999999999764e+01
1.421153299999999945e+03,4.159049999999999869e+01
1.421155799999999999e+03,4.170340000000000202e+01
1.421158200000000079e+03,4.179449999999999932e+01
1.421160599999999931e+03,4.185929999999999751e+01
1.421163099999999986e+03,4.188719999999999999e+01
1.421165500000000065e+03,4.184819999999999851e+01
1.421167999999999893e+03,4.171549999999999869e+01
1.421170399999999972e+03,4.150289999999999679e+01
1.421172900000000027e+03,4.126460000000000150e+01
1.421175300000000107e+03,4.105180000000000007e+01
1.421177699999999959e+03,4.088139999999999930e+01
1.421180200000000013e+03,4.075280000000000058e+01
1.421182600000000093e+03,4.068050000000000210e+01
1.421185099999999920e+03,4.069870000000000232e+01
1.421187500000000000e+03,4.082730000000000103e+01
1.421189900000000080e+03,4.103240000000000265e+01
1.421192399999999907e+03,4.122849999999999682e+01
1.421194799999999987e+03,4.133100000000000307e+01
1.421197300000000041e+03,4.131000000000000227e+01
1.421199699999999893e+03,4.119709999999999894e+01
1.421202099999999973e+03,4.104879999999999995e+01
1.421204600000000028e+03,4.090639999999999787e+01
1.421207000000000107e+03,4.078629999999999711e+01
1.421209499999999935e+03,4.069890000000000185e+01
1.421211900000000014e+03,4.065890000000000271e+01
1.421214400000000069e+03,4.066490000000000293e+01
1.421216799999999921e+03,4.067980000000000018e+01
1.421219200000000001e+03,4.065319999999999823e+01
1.421221700000000055e+03,4.056470000000000198e+01
1.421224099999999908e+03,4.043610000000000326e+01
1.421226599999999962e+03,4.030550000000000210e+01
1.421229000000000042e+03,4.020080000000000098e+01
1.421231399999999894e+03,4.013230000000000075e+01
1.421233899999999949e+03,4.010190000000000055e+01
1.421236300000000028e+03,4.011099999999999710e+01
1.421238800000000083e+03,4.015100000000000335e+01
1.421241199999999935e+03,4.019429999999999836e+01
1.421243699999999990e+03,4.022440000000000282e+01
1.421246100000000069e+03,4.026749999999999829e+01
1.421248499999999922e+03,4.036280000000000001e+01
1.421250999999999976e+03,4.050520000000000209e+01
1.421253400000000056e+03,4.064939999999999998e+01
1.421255900000000111e+03,4.075999999999999801e+01
1.421258299999999963e+03,4.082990000000000208e+01
1.421260700000000043e+03,4.086410000000000053e+01
1.421263200000000097e+03,4.087039999999999651e+01
1.421265599999999949e+03,4.086079999999999757e+01
1.421268100000000004e+03,4.084629999999999939e+01
1.421270500000000084e+03,4.083109999999999928e+01
1.421272899999999936e+03,4.081300000000000239e+01
1.421275399999999991e+03,4.078220000000000312e+01
1.421277800000000070e+03,4.073080000000000211e+01
1.421280299999999897e+03,4.066960000000000264e+01
1.421282699999999977e+03,4.062749999999999773e+01
1.421285200000000032e+03,4.062559999999999860e+01
1.421287600000000111e+03,4.065939999999999799e+01
1.421289999999999964e+03,4.070649999999999835e+01
1.421292500000000018e+03,4.074699999999999989e+01
1.421294900000000098e+03,4.077570000000000050e+01
1.421297399999999925e+03,4.078750000000000142e+01
1.421299800000000005e+03,4.075529999999999831e+01
1.421302200000000084e+03,4.064070000000000249e+01
1.421304699999999912e+03,4.044819999999999993e+01
1.421307099999999991e+03,4.025289999999999679e+01
1.421309600000000046e+03,4.014990000000000236e+01
1.421311999999999898e+03,4.017569999999999908e+01
1.421314499999999953e+03,4.029509999999999792e+01
1.421316900000000032e+03,4.045170000000000243e+01
1.421319300000000112e+03,4.060370000000000346e+01
1.421321799999999939e+03,4.071929999999999694e+01
1.421324200000000019e+03,4.077879999999999683e+01
1.421326700000000073e+03,4.079399999999999693e+01
1.421329099999999926e+03,4.079879999999999995e+01
1.421331500000000005e+03,4.081139999999999901e+01
1.421334000000000060e+03,4.080930000000000035e+01
1.421336399999999912e+03,4.074629999999999797e+01
1.421338899999999967e+03,4.059989999999999810e+01
1.421341300000000047e+03,4.040979999999999706e+01
1.421343800000000101e+03,4.025699999999999790e+01
1.421346199999999953e+03,4.018979999999999819e+01
1.421348600000000033e+03,4.018379999999999797e+01
1.421351100000000088e+03,4.018059999999999832e+01
1.421353499999999940e+03,4.015679999999999694e+01
1.421355999999999995e+03,4.014580000000000126e+01
1.421358400000000074e+03,4.020029999999999859e+01
1.421360799999999927e+03,4.033749999999999858e+01
1.421363299999999981e+03,4.051059999999999661e+01
1.421365700000000061e+03,4.063009999999999877e+01
1.421368199999999888e+03,4.062460000000000093e+01
1.421370599999999968e+03,4.050260000000000105e+01
1.421373000000000047e+03,4.035479999999999734e+01
1.421375500000000102e+03,4.028119999999999834e+01
1.421377899999999954e+03,4.030669999999999931e+01
1.421380400000000009e+03,4.037480000000000047e+01
1.421382800000000088e+03,4.041649999999999920e+01
1.421385299999999916e+03,4.040990000000000038e+01
1.421387699999999995e+03,4.037140000000000128e+01
1.421390100000000075e+03,4.032050000000000267e+01
1.421392599999999902e+03,4.027720000000000056e+01
1.421394999999999982e+03,4.026959999999999695e+01
1.421397500000000036e+03,4.031439999999999912e+01
1.421399899999999889e+03,4.039620000000000033e+01
1.421402299999999968e+03,4.047970000000000113e+01
1.421404800000000023e+03,4.053860000000000241e+01
1.421407200000000103e+03,4.057169999999999987e+01
1.421409699999999930e+03,4.060000000000000142e+01
1.421412100000000009e+03,4.065059999999999718e+01
1.421414600000000064e+03,4.073310000000000031e+01
1.421416999999999916e+03,4.082889999999999731e+01
1.421419399999999996e+03,4.091120000000000090e+01
1.421421900000000051e+03,4.097710000000000008e+01
1.421424299999999903e+03,4.105100000000000193e+01
1.421426799999999957e+03,4.114419999999999789e+01
1.421429200000000037e+03,4.122549999999999670e+01
1.421431599999999889e+03,4.125010000000000332e+01
1.421434099999999944e+03,4.120199999999999818e+01
1.421436500000000024e+03,4.109879999999999711e+01
1.421439000000000078e+03,4.097229999999999706e+01
1.421441399999999931e+03,4.085719999999999885e+01
1.421443800000000010e+03,4.077199999999999847e+01
1.421446300000000065e+03,4.069939999999999714e+01
1.421448699999999917e+03,4.060609999999999786e+01
1.421451199999999972e+03,4.049020000000000152e+01
1.421453600000000051e+03,4.039459999999999695e+01
1.421456100000000106e+03,4.037740000000000151e+01
1.421458499999999958e+03,4.047610000000000241e+01
1.421460900000000038e+03,4.068449999999999989e+01
1.421463400000000092e+03,4.094570000000000221e+01
1.421465799999999945e+03,4.117269999999999897e+01
1.421468299999999999e+03,4.129419999999999646e+01
1.421470700000000079e+03,4.129310000000000258e+01
1.421473099999999931e+03,4.120870000000000033e+01
1.421475599999999986e+03,4.110490000000000066e+01
1.421478000000000065e+03,4.103759999999999764e+01
1.421480499999999893e+03,4.103659999999999997e+01
1.421482899999999972e+03,4.109590000000000032e+01
1.421485400000000027e+03,4.117219999999999658e+01
1.421487800000000107e+03,4.121490000000000009e+01
1.421490199999999959e+03,4.121929999999999694e+01
1.421492700000000013e+03,4.124530000000000030e+01
1.421495100000000093e+03,4.135999999999999943e+01
1.421497599999999920e+03,4.155890000000000128e+01
1.421500000000000000e+03,4.175690000000000168e+01
1.421502400000000080e+03,4.185929999999999751e+01
1.421504899999999907e+03,4.183209999999999695e+01
1.421507299999999987e+03,4.170870000000000033e+01
1.421509800000000041e+03,4.153759999999999764e+01
1.421512199999999893e+03,4.133930000000000149e+01
1.421514599999999973e+03,4.111889999999999645e+01
1.421517100000000028e+03,4.090579999999999927e+01
1.421519500000000107e+03,4.075000000000000000e+01
1.421521999999999935e+03,4.066929999999999978e+01
1.421524400000000014e+03,4.061529999999999774e+01
1.421526900000000069e+03,4.051639999999999731e+01
1.421529299999999921e+03,4.036070000000000135e+01
1.421531700000000001e+03,4.022350000000000136e+01
1.421534200000000055e+03,4.020120000000000005e+01
1.421536599999999908e+03,4.032159999999999656e+01
1.421539099999999962e+03,4.052439999999999998e+01
1.421541500000000042e+03,4.071779999999999688e+01
1.421543899999999894e+03,4.084380000000000166e+01
1.421546399999999949e+03,4.089670000000000272e+01
1.421548800000000028e+03,4.090180000000000149e+01
1.421551300000000083e+03,4.089009999999999678e+01
1.421553699999999935e+03,4.088329999999999842e+01
1.421556199999999990e+03,4.088439999999999941e+01
1.421558600000000069e+03,4.087800000000000011e+01
1.421560999999999922e+03,4.085470000000000113e+01
1.421563499999999976e+03,4.083509999999999707e+01
1.421565900000000056e+03,4.084870000000000090e+01
1.421568400000000111e+03,4.089180000000000348e+01
1.421570799999999963e+03,4.093419999999999703e+01
1.421573200000000043e+03,4.096759999999999735e+01
1.421575700000000097e+03,4.100900000000000034e+01
1.421578099999999949e+03,4.105599999999999739e+01
1.421580600000000004e+03,4.107580000000000098e+01
1.421583000000000084e+03,4.104890000000000327e+01
1.421585399999999936e+03,4.100079999999999814e+01
1.421587899999999991e+03,4.097999999999999687e+01
1.421590300000000070e+03,4.101610000000000156e+01
1.421592799999999897e+03,4.109960000000000235e+01
1.421595199999999977e+03,4.119639999999999702e+01
1.421597700000000032e+03,4.127900000000000347e+01
1.421600100000000111e+03,4.133720000000000283e+01
1.421602499999999964e+03,4.135470000000000113e+01
1.421605000000000018e+03,4.129560000000000031e+01
1.421607400000000098e+03,4.113380000000000081e+01
1.421609899999999925e+03,4.089549999999999841e+01
1.421612300000000005e+03,4.065919999999999845e+01
1.421614700000000084e+03,4.050200000000000244e+01
1.421617199999999912e+03,4.044409999999999883e+01
1.421619599999999991e+03,4.044720000000000226e+01
1.421622100000000046e+03,4.046020000000000039e+01
1.421624499999999898e+03,4.045779999999999887e+01
1.421626999999999953e+03,4.044959999999999667e+01
1.421629400000000032e+03,4.046150000000000091e+01
1.421631800000000112e+03,4.050439999999999685e+01
1.421634299999999939e+03,4.055480000000000018e+01
1.421636700000000019e+03,4.057900000000000063e+01
1.421639200000000073e+03,4.057580000000000098e+01
1.421641599999999926e+03,4.057309999999999661e+01
1.421644000000000005e+03,4.058520000000000039e+01
1.421646500000000060e+03,4.059969999999999857e+01
1.421648899999999912e+03,4.060880000000000223e+01
1.421651399999999967e+03,4.062500000000000000e+01
1.421653800000000047e+03,4.066279999999999717e+01
1.421656199999999899e+03,4.072460000000000235e+01
1.421658699999999953e+03,4.081190000000000140e+01
1.421661100000000033e+03,4.093869999999999720e+01
1.421663600000000088e+03,4.111899999999999977e+01
1.421665999999999940e+03,4.133420000000000272e+01
1.421668499999999995e+03,4.151879999999999882e+01
1.421670900000000074e+03,4.159579999999999700e+01
1.421673299999999927e+03,4.153000000000000114e+01
1.421675799999999981e+03,4.134199999999999875e+01
1.421678200000000061e+03,4.107110000000000127e+01
1.421680699999999888e+03,4.074989999999999668e+01
1.421683099999999968e+03,4.042730000000000246e+01
1.421685500000000047e+03,4.018679999999999808e+01
1.421688000000000102e+03,4.010170000000000101e+01
1.421690399999999954e+03,4.017589999999999861e+01
1.421692900000000009e+03,4.034620000000000317e+01
1.421695300000000088e+03,4.054240000000000066e+01
1.421697799999999916e+03,4.073409999999999798e+01
1.421700199999999995e+03,4.092119999999999891e+01
1.421702600000000075e+03,4.109499999999999886e+01
1.421705099999999902e+03,4.122229999999999706e+01
1.421707499999999982e+03,4.127750000000000341e+01
1.421710000000000036e+03,4.126879999999999882e+01
1.421712399999999889e+03,4.122010000000000218e+01
1.421714799999999968e+03,4.115090000000000003e+01
1.421717300000000023e+03,4.108480000000000132e+01
1.421719700000000103e+03,4.104670000000000130e+01
1.421722199999999930e+03,4.103150000000000119e+01
1.421724600000000009e+03,4.100500000000000256e+01
1.421727100000000064e+03,4.095499999999999829e+01
1.421729499999999916e+03,4.092009999999999792e+01
1.421731899999999996e+03,4.094389999999999930e+01
1.421734400000000051e+03,4.101500000000000057e+01
1.421736799999999903e+03,4.106989999999999696e+01
1.421739299999999957e+03,4.104070000000000107e+01
1.421741700000000037e+03,4.090149999999999864e+01
1.421744099999999889e+03,4.069310000000000116e+01
1.421746599999999944e+03,4.050220000000000198e+01
1.421749000000000024e+03,4.038680000000000092e+01
1.421751500000000078e+03,4.033089999999999975e+01
1.421753899999999931e+03,4.029359999999999786e+01
1.421756300000000010e+03,4.028229999999999933e+01
1.421758800000000065e+03,4.033840000000000003e+01
1.421761199999999917e+03,4.045949999999999847e+01
1.421763699999999972e+03,4.057480000000000331e+01
1.421766100000000051e+03,4.061829999999999785e+01
1.421768600000000106e+03,4.060370000000000346e+01
1.421770999999999958e+03,4.060249999999999915e+01
1.421773400000000038e+03,4.065059999999999718e+01
1.421775900000000092e+03,4.070479999999999876e+01
1.421778299999999945e+03,4.070210000000000150e+01
1.421780799999999999e+03,4.064759999999999707e+01
1.421783200000000079e+03,4.062369999999999948e+01
1.421785599999999931e+03,4.070830000000000126e+01
1.421788099999999986e+03,4.089359999999999928e+01
1.421790500000000065e+03,4.109250000000000114e+01
1.421792999999999893e+03,4.121240000000000236e+01
1.421795399999999972e+03,4.121940000000000026e+01
1.421797900000000027e+03,4.114840000000000231e+01
1.421800300000000107e+03,4.107099999999999795e+01
1.421802699999999959e+03,4.105030000000000001e+01
1.421805200000000013e+03,4.110660000000000025e+01
1.421807600000000093e+03,4.120920000000000272e+01
1.421810099999999920e+03,4.130149999999999721e+01
1.421812500000000000e+03,4.134389999999999787e+01
1.421814900000000080e+03,4.133200000000000074e+01
1.421817399999999907e+03,4.127790000000000248e+01
1.421819799999999987e+03,4.119689999999999941e+01
1.421822300000000041e+03,4.112780000000000058e+01
1.421824699999999893e+03,4.113700000000000045e+01
1.421827099999999973e+03,4.125750000000000028e+01
1.421829600000000028e+03,4.142309999999999803e+01
1.421832000000000107e+03,4.150549999999999784e+01
1.421834499999999935e+03,4.143699999999999761e+01
1.421836900000000014e+03,4.127859999999999729e+01
1.421839400000000069e+03,4.116230000000000189e+01
1.421841799999999921e+03,4.117419999999999902e+01
1.421844200000000001e+03,4.128600000000000136e+01
1.421846700000000055e+03,4.138159999999999883e+01
1.421849099999999908e+03,4.134779999999999944e+01
1.421851599999999962e+03,4.116159999999999997e+01
1.421854000000000042e+03,4.090950000000000131e+01
1.421856399999999894e+03,4.072449999999999903e+01
1.421858899999999949e+03,4.069400000000000261e+01
1.421861300000000028e+03,4.081410000000000338e+01
1.421863800000000083e+03,4.102570000000000050e+01
1.421866199999999935e+03,4.128070000000000306e+01
1.421868699999999990e+03,4.156049999999999756e+01
1.421871100000000069e+03,4.184100000000000108e+01
1.421873499999999922e+03,4.206009999999999849e+01
1.421875999999999976e+03,4.213020000000000209e+01
1.421878400000000056e+03,4.200119999999999720e+01
1.421880900000000111e+03,4.172970000000000113e+01
1.421883299999999963e+03,4.146159999999999712e+01
1.421885700000000043e+03,4.130680000000000263e+01
1.421888200000000097e+03,4.124839999999999662e+01
1.421890599999999949e+03,4.120969999999999800e+01
1.421893100000000004e+03,4.117640000000000100e+01
1.421895500000000084e+03,4.119720000000000226e+01
1.421897899999999936e+03,4.129200000000000159e+01
1.421900399999999991e+03,4.141270000000000095e+01
1.421902800000000070e+03,4.149170000000000158e+01
1.421905299999999897e+03,4.149049999999999727e+01
1.421907699999999977e+03,4.140800000000000125e+01
1.421910200000000032e+03,4.127459999999999951e+01
1.421912600000000111e+03,4.114119999999999777e+01
1.421914999999999964e+03,4.104999999999999716e+01
1.421917500000000018e+03,4.100679999999999836e+01
1.421919900000000098e+03,4.098460000000000036e+01
1.421922399999999925e+03,4.095049999999999812e+01
1.421924800000000005e+03,4.088730000000000331e+01
1.421927200000000084e+03,4.080709999999999837e+01
1.421929699999999912e+03,4.075169999999999959e+01
1.421932099999999991e+03,4.076460000000000150e+01
1.421934600000000046e+03,4.084700000000000131e+01
1.421936999999999898e+03,4.095139999999999958e+01
1.421939499999999953e+03,4.102629999999999910e+01
1.421941900000000032e+03,4.106530000000000058e+01
1.421944300000000112e+03,4.110490000000000066e+01
1.421946799999999939e+03,4.117000000000000171e+01
1.421949200000000019e+03,4.122570000000000334e+01
1.421951700000000073e+03,4.119420000000000215e+01
1.421954099999999926e+03,4.102790000000000248e+01
1.421956500000000005e+03,4.076740000000000208e+01
1.421959000000000060e+03,4.052109999999999701e+01
1.421961399999999912e+03,4.038309999999999889e+01
1.421963899999999967e+03,4.037590000000000146e+01
1.421966300000000047e+03,4.046880000000000166e+01
1.421968800000000101e+03,4.062519999999999953e+01
1.421971199999999953e+03,4.081130000000000280e+01
1.421973600000000033e+03,4.098270000000000124e+01
1.421976100000000088e+03,4.109759999999999991e+01
1.421978499999999940e+03,4.114339999999999975e+01
1.421980999999999995e+03,4.113649999999999807e+01
1.421983400000000074e+03,4.110020000000000095e+01
1.421985799999999927e+03,4.104670000000000130e+01
1.421988299999999981e+03,4.097560000000000002e+01
1.421990700000000061e+03,4.088519999999999754e+01
1.421993199999999888e+03,4.078110000000000213e+01
1.421995599999999968e+03,4.067210000000000036e+01
1.421998000000000047e+03,4.056499999999999773e+01
1.422000500000000102e+03,4.046739999999999782e+01
1.422002899999999954e+03,4.038819999999999766e+01
1.422005400000000009e+03,4.033440000000000225e+01
1.422007800000000088e+03,4.031750000000000256e+01
1.422010299999999916e+03,4.036269999999999669e+01
1.422012699999999995e+03,4.049430000000000263e+01
1.422015100000000075e+03,4.069729999999999848e+01
1.422017599999999902e+03,4.089339999999999975e+01
1.422019999999999982e+03,4.097860000000000014e+01
1.422022500000000036e+03,4.090379999999999683e+01
1.422024899999999889e+03,4.072140000000000271e+01
1.422027299999999968e+03,4.054399999999999693e+01
1.422029800000000023e+03,4.045859999999999701e+01
1.422032200000000103e+03,4.047780000000000200e+01
1.422034699999999930e+03,4.055669999999999931e+01
1.422037100000000009e+03,4.063450000000000273e+01
1.422039600000000064e+03,4.066389999999999816e+01
1.422041999999999916e+03,4.062369999999999948e+01
1.422044399999999996e+03,4.052600000000000335e+01
1.422046900000000051e+03,4.041870000000000118e+01
1.422049299999999903e+03,4.035929999999999751e+01
1.422051799999999957e+03,4.037319999999999709e+01
1.422054200000000037e+03,4.044800000000000040e+01
1.422056599999999889e+03,4.056380000000000052e+01
1.422059099999999944e+03,4.069689999999999941e+01
1.422061500000000024e+03,4.079749999999999943e+01
1.422064000000000078e+03,4.080810000000000315e+01
1.422066399999999931e+03,4.071490000000000009e+01
1.422068800000000010e+03,4.055879999999999797e+01
1.422071300000000065e+03,4.039990000000000236e+01
1.422073699999999917e+03,4.029399999999999693e+01
1.422076199999999972e+03,4.028979999999999961e+01
1.422078600000000051e+03,4.041299999999999670e+01
1.422081100000000106e+03,4.063960000000000150e+01
1.422083499999999958e+03,4.089929999999999666e+01
1.422085900000000038e+03,4.111480000000000246e+01
1.422088400000000092e+03,4.123949999999999960e+01
1.422090799999999945e+03,4.126380000000000337e+01
1.422093299999999999e+03,4.119819999999999993e+01
1.422095700000000079e+03,4.106040000000000134e+01
1.422098099999999931e+03,4.087850000000000250e+01
1.422100599999999986e+03,4.070150000000000290e+01
1.422103000000000065e+03,4.058729999999999905e+01
1.422105499999999893e+03,4.055789999999999651e+01
1.422107899999999972e+03,4.057099999999999795e+01
1.422110400000000027e+03,4.056250000000000000e+01
1.422112800000000107e+03,4.051299999999999812e+01
1.422115199999999959e+03,4.045870000000000033e+01
1.422117700000000013e+03,4.044169999999999732e+01
1.422120100000000093e+03,4.046809999999999974e+01
1.422122599999999920e+03,4.050840000000000174e+01
1.422125000000000000e+03,4.052700000000000102e+01
1.422127400000000080e+03,4.051550000000000296e+01
1.422129899999999907e+03,4.050050000000000239e+01
1.422132299999999987e+03,4.051050000000000040e+01
1.422134800000000041e+03,4.054670000000000130e+01
1.422137199999999893e+03,4.059709999999999752e+01
1.422139599999999973e+03,4.065800000000000125e+01
1.422142100000000028e+03,4.071739999999999782e+01
1.422144500000000107e+03,4.074150000000000205e+01
1.422146999999999935e+03,4.070729999999999649e+01
1.422149400000000014e+03,4.063300000000000267e+01
1.422151900000000069e+03,4.056049999999999756e+01
1.422154299999999921e+03,4.051579999999999870e+01
1.422156700000000001e+03,4.049580000000000268e+01
1.422159200000000055e+03,4.049119999999999919e+01
1.422161599999999908e+03,4.051359999999999673e+01
1.422164099999999962e+03,4.059009999999999962e+01
1.422166500000000042e+03,4.073069999999999879e+01
1.422168899999999894e+03,4.091069999999999851e+01
1.422171399999999949e+03,4.108129999999999882e+01
1.422173800000000028e+03,4.118750000000000000e+01
1.422176300000000083e+03,4.119230000000000302e+01
1.422178699999999935e+03,4.110669999999999646e+01
1.422181199999999990e+03,4.099470000000000169e+01
1.422183600000000069e+03,4.092900000000000205e+01
1.422185999999999922e+03,4.094010000000000105e+01
1.422188499999999976e+03,4.100789999999999935e+01
1.422190900000000056e+03,4.109510000000000218e+01
1.422193400000000111e+03,4.117790000000000106e+01
1.422195799999999963e+03,4.124369999999999692e+01
1.422198200000000043e+03,4.126850000000000307e+01
1.422200700000000097e+03,4.121029999999999660e+01
1.422203099999999949e+03,4.104249999999999687e+01
1.422205600000000004e+03,4.079740000000000322e+01
1.422208000000000084e+03,4.056960000000000122e+01
1.422210399999999936e+03,4.046300000000000097e+01
1.422212899999999991e+03,4.052609999999999957e+01
1.422215300000000070e+03,4.072570000000000334e+01
1.422217799999999897e+03,4.097209999999999752e+01
1.422220199999999977e+03,4.117479999999999762e+01
1.422222700000000032e+03,4.128609999999999758e+01
1.422225100000000111e+03,4.129890000000000327e+01
1.422227499999999964e+03,4.121959999999999980e+01
1.422230000000000018e+03,4.106250000000000000e+01
1.422232400000000098e+03,4.085969999999999658e+01
1.422234899999999925e+03,4.065469999999999828e+01
1.422237300000000005e+03,4.048429999999999751e+01
1.422239700000000084e+03,4.036990000000000123e+01
1.422242199999999912e+03,4.031629999999999825e+01
1.422244599999999991e+03,4.031190000000000140e+01
1.422247100000000046e+03,4.033330000000000126e+01
1.422249499999999898e+03,4.035710000000000264e+01
1.422251999999999953e+03,4.037850000000000250e+01
1.422254400000000032e+03,4.041819999999999879e+01
1.422256800000000112e+03,4.050350000000000250e+01
1.422259299999999939e+03,4.064580000000000126e+01
1.422261700000000019e+03,4.083789999999999765e+01
1.422264200000000073e+03,4.104959999999999809e+01
1.422266599999999926e+03,4.121670000000000300e+01
1.422269000000000005e+03,4.126259999999999906e+01
1.422271500000000060e+03,4.115630000000000166e+01
1.422273899999999912e+03,4.094109999999999872e+01
1.422276399999999967e+03,4.069969999999999999e+01
1.422278800000000047e+03,4.050589999999999691e+01
1.422281199999999899e+03,4.040529999999999688e+01
1.422283699999999953e+03,4.040509999999999735e+01
1.422286100000000033e+03,4.046029999999999660e+01
1.422288600000000088e+03,4.049340000000000117e+01
1.422290999999999940e+03,4.045470000000000255e+01
1.422293499999999995e+03,4.035999999999999943e+01
1.422295900000000074e+03,4.026290000000000191e+01
1.422298299999999927e+03,4.019859999999999900e+01
1.422300799999999981e+03,4.016259999999999764e+01
1.422303200000000061e+03,4.013349999999999795e+01
1.422305699999999888e+03,4.009559999999999746e+01
1.422308099999999968e+03,4.004229999999999734e+01
1.422310500000000047e+03,3.997699999999999676e+01
1.422313000000000102e+03,3.991539999999999822e+01
1.422315399999999954e+03,3.987939999999999685e+01
1.422317900000000009e+03,3.989220000000000255e+01
1.422320300000000088e+03,3.998279999999999745e+01
1.422322799999999916e+03,4.017620000000000147e+01
1.422325199999999995e+03,4.045989999999999753e+01
1.422327600000000075e+03,4.077300000000000324e+01
1.422330099999999902e+03,4.104440000000000310e+01
1.422332499999999982e+03,4.123669999999999902e+01
1.422335000000000036e+03,4.134340000000000259e+01
1.422337399999999889e+03,4.135799999999999699e+01
1.422339799999999968e+03,4.127689999999999770e+01
1.422342300000000023e+03,4.113739999999999952e+01
1.422344700000000103e+03,4.102150000000000318e+01
1.422347199999999930e+03,4.099170000000000158e+01
1.422349600000000009e+03,4.103199999999999648e+01
1.422352100000000064e+03,4.106730000000000302e+01
1.422354499999999916e+03,4.104189999999999827e+01
1.422356899999999996e+03,4.097229999999999706e+01
1.422359400000000051e+03,4.092000000000000171e+01
1.422361799999999903e+03,4.092110000000000269e+01
1.422364299999999957e+03,4.095490000000000208e+01
1.422366700000000037e+03,4.097610000000000241e+01
1.422369099999999889e+03,4.095609999999999928e+01
1.422371599999999944e+03,4.088629999999999853e+01
1.422374000000000024e+03,4.076619999999999777e+01
1.422376500000000078e+03,4.061229999999999762e+01
1.422378899999999931e+03,4.047109999999999985e+01
1.422381300000000010e+03,4.039229999999999876e+01
1.422383800000000065e+03,4.038259999999999650e+01
1.422386199999999917e+03,4.040590000000000259e+01
1.422388699999999972e+03,4.043039999999999878e+01
1.422391100000000051e+03,4.045570000000000022e+01
1.422393600000000106e+03,4.049439999999999884e+01
1.422395999999999958e+03,4.054869999999999663e+01
1.422398400000000038e+03,4.061419999999999675e+01
1.422400900000000092e+03,4.068269999999999698e+01
1.422403299999999945e+03,4.072970000000000113e+01
1.422405799999999999e+03,4.072070000000000078e+01
1.422408200000000079e+03,4.065180000000000149e+01
1.422410599999999931e+03,4.056799999999999784e+01
1.422413099999999986e+03,4.052100000000000080e+01
1.422415500000000065e+03,4.052000000000000313e+01
1.422417999999999893e+03,4.053229999999999933e+01
1.422420399999999972e+03,4.053159999999999741e+01
1.422422900000000027e+03,4.053490000000000038e+01
1.422425300000000107e+03,4.057889999999999731e+01
1.422427699999999959e+03,4.065870000000000317e+01
1.422430200000000013e+03,4.071059999999999945e+01
1.422432600000000093e+03,4.066989999999999839e+01
1.422435099999999920e+03,4.053679999999999950e+01
1.422437500000000000e+03,4.037980000000000302e+01
1.422439900000000080e+03,4.028390000000000271e+01
1.422442399999999907e+03,4.029460000000000264e+01
1.422444799999999987e+03,4.039320000000000022e+01
1.422447300000000041e+03,4.051789999999999736e+01
1.422449699999999893e+03,4.061220000000000141e+01
1.422452099999999973e+03,4.066389999999999816e+01
1.422454600000000028e+03,4.069789999999999708e+01
1.422457000000000107e+03,4.073700000000000188e+01
1.422459499999999935e+03,4.077490000000000236e+01
1.422461900000000014e+03,4.078159999999999741e+01
1.422464400000000069e+03,4.072720000000000340e+01
1.422466799999999921e+03,4.061119999999999663e+01
1.422469200000000001e+03,4.047549999999999670e+01
1.422471700000000055e+03,4.037650000000000006e+01
1.422474099999999908e+03,4.034599999999999653e+01
1.422476599999999962e+03,4.038069999999999737e+01
1.422479000000000042e+03,4.045609999999999928e+01
1.422481399999999894e+03,4.054059999999999775e+01
1.422483899999999949e+03,4.060969999999999658e+01
1.422486300000000028e+03,4.066199999999999903e+01
1.422488800000000083e+03,4.071909999999999741e+01
1.422491199999999935e+03,4.081060000000000088e+01
1.422493699999999990e+03,4.096139999999999759e+01
1.422496100000000069e+03,4.117540000000000333e+01
1.422498499999999922e+03,4.141109999999999758e+01
1.422500999999999976e+03,4.158769999999999811e+01
1.422503400000000056e+03,4.163589999999999947e+01
1.422505900000000111e+03,4.153670000000000329e+01
1.422508299999999963e+03,4.131210000000000093e+01
1.422510700000000043e+03,4.101559999999999917e+01
1.422513200000000097e+03,4.073689999999999856e+01
1.422515599999999949e+03,4.056790000000000163e+01
1.422518100000000004e+03,4.053580000000000183e+01
1.422520500000000084e+03,4.058879999999999910e+01
1.422522899999999936e+03,4.065579999999999927e+01
1.422525399999999991e+03,4.069859999999999900e+01
1.422527800000000070e+03,4.071079999999999899e+01
1.422530299999999897e+03,4.070190000000000197e+01
1.422532699999999977e+03,4.069639999999999702e+01
1.422535200000000032e+03,4.073069999999999879e+01
1.422537600000000111e+03,4.082770000000000010e+01
1.422539999999999964e+03,4.096150000000000091e+01
1.422542500000000018e+03,4.106139999999999901e+01
1.422544900000000098e+03,4.106920000000000215e+01
1.422547399999999925e+03,4.098960000000000292e+01
1.422549800000000005e+03,4.086919999999999931e+01
1.422552200000000084e+03,4.074349999999999739e+01
1.422554699999999912e+03,4.062930000000000064e+01
1.422557099999999991e+03,4.055340000000000344e+01
1.422559600000000046e+03,4.054590000000000316e+01
1.422561999999999898e+03,4.060660000000000025e+01
1.422564499999999953e+03,4.070120000000000005e+01
1.422566900000000032e+03,4.079249999999999687e+01
1.422569300000000112e+03,4.085779999999999745e+01
1.422571799999999939e+03,4.087720000000000198e+01
1.422574200000000019e+03,4.082920000000000016e+01
1.422576700000000073e+03,4.071490000000000009e+01
1.422579099999999926e+03,4.057809999999999917e+01
1.422581500000000005e+03,4.047619999999999862e+01
1.422584000000000060e+03,4.042620000000000147e+01
1.422586399999999912e+03,4.040200000000000102e+01
1.422588899999999967e+03,4.039229999999999876e+01
1.422591300000000047e+03,4.042929999999999779e+01
1.422593800000000101e+03,4.054149999999999920e+01
1.422596199999999953e+03,4.070439999999999969e+01
1.422598600000000033e+03,4.086269999999999669e+01
1.422601100000000088e+03,4.098100000000000165e+01
1.422603499999999940e+03,4.105140000000000100e+01
1.422605999999999995e+03,4.106940000000000168e+01
1.422608400000000074e+03,4.103020000000000067e+01
1.422610799999999927e+03,4.094850000000000279e+01
1.422613299999999981e+03,4.086560000000000059e+01
1.422615700000000061e+03,4.082489999999999952e+01
1.422618199999999888e+03,4.084140000000000015e+01
1.422620599999999968e+03,4.089280000000000115e+01
1.422623000000000047e+03,4.093220000000000169e+01
1.422625500000000102e+03,4.092479999999999762e+01
1.422627899999999954e+03,4.089220000000000255e+01
1.422630400000000009e+03,4.090180000000000149e+01
1.422632800000000088e+03,4.098760000000000048e+01
1.422635299999999916e+03,4.110280000000000200e+01
1.422637699999999995e+03,4.117410000000000281e+01
1.422640100000000075e+03,4.118359999999999843e+01
1.422642599999999902e+03,4.117669999999999675e+01
1.422644999999999982e+03,4.120689999999999742e+01
1.422647500000000036e+03,4.129440000000000310e+01
1.422649899999999889e+03,4.141839999999999833e+01
1.422652299999999968e+03,4.151879999999999882e+01
1.422654800000000023e+03,4.151989999999999981e+01
1.422657200000000103e+03,4.139200000000000301e+01
1.422659699999999930e+03,4.119120000000000203e+01
1.422662100000000009e+03,4.101639999999999731e+01
1.422664600000000064e+03,4.093209999999999837e+01
1.422666999999999916e+03,4.093330000000000268e+01
1.422669399999999996e+03,4.096820000000000306e+01
1.422671900000000051e+03,4.098270000000000124e+01
1.422674299999999903e+03,4.095909999999999940e+01
1.422676799999999957e+03,4.091949999999999932e+01
1.422679200000000037e+03,4.088909999999999911e+01
1.422681599999999889e+03,4.086390000000000100e+01
1.422684099999999944e+03,4.082249999999999801e+01
1.422686500000000024e+03,4.075370000000000203e+01
1.422689000000000078e+03,4.065919999999999845e+01
1.422691399999999931e+03,4.054809999999999803e+01
1.422693800000000010e+03,4.044689999999999941e+01
1.422696300000000065e+03,4.039869999999999806e+01
1.422698699999999917e+03,4.043419999999999703e+01
1.422701199999999972e+03,4.054579999999999984e+01
1.422703600000000051e+03,4.069440000000000168e+01
1.422706100000000106e+03,4.083550000000000324e+01
1.422708499999999958e+03,4.093610000000000326e+01
1.422710900000000038e+03,4.098420000000000130e+01
1.422713400000000092e+03,4.099750000000000227e+01
1.422715799999999945e+03,4.101680000000000348e+01
1.422718299999999999e+03,4.106989999999999696e+01
1.422720700000000079e+03,4.113620000000000232e+01
1.422723099999999931e+03,4.115559999999999974e+01
1.422725599999999986e+03,4.109170000000000300e+01
1.422728000000000065e+03,4.098310000000000031e+01
1.422730499999999893e+03,4.090740000000000265e+01
1.422732899999999972e+03,4.089059999999999917e+01
1.422735400000000027e+03,4.088009999999999877e+01
1.422737800000000107e+03,4.081929999999999836e+01
1.422740199999999959e+03,4.071800000000000352e+01
1.422742700000000013e+03,4.063049999999999784e+01
1.422745100000000093e+03,4.058990000000000009e+01
1.422747599999999920e+03,4.058529999999999660e+01
1.422750000000000000e+03,4.058370000000000033e+01
1.422752400000000080e+03,4.055210000000000292e+01
1.422754899999999907e+03,4.047650000000000148e+01
1.422757299999999987e+03,4.037950000000000017e+01
1.422759800000000041e+03,4.031340000000000146e+01
1.422762199999999893e+03,4.032319999999999993e+01
1.422764599999999973e+03,4.041729999999999734e+01
1.422767100000000028e+03,4.056909999999999883e+01
1.422769500000000107e+03,4.074230000000000018e+01
1.422771999999999935e+03,4.090950000000000131e+01
1.422774400000000014e+03,4.104529999999999745e+01
1.422776900000000069e+03,4.111480000000000246e+01
1.422779299999999921e+03,4.109250000000000114e+01
1.422781700000000001e+03,4.099920000000000186e+01
1.422784200000000055e+03,4.089450000000000074e+01
1.422786599999999908e+03,4.082209999999999894e+01
1.422789099999999962e+03,4.078490000000000038e+01
1.422791500000000042e+03,4.078029999999999688e+01
1.422793899999999894e+03,4.082750000000000057e+01
1.422796399999999949e+03,4.093650000000000233e+01
1.422798800000000028e+03,4.107300000000000040e+01
1.422801300000000083e+03,4.117719999999999914e+01
1.422803699999999935e+03,4.121370000000000289e+01
1.422806199999999990e+03,4.119109999999999872e+01
1.422808600000000069e+03,4.113519999999999754e+01
1.422810999999999922e+03,4.105680000000000263e+01
1.422813499999999976e+03,4.095640000000000214e+01
1.422815900000000056e+03,4.085269999999999868e+01
1.422818400000000111e+03,4.078949999999999676e+01
1.422820799999999963e+03,4.080910000000000082e+01
1.422823200000000043e+03,4.091810000000000258e+01
1.422825700000000097e+03,4.107269999999999754e+01
1.422828099999999949e+03,4.119469999999999743e+01
1.422830600000000004e+03,4.122330000000000183e+01
1.422833000000000084e+03,4.116740000000000066e+01
1.422835399999999936e+03,4.110070000000000334e+01
1.422837899999999991e+03,4.109020000000000294e+01
1.422840300000000070e+03,4.113110000000000355e+01
1.422842799999999897e+03,4.115310000000000201e+01
1.422845199999999977e+03,4.108809999999999718e+01
1.422847700000000032e+03,4.092929999999999779e+01
1.422850100000000111e+03,4.072990000000000066e+01
1.422852499999999964e+03,4.056159999999999854e+01
1.422855000000000018e+03,4.047319999999999851e+01
1.422857400000000098e+03,4.046940000000000026e+01
1.422859899999999925e+03,4.050769999999999982e+01
1.422862300000000005e+03,4.052550000000000097e+01
1.422864700000000084e+03,4.049219999999999686e+01
1.422867199999999912e+03,4.044489999999999696e+01
1.422869599999999991e+03,4.046370000000000289e+01
1.422872100000000046e+03,4.059830000000000183e+01
1.422874499999999898e+03,4.081620000000000203e+01
1.422876999999999953e+03,4.102750000000000341e+01
1.422879400000000032e+03,4.115959999999999752e+01
1.422881800000000112e+03,4.119919999999999760e+01
1.422884299999999939e+03,4.116879999999999740e+01
1.422886700000000019e+03,4.109040000000000248e+01
1.422889200000000073e+03,4.097959999999999781e+01
1.422891599999999926e+03,4.085710000000000264e+01
1.422894000000000005e+03,4.074580000000000268e+01
1.422896500000000060e+03,4.065919999999999845e+01
1.422898899999999912e+03,4.060159999999999769e+01
1.422901399999999967e+03,4.057489999999999952e+01
1.422903800000000047e+03,4.057730000000000103e+01
1.422906199999999899e+03,4.059980000000000189e+01
1.422908699999999953e+03,4.063210000000000122e+01
1.422911100000000033e+03,4.067199999999999704e+01
1.422913600000000088e+03,4.072290000000000276e+01
1.422915999999999940e+03,4.078139999999999787e+01
1.422918499999999995e+03,4.083290000000000219e+01
1.422920900000000074e+03,4.086910000000000309e+01
1.422923299999999927e+03,4.090709999999999980e+01
1.422925799999999981e+03,4.097169999999999845e+01
1.422928200000000061e+03,4.105530000000000257e+01
1.422930699999999888e+03,4.111240000000000094e+01
1.422933099999999968e+03,4.109839999999999804e+01
1.422935500000000047e+03,4.100600000000000023e+01
1.422938000000000102e+03,4.087319999999999709e+01
1.422940399999999954e+03,4.076659999999999684e+01
1.422942900000000009e+03,4.074159999999999826e+01
1.422945300000000088e+03,4.079650000000000176e+01
1.422947799999999916e+03,4.087369999999999948e+01
1.422950199999999995e+03,4.092360000000000042e+01
1.422952600000000075e+03,4.096269999999999811e+01
1.422955099999999902e+03,4.105129999999999768e+01
1.422957499999999982e+03,4.121640000000000015e+01
1.422960000000000036e+03,4.141680000000000206e+01
1.422962399999999889e+03,4.157609999999999673e+01
1.422964799999999968e+03,4.163609999999999900e+01
1.422967300000000023e+03,4.158220000000000027e+01
1.422969700000000103e+03,4.143659999999999854e+01
1.422972199999999930e+03,4.123740000000000094e+01
1.422974600000000009e+03,4.102499999999999858e+01
1.422977100000000064e+03,4.083789999999999765e+01
1.422979499999999916e+03,4.070750000000000313e+01
1.422981899999999996e+03,4.065540000000000020e+01
1.422984400000000051e+03,4.069369999999999976e+01
1.422986799999999903e+03,4.080830000000000268e+01
1.422989299999999957e+03,4.094120000000000203e+01
1.422991700000000037e+03,4.102799999999999869e+01
1.422994099999999889e+03,4.106550000000000011e+01
1.422996599999999944e+03,4.111240000000000094e+01
1.422999000000000024e+03,0.000000000000000000e+00
1.423001500000000078e+03,0.000000000000000000e+00
1.423003899999999931e+03,0.000000000000000000e+00
1.423006300000000010e+03,0.000000000000000000e+00
1.423008800000000065e+03,0.000000000000000000e+00
1.423011199999999917e+03,0.000000000000000000e+00
1.423013699999999972e+03,0.000000000000000000e+00
1.423016100000000051e+03,0.000000000000000000e+00
1.423018600000000106e+03,0.000000000000000000e+00
1.423020999999999958e+03,0.000000000000000000e+00
1.423023400000000038e+03,0.000000000000000000e+00
1.423025900000000092e+03,0.000000000000000000e+00
1.423028299999999945e+03,0.000000000000000000e+00
1.423030799999999999e+03,0.000000000000000000e+00
1.423033200000000079e+03,0.000000000000000000e+00
1.423035599999999931e+03,0.000000000000000000e+00
1.423038099999999986e+03,0.000000000000000000e+00
1.423040500000000065e+03,0.000000000000000000e+00
1.423042999999999893e+03,0.000000000000000000e+00
1.423045399999999972e+03,0.000000000000000000e+00
1.423047900000000027e+03,0.000000000000000000e+00
1.423050300000000107e+03,0.000000000000000000e+00
1.423052699999999959e+03,0.000000000000000000e+00
1.423055200000000013e+03,0.000000000000000000e+00
1.423057600000000093e+03,0.000000000000000000e+00
1.423060099999999920e+03,0.000000000000000000e+00
1.423062500000000000e+03,0.000000000000000000e+00
1.423064900000000080e+03,0.000000000000000000e+00
1.423067399999999907e+03,0.000000000000000000e+00
1.423069799999999987e+03,0.000000000000000000e+00
1.423072300000000041e+03,0.000000000000000000e+00
1.423074699999999893e+03,0.000000000000000000e+00
1.423077099999999973e+03,0.000000000000000000e+00
1.423079600000000028e+03,0.000000000000000000e+00
1.423082000000000107e+03,0.000000000000000000e+00
1.423084499999999935e+03,0.000000000000000000e+00
1.423086900000000014e+03,0.000000000000000000e+00
1.423089400000000069e+03,0.000000000000000000e+00
1.423091799999999921e+03,0.000000000000000000e+00
1.423094200000000001e+03,0.000000000000000000e+00
1.423096700000000055e+03,0.000000000000000000e+00
1.423099099999999908e+03,0.000000000000000000e+00
1.423101599999999962e+03,0.000000000000000000e+00
1.423104000000000042e+03,0.000000000000000000e+00
1.423106399999999894e+03,0.000000000000000000e+00
1.423108899999999949e+03,0.000000000000000000e+00
1.423111300000000028e+03,0.000000000000000000e+00
1.423113800000000083e+03,0.000000000000000000e+00
1.423116199999999935e+03,0.000000000000000000e+00
1.423118699999999990e+03,0.000000000000000000e+00
1.423121100000000069e+03,0.000000000000000000e+00
1.423123499999999922e+03,0.000000000000000000e+00
1.423125999999999976e+03,0.000000000000000000e+00
1.423128400000000056e+03,0.000000000000000000e+00
1.423130900000000111e+03,0.000000000000000000e+00
1.423133299999999963e+03,0.000000000000000000e+00
1.423135700000000043e+03,0.000000000000000000e+00
1.423138200000000097e+03,0.000000000000000000e+00
1.423140599999999949e+03,0.000000000000000000e+00
1.423143100000000004e+03,0.000000000000000000e+00
1.423145500000000084e+03,0.000000000000000000e+00
1.423147899999999936e+03,0.000000000000000000e+00
1.423150399999999991e+03,0.000000000000000000e+00
1.423152800000000070e+03,0.000000000000000000e+00
1.423155299999999897e+03,0.000000000000000000e+00
1.423157699999999977e+03,0.000000000000000000e+00
1.423160200000000032e+03,0.000000000000000000e+00
1.423162600000000111e+03,0.000000000000000000e+00
1.423164999999999964e+03,0.000000000000000000e+00
1.423167500000000018e+03,0.000000000000000000e+00
1.423169900000000098e+03,0.000000000000000000e+00
1.423172399999999925e+03,0.000000000000000000e+00
1.423174800000000005e+03,0.000000000000000000e+00
1.423177200000000084e+03,0.000000000000000000e+00
1.423179699999999912e+03,0.000000000000000000e+00
1.423182099999999991e+03,0.000000000000000000e+00
1.423184600000000046e+03,0.000000000000000000e+00
1.423186999999999898e+03,0.000000000000000000e+00
1.423189499999999953e+03,0.000000000000000000e+00
1.423191900000000032e+03,0.000000000000000000e+00
1.423194300000000112e+03,0.000000000000000000e+00
1.423196799999999939e+03,0.000000000000000000e+00
1.423199200000000019e+03,0.000000000000000000e+00
1.423201700000000073e+03,0.000000000000000000e+00
1.423204099999999926e+03,0.000000000000000000e+00
1.423206500000000005e+03,0.000000000000000000e+00
1.423209000000000060e+03,0.000000000000000000e+00
1.423211399999999912e+03,0.000000000000000000e+00
1.423213899999999967e+03,0.000000000000000000e+00
1.423216300000000047e+03,0.000000000000000000e+00
1.423218800000000101e+03,0.000000000000000000e+00
1.423221199999999953e+03,0.000000000000000000e+00
1.423223600000000033e+03,0.000000000000000000e+00
1.423226100000000088e+03,0.000000000000000000e+00
1.423228499999999940e+03,0.000000000000000000e+00
1.423230999999999995e+03,0.000000000000000000e+00
1.423233400000000074e+03,0.000000000000000000e+00
1.423235799999999927e+03,0.000000000000000000e+00
1.423238299999999981e+03,0.000000000000000000e+00
1.423240700000000061e+03,0.000000000000000000e+00
1.423243199999999888e+03,0.000000000000000000e+00
1.423245599999999968e+03,0.000000000000000000e+00
1.423248000000000047e+03,0.000000000000000000e+00
1.423250500000000102e+03,0.000000000000000000e+00
1.423252899999999954e+03,0.000000000000000000e+00
1.423255400000000009e+03,0.000000000000000000e+00
1.423257800000000088e+03,0.000000000000000000e+00
1.423260299999999916e+03,0.000000000000000000e+00
1.423262699999999995e+03,0.000000000000000000e+00
1.423265100000000075e+03,0.000000000000000000e+00
1.423267599999999902e+03,0.000000000000000000e+00
1.423269999999999982e+03,0.000000000000000000e+00
1.423272500000000036e+03,0.000000000000000000e+00
1.423274899999999889e+03,0.000000000000000000e+00
1.423277299999999968e+03,0.000000000000000000e+00
1.423279800000000023e+03,0.000000000000000000e+00
1.423282200000000103e+03,0.000000000000000000e+00
1.423284699999999930e+03,0.000000000000000000e+00
1.423287100000000009e+03,0.000000000000000000e+00
1.423289600000000064e+03,0.000000000000000000e+00
1.423291999999999916e+03,0.000000000000000000e+00
1.423294399999999996e+03,0.000000000000000000e+00
1.423296900000000051e+03,0.000000000000000000e+00
1.423299299999999903e+03,0.000000000000000000e+00
1.423301799999999957e+03,0.000000000000000000e+00
1.423304200000000037e+03,0.000000000000000000e+00
1.423306599999999889e+03,0.000000000000000000e+00
1.423309099999999944e+03,0.000000000000000000e+00
1.423311500000000024e+03,0.000000000000000000e+00
1.423314000000000078e+03,0.000000000000000000e+00
1.423316399999999931e+03,0.000000000000000000e+00
1.423318800000000010e+03,0.000000000000000000e+00
1.423321300000000065e+03,0.000000000000000000e+00
1.423323699999999917e+03,0.000000000000000000e+00
1.423326199999999972e+03,0.000000000000000000e+00
1.423328600000000051e+03,0.000000000000000000e+00
1.423331100000000106e+03,0.000000000000000000e+00
1.423333499999999958e+03,0.000000000000000000e+00
1.423335900000000038e+03,0.000000000000000000e+00
1.423338400000000092e+03,0.000000000000000000e+00
1.423340799999999945e+03,0.000000000000000000e+00
1.423343299999999999e+03,0.000000000000000000e+00
1.423345700000000079e+03,0.000000000000000000e+00
1.423348099999999931e+03,0.000000000000000000e+00
1.423350599999999986e+03,0.000000000000000000e+00
1.423353000000000065e+03,0.000000000000000000e+00
1.423355499999999893e+03,0.000000000000000000e+00
1.423357899999999972e+03,0.000000000000000000e+00
1.423360400000000027e+03,0.000000000000000000e+00
1.423362800000000107e+03,0.000000000000000000e+00
1.423365199999999959e+03,0.000000000000000000e+00
1.423367700000000013e+03,0.000000000000000000e+00
1.423370100000000093e+03,0.000000000000000000e+00
1.423372599999999920e+03,0.000000000000000000e+00
1.423375000000000000e+03,0.000000000000000000e+00
1.423377400000000080e+03,0.000000000000000000e+00
1.423379899999999907e+03,0.000000000000000000e+00
1.423382299999999987e+03,0.000000000000000000e+00
1.423384800000000041e+03,0.000000000000000000e+00
1.423387199999999893e+03,0.000000000000000000e+00
1.423389599999999973e+03,0.000000000000000000e+00
1.423392100000000028e+03,0.000000000000000000e+00
1.423394500000000107e+03,0.000000000000000000e+00
1.423396999999999935e+03,0.000000000000000000e+00
1.423399400000000014e+03,0.000000000000000000e+00
1.423401900000000069e+03,0.000000000000000000e+00
1.423404299999999921e+03,0.000000000000000000e+00
1.423406700000000001e+03,0.000000000000000000e+00
1.423409200000000055e+03,0.000000000000000000e+00
1.423411599999999908e+03,0.000000000000000000e+00
1.423414099999999962e+03,0.000000000000000000e+00
1.423416500000000042e+03,0.000000000000000000e+00
1.423418899999999894e+03,0.000000000000000000e+00
1.423421399999999949e+03,0.000000000000000000e+00
1.423423800000000028e+03,0.000000000000000000e+00
1.423426300000000083e+03,0.000000000000000000e+00
1.423428699999999935e+03,0.000000000000000000e+00
1.423431199999999990e+03,0.000000000000000000e+00
1.423433600000000069e+03,0.000000000000000000e+00
1.423435999999999922e+03,0.000000000000000000e+00
1.423438499999999976e+03,0.000000000000000000e+00
1.423440900000000056e+03,0.000000000000000000e+00
1.423443400000000111e+03,0.000000000000000000e+00
1.423445799999999963e+03,0.000000000000000000e+00
1.423448200000000043e+03,0.000000000000000000e+00
1.423450700000000097e+03,0.000000000000000000e+00
1.423453099999999949e+03,0.000000000000000000e+00
1.423455600000000004e+03,0.000000000000000000e+00
1.423458000000000084e+03,0.000000000000000000e+00
1.423460399999999936e+03,0.000000000000000000e+00
1.423462899999999991e+03,0.000000000000000000e+00
1.423465300000000070e+03,0.000000000000000000e+00
1.423467799999999897e+03,0.000000000000000000e+00
1.423470199999999977e+03,0.000000000000000000e+00
1.423472700000000032e+03,0.000000000000000000e+00
1.423475100000000111e+03,0.000000000000000000e+00
1.423477499999999964e+03,0.000000000000000000e+00
1.423480000000000018e+03,0.000000000000000000e+00
1.423482400000000098e+03,0.000000000000000000e+00
1.423484899999999925e+03,0.000000000000000000e+00
1.423487300000000005e+03,0.000000000000000000e+00
1.423489700000000084e+03,0.000000000000000000e+00
1.423492199999999912e+03,0.000000000000000000e+00
1.423494599999999991e+03,0.000000000000000000e+00
1.423497100000000046e+03,0.000000000000000000e+00
1.423499499999999898e+03,0.000000000000000000e+00
1.423501999999999953e+03,0.000000000000000000e+00
1.423504400000000032e+03,0.000000000000000000e+00
1.423506800000000112e+03,0.000000000000000000e+00
1.423509299999999939e+03,0.000000000000000000e+00
1.423511700000000019e+03,0.000000000000000000e+00
1.423514200000000073e+03,0.000000000000000000e+00
1.423516599999999926e+03,0.000000000000000000e+00
1.423519000000000005e+03,0.000000000000000000e+00
1.423521500000000060e+03,0.000000000000000000e+00
1.423523899999999912e+03,0.000000000000000000e+00
1.423526399999999967e+03,0.000000000000000000e+00
1.423528800000000047e+03,0.000000000000000000e+00
1.423531199999999899e+03,0.000000000000000000e+00
1.423533699999999953e+03,0.000000000000000000e+00
1.423536100000000033e+03,0.000000000000000000e+00
1.423538600000000088e+03,0.000000000000000000e+00
1.423540999999999940e+03,0.000000000000000000e+00
1.423543499999999995e+03,0.000000000000000000e+00
1.423545900000000074e+03,0.000000000000000000e+00
1.423548299999999927e+03,0.000000000000000000e+00
1.423550799999999981e+03,0.000000000000000000e+00
1.423553200000000061e+03,0.000000000000000000e+00
1.423555699999999888e+03,0.000000000000000000e+00
1.423558099999999968e+03,0.000000000000000000e+00
1.423560500000000047e+03,0.000000000000000000e+00
1.423563000000000102e+03,0.000000000000000000e+00
1.423565399999999954e+03,0.000000000000000000e+00
1.423567900000000009e+03,0.000000000000000000e+00
1.423570300000000088e+03,0.000000000000000000e+00
1.423572799999999916e+03,0.000000000000000000e+00
1.423575199999999995e+03,0.000000000000000000e+00
1.423577600000000075e+03,0.000000000000000000e+00
1.423580099999999902e+03,0.000000000000000000e+00
1.423582499999999982e+03,0.000000000000000000e+00
1.423585000000000036e+03,0.000000000000000000e+00
1.423587399999999889e+03,0.000000000000000000e+00
1.423589799999999968e+03,0.000000000000000000e+00
1.423592300000000023e+03,0.000000000000000000e+00
1.423594700000000103e+03,0.000000000000000000e+00
1.423597199999999930e+03,0.000000000000000000e+00
1.423599600000000009e+03,0.000000000000000000e+00
1.423602100000000064e+03,0.000000000000000000e+00
1.423604499999999916e+03,0.000000000000000000e+00
1.423606899999999996e+03,0.000000000000000000e+00
1.423609400000000051e+03,0.000000000000000000e+00
1.423611799999999903e+03,0.000000000000000000e+00
1.423614299999999957e+03,0.000000000000000000e+00
1.423616700000000037e+03,0.000000000000000000e+00
1.423619099999999889e+03,0.000000000000000000e+00
1.423621599999999944e+03,0.000000000000000000e+00
1.423624000000000024e+03,0.000000000000000000e+00
1.423626500000000078e+03,0.000000000000000000e+00
1.423628899999999931e+03,0.000000000000000000e+00
1.423631300000000010e+03,0.000000000000000000e+00
1.423633800000000065e+03,0.000000000000000000e+00
1.423636199999999917e+03,0.000000000000000000e+00
1.423638699999999972e+03,0.000000000000000000e+00
1.423641100000000051e+03,0.000000000000000000e+00
1.423643600000000106e+03,0.000000000000000000e+00
1.423645999999999958e+03,0.000000000000000000e+00
1.423648400000000038e+03,0.000000000000000000e+00
1.423650900000000092e+03,0.000000000000000000e+00
1.423653299999999945e+03,0.000000000000000000e+00
1.423655799999999999e+03,0.000000000000000000e+00
1.423658200000000079e+03,0.000000000000000000e+00
1.423660599999999931e+03,0.000000000000000000e+00
1.423663099999999986e+03,0.000000000000000000e+00
1.423665500000000065e+03,0.000000000000000000e+00
1.423667999999999893e+03,0.000000000000000000e+00
1.423670399999999972e+03,0.000000000000000000e+00
1.423672900000000027e+03,0.000000000000000000e+00
1.423675300000000107e+03,0.000000000000000000e+00
1.423677699999999959e+03,0.000000000000000000e+00
1.423680200000000013e+03,0.000000000000000000e+00
1.423682600000000093e+03,0.000000000000000000e+00
1.423685099999999920e+03,0.000000000000000000e+00
1.423687500000000000e+03,0.000000000000000000e+00
1.423689900000000080e+03,0.000000000000000000e+00
1.423692399999999907e+03,0.000000000000000000e+00
1.423694799999999987e+03,0.000000000000000000e+00
1.423697300000000041e+03,0.000000000000000000e+00
1.423699699999999893e+03,0.000000000000000000e+00
1.423702099999999973e+03,0.000000000000000000e+00
1.423704600000000028e+03,0.000000000000000000e+00
1.423707000000000107e+03,0.000000000000000000e+00
1.423709499999999935e+03,0.000000000000000000e+00
1.423711900000000014e+03,0.000000000000000000e+00
1.423714400000000069e+03,0.000000000000000000e+00
1.423716799999999921e+03,0.000000000000000000e+00
1.423719200000000001e+03,0.000000000000000000e+00
1.423721700000000055e+03,0.000000000000000000e+00
1.423724099999999908e+03,0.000000000000000000e+00
1.423726599999999962e+03,0.000000000000000000e+00
1.423729000000000042e+03,0.000000000000000000e+00
1.423731399999999894e+03,0.000000000000000000e+00
1.423733899999999949e+03,0.000000000000000000e+00
1.423736300000000028e+03,0.000000000000000000e+00
1.423738800000000083e+03,0.000000000000000000e+00
1.423741199999999935e+03,0.000000000000000000e+00
1.423743699999999990e+03,0.000000000000000000e+00
1.423746100000000069e+03,0.000000000000000000e+00
1.423748499999999922e+03,0.000000000000000000e+00
1.423750999999999976e+03,0.000000000000000000e+00
1.423753400000000056e+03,0.000000000000000000e+00
1.423755900000000111e+03,0.000000000000000000e+00
1.423758299999999963e+03,0.000000000000000000e+00
1.423760700000000043e+03,0.000000000000000000e+00
1.423763200000000097e+03,0.000000000000000000e+00
1.423765599999999949e+03,0.000000000000000000e+00
1.423768100000000004e+03,0.000000000000000000e+00
1.423770500000000084e+03,0.000000000000000000e+00
1.423772899999999936e+03,0.000000000000000000e+00
1.423775399999999991e+03,0.000000000000000000e+00
1.423777800000000070e+03,0.000000000000000000e+00
1.423780299999999897e+03,0.000000000000000000e+00
1.423782699999999977e+03,0.000000000000000000e+00
1.423785200000000032e+03,0.000000000000000000e+00
1.423787600000000111e+03,0.000000000000000000e+00
1.423789999999999964e+03,0.000000000000000000e+00
1.423792500000000018e+03,0.000000000000000000e+00
1.423794900000000098e+03,0.000000000000000000e+00
1.423797399999999925e+03,0.000000000000000000e+00
1.423799800000000005e+03,0.000000000000000000e+00
1.423802200000000084e+03,0.000000000000000000e+00
1.423804699999999912e+03,0.000000000000000000e+00
1.423807099999999991e+03,0.000000000000000000e+00
1.423809600000000046e+03,0.000000000000000000e+00
1.423811999999999898e+03,0.000000000000000000e+00
1.423814499999999953e+03,0.000000000000000000e+00
1.423816900000000032e+03,0.000000000000000000e+00
1.423819300000000112e+03,0.000000000000000000e+00
1.423821799999999939e+03,0.000000000000000000e+00
1.423824200000000019e+03,0.000000000000000000e+00
1.423826700000000073e+03,0.000000000000000000e+00
1.423829099999999926e+03,0.000000000000000000e+00
1.423831500000000005e+03,0.000000000000000000e+00
1.423834000000000060e+03,0.000000000000000000e+00
1.423836399999999912e+03,0.000000000000000000e+00
1.423838899999999967e+03,0.000000000000000000e+00
1.423841300000000047e+03,0.000000000000000000e+00
1.423843800000000101e+03,0.000000000000000000e+00
1.423846199999999953e+03,0.000000000000000000e+00
1.423848600000000033e+03,0.000000000000000000e+00
1.423851100000000088e+03,0.000000000000000000e+00
1.423853499999999940e+03,0.000000000000000000e+00
1.423855999999999995e+03,0.000000000000000000e+00
1.423858400000000074e+03,0.000000000000000000e+00
1.423860799999999927e+03,0.000000000000000000e+00
1.423863299999999981e+03,0.000000000000000000e+00
1.423865700000000061e+03,0.000000000000000000e+00
1.423868199999999888e+03,0.000000000000000000e+00
1.423870599999999968e+03,0.000000000000000000e+00
1.423873000000000047e+03,0.000000000000000000e+00
1.423875500000000102e+03,0.000000000000000000e+00
1.423877899999999954e+03,0.000000000000000000e+00
1.423880400000000009e+03,0.000000000000000000e+00
1.423882800000000088e+03,0.000000000000000000e+00
1.423885299999999916e+03,0.000000000000000000e+00
1.423887699999999995e+03,0.000000000000000000e+00
1.423890100000000075e+03,0.000000000000000000e+00
1.423892599999999902e+03,0.000000000000000000e+00
1.423894999999999982e+03,0.000000000000000000e+00
1.423897500000000036e+03,0.000000000000000000e+00
1.423899899999999889e+03,0.000000000000000000e+00
1.423902299999999968e+03,0.000000000000000000e+00
1.423904800000000023e+03,0.000000000000000000e+00
1.423907200000000103e+03,0.000000000000000000e+00
1.423909699999999930e+03,0.000000000000000000e+00
1.423912100000000009e+03,0.000000000000000000e+00
1.423914600000000064e+03,0.000000000000000000e+00
1.423916999999999916e+03,0.000000000000000000e+00
1.423919399999999996e+03,0.000000000000000000e+00
1.423921900000000051e+03,0.000000000000000000e+00
1.423924299999999903e+03,0.000000000000000000e+00
1.423926799999999957e+03,0.000000000000000000e+00
1.423929200000000037e+03,0.000000000000000000e+00
1.423931599999999889e+03,0.000000000000000000e+00
1.423934099999999944e+03,0.000000000000000000e+00
1.423936500000000024e+03,0.000000000000000000e+00
1.423939000000000078e+03,0.000000000000000000e+00
1.423941399999999931e+03,0.000000000000000000e+00
1.423943800000000010e+03,0.000000000000000000e+00
1.423946300000000065e+03,0.000000000000000000e+00
1.423948699999999917e+03,0.000000000000000000e+00
1.423951199999999972e+03,0.000000000000000000e+00
1.423953600000000051e+03,0.000000000000000000e+00
1.423956100000000106e+03,0.000000000000000000e+00
1.423958499999999958e+03,0.000000000000000000e+00
1.423960900000000038e+03,0.000000000000000000e+00
1.423963400000000092e+03,0.000000000000000000e+00
1.423965799999999945e+03,0.000000000000000000e+00
1.423968299999999999e+03,0.000000000000000000e+00
1.423970700000000079e+03,0.000000000000000000e+00
1.423973099999999931e+03,0.000000000000000000e+00
1.423975599999999986e+03,0.000000000000000000e+00
1.423978000000000065e+03,0.000000000000000000e+00
1.423980499999999893e+03,0.000000000000000000e+00
1.423982899999999972e+03,0.000000000000000000e+00
1.423985400000000027e+03,0.000000000000000000e+00
1.423987800000000107e+03,0.000000000000000000e+00
1.423990199999999959e+03,0.000000000000000000e+00
1.423992700000000013e+03,0.000000000000000000e+00
1.423995100000000093e+03,0.000000000000000000e+00
1.423997599999999920e+03,0.000000000000000000e+00
