1.414000000000000000e+03,0.000000000000000000e+00
1.414002400000000080e+03,0.000000000000000000e+00
1.414004899999999907e+03,0.000000000000000000e+00
1.414007299999999987e+03,0.000000000000000000e+00
1.414009800000000041e+03,0.000000000000000000e+00
1.414012199999999893e+03,0.000000000000000000e+00
1.414014599999999973e+03,0.000000000000000000e+00
1.414017100000000028e+03,0.000000000000000000e+00
1.414019500000000107e+03,0.000000000000000000e+00
1.414021999999999935e+03,0.000000000000000000e+00
1.414024400000000014e+03,0.000000000000000000e+00
1.414026900000000069e+03,0.000000000000000000e+00
1.414029299999999921e+03,0.000000000000000000e+00
1.414031700000000001e+03,0.000000000000000000e+00
1.414034200000000055e+03,0.000000000000000000e+00
1.414036599999999908e+03,0.000000000000000000e+00
1.414039099999999962e+03,0.000000000000000000e+00
1.414041500000000042e+03,0.000000000000000000e+00
1.414043899999999894e+03,0.000000000000000000e+00
1.414046399999999949e+03,0.000000000000000000e+00
1.414048800000000028e+03,0.000000000000000000e+00
1.414051300000000083e+03,0.000000000000000000e+00
1.414053699999999935e+03,0.000000000000000000e+00
1.414056199999999990e+03,0.000000000000000000e+00
1.414058600000000069e+03,0.000000000000000000e+00
1.414060999999999922e+03,0.000000000000000000e+00
1.414063499999999976e+03,0.000000000000000000e+00
1.414065900000000056e+03,0.000000000000000000e+00
1.414068400000000111e+03,0.000000000000000000e+00
1.414070799999999963e+03,0.000000000000000000e+00
1.414073200000000043e+03,0.000000000000000000e+00
1.414075700000000097e+03,0.000000000000000000e+00
1.414078099999999949e+03,0.000000000000000000e+00
1.414080600000000004e+03,0.000000000000000000e+00
1.414083000000000084e+03,0.000000000000000000e+00
1.414085399999999936e+03,0.000000000000000000e+00
1.414087899999999991e+03,0.000000000000000000e+00
1.414090300000000070e+03,0.000000000000000000e+00
1.414092799999999897e+03,0.000000000000000000e+00
1.414095199999999977e+03,0.000000000000000000e+00
1.414097700000000032e+03,0.000000000000000000e+00
1.414100100000000111e+03,0.000000000000000000e+00
1.414102499999999964e+03,0.000000000000000000e+00
1.414105000000000018e+03,0.000000000000000000e+00
1.414107400000000098e+03,0.000000000000000000e+00
1.414109899999999925e+03,0.000000000000000000e+00
1.414112300000000005e+03,0.000000000000000000e+00
1.414114700000000084e+03,0.000000000000000000e+00
1.414117199999999912e+03,0.000000000000000000e+00
1.414119599999999991e+03,0.000000000000000000e+00
1.414122100000000046e+03,0.000000000000000000e+00
1.414124499999999898e+03,0.000000000000000000e+00
1.414126999999999953e+03,0.000000000000000000e+00
1.414129400000000032e+03,0.000000000000000000e+00
1.414131800000000112e+03,0.000000000000000000e+00
1.414134299999999939e+03,0.000000000000000000e+00
1.414136700000000019e+03,0.000000000000000000e+00
1.414139200000000073e+03,0.000000000000000000e+00
1.414141599999999926e+03,0.000000000000000000e+00
1.414144000000000005e+03,0.000000000000000000e+00
1.414146500000000060e+03,0.000000000000000000e+00
1.414148899999999912e+03,0.000000000000000000e+00
1.414151399999999967e+03,0.000000000000000000e+00
1.414153800000000047e+03,0.000000000000000000e+00
1.414156199999999899e+03,0.000000000000000000e+00
1.414158699999999953e+03,0.000000000000000000e+00
1.414161100000000033e+03,0.000000000000000000e+00
1.414163600000000088e+03,0.000000000000000000e+00
1.414165999999999940e+03,0.000000000000000000e+00
1.414168499999999995e+03,0.000000000000000000e+00
1.414170900000000074e+03,0.000000000000000000e+00
1.414173299999999927e+03,0.000000000000000000e+00
1.414175799999999981e+03,0.000000000000000000e+00
1.414178200000000061e+03,0.000000000000000000e+00
1.414180699999999888e+03,0.000000000000000000e+00
1.414183099999999968e+03,0.000000000000000000e+00
1.414185500000000047e+03,0.000000000000000000e+00
1.414188000000000102e+03,0.000000000000000000e+00
1.414190399999999954e+03,0.000000000000000000e+00
1.414192900000000009e+03,0.000000000000000000e+00
1.414195300000000088e+03,0.000000000000000000e+00
1.414197799999999916e+03,0.000000000000000000e+00
1.414200199999999995e+03,0.000000000000000000e+00
1.414202600000000075e+03,0.000000000000000000e+00
1.414205099999999902e+03,0.000000000000000000e+00
1.414207499999999982e+03,0.000000000000000000e+00
1.414210000000000036e+03,0.000000000000000000e+00
1.414212399999999889e+03,0.000000000000000000e+00
1.414214799999999968e+03,0.000000000000000000e+00
1.414217300000000023e+03,0.000000000000000000e+00
1.414219700000000103e+03,0.000000000000000000e+00
1.414222199999999930e+03,0.000000000000000000e+00
1.414224600000000009e+03,0.000000000000000000e+00
1.414227100000000064e+03,0.000000000000000000e+00
1.414229499999999916e+03,0.000000000000000000e+00
1.414231899999999996e+03,0.000000000000000000e+00
1.414234400000000051e+03,0.000000000000000000e+00
1.414236799999999903e+03,0.000000000000000000e+00
1.414239299999999957e+03,0.000000000000000000e+00
1.414241700000000037e+03,0.000000000000000000e+00
1.414244099999999889e+03,0.000000000000000000e+00
1.414246599999999944e+03,0.000000000000000000e+00
1.414249000000000024e+03,0.000000000000000000e+00
1.414251500000000078e+03,0.000000000000000000e+00
1.414253899999999931e+03,0.000000000000000000e+00
1.414256300000000010e+03,0.000000000000000000e+00
1.414258800000000065e+03,0.000000000000000000e+00
1.414261199999999917e+03,0.000000000000000000e+00
1.414263699999999972e+03,0.000000000000000000e+00
1.414266100000000051e+03,0.000000000000000000e+00
1.414268600000000106e+03,0.000000000000000000e+00
1.414270999999999958e+03,0.000000000000000000e+00
1.414273400000000038e+03,0.000000000000000000e+00
1.414275900000000092e+03,0.000000000000000000e+00
1.414278299999999945e+03,0.000000000000000000e+00
1.414280799999999999e+03,0.000000000000000000e+00
1.414283200000000079e+03,0.000000000000000000e+00
1.414285599999999931e+03,0.000000000000000000e+00
1.414288099999999986e+03,0.000000000000000000e+00
1.414290500000000065e+03,0.000000000000000000e+00
1.414292999999999893e+03,0.000000000000000000e+00
1.414295399999999972e+03,0.000000000000000000e+00
1.414297900000000027e+03,0.000000000000000000e+00
1.414300300000000107e+03,0.000000000000000000e+00
1.414302699999999959e+03,0.000000000000000000e+00
1.414305200000000013e+03,0.000000000000000000e+00
1.414307600000000093e+03,0.000000000000000000e+00
1.414310099999999920e+03,0.000000000000000000e+00
1.414312500000000000e+03,0.000000000000000000e+00
1.414314900000000080e+03,0.000000000000000000e+00
1.414317399999999907e+03,0.000000000000000000e+00
1.414319799999999987e+03,0.000000000000000000e+00
1.414322300000000041e+03,0.000000000000000000e+00
1.414324699999999893e+03,0.000000000000000000e+00
1.414327099999999973e+03,0.000000000000000000e+00
1.414329600000000028e+03,0.000000000000000000e+00
1.414332000000000107e+03,0.000000000000000000e+00
1.414334499999999935e+03,0.000000000000000000e+00
1.414336900000000014e+03,0.000000000000000000e+00
1.414339400000000069e+03,0.000000000000000000e+00
1.414341799999999921e+03,0.000000000000000000e+00
1.414344200000000001e+03,0.000000000000000000e+00
1.414346700000000055e+03,0.000000000000000000e+00
1.414349099999999908e+03,0.000000000000000000e+00
1.414351599999999962e+03,0.000000000000000000e+00
1.414354000000000042e+03,0.000000000000000000e+00
1.414356399999999894e+03,0.000000000000000000e+00
1.414358899999999949e+03,0.000000000000000000e+00
1.414361300000000028e+03,0.000000000000000000e+00
1.414363800000000083e+03,0.000000000000000000e+00
1.414366199999999935e+03,0.000000000000000000e+00
1.414368699999999990e+03,0.000000000000000000e+00
1.414371100000000069e+03,0.000000000000000000e+00
1.414373499999999922e+03,0.000000000000000000e+00
1.414375999999999976e+03,0.000000000000000000e+00
1.414378400000000056e+03,0.000000000000000000e+00
1.414380900000000111e+03,0.000000000000000000e+00
1.414383299999999963e+03,0.000000000000000000e+00
1.414385700000000043e+03,0.000000000000000000e+00
1.414388200000000097e+03,0.000000000000000000e+00
1.414390599999999949e+03,0.000000000000000000e+00
1.414393100000000004e+03,0.000000000000000000e+00
1.414395500000000084e+03,0.000000000000000000e+00
1.414397899999999936e+03,0.000000000000000000e+00
1.414400399999999991e+03,0.000000000000000000e+00
1.414402800000000070e+03,0.000000000000000000e+00
1.414405299999999897e+03,0.000000000000000000e+00
1.414407699999999977e+03,0.000000000000000000e+00
1.414410200000000032e+03,0.000000000000000000e+00
1.414412600000000111e+03,0.000000000000000000e+00
1.414414999999999964e+03,0.000000000000000000e+00
1.414417500000000018e+03,0.000000000000000000e+00
1.414419900000000098e+03,0.000000000000000000e+00
1.414422399999999925e+03,0.000000000000000000e+00
1.414424800000000005e+03,0.000000000000000000e+00
1.414427200000000084e+03,0.000000000000000000e+00
1.414429699999999912e+03,0.000000000000000000e+00
1.414432099999999991e+03,0.000000000000000000e+00
1.414434600000000046e+03,0.000000000000000000e+00
1.414436999999999898e+03,0.000000000000000000e+00
1.414439499999999953e+03,0.000000000000000000e+00
1.414441900000000032e+03,0.000000000000000000e+00
1.414444300000000112e+03,0.000000000000000000e+00
1.414446799999999939e+03,0.000000000000000000e+00
1.414449200000000019e+03,0.000000000000000000e+00
1.414451700000000073e+03,0.000000000000000000e+00
1.414454099999999926e+03,0.000000000000000000e+00
1.414456500000000005e+03,0.000000000000000000e+00
1.414459000000000060e+03,0.000000000000000000e+00
1.414461399999999912e+03,0.000000000000000000e+00
1.414463899999999967e+03,0.000000000000000000e+00
1.414466300000000047e+03,0.000000000000000000e+00
1.414468800000000101e+03,0.000000000000000000e+00
1.414471199999999953e+03,0.000000000000000000e+00
1.414473600000000033e+03,0.000000000000000000e+00
1.414476100000000088e+03,0.000000000000000000e+00
1.414478499999999940e+03,0.000000000000000000e+00
1.414480999999999995e+03,0.000000000000000000e+00
1.414483400000000074e+03,0.000000000000000000e+00
1.414485799999999927e+03,0.000000000000000000e+00
1.414488299999999981e+03,0.000000000000000000e+00
1.414490700000000061e+03,0.000000000000000000e+00
1.414493199999999888e+03,0.000000000000000000e+00
1.414495599999999968e+03,0.000000000000000000e+00
1.414498000000000047e+03,0.000000000000000000e+00
1.414500500000000102e+03,0.000000000000000000e+00
1.414502899999999954e+03,0.000000000000000000e+00
1.414505400000000009e+03,0.000000000000000000e+00
1.414507800000000088e+03,0.000000000000000000e+00
1.414510299999999916e+03,0.000000000000000000e+00
1.414512699999999995e+03,0.000000000000000000e+00
1.414515100000000075e+03,0.000000000000000000e+00
1.414517599999999902e+03,0.000000000000000000e+00
1.414519999999999982e+03,0.000000000000000000e+00
1.414522500000000036e+03,0.000000000000000000e+00
1.414524899999999889e+03,0.000000000000000000e+00
1.414527299999999968e+03,0.000000000000000000e+00
1.414529800000000023e+03,0.000000000000000000e+00
1.414532200000000103e+03,0.000000000000000000e+00
1.414534699999999930e+03,0.000000000000000000e+00
1.414537100000000009e+03,0.000000000000000000e+00
1.414539600000000064e+03,0.000000000000000000e+00
1.414541999999999916e+03,0.000000000000000000e+00
1.414544399999999996e+03,0.000000000000000000e+00
1.414546900000000051e+03,0.000000000000000000e+00
1.414549299999999903e+03,0.000000000000000000e+00
1.414551799999999957e+03,0.000000000000000000e+00
1.414554200000000037e+03,0.000000000000000000e+00
1.414556599999999889e+03,0.000000000000000000e+00
1.414559099999999944e+03,0.000000000000000000e+00
1.414561500000000024e+03,0.000000000000000000e+00
1.414564000000000078e+03,0.000000000000000000e+00
1.414566399999999931e+03,0.000000000000000000e+00
1.414568800000000010e+03,0.000000000000000000e+00
1.414571300000000065e+03,0.000000000000000000e+00
1.414573699999999917e+03,0.000000000000000000e+00
1.414576199999999972e+03,0.000000000000000000e+00
1.414578600000000051e+03,0.000000000000000000e+00
1.414581100000000106e+03,0.000000000000000000e+00
1.414583499999999958e+03,0.000000000000000000e+00
1.414585900000000038e+03,0.000000000000000000e+00
1.414588400000000092e+03,0.000000000000000000e+00
1.414590799999999945e+03,0.000000000000000000e+00
1.414593299999999999e+03,0.000000000000000000e+00
1.414595700000000079e+03,0.000000000000000000e+00
1.414598099999999931e+03,0.000000000000000000e+00
1.414600599999999986e+03,0.000000000000000000e+00
1.414603000000000065e+03,0.000000000000000000e+00
1.414605499999999893e+03,0.000000000000000000e+00
1.414607899999999972e+03,0.000000000000000000e+00
1.414610400000000027e+03,0.000000000000000000e+00
1.414612800000000107e+03,0.000000000000000000e+00
1.414615199999999959e+03,0.000000000000000000e+00
1.414617700000000013e+03,0.000000000000000000e+00
1.414620100000000093e+03,0.000000000000000000e+00
1.414622599999999920e+03,0.000000000000000000e+00
1.414625000000000000e+03,0.000000000000000000e+00
1.414627400000000080e+03,0.000000000000000000e+00
1.414629899999999907e+03,0.000000000000000000e+00
1.414632299999999987e+03,0.000000000000000000e+00
1.414634800000000041e+03,0.000000000000000000e+00
1.414637199999999893e+03,0.000000000000000000e+00
1.414639599999999973e+03,0.000000000000000000e+00
1.414642100000000028e+03,0.000000000000000000e+00
1.414644500000000107e+03,0.000000000000000000e+00
1.414646999999999935e+03,0.000000000000000000e+00
1.414649400000000014e+03,0.000000000000000000e+00
1.414651900000000069e+03,0.000000000000000000e+00
1.414654299999999921e+03,0.000000000000000000e+00
1.414656700000000001e+03,0.000000000000000000e+00
1.414659200000000055e+03,0.000000000000000000e+00
1.414661599999999908e+03,0.000000000000000000e+00
1.414664099999999962e+03,0.000000000000000000e+00
1.414666500000000042e+03,0.000000000000000000e+00
1.414668899999999894e+03,0.000000000000000000e+00
1.414671399999999949e+03,0.000000000000000000e+00
1.414673800000000028e+03,0.000000000000000000e+00
1.414676300000000083e+03,0.000000000000000000e+00
1.414678699999999935e+03,0.000000000000000000e+00
1.414681199999999990e+03,0.000000000000000000e+00
1.414683600000000069e+03,0.000000000000000000e+00
1.414685999999999922e+03,0.000000000000000000e+00
1.414688499999999976e+03,0.000000000000000000e+00
1.414690900000000056e+03,0.000000000000000000e+00
1.414693400000000111e+03,0.000000000000000000e+00
1.414695799999999963e+03,0.000000000000000000e+00
1.414698200000000043e+03,0.000000000000000000e+00
1.414700700000000097e+03,0.000000000000000000e+00
1.414703099999999949e+03,0.000000000000000000e+00
1.414705600000000004e+03,0.000000000000000000e+00
1.414708000000000084e+03,0.000000000000000000e+00
1.414710399999999936e+03,0.000000000000000000e+00
1.414712899999999991e+03,0.000000000000000000e+00
1.414715300000000070e+03,0.000000000000000000e+00
1.414717799999999897e+03,0.000000000000000000e+00
1.414720199999999977e+03,0.000000000000000000e+00
1.414722700000000032e+03,0.000000000000000000e+00
1.414725100000000111e+03,0.000000000000000000e+00
1.414727499999999964e+03,0.000000000000000000e+00
1.414730000000000018e+03,0.000000000000000000e+00
1.414732400000000098e+03,0.000000000000000000e+00
1.414734899999999925e+03,0.000000000000000000e+00
1.414737300000000005e+03,0.000000000000000000e+00
1.414739700000000084e+03,0.000000000000000000e+00
1.414742199999999912e+03,0.000000000000000000e+00
1.414744599999999991e+03,0.000000000000000000e+00
1.414747100000000046e+03,0.000000000000000000e+00
1.414749499999999898e+03,0.000000000000000000e+00
1.414751999999999953e+03,0.000000000000000000e+00
1.414754400000000032e+03,0.000000000000000000e+00
1.414756800000000112e+03,0.000000000000000000e+00
1.414759299999999939e+03,0.000000000000000000e+00
1.414761700000000019e+03,0.000000000000000000e+00
1.414764200000000073e+03,0.000000000000000000e+00
1.414766599999999926e+03,0.000000000000000000e+00
1.414769000000000005e+03,0.000000000000000000e+00
1.414771500000000060e+03,0.000000000000000000e+00
1.414773899999999912e+03,0.000000000000000000e+00
1.414776399999999967e+03,0.000000000000000000e+00
1.414778800000000047e+03,0.000000000000000000e+00
1.414781199999999899e+03,0.000000000000000000e+00
1.414783699999999953e+03,0.000000000000000000e+00
1.414786100000000033e+03,0.000000000000000000e+00
1.414788600000000088e+03,0.000000000000000000e+00
1.414790999999999940e+03,0.000000000000000000e+00
1.414793499999999995e+03,0.000000000000000000e+00
1.414795900000000074e+03,0.000000000000000000e+00
1.414798299999999927e+03,0.000000000000000000e+00
1.414800799999999981e+03,0.000000000000000000e+00
1.414803200000000061e+03,0.000000000000000000e+00
1.414805699999999888e+03,0.000000000000000000e+00
1.414808099999999968e+03,0.000000000000000000e+00
1.414810500000000047e+03,0.000000000000000000e+00
1.414813000000000102e+03,0.000000000000000000e+00
1.414815399999999954e+03,0.000000000000000000e+00
1.414817900000000009e+03,0.000000000000000000e+00
1.414820300000000088e+03,0.000000000000000000e+00
1.414822799999999916e+03,0.000000000000000000e+00
1.414825199999999995e+03,0.000000000000000000e+00
1.414827600000000075e+03,0.000000000000000000e+00
1.414830099999999902e+03,0.000000000000000000e+00
1.414832499999999982e+03,0.000000000000000000e+00
1.414835000000000036e+03,0.000000000000000000e+00
1.414837399999999889e+03,0.000000000000000000e+00
1.414839799999999968e+03,0.000000000000000000e+00
1.414842300000000023e+03,0.000000000000000000e+00
1.414844700000000103e+03,0.000000000000000000e+00
1.414847199999999930e+03,0.000000000000000000e+00
1.414849600000000009e+03,0.000000000000000000e+00
1.414852100000000064e+03,0.000000000000000000e+00
1.414854499999999916e+03,0.000000000000000000e+00
1.414856899999999996e+03,0.000000000000000000e+00
1.414859400000000051e+03,0.000000000000000000e+00
1.414861799999999903e+03,0.000000000000000000e+00
1.414864299999999957e+03,0.000000000000000000e+00
1.414866700000000037e+03,0.000000000000000000e+00
1.414869099999999889e+03,0.000000000000000000e+00
1.414871599999999944e+03,0.000000000000000000e+00
1.414874000000000024e+03,0.000000000000000000e+00
1.414876500000000078e+03,0.000000000000000000e+00
1.414878899999999931e+03,0.000000000000000000e+00
1.414881300000000010e+03,0.000000000000000000e+00
1.414883800000000065e+03,0.000000000000000000e+00
1.414886199999999917e+03,0.000000000000000000e+00
1.414888699999999972e+03,0.000000000000000000e+00
1.414891100000000051e+03,0.000000000000000000e+00
1.414893600000000106e+03,0.000000000000000000e+00
1.414895999999999958e+03,0.000000000000000000e+00
1.414898400000000038e+03,0.000000000000000000e+00
1.414900900000000092e+03,0.000000000000000000e+00
1.414903299999999945e+03,0.000000000000000000e+00
1.414905799999999999e+03,0.000000000000000000e+00
1.414908200000000079e+03,0.000000000000000000e+00
1.414910599999999931e+03,0.000000000000000000e+00
1.414913099999999986e+03,0.000000000000000000e+00
1.414915500000000065e+03,0.000000000000000000e+00
1.414917999999999893e+03,0.000000000000000000e+00
1.414920399999999972e+03,0.000000000000000000e+00
1.414922900000000027e+03,0.000000000000000000e+00
1.414925300000000107e+03,0.000000000000000000e+00
1.414927699999999959e+03,0.000000000000000000e+00
1.414930200000000013e+03,0.000000000000000000e+00
1.414932600000000093e+03,0.000000000000000000e+00
1.414935099999999920e+03,0.000000000000000000e+00
1.414937500000000000e+03,0.000000000000000000e+00
1.414939900000000080e+03,0.000000000000000000e+00
1.414942399999999907e+03,0.000000000000000000e+00
1.414944799999999987e+03,0.000000000000000000e+00
1.414947300000000041e+03,0.000000000000000000e+00
1.414949699999999893e+03,0.000000000000000000e+00
1.414952099999999973e+03,0.000000000000000000e+00
1.414954600000000028e+03,0.000000000000000000e+00
1.414957000000000107e+03,0.000000000000000000e+00
1.414959499999999935e+03,0.000000000000000000e+00
1.414961900000000014e+03,0.000000000000000000e+00
1.414964400000000069e+03,0.000000000000000000e+00
1.414966799999999921e+03,0.000000000000000000e+00
1.414969200000000001e+03,0.000000000000000000e+00
1.414971700000000055e+03,0.000000000000000000e+00
1.414974099999999908e+03,0.000000000000000000e+00
1.414976599999999962e+03,0.000000000000000000e+00
1.414979000000000042e+03,0.000000000000000000e+00
1.414981399999999894e+03,0.000000000000000000e+00
1.414983899999999949e+03,0.000000000000000000e+00
1.414986300000000028e+03,0.000000000000000000e+00
1.414988800000000083e+03,0.000000000000000000e+00
1.414991199999999935e+03,0.000000000000000000e+00
1.414993699999999990e+03,0.000000000000000000e+00
1.414996100000000069e+03,0.000000000000000000e+00
1.414998499999999922e+03,0.000000000000000000e+00
1.415000999999999976e+03,7.092399999999999594e+00
1.415003400000000056e+03,6.805399999999999672e+00
1.415005900000000111e+03,6.244299999999999962e+00
1.415008299999999963e+03,5.689199999999999591e+00
1.415010700000000043e+03,5.323299999999999699e+00
1.415013200000000097e+03,5.149799999999999933e+00
1.415015599999999949e+03,5.074699999999999989e+00
1.415018100000000004e+03,5.016099999999999781e+00
1.415020500000000084e+03,4.946200000000000152e+00
1.415022899999999936e+03,4.873400000000000176e+00
1.415025399999999991e+03,4.814099999999999824e+00
1.415027800000000070e+03,4.783500000000000085e+00
1.415030299999999897e+03,4.796700000000000408e+00
1.415032699999999977e+03,4.864200000000000301e+00
1.415035200000000032e+03,4.984200000000000408e+00
1.415037600000000111e+03,5.135799999999999699e+00
1.415039999999999964e+03,5.286100000000000243e+00
1.415042500000000018e+03,5.411599999999999966e+00
1.415044900000000098e+03,5.506999999999999673e+00
1.415047399999999925e+03,5.564000000000000057e+00
1.415049800000000005e+03,5.556499999999999773e+00
1.415052200000000084e+03,5.466300000000000381e+00
1.415054699999999912e+03,5.319700000000000095e+00
1.415057099999999991e+03,5.180900000000000283e+00
1.415059600000000046e+03,5.107999999999999652e+00
1.415061999999999898e+03,5.115800000000000125e+00
1.415064499999999953e+03,5.174699999999999633e+00
1.415066900000000032e+03,5.237300000000000288e+00
1.415069300000000112e+03,5.270599999999999952e+00
1.415071799999999939e+03,5.272899999999999920e+00
1.415074200000000019e+03,5.262999999999999901e+00
1.415076700000000073e+03,5.252200000000000202e+00
1.415079099999999926e+03,5.234300000000000175e+00
1.415081500000000005e+03,5.208999999999999631e+00
1.415084000000000060e+03,5.200199999999999712e+00
1.415086399999999912e+03,5.231200000000000294e+00
1.415088899999999967e+03,5.290700000000000180e+00
1.415091300000000047e+03,5.343099999999999739e+00
1.415093800000000101e+03,5.369100000000000428e+00
1.415096199999999953e+03,5.384400000000000297e+00
1.415098600000000033e+03,5.415399999999999991e+00
1.415101100000000088e+03,5.458899999999999864e+00
1.415103499999999940e+03,5.463499999999999801e+00
1.415105999999999995e+03,5.368400000000000283e+00
1.415108400000000074e+03,5.171100000000000030e+00
1.415110799999999927e+03,4.947099999999999831e+00
1.415113299999999981e+03,4.794200000000000017e+00
1.415115700000000061e+03,4.756499999999999950e+00
1.415118199999999888e+03,4.801300000000000345e+00
1.415120599999999968e+03,4.857499999999999929e+00
1.415123000000000047e+03,4.870400000000000063e+00
1.415125500000000102e+03,4.825499999999999901e+00
1.415127899999999954e+03,4.738900000000000112e+00
1.415130400000000009e+03,4.643399999999999750e+00
1.415132800000000088e+03,4.584399999999999586e+00
1.415135299999999916e+03,4.609799999999999898e+00
1.415137699999999995e+03,4.741799999999999571e+00
1.415140100000000075e+03,4.950099999999999945e+00
1.415142599999999902e+03,5.167399999999999771e+00
1.415144999999999982e+03,5.335899999999999643e+00
1.415147500000000036e+03,5.433799999999999741e+00
1.415149899999999889e+03,5.467100000000000293e+00
1.415152299999999968e+03,5.452499999999999680e+00
1.415154800000000023e+03,5.409699999999999953e+00
1.415157200000000103e+03,5.358600000000000030e+00
1.415159699999999930e+03,5.313500000000000334e+00
1.415162100000000009e+03,5.279499999999999638e+00
1.415164600000000064e+03,5.256099999999999994e+00
1.415166999999999916e+03,5.239200000000000301e+00
1.415169399999999996e+03,5.218099999999999739e+00
1.415171900000000051e+03,5.182699999999999640e+00
1.415174299999999903e+03,5.141899999999999693e+00
1.415176799999999957e+03,5.128899999999999793e+00
1.415179200000000037e+03,5.177999999999999936e+00
1.415181599999999889e+03,5.291100000000000136e+00
1.415184099999999944e+03,5.426400000000000112e+00
1.415186500000000024e+03,5.519899999999999807e+00
1.415189000000000078e+03,5.519400000000000084e+00
1.415191399999999931e+03,5.410000000000000142e+00
1.415193800000000010e+03,5.221799999999999997e+00
1.415196300000000065e+03,5.019999999999999574e+00
1.415198699999999917e+03,4.877500000000000391e+00
1.415201199999999972e+03,4.840099999999999625e+00
1.415203600000000051e+03,4.899600000000000399e+00
1.415206100000000106e+03,4.992499999999999716e+00
1.415208499999999958e+03,5.043300000000000338e+00
1.415210900000000038e+03,5.023299999999999876e+00
1.415213400000000092e+03,4.963799999999999990e+00
1.415215799999999945e+03,4.903100000000000236e+00
1.415218299999999999e+03,4.840900000000000425e+00
1.415220700000000079e+03,4.758499999999999730e+00
1.415223099999999931e+03,4.666800000000000281e+00
1.415225599999999986e+03,4.609200000000000408e+00
1.415228000000000065e+03,4.613400000000000389e+00
1.415230499999999893e+03,4.656600000000000072e+00
1.415232899999999972e+03,4.688299999999999912e+00
1.415235400000000027e+03,4.677800000000000402e+00
1.415237800000000107e+03,4.632900000000000240e+00
1.415240199999999959e+03,4.578999999999999737e+00
1.415242700000000013e+03,4.535599999999999632e+00
1.415245100000000093e+03,4.510900000000000354e+00
1.415247599999999920e+03,4.505200000000000315e+00
1.415250000000000000e+03,4.511499999999999844e+00
1.415252400000000080e+03,4.514300000000000423e+00
1.415254899999999907e+03,4.494299999999999962e+00
1.415257299999999987e+03,4.444200000000000372e+00
1.415259800000000041e+03,4.386199999999999655e+00
1.415262199999999893e+03,4.363500000000000156e+00
1.415264599999999973e+03,4.401900000000000368e+00
1.415267100000000028e+03,4.476799999999999891e+00
1.415269500000000107e+03,4.527700000000000280e+00
1.415271999999999935e+03,4.513300000000000090e+00
1.415274400000000014e+03,4.459500000000000242e+00
1.415276900000000069e+03,4.452600000000000335e+00
1.415279299999999921e+03,4.571799999999999642e+00
1.415281700000000001e+03,4.812800000000000189e+00
1.415284200000000055e+03,5.075400000000000134e+00
1.415286599999999908e+03,5.235400000000000276e+00
1.415289099999999962e+03,5.231300000000000061e+00
1.415291500000000042e+03,5.091199999999999726e+00
1.415293899999999894e+03,4.886400000000000077e+00
1.415296399999999949e+03,4.671899999999999942e+00
1.415298800000000028e+03,4.472999999999999865e+00
1.415301300000000083e+03,4.314199999999999591e+00
1.415303699999999935e+03,4.233200000000000074e+00
1.415306199999999990e+03,4.256700000000000372e+00
1.415308600000000069e+03,4.371599999999999930e+00
1.415310999999999922e+03,4.531900000000000261e+00
1.415313499999999976e+03,4.690500000000000114e+00
1.415315900000000056e+03,4.819700000000000095e+00
1.415318400000000111e+03,4.906799999999999606e+00
1.415320799999999963e+03,4.942999999999999616e+00
1.415323200000000043e+03,4.920300000000000118e+00
1.415325700000000097e+03,4.837200000000000166e+00
1.415328099999999949e+03,4.706400000000000361e+00
1.415330600000000004e+03,4.560500000000000220e+00
1.415333000000000084e+03,4.448000000000000398e+00
1.415335399999999936e+03,4.412700000000000067e+00
1.415337899999999991e+03,4.464699999999999669e+00
1.415340300000000070e+03,4.581500000000000128e+00
1.415342799999999897e+03,4.733799999999999564e+00
1.415345199999999977e+03,4.891399999999999970e+00
1.415347700000000032e+03,5.007900000000000240e+00
1.415350100000000111e+03,5.032499999999999751e+00
1.415352499999999964e+03,4.953700000000000436e+00
1.415355000000000018e+03,4.820899999999999963e+00
1.415357400000000098e+03,4.712500000000000355e+00
1.415359899999999925e+03,4.682900000000000063e+00
1.415362300000000005e+03,4.734499999999999709e+00
1.415364700000000084e+03,4.829699999999999882e+00
1.415367199999999912e+03,4.920799999999999841e+00
1.415369599999999991e+03,4.976499999999999702e+00
1.415372100000000046e+03,4.995199999999999640e+00
1.415374499999999898e+03,5.002299999999999969e+00
1.415376999999999953e+03,5.032600000000000406e+00
1.415379400000000032e+03,5.109099999999999753e+00
1.415381800000000112e+03,5.232000000000000206e+00
1.415384299999999939e+03,5.380200000000000315e+00
1.415386700000000019e+03,5.519800000000000040e+00
1.415389200000000073e+03,5.610699999999999577e+00
1.415391599999999926e+03,5.617600000000000371e+00
1.415394000000000005e+03,5.530300000000000438e+00
1.415396500000000060e+03,5.384999999999999787e+00
1.415398899999999912e+03,5.245800000000000018e+00
1.415401399999999967e+03,5.148699999999999832e+00
1.415403800000000047e+03,5.073400000000000354e+00
1.415406199999999899e+03,4.976600000000000357e+00
1.415408699999999953e+03,4.838599999999999568e+00
1.415411100000000033e+03,4.674100000000000144e+00
1.415413600000000088e+03,4.518099999999999561e+00
1.415415999999999940e+03,4.412200000000000344e+00
1.415418499999999995e+03,4.390200000000000102e+00
1.415420900000000074e+03,4.457499999999999574e+00
1.415423299999999927e+03,4.583099999999999952e+00
1.415425799999999981e+03,4.716999999999999638e+00
1.415428200000000061e+03,4.817499999999999893e+00
1.415430699999999888e+03,4.864499999999999602e+00
1.415433099999999968e+03,4.856499999999999595e+00
1.415435500000000047e+03,4.807999999999999829e+00
1.415438000000000102e+03,4.749299999999999855e+00
1.415440399999999954e+03,4.713899999999999757e+00
1.415442900000000009e+03,4.716999999999999638e+00
1.415445300000000088e+03,4.746199999999999974e+00
1.415447799999999916e+03,4.770800000000000374e+00
1.415450199999999995e+03,4.763099999999999667e+00
1.415452600000000075e+03,4.721700000000000230e+00
1.415455099999999902e+03,4.677200000000000024e+00
1.415457499999999982e+03,4.666400000000000325e+00
1.415460000000000036e+03,4.700599999999999667e+00
1.415462399999999889e+03,4.765500000000000291e+00
1.415464799999999968e+03,4.840700000000000003e+00
1.415467300000000023e+03,4.912600000000000300e+00
1.415469700000000103e+03,4.973600000000000243e+00
1.415472199999999930e+03,5.023500000000000298e+00
1.415474600000000009e+03,5.067999999999999616e+00
1.415477100000000064e+03,5.110899999999999999e+00
1.415479499999999916e+03,5.150800000000000267e+00
1.415481899999999996e+03,5.189700000000000202e+00
1.415484400000000051e+03,5.235999999999999766e+00
1.415486799999999903e+03,5.291100000000000136e+00
1.415489299999999957e+03,5.336500000000000021e+00
1.415491700000000037e+03,5.340499999999999581e+00
1.415494099999999889e+03,5.278699999999999726e+00
1.415496599999999944e+03,5.145599999999999952e+00
1.415499000000000024e+03,4.957499999999999574e+00
1.415501500000000078e+03,4.754199999999999982e+00
1.415503899999999931e+03,4.589400000000000368e+00
1.415506300000000010e+03,4.503099999999999881e+00
1.415508800000000065e+03,4.492600000000000371e+00
1.415511199999999917e+03,4.512299999999999756e+00
1.415513699999999972e+03,4.503400000000000070e+00
1.415516100000000051e+03,4.428200000000000358e+00
1.415518600000000106e+03,4.291599999999999859e+00
1.415520999999999958e+03,4.143399999999999750e+00
1.415523400000000038e+03,4.054499999999999993e+00
1.415525900000000092e+03,4.072400000000000020e+00
1.415528299999999945e+03,4.192300000000000360e+00
1.415530799999999999e+03,4.365899999999999892e+00
1.415533200000000079e+03,4.536699999999999733e+00
1.415535599999999931e+03,4.676199999999999690e+00
1.415538099999999986e+03,4.788999999999999702e+00
1.415540500000000065e+03,4.881400000000000183e+00
1.415542999999999893e+03,4.931700000000000195e+00
1.415545399999999972e+03,4.900900000000000034e+00
1.415547900000000027e+03,4.772999999999999687e+00
1.415550300000000107e+03,4.578400000000000247e+00
1.415552699999999959e+03,4.379599999999999937e+00
1.415555200000000013e+03,4.242700000000000138e+00
1.415557600000000093e+03,4.214900000000000091e+00
1.415560099999999920e+03,4.308300000000000018e+00
1.415562500000000000e+03,4.485500000000000043e+00
1.415564900000000080e+03,4.671599999999999753e+00
1.415567399999999907e+03,4.802699999999999747e+00
1.415569799999999987e+03,4.867700000000000138e+00
1.415572300000000041e+03,4.904499999999999638e+00
1.415574699999999893e+03,4.961400000000000254e+00
1.415577099999999973e+03,5.068800000000000416e+00
1.415579600000000028e+03,5.243000000000000327e+00
1.415582000000000107e+03,5.507100000000000328e+00
1.415584499999999935e+03,5.886000000000000121e+00
1.415586900000000014e+03,6.351700000000000124e+00
1.415589400000000069e+03,6.766899999999999693e+00
1.415591799999999921e+03,6.930299999999999905e+00
1.415594200000000001e+03,6.730299999999999727e+00
1.415596700000000055e+03,6.242799999999999905e+00
1.415599099999999908e+03,5.658900000000000041e+00
1.415601599999999962e+03,5.140299999999999869e+00
1.415604000000000042e+03,4.756400000000000183e+00
1.415606399999999894e+03,4.508399999999999963e+00
1.415608899999999949e+03,4.369500000000000384e+00
1.415611300000000028e+03,4.311099999999999710e+00
1.415613800000000083e+03,4.310800000000000409e+00
1.415616199999999935e+03,4.345500000000000362e+00
1.415618699999999990e+03,4.385699999999999932e+00
1.415621100000000069e+03,4.408299999999999663e+00
1.415623499999999922e+03,4.406600000000000072e+00
1.415625999999999976e+03,4.381300000000000416e+00
1.415628400000000056e+03,4.329600000000000115e+00
1.415630900000000111e+03,4.255600000000000271e+00
1.415633299999999963e+03,4.187100000000000044e+00
1.415635700000000043e+03,4.169699999999999740e+00
1.415638200000000097e+03,4.234300000000000175e+00
1.415640599999999949e+03,4.370499999999999829e+00
1.415643100000000004e+03,4.529600000000000293e+00
1.415645500000000084e+03,4.646799999999999820e+00
1.415647899999999936e+03,4.672600000000000087e+00
1.415650399999999991e+03,4.598600000000000243e+00
1.415652800000000070e+03,4.456900000000000084e+00
1.415655299999999897e+03,4.295300000000000118e+00
1.415657699999999977e+03,4.160899999999999821e+00
1.415660200000000032e+03,4.101799999999999891e+00
1.415662600000000111e+03,4.153100000000000236e+00
1.415664999999999964e+03,4.304000000000000270e+00
1.415667500000000018e+03,4.493100000000000094e+00
1.415669900000000098e+03,4.646700000000000053e+00
1.415672399999999925e+03,4.714400000000000368e+00
1.415674800000000005e+03,4.682199999999999918e+00
1.415677200000000084e+03,4.579600000000000115e+00
1.415679699999999912e+03,4.471300000000000274e+00
1.415682099999999991e+03,4.412600000000000300e+00
1.415684600000000046e+03,4.407600000000000406e+00
1.415686999999999898e+03,4.423399999999999999e+00
1.415689499999999953e+03,4.443299999999999805e+00
1.415691900000000032e+03,4.489099999999999646e+00
1.415694300000000112e+03,4.579900000000000304e+00
1.415696799999999939e+03,4.690699999999999648e+00
1.415699200000000019e+03,4.770800000000000374e+00
1.415701700000000073e+03,4.791900000000000048e+00
1.415704099999999926e+03,4.757399999999999629e+00
1.415706500000000005e+03,4.681199999999999584e+00
1.415709000000000060e+03,4.587200000000000166e+00
1.415711399999999912e+03,4.515900000000000247e+00
1.415713899999999967e+03,4.494699999999999918e+00
1.415716300000000047e+03,4.503000000000000114e+00
1.415718800000000101e+03,4.492399999999999949e+00
1.415721199999999953e+03,4.445700000000000429e+00
1.415723600000000033e+03,4.400299999999999656e+00
1.415726100000000088e+03,4.410599999999999632e+00
1.415728499999999940e+03,4.496199999999999974e+00
1.415730999999999995e+03,4.624399999999999622e+00
1.415733400000000074e+03,4.733900000000000219e+00
1.415735799999999927e+03,4.776699999999999946e+00
1.415738299999999981e+03,4.748300000000000409e+00
1.415740700000000061e+03,4.689400000000000013e+00
1.415743199999999888e+03,4.657300000000000217e+00
1.415745599999999968e+03,4.676999999999999602e+00
1.415748000000000047e+03,4.717500000000000249e+00
1.415750500000000102e+03,4.729800000000000004e+00
1.415752899999999954e+03,4.709100000000000286e+00
1.415755400000000009e+03,4.705199999999999605e+00
1.415757800000000088e+03,4.765900000000000247e+00
1.415760299999999916e+03,4.886099999999999888e+00
1.415762699999999995e+03,5.017800000000000260e+00
1.415765100000000075e+03,5.114499999999999602e+00
1.415767599999999902e+03,5.157899999999999707e+00
1.415769999999999982e+03,5.152899999999999814e+00
1.415772500000000036e+03,5.112000000000000099e+00
1.415774899999999889e+03,5.057599999999999874e+00
1.415777299999999968e+03,5.035499999999999865e+00
1.415779800000000023e+03,5.108999999999999986e+00
1.415782200000000103e+03,5.322199999999999598e+00
1.415784699999999930e+03,5.670099999999999696e+00
1.415787100000000009e+03,6.103500000000000369e+00
1.415789600000000064e+03,6.543899999999999828e+00
1.415791999999999916e+03,6.891000000000000014e+00
1.415794399999999996e+03,7.050699999999999967e+00
1.415796900000000051e+03,6.987599999999999589e+00
1.415799299999999903e+03,6.748199999999999754e+00
1.415801799999999957e+03,6.426300000000000345e+00
1.415804200000000037e+03,6.106399999999999828e+00
1.415806599999999889e+03,5.833599999999999675e+00
1.415809099999999944e+03,5.618400000000000283e+00
1.415811500000000024e+03,5.454299999999999926e+00
1.415814000000000078e+03,5.324399999999999800e+00
1.415816399999999931e+03,5.203599999999999781e+00
1.415818800000000010e+03,5.075300000000000367e+00
1.415821300000000065e+03,4.953199999999999825e+00
1.415823699999999917e+03,4.872200000000000308e+00
1.415826199999999972e+03,4.848099999999999632e+00
1.415828600000000051e+03,4.857300000000000395e+00
1.415831100000000106e+03,4.856499999999999595e+00
1.415833499999999958e+03,4.811399999999999899e+00
1.415835900000000038e+03,4.713400000000000034e+00
1.415838400000000092e+03,4.587399999999999700e+00
1.415840799999999945e+03,4.483900000000000219e+00
1.415843299999999999e+03,4.447000000000000064e+00
1.415845700000000079e+03,4.486100000000000421e+00
1.415848099999999931e+03,4.580799999999999983e+00
1.415850599999999986e+03,4.705000000000000071e+00
1.415853000000000065e+03,4.839699999999999669e+00
1.415855499999999893e+03,4.973099999999999632e+00
1.415857899999999972e+03,5.098200000000000287e+00
1.415860400000000027e+03,5.206699999999999662e+00
1.415862800000000107e+03,5.281600000000000072e+00
1.415865199999999959e+03,5.299000000000000377e+00
1.415867700000000013e+03,5.245499999999999829e+00
1.415870100000000093e+03,5.135399999999999743e+00
1.415872599999999920e+03,5.012500000000000178e+00
1.415875000000000000e+03,4.931400000000000006e+00
1.415877400000000080e+03,4.924999999999999822e+00
1.415879899999999907e+03,4.984700000000000131e+00
1.415882299999999987e+03,5.073000000000000398e+00
1.415884800000000041e+03,5.157700000000000173e+00
1.415887199999999893e+03,5.245099999999999874e+00
1.415889599999999973e+03,5.401399999999999757e+00
1.415892100000000028e+03,5.735699999999999577e+00
1.415894500000000107e+03,6.300500000000000433e+00
1.415896999999999935e+03,6.966400000000000148e+00
1.415899400000000014e+03,7.431799999999999962e+00
1.415901900000000069e+03,7.432199999999999918e+00
1.415904299999999921e+03,6.955400000000000027e+00
1.415906700000000001e+03,6.233399999999999608e+00
1.415909200000000055e+03,5.547799999999999621e+00
1.415911599999999908e+03,5.065800000000000303e+00
1.415914099999999962e+03,4.811600000000000321e+00
1.415916500000000042e+03,4.721799999999999997e+00
1.415918899999999894e+03,4.714400000000000368e+00
1.415921399999999949e+03,4.733299999999999841e+00
1.415923800000000028e+03,4.749500000000000277e+00
1.415926300000000083e+03,4.739200000000000301e+00
1.415928699999999935e+03,4.686499999999999666e+00
1.415931199999999990e+03,4.609600000000000364e+00
1.415933600000000069e+03,4.556000000000000050e+00
1.415935999999999922e+03,4.550799999999999734e+00
1.415938499999999976e+03,4.565699999999999648e+00
1.415940900000000056e+03,4.550799999999999734e+00
1.415943400000000111e+03,4.491900000000000226e+00
1.415945799999999963e+03,4.434800000000000075e+00
1.415948200000000043e+03,4.473900000000000432e+00
1.415950700000000097e+03,4.702099999999999724e+00
1.415953099999999949e+03,5.113400000000000389e+00
1.415955600000000004e+03,5.526699999999999946e+00
1.415958000000000084e+03,5.667699999999999960e+00
1.415960399999999936e+03,5.400100000000000122e+00
1.415962899999999991e+03,4.857400000000000162e+00
1.415965300000000070e+03,4.304899999999999949e+00
1.415967799999999897e+03,3.923500000000000210e+00
1.415970199999999977e+03,3.765699999999999825e+00
1.415972700000000032e+03,3.865699999999999914e+00
1.415975100000000111e+03,4.289900000000000269e+00
1.415977499999999964e+03,5.017500000000000071e+00
1.415980000000000018e+03,5.789799999999999613e+00
1.415982400000000098e+03,6.200499999999999901e+00
1.415984899999999925e+03,6.049699999999999633e+00
1.415987300000000005e+03,5.580099999999999838e+00
1.415989700000000084e+03,5.301099999999999923e+00
1.415992199999999912e+03,5.597599999999999909e+00
1.415994599999999991e+03,6.452399999999999913e+00
1.415997100000000046e+03,7.416100000000000136e+00
1.415999499999999898e+03,7.879900000000000126e+00
1.416001999999999953e+03,7.539699999999999847e+00
1.416004400000000032e+03,6.628000000000000114e+00
1.416006800000000112e+03,5.658500000000000085e+00
1.416009299999999939e+03,4.999200000000000088e+00
1.416011700000000019e+03,4.708899999999999864e+00
1.416014200000000073e+03,4.656299999999999883e+00
1.416016599999999926e+03,4.700599999999999667e+00
1.416019000000000005e+03,4.780199999999999783e+00
1.416021500000000060e+03,4.892800000000000260e+00
1.416023899999999912e+03,5.033500000000000085e+00
1.416026399999999967e+03,5.165399999999999991e+00
1.416028800000000047e+03,5.251400000000000290e+00
1.416031199999999899e+03,5.295300000000000118e+00
1.416033699999999953e+03,5.336299999999999599e+00
1.416036100000000033e+03,5.404099999999999682e+00
1.416038600000000088e+03,5.493400000000000283e+00
1.416040999999999940e+03,5.587100000000000399e+00
1.416043499999999995e+03,5.691399999999999793e+00
1.416045900000000074e+03,5.835399999999999920e+00
1.416048299999999927e+03,6.034900000000000375e+00
1.416050799999999981e+03,6.263399999999999856e+00
1.416053200000000061e+03,6.466899999999999871e+00
1.416055699999999888e+03,6.611799999999999677e+00
1.416058099999999968e+03,6.714100000000000179e+00
1.416060500000000047e+03,6.814400000000000013e+00
1.416063000000000102e+03,6.932599999999999874e+00
1.416065399999999954e+03,7.053600000000000314e+00
1.416067900000000009e+03,7.152000000000000135e+00
1.416070300000000088e+03,7.216999999999999638e+00
1.416072799999999916e+03,7.257299999999999862e+00
1.416075199999999995e+03,7.294100000000000250e+00
1.416077600000000075e+03,7.354599999999999582e+00
1.416080099999999902e+03,7.464599999999999902e+00
1.416082499999999982e+03,7.642999999999999794e+00
1.416085000000000036e+03,7.900500000000000078e+00
1.416087399999999889e+03,8.233200000000000074e+00
1.416089799999999968e+03,8.609700000000000131e+00
1.416092300000000023e+03,8.970100000000000406e+00
1.416094700000000103e+03,9.253600000000000492e+00
1.416097199999999930e+03,9.434900000000000730e+00
1.416099600000000009e+03,9.538199999999999790e+00
1.416102100000000064e+03,9.633599999999999497e+00
1.416104499999999916e+03,9.837699999999999889e+00
1.416106899999999996e+03,1.032029999999999959e+01
1.416109400000000051e+03,1.128250000000000064e+01
1.416111799999999903e+03,1.289080000000000048e+01
1.416114299999999957e+03,1.517869999999999919e+01
1.416116700000000037e+03,1.791779999999999973e+01
1.416119099999999889e+03,2.049769999999999825e+01
1.416121599999999944e+03,2.202670000000000172e+01
1.416124000000000024e+03,2.182939999999999969e+01
1.416126500000000078e+03,1.999230000000000018e+01
1.416128899999999931e+03,1.733230000000000004e+01
1.416131300000000010e+03,1.478170000000000073e+01
1.416133800000000065e+03,1.285289999999999999e+01
1.416136199999999917e+03,1.159600000000000009e+01
1.416138699999999972e+03,1.084340000000000082e+01
1.416141100000000051e+03,1.041820000000000057e+01
1.416143600000000106e+03,1.020219999999999949e+01
1.416145999999999958e+03,1.011079999999999934e+01
1.416148400000000038e+03,1.004969999999999963e+01
1.416150900000000092e+03,9.923999999999999488e+00
1.416153299999999945e+03,9.693699999999999761e+00
1.416155799999999999e+03,9.397800000000000153e+00
1.416158200000000079e+03,9.108000000000000540e+00
1.416160599999999931e+03,8.873400000000000176e+00
1.416163099999999986e+03,8.707599999999999341e+00
1.416165500000000065e+03,8.600199999999999179e+00
1.416167999999999893e+03,8.524599999999999511e+00
1.416170399999999972e+03,8.458099999999999952e+00
1.416172900000000027e+03,8.399599999999999511e+00
1.416175300000000107e+03,8.350199999999999179e+00
1.416177699999999959e+03,8.276699999999999946e+00
1.416180200000000013e+03,8.130699999999999150e+00
1.416182600000000093e+03,7.913499999999999979e+00
1.416185099999999920e+03,7.704500000000000348e+00
1.416187500000000000e+03,7.607599999999999696e+00
1.416189900000000080e+03,7.677699999999999747e+00
1.416192399999999907e+03,7.891099999999999781e+00
1.416194799999999987e+03,8.162300000000000111e+00
1.416197300000000041e+03,8.382699999999999818e+00
1.416199699999999893e+03,8.466900000000000759e+00
1.416202099999999973e+03,8.390200000000000102e+00
1.416204600000000028e+03,8.195399999999999352e+00
1.416207000000000107e+03,7.965399999999999814e+00
1.416209499999999935e+03,7.785400000000000098e+00
1.416211900000000014e+03,7.712799999999999656e+00
1.416214400000000069e+03,7.753300000000000303e+00
1.416216799999999921e+03,7.854700000000000237e+00
1.416219200000000001e+03,7.942400000000000126e+00
1.416221700000000055e+03,7.961899999999999977e+00
1.416224099999999908e+03,7.884800000000000253e+00
1.416226599999999962e+03,7.694600000000000328e+00
1.416229000000000042e+03,7.410999999999999588e+00
1.416231399999999894e+03,7.110400000000000276e+00
1.416233899999999949e+03,6.870400000000000063e+00
1.416236300000000028e+03,6.688799999999999635e+00
1.416238800000000083e+03,6.496800000000000352e+00
1.416241199999999935e+03,6.255099999999999660e+00
1.416243699999999990e+03,6.004800000000000360e+00
1.416246100000000069e+03,5.816900000000000404e+00
1.416248499999999922e+03,5.720500000000000362e+00
1.416250999999999976e+03,5.689300000000000246e+00
1.416253400000000056e+03,5.673799999999999955e+00
1.416255900000000111e+03,5.628499999999999837e+00
1.416258299999999963e+03,5.530199999999999783e+00
1.416260700000000043e+03,5.399300000000000210e+00
1.416263200000000097e+03,5.293599999999999639e+00
1.416265599999999949e+03,5.257100000000000328e+00
1.416268100000000004e+03,5.272899999999999920e+00
1.416270500000000084e+03,5.280300000000000438e+00
1.416272899999999936e+03,5.240400000000000169e+00
1.416275399999999991e+03,5.169800000000000395e+00
1.416277800000000070e+03,5.108200000000000074e+00
1.416280299999999897e+03,5.072899999999999743e+00
1.416282699999999977e+03,5.056400000000000006e+00
1.416285200000000032e+03,5.059000000000000163e+00
1.416287600000000111e+03,5.101099999999999746e+00
1.416289999999999964e+03,5.197600000000000442e+00
1.416292500000000018e+03,5.340099999999999625e+00
1.416294900000000098e+03,5.518299999999999983e+00
1.416297399999999925e+03,5.740199999999999747e+00
1.416299800000000005e+03,6.002100000000000435e+00
1.416302200000000084e+03,6.240300000000000402e+00
1.416304699999999912e+03,6.347100000000000186e+00
1.416307099999999991e+03,6.251199999999999868e+00
1.416309600000000046e+03,5.979700000000000237e+00
1.416311999999999898e+03,5.642999999999999794e+00
1.416314499999999953e+03,5.376400000000000290e+00
1.416316900000000032e+03,5.283599999999999852e+00
1.416319300000000112e+03,5.384500000000000064e+00
1.416321799999999939e+03,5.591000000000000192e+00
1.416324200000000019e+03,5.759800000000000253e+00
1.416326700000000073e+03,5.799000000000000377e+00
1.416329099999999926e+03,5.721400000000000041e+00
1.416331500000000005e+03,5.595600000000000129e+00
1.416334000000000060e+03,5.476099999999999746e+00
1.416336399999999912e+03,5.387299999999999756e+00
1.416338899999999967e+03,5.342399999999999594e+00
1.416341300000000047e+03,5.336100000000000065e+00
1.416343800000000101e+03,5.325199999999999712e+00
1.416346199999999953e+03,5.245700000000000252e+00
1.416348600000000033e+03,5.074300000000000033e+00
1.416351100000000088e+03,4.868900000000000006e+00
1.416353499999999940e+03,4.735899999999999999e+00
1.416355999999999995e+03,4.740499999999999936e+00
1.416358400000000074e+03,4.845699999999999896e+00
1.416360799999999927e+03,4.942999999999999616e+00
1.416363299999999981e+03,4.940999999999999837e+00
1.416365700000000061e+03,4.828700000000000436e+00
1.416368199999999888e+03,4.661100000000000243e+00
1.416370599999999968e+03,4.498599999999999710e+00
1.416373000000000047e+03,4.369600000000000151e+00
1.416375500000000102e+03,4.287099999999999689e+00
1.416377899999999954e+03,4.270100000000000229e+00
1.416380400000000009e+03,4.326500000000000234e+00
1.416382800000000088e+03,4.428399999999999892e+00
1.416385299999999916e+03,4.525800000000000267e+00
1.416387699999999995e+03,4.586700000000000443e+00
1.416390100000000075e+03,4.620199999999999640e+00
1.416392599999999902e+03,4.666999999999999815e+00
1.416394999999999982e+03,4.768399999999999750e+00
1.416397500000000036e+03,4.937000000000000277e+00
1.416399899999999889e+03,5.146499999999999631e+00
1.416402299999999968e+03,5.348799999999999777e+00
1.416404800000000023e+03,5.494699999999999918e+00
1.416407200000000103e+03,5.547399999999999665e+00
1.416409699999999930e+03,5.498999999999999666e+00
1.416412100000000009e+03,5.382600000000000051e+00
1.416414600000000064e+03,5.250700000000000145e+00
1.416416999999999916e+03,5.129500000000000171e+00
1.416419399999999996e+03,5.007399999999999629e+00
1.416421900000000051e+03,4.874900000000000233e+00
1.416424299999999903e+03,4.752500000000000391e+00
1.416426799999999957e+03,4.667200000000000237e+00
1.416429200000000037e+03,4.613400000000000389e+00
1.416431599999999889e+03,4.556499999999999773e+00
1.416434099999999944e+03,4.470699999999999896e+00
1.416436500000000024e+03,4.364700000000000024e+00
1.416439000000000078e+03,4.269000000000000128e+00
1.416441399999999931e+03,4.203299999999999592e+00
1.416443800000000010e+03,4.168400000000000105e+00
1.416446300000000065e+03,4.162399999999999878e+00
1.416448699999999917e+03,4.184599999999999653e+00
1.416451199999999972e+03,4.227199999999999847e+00
1.416453600000000051e+03,4.280100000000000016e+00
1.416456100000000106e+03,4.344100000000000072e+00
1.416458499999999958e+03,4.429499999999999993e+00
1.416460900000000038e+03,4.541199999999999903e+00
1.416463400000000092e+03,4.667099999999999582e+00
1.416465799999999945e+03,4.777599999999999625e+00
1.416468299999999999e+03,4.841499999999999915e+00
1.416470700000000079e+03,4.851700000000000124e+00
1.416473099999999931e+03,4.830700000000000216e+00
1.416475599999999986e+03,4.803799999999999848e+00
1.416478000000000065e+03,4.773299999999999876e+00
1.416480499999999893e+03,4.729199999999999626e+00
1.416482899999999972e+03,4.673300000000000232e+00
1.416485400000000027e+03,4.625399999999999956e+00
1.416487800000000107e+03,4.613100000000000200e+00
1.416490199999999959e+03,4.663800000000000168e+00
1.416492700000000013e+03,4.804599999999999760e+00
1.416495100000000093e+03,5.062299999999999578e+00
1.416497599999999920e+03,5.452600000000000335e+00
1.416500000000000000e+03,5.952600000000000335e+00
1.416502400000000080e+03,6.482199999999999740e+00
1.416504899999999907e+03,6.925399999999999778e+00
1.416507299999999987e+03,7.177299999999999791e+00
1.416509800000000041e+03,7.173799999999999955e+00
1.416512199999999893e+03,6.901900000000000368e+00
1.416514599999999973e+03,6.417900000000000382e+00
1.416517100000000028e+03,5.848799999999999777e+00
1.416519500000000107e+03,5.340700000000000003e+00
1.416521999999999935e+03,4.980599999999999916e+00
1.416524400000000014e+03,4.772300000000000431e+00
1.416526900000000069e+03,4.675500000000000433e+00
1.416529299999999921e+03,4.648399999999999643e+00
1.416531700000000001e+03,4.651500000000000412e+00
1.416534200000000055e+03,4.646300000000000097e+00
1.416536599999999908e+03,4.616900000000000226e+00
1.416539099999999962e+03,4.579200000000000159e+00
1.416541500000000042e+03,4.552100000000000257e+00
1.416543899999999894e+03,4.536200000000000010e+00
1.416546399999999949e+03,4.530400000000000205e+00
1.416548800000000028e+03,4.551400000000000112e+00
1.416551300000000083e+03,4.608900000000000219e+00
1.416553699999999935e+03,4.664799999999999613e+00
1.416556199999999990e+03,4.646799999999999820e+00
1.416558600000000069e+03,4.523799999999999599e+00
1.416560999999999922e+03,4.353100000000000414e+00
1.416563499999999976e+03,4.233799999999999564e+00
1.416565900000000056e+03,4.223799999999999777e+00
1.416568400000000111e+03,4.307299999999999685e+00
1.416570799999999963e+03,4.430900000000000283e+00
1.416573200000000043e+03,4.560500000000000220e+00
1.416575700000000097e+03,4.694600000000000328e+00
1.416578099999999949e+03,4.829600000000000115e+00
1.416580600000000004e+03,4.931400000000000006e+00
1.416583000000000084e+03,4.960300000000000153e+00
1.416585399999999936e+03,4.913899999999999935e+00
1.416587899999999991e+03,4.838000000000000078e+00
1.416590300000000070e+03,4.800900000000000389e+00
1.416592799999999897e+03,4.849800000000000111e+00
1.416595199999999977e+03,4.974899999999999878e+00
1.416597700000000032e+03,5.112899999999999778e+00
1.416600100000000111e+03,5.194600000000000328e+00
1.416602499999999964e+03,5.192000000000000171e+00
1.416605000000000018e+03,5.128599999999999604e+00
1.416607400000000098e+03,5.056099999999999817e+00
1.416609899999999925e+03,5.016099999999999781e+00
1.416612300000000005e+03,5.009000000000000341e+00
1.416614700000000084e+03,5.003099999999999881e+00
1.416617199999999912e+03,4.978399999999999714e+00
1.416619599999999991e+03,4.945100000000000051e+00
1.416622100000000046e+03,4.908699999999999619e+00
1.416624499999999898e+03,4.850699999999999790e+00
1.416626999999999953e+03,4.757699999999999818e+00
1.416629400000000032e+03,4.641899999999999693e+00
1.416631800000000112e+03,4.515399999999999636e+00
1.416634299999999939e+03,4.364799999999999791e+00
1.416636700000000019e+03,4.177800000000000402e+00
1.416639200000000073e+03,3.986499999999999932e+00
1.416641599999999926e+03,3.858699999999999797e+00
1.416644000000000005e+03,3.827700000000000102e+00
1.416646500000000060e+03,3.842200000000000060e+00
1.416648899999999912e+03,3.811300000000000132e+00
1.416651399999999967e+03,3.692299999999999915e+00
1.416653800000000047e+03,3.516300000000000203e+00
1.416656199999999899e+03,3.340300000000000047e+00
1.416658699999999953e+03,3.202999999999999847e+00
1.416661100000000033e+03,3.119299999999999962e+00
1.416663600000000088e+03,3.085399999999999920e+00
1.416665999999999940e+03,3.071000000000000174e+00
1.416668499999999995e+03,3.018600000000000172e+00
1.416670900000000074e+03,2.876799999999999802e+00
1.416673299999999927e+03,2.649000000000000021e+00
1.416675799999999981e+03,2.398200000000000109e+00
1.416678200000000061e+03,2.192699999999999871e+00
1.416680699999999888e+03,2.057100000000000151e+00
1.416683099999999968e+03,1.978900000000000103e+00
1.416685500000000047e+03,1.947599999999999998e+00
1.416688000000000102e+03,1.966399999999999926e+00
1.416690399999999954e+03,2.024399999999999977e+00
1.416692900000000009e+03,2.080099999999999838e+00
1.416695300000000088e+03,2.092799999999999994e+00
1.416697799999999916e+03,2.074100000000000055e+00
1.416700199999999995e+03,2.094300000000000050e+00
1.416702600000000075e+03,2.229999999999999982e+00
1.416705099999999902e+03,2.500399999999999956e+00
1.416707499999999982e+03,2.842799999999999994e+00
1.416710000000000036e+03,3.144699999999999829e+00
1.416712399999999889e+03,3.309600000000000097e+00
1.416714799999999968e+03,3.309200000000000141e+00
1.416717300000000023e+03,3.188899999999999846e+00
1.416719700000000103e+03,3.036799999999999944e+00
1.416722199999999930e+03,2.939499999999999780e+00
1.416724600000000009e+03,2.940799999999999859e+00
1.416727100000000064e+03,3.023899999999999810e+00
1.416729499999999916e+03,3.136899999999999800e+00
1.416731899999999996e+03,3.246500000000000163e+00
1.416734400000000051e+03,3.361299999999999955e+00
1.416736799999999903e+03,3.501999999999999780e+00
1.416739299999999957e+03,3.656899999999999817e+00
1.416741700000000037e+03,3.781000000000000139e+00
1.416744099999999889e+03,3.840399999999999814e+00
1.416746599999999944e+03,3.849400000000000155e+00
1.416749000000000024e+03,3.858499999999999819e+00
1.416751500000000078e+03,3.908500000000000085e+00
1.416753899999999931e+03,4.006000000000000227e+00
1.416756300000000010e+03,4.133399999999999963e+00
1.416758800000000065e+03,4.269099999999999895e+00
1.416761199999999917e+03,4.395500000000000185e+00
1.416763699999999972e+03,4.501999999999999780e+00
1.416766100000000051e+03,4.583300000000000374e+00
1.416768600000000106e+03,4.637599999999999945e+00
1.416770999999999958e+03,4.668400000000000105e+00
1.416773400000000038e+03,4.690000000000000391e+00
1.416775900000000092e+03,4.720900000000000318e+00
1.416778299999999945e+03,4.768699999999999939e+00
1.416780799999999999e+03,4.831599999999999895e+00
1.416783200000000079e+03,4.912700000000000067e+00
1.416785599999999931e+03,5.011899999999999800e+00
1.416788099999999986e+03,5.099099999999999966e+00
1.416790500000000065e+03,5.123700000000000365e+00
1.416792999999999893e+03,5.063799999999999635e+00
1.416795399999999972e+03,4.951699999999999768e+00
1.416797900000000027e+03,4.843899999999999650e+00
1.416800300000000107e+03,4.784600000000000186e+00
1.416802699999999959e+03,4.797399999999999665e+00
1.416805200000000013e+03,4.883600000000000385e+00
1.416807600000000093e+03,5.011899999999999800e+00
1.416810099999999920e+03,5.120800000000000018e+00
1.416812500000000000e+03,5.152099999999999902e+00
1.416814900000000080e+03,5.088499999999999801e+00
1.416817399999999907e+03,4.958700000000000330e+00
1.416819799999999987e+03,4.809999999999999609e+00
1.416822300000000041e+03,4.681099999999999817e+00
1.416824699999999893e+03,4.597500000000000142e+00
1.416827099999999973e+03,4.579500000000000348e+00
1.416829600000000028e+03,4.636899999999999800e+00
1.416832000000000107e+03,4.751900000000000013e+00
1.416834499999999935e+03,4.883899999999999686e+00
1.416836900000000014e+03,4.997700000000000031e+00
1.416839400000000069e+03,5.076999999999999957e+00
1.416841799999999921e+03,5.109200000000000408e+00
1.416844200000000001e+03,5.077200000000000379e+00
1.416846700000000055e+03,4.979099999999999859e+00
1.416849099999999908e+03,4.845399999999999707e+00
1.416851599999999962e+03,4.729700000000000237e+00
1.416854000000000042e+03,4.680799999999999628e+00
1.416856399999999894e+03,4.716999999999999638e+00
1.416858899999999949e+03,4.812100000000000044e+00
1.416861300000000028e+03,4.904099999999999682e+00
1.416863800000000083e+03,4.932100000000000151e+00
1.416866199999999935e+03,4.877900000000000347e+00
1.416868699999999990e+03,4.774399999999999977e+00
1.416871100000000069e+03,4.670899999999999608e+00
1.416873499999999922e+03,4.592500000000000249e+00
1.416875999999999976e+03,4.533299999999999663e+00
1.416878400000000056e+03,4.478200000000000180e+00
1.416880900000000111e+03,4.423399999999999999e+00
1.416883299999999963e+03,4.383899999999999686e+00
1.416885700000000043e+03,4.386300000000000310e+00
1.416888200000000097e+03,4.445199999999999818e+00
1.416890599999999949e+03,4.544500000000000206e+00
1.416893100000000004e+03,4.654099999999999682e+00
1.416895500000000084e+03,4.764000000000000234e+00
1.416897899999999936e+03,4.880399999999999849e+00
1.416900399999999991e+03,4.991799999999999571e+00
1.416902800000000070e+03,5.068900000000000183e+00
1.416905299999999897e+03,5.096400000000000041e+00
1.416907699999999977e+03,5.087100000000000399e+00
1.416910200000000032e+03,5.065800000000000303e+00
1.416912600000000111e+03,5.054899999999999949e+00
1.416914999999999964e+03,5.063600000000000101e+00
1.416917500000000018e+03,5.082200000000000273e+00
1.416919900000000098e+03,5.094899999999999984e+00
1.416922399999999925e+03,5.096899999999999764e+00
1.416924800000000005e+03,5.089500000000000135e+00
1.416927200000000084e+03,5.062199999999999811e+00
1.416929699999999912e+03,4.999100000000000321e+00
1.416932099999999991e+03,4.902800000000000047e+00
1.416934600000000046e+03,4.802299999999999791e+00
1.416936999999999898e+03,4.733900000000000219e+00
1.416939499999999953e+03,4.718700000000000117e+00
1.416941900000000032e+03,4.755300000000000082e+00
1.416944300000000112e+03,4.820299999999999585e+00
1.416946799999999939e+03,4.873899999999999899e+00
1.416949200000000019e+03,4.877699999999999925e+00
1.416951700000000073e+03,4.822099999999999831e+00
1.416954099999999926e+03,4.732300000000000395e+00
1.416956500000000005e+03,4.645400000000000418e+00
1.416959000000000060e+03,4.587200000000000166e+00
1.416961399999999912e+03,4.567499999999999893e+00
1.416963899999999967e+03,4.578400000000000247e+00
1.416966300000000047e+03,4.585600000000000342e+00
1.416968800000000101e+03,4.537600000000000300e+00
1.416971199999999953e+03,4.408599999999999852e+00
1.416973600000000033e+03,4.239399999999999835e+00
1.416976100000000088e+03,4.120300000000000296e+00
1.416978499999999940e+03,4.124500000000000277e+00
1.416980999999999995e+03,4.256099999999999994e+00
1.416983400000000074e+03,4.456299999999999706e+00
1.416985799999999927e+03,4.648299999999999876e+00
1.416988299999999981e+03,4.774099999999999788e+00
1.416990700000000061e+03,4.809999999999999609e+00
1.416993199999999888e+03,4.775100000000000122e+00
1.416995599999999968e+03,4.731399999999999828e+00
1.416998000000000047e+03,4.745899999999999785e+00
1.417000500000000102e+03,4.833199999999999719e+00
1.417002899999999954e+03,4.951299999999999812e+00
1.417005400000000009e+03,5.064099999999999824e+00
1.417007800000000088e+03,5.180699999999999861e+00
1.417010299999999916e+03,5.319200000000000372e+00
1.417012699999999995e+03,5.460600000000000342e+00
1.417015100000000075e+03,5.562400000000000233e+00
1.417017599999999902e+03,5.595500000000000362e+00
1.417019999999999982e+03,5.549999999999999822e+00
1.417022500000000036e+03,5.425099999999999589e+00
1.417024899999999889e+03,5.240499999999999936e+00
1.417027299999999968e+03,5.051199999999999690e+00
1.417029800000000023e+03,4.928200000000000358e+00
1.417032200000000103e+03,4.913000000000000256e+00
1.417034699999999930e+03,4.992099999999999760e+00
1.417037100000000009e+03,5.113599999999999923e+00
1.417039600000000064e+03,5.223499999999999588e+00
1.417041999999999916e+03,5.282700000000000173e+00
1.417044399999999996e+03,5.266200000000000436e+00
1.417046900000000051e+03,5.170099999999999696e+00
1.417049299999999903e+03,5.023900000000000254e+00
1.417051799999999957e+03,4.880899999999999572e+00
1.417054200000000037e+03,4.787399999999999878e+00
1.417056599999999889e+03,4.756999999999999673e+00
1.417059099999999944e+03,4.769499999999999851e+00
1.417061500000000024e+03,4.782899999999999707e+00
1.417064000000000078e+03,4.755399999999999849e+00
1.417066399999999931e+03,4.675900000000000389e+00
1.417068800000000010e+03,4.577799999999999869e+00
1.417071300000000065e+03,4.508600000000000385e+00
1.417073699999999917e+03,4.484300000000000175e+00
1.417076199999999972e+03,4.493400000000000283e+00
1.417078600000000051e+03,4.539699999999999847e+00
1.417081100000000106e+03,4.642199999999999882e+00
1.417083499999999958e+03,4.782099999999999795e+00
1.417085900000000038e+03,4.894499999999999851e+00
1.417088400000000092e+03,4.935500000000000220e+00
1.417090799999999945e+03,4.921800000000000175e+00
1.417093299999999999e+03,4.885100000000000442e+00
1.417095700000000079e+03,4.820100000000000051e+00
1.417098099999999931e+03,4.707600000000000229e+00
1.417100599999999986e+03,4.574900000000000411e+00
1.417103000000000065e+03,4.501699999999999591e+00
1.417105499999999893e+03,4.554400000000000226e+00
1.417107899999999972e+03,4.727800000000000225e+00
1.417110400000000027e+03,4.961500000000000021e+00
1.417112800000000107e+03,5.202099999999999724e+00
1.417115199999999959e+03,5.431000000000000050e+00
1.417117700000000013e+03,5.632299999999999862e+00
1.417120100000000093e+03,5.763300000000000090e+00
1.417122599999999920e+03,5.780199999999999783e+00
1.417125000000000000e+03,5.679100000000000037e+00
1.417127400000000080e+03,5.494200000000000195e+00
1.417129899999999907e+03,5.266899999999999693e+00
1.417132299999999987e+03,5.031200000000000117e+00
1.417134800000000041e+03,4.815900000000000070e+00
1.417137199999999893e+03,4.646399999999999864e+00
1.417139599999999973e+03,4.544699999999999740e+00
1.417142100000000028e+03,4.535800000000000054e+00
1.417144500000000107e+03,4.635799999999999699e+00
1.417146999999999935e+03,4.816099999999999604e+00
1.417149400000000014e+03,4.991399999999999615e+00
1.417151900000000069e+03,5.069399999999999906e+00
1.417154299999999921e+03,5.015299999999999869e+00
1.417156700000000001e+03,4.857999999999999652e+00
1.417159200000000055e+03,4.653599999999999959e+00
1.417161599999999908e+03,4.463000000000000078e+00
1.417164099999999962e+03,4.345600000000000129e+00
1.417166500000000042e+03,4.334800000000000431e+00
1.417168899999999894e+03,4.411299999999999777e+00
1.417171399999999949e+03,4.514899999999999913e+00
1.417173800000000028e+03,4.587500000000000355e+00
1.417176300000000083e+03,4.602000000000000313e+00
1.417178699999999935e+03,4.561300000000000132e+00
1.417181199999999990e+03,4.487099999999999866e+00
1.417183600000000069e+03,4.408900000000000041e+00
1.417185999999999922e+03,4.351600000000000357e+00
1.417188499999999976e+03,4.324600000000000222e+00
1.417190900000000056e+03,4.324399999999999800e+00
1.417193400000000111e+03,4.347900000000000098e+00
1.417195799999999963e+03,4.405400000000000205e+00
1.417198200000000043e+03,4.517400000000000304e+00
1.417200700000000097e+03,4.689499999999999780e+00
1.417203099999999949e+03,4.888899999999999579e+00
1.417205600000000004e+03,5.057999999999999829e+00
1.417208000000000084e+03,5.156799999999999606e+00
1.417210399999999936e+03,5.189700000000000202e+00
1.417212899999999991e+03,5.191499999999999559e+00
1.417215300000000070e+03,5.188100000000000378e+00
1.417217799999999897e+03,5.172600000000000087e+00
1.417220199999999977e+03,5.115700000000000358e+00
1.417222700000000032e+03,5.003800000000000026e+00
1.417225100000000111e+03,4.864700000000000024e+00
1.417227499999999964e+03,4.748899999999999899e+00
1.417230000000000018e+03,4.680100000000000371e+00
1.417232400000000098e+03,4.632799999999999585e+00
1.417234899999999925e+03,4.563799999999999635e+00
1.417237300000000005e+03,4.457600000000000229e+00
1.417239700000000084e+03,4.336100000000000065e+00
1.417242199999999912e+03,4.240400000000000169e+00
1.417244599999999991e+03,4.211299999999999599e+00
1.417247100000000046e+03,4.269499999999999851e+00
1.417249499999999898e+03,4.395599999999999952e+00
1.417251999999999953e+03,4.533500000000000085e+00
1.417254400000000032e+03,4.622099999999999653e+00
1.417256800000000112e+03,4.627699999999999925e+00
1.417259299999999939e+03,4.552299999999999791e+00
1.417261700000000019e+03,4.422600000000000087e+00
1.417264200000000073e+03,4.272700000000000387e+00
1.417266599999999926e+03,4.135200000000000209e+00
1.417269000000000005e+03,4.040300000000000225e+00
1.417271500000000060e+03,4.013799999999999812e+00
1.417273899999999912e+03,4.067800000000000082e+00
1.417276399999999967e+03,4.190900000000000070e+00
1.417278800000000047e+03,4.346300000000000274e+00
1.417281199999999899e+03,4.485400000000000276e+00
1.417283699999999953e+03,4.573299999999999699e+00
1.417286100000000033e+03,4.609399999999999942e+00
1.417288600000000088e+03,4.621800000000000352e+00
1.417290999999999940e+03,4.632600000000000051e+00
1.417293499999999995e+03,4.636300000000000310e+00
1.417295900000000074e+03,4.620599999999999596e+00
1.417298299999999927e+03,4.598900000000000432e+00
1.417300799999999981e+03,4.605199999999999960e+00
1.417303200000000061e+03,4.656500000000000306e+00
1.417305699999999888e+03,4.735100000000000087e+00
1.417308099999999968e+03,4.812599999999999767e+00
1.417310500000000047e+03,4.882900000000000240e+00
1.417313000000000102e+03,4.959500000000000242e+00
1.417315399999999954e+03,5.045399999999999885e+00
1.417317900000000009e+03,5.121999999999999886e+00
1.417320300000000088e+03,5.172699999999999854e+00
1.417322799999999916e+03,5.205799999999999983e+00
1.417325199999999995e+03,5.246199999999999974e+00
1.417327600000000075e+03,5.301199999999999690e+00
1.417330099999999902e+03,5.341000000000000192e+00
1.417332499999999982e+03,5.325400000000000134e+00
1.417335000000000036e+03,5.251000000000000334e+00
1.417337399999999889e+03,5.152099999999999902e+00
1.417339799999999968e+03,5.053899999999999615e+00
1.417342300000000023e+03,4.949900000000000411e+00
1.417344700000000103e+03,4.834600000000000009e+00
1.417347199999999930e+03,4.729899999999999771e+00
1.417349600000000009e+03,4.664699999999999847e+00
1.417352100000000064e+03,4.642400000000000304e+00
1.417354499999999916e+03,4.642699999999999605e+00
1.417356899999999996e+03,4.644800000000000040e+00
1.417359400000000051e+03,4.638399999999999856e+00
1.417361799999999903e+03,4.620000000000000107e+00
1.417364299999999957e+03,4.586500000000000021e+00
1.417366700000000037e+03,4.533699999999999619e+00
1.417369099999999889e+03,4.467600000000000016e+00
1.417371599999999944e+03,4.412799999999999834e+00
1.417374000000000024e+03,4.398799999999999599e+00
1.417376500000000078e+03,4.435200000000000031e+00
1.417378899999999931e+03,4.512500000000000178e+00
1.417381300000000010e+03,4.624399999999999622e+00
1.417383800000000065e+03,4.772400000000000198e+00
1.417386199999999917e+03,4.940299999999999692e+00
1.417388699999999972e+03,5.076100000000000279e+00
1.417391100000000051e+03,5.122099999999999653e+00
1.417393600000000106e+03,5.065599999999999881e+00
1.417395999999999958e+03,4.949499999999999567e+00
1.417398400000000038e+03,4.836400000000000254e+00
1.417400900000000092e+03,4.770999999999999908e+00
1.417403299999999945e+03,4.767100000000000115e+00
1.417405799999999999e+03,4.811899999999999622e+00
1.417408200000000079e+03,4.884199999999999875e+00
1.417410599999999931e+03,4.981700000000000017e+00
1.417413099999999986e+03,5.128700000000000259e+00
1.417415500000000065e+03,5.351700000000000124e+00
1.417417999999999893e+03,5.637400000000000411e+00
1.417420399999999972e+03,5.914200000000000124e+00
1.417422900000000027e+03,6.078199999999999825e+00
1.417425300000000107e+03,6.058799999999999741e+00
1.417427699999999959e+03,5.867099999999999760e+00
1.417430200000000013e+03,5.585399999999999920e+00
1.417432600000000093e+03,5.310599999999999987e+00
1.417435099999999920e+03,5.105599999999999916e+00
1.417437500000000000e+03,4.979899999999999771e+00
1.417439900000000080e+03,4.901699999999999946e+00
1.417442399999999907e+03,4.835700000000000109e+00
1.417444799999999987e+03,4.778800000000000381e+00
1.417447300000000041e+03,4.752900000000000347e+00
1.417449699999999893e+03,4.759699999999999598e+00
1.417452099999999973e+03,4.750099999999999767e+00
1.417454600000000028e+03,4.659099999999999575e+00
1.417457000000000107e+03,4.480400000000000382e+00
1.417459499999999935e+03,4.293800000000000061e+00
1.417461900000000014e+03,4.201299999999999812e+00
1.417464400000000069e+03,4.242300000000000182e+00
1.417466799999999921e+03,4.378499999999999837e+00
1.417469200000000001e+03,4.546700000000000408e+00
1.417471700000000055e+03,4.701500000000000234e+00
1.417474099999999908e+03,4.815199999999999925e+00
1.417476599999999962e+03,4.868199999999999861e+00
1.417479000000000042e+03,4.856799999999999784e+00
1.417481399999999894e+03,4.803200000000000358e+00
1.417483899999999949e+03,4.746599999999999930e+00
1.417486300000000028e+03,4.713700000000000223e+00
1.417488800000000083e+03,4.693900000000000183e+00
1.417491199999999935e+03,4.654399999999999871e+00
1.417493699999999990e+03,4.584999999999999964e+00
1.417496100000000069e+03,4.511700000000000266e+00
1.417498499999999922e+03,4.460799999999999876e+00
1.417500999999999976e+03,4.440800000000000303e+00
1.417503400000000056e+03,4.467900000000000205e+00
1.417505900000000111e+03,4.568399999999999572e+00
1.417508299999999963e+03,4.723799999999999777e+00
1.417510700000000043e+03,4.842999999999999972e+00
1.417513200000000097e+03,4.830499999999999794e+00
1.417515599999999949e+03,4.681499999999999773e+00
1.417518100000000004e+03,4.491399999999999615e+00
1.417520500000000084e+03,4.374799999999999578e+00
1.417522899999999936e+03,4.381000000000000227e+00
1.417525399999999991e+03,4.480999999999999872e+00
1.417527800000000070e+03,4.614300000000000068e+00
1.417530299999999897e+03,4.728799999999999670e+00
1.417532699999999977e+03,4.790000000000000036e+00
1.417535200000000032e+03,4.783199999999999896e+00
1.417537600000000111e+03,4.721499999999999808e+00
1.417539999999999964e+03,4.637100000000000222e+00
1.417542500000000018e+03,4.562400000000000233e+00
1.417544900000000098e+03,4.525400000000000311e+00
1.417547399999999925e+03,4.548399999999999999e+00
1.417549800000000005e+03,4.629299999999999748e+00
1.417552200000000084e+03,4.724199999999999733e+00
1.417554699999999912e+03,4.766499999999999737e+00
1.417557099999999991e+03,4.712500000000000355e+00
1.417559600000000046e+03,4.571600000000000108e+00
1.417561999999999898e+03,4.395500000000000185e+00
1.417564499999999953e+03,4.243999999999999773e+00
1.417566900000000032e+03,4.157399999999999984e+00
1.417569300000000112e+03,4.145699999999999719e+00
1.417571799999999939e+03,4.193900000000000183e+00
1.417574200000000019e+03,4.277499999999999858e+00
1.417576700000000073e+03,4.376299999999999635e+00
1.417579099999999926e+03,4.476200000000000401e+00
1.417581500000000005e+03,4.561600000000000321e+00
1.417584000000000060e+03,4.614799999999999791e+00
1.417586399999999912e+03,4.623899999999999899e+00
1.417588899999999967e+03,4.581800000000000317e+00
1.417591300000000047e+03,4.477999999999999758e+00
1.417593800000000101e+03,4.309400000000000119e+00
1.417596199999999953e+03,4.108699999999999797e+00
1.417598600000000033e+03,3.948399999999999910e+00
1.417601100000000088e+03,3.900700000000000056e+00
1.417603499999999940e+03,3.993500000000000050e+00
1.417605999999999995e+03,4.200899999999999856e+00
1.417608400000000074e+03,4.462699999999999889e+00
1.417610799999999927e+03,4.708700000000000330e+00
1.417613299999999981e+03,4.887400000000000411e+00
1.417615700000000061e+03,4.990199999999999747e+00
1.417618199999999888e+03,5.039500000000000313e+00
1.417620599999999968e+03,5.049100000000000144e+00
1.417623000000000047e+03,5.016000000000000014e+00
1.417625500000000102e+03,4.951200000000000045e+00
1.417627899999999954e+03,4.895900000000000141e+00
1.417630400000000009e+03,4.886800000000000033e+00
1.417632800000000088e+03,4.915300000000000225e+00
1.417635299999999916e+03,4.932000000000000384e+00
1.417637699999999995e+03,4.894599999999999618e+00
1.417640100000000075e+03,4.808200000000000252e+00
1.417642599999999902e+03,4.713400000000000034e+00
1.417644999999999982e+03,4.639000000000000234e+00
1.417647500000000036e+03,4.581100000000000172e+00
1.417649899999999889e+03,4.530999999999999694e+00
1.417652299999999968e+03,4.498499999999999943e+00
1.417654800000000023e+03,4.495899999999999785e+00
1.417657200000000103e+03,4.517900000000000027e+00
1.417659699999999930e+03,4.554000000000000270e+00
1.417662100000000009e+03,4.606600000000000250e+00
1.417664600000000064e+03,4.681400000000000006e+00
1.417666999999999916e+03,4.774799999999999933e+00
1.417669399999999996e+03,4.873000000000000220e+00
1.417671900000000051e+03,4.955000000000000071e+00
1.417674299999999903e+03,4.995199999999999640e+00
1.417676799999999957e+03,4.975600000000000023e+00
1.417679200000000037e+03,4.897300000000000431e+00
1.417681599999999889e+03,4.784900000000000375e+00
1.417684099999999944e+03,4.678799999999999848e+00
1.417686500000000024e+03,4.612199999999999633e+00
1.417689000000000078e+03,4.585399999999999920e+00
1.417691399999999931e+03,4.562899999999999956e+00
1.417693800000000010e+03,4.501400000000000290e+00
1.417696300000000065e+03,4.383799999999999919e+00
1.417698699999999917e+03,4.239200000000000301e+00
1.417701199999999972e+03,4.129500000000000171e+00
1.417703600000000051e+03,4.105000000000000426e+00
1.417706100000000106e+03,4.169599999999999973e+00
1.417708499999999958e+03,4.294100000000000250e+00
1.417710900000000038e+03,4.453299999999999592e+00
1.417713400000000092e+03,4.633300000000000196e+00
1.417715799999999945e+03,4.808799999999999741e+00
1.417718299999999999e+03,4.932599999999999874e+00
1.417720700000000079e+03,4.960700000000000109e+00
1.417723099999999931e+03,4.884699999999999598e+00
1.417725599999999986e+03,4.738000000000000433e+00
1.417728000000000065e+03,4.577799999999999869e+00
1.417730499999999893e+03,4.461599999999999788e+00
1.417732899999999972e+03,4.428200000000000358e+00
1.417735400000000027e+03,4.485999999999999766e+00
1.417737800000000107e+03,4.605100000000000193e+00
1.417740199999999959e+03,4.718399999999999928e+00
1.417742700000000013e+03,4.748300000000000409e+00
1.417745100000000093e+03,4.655400000000000205e+00
1.417747599999999920e+03,4.473200000000000287e+00
1.417750000000000000e+03,4.297399999999999665e+00
1.417752400000000080e+03,4.231099999999999639e+00
1.417754899999999907e+03,4.312800000000000189e+00
1.417757299999999987e+03,4.481300000000000061e+00
1.417759800000000041e+03,4.623800000000000132e+00
1.417762199999999893e+03,4.666699999999999626e+00
1.417764599999999973e+03,4.615199999999999747e+00
1.417767100000000028e+03,4.522100000000000009e+00
1.417769500000000107e+03,4.445100000000000051e+00
1.417771999999999935e+03,4.424100000000000144e+00
1.417774400000000014e+03,4.466199999999999726e+00
1.417776900000000069e+03,4.543599999999999639e+00
1.417779299999999921e+03,4.614799999999999791e+00
1.417781700000000001e+03,4.646799999999999820e+00
1.417784200000000055e+03,4.617300000000000182e+00
1.417786599999999908e+03,4.522499999999999964e+00
1.417789099999999962e+03,4.393099999999999561e+00
1.417791500000000042e+03,4.280100000000000016e+00
1.417793899999999894e+03,4.213899999999999757e+00
1.417796399999999949e+03,4.193299999999999805e+00
1.417798800000000028e+03,4.213099999999999845e+00
1.417801300000000083e+03,4.272100000000000009e+00
1.417803699999999935e+03,4.349300000000000388e+00
1.417806199999999990e+03,4.403500000000000192e+00
1.417808600000000069e+03,4.417399999999999771e+00
1.417810999999999922e+03,4.425399999999999778e+00
1.417813499999999976e+03,4.477999999999999758e+00
1.417815900000000056e+03,4.584299999999999820e+00
1.417818400000000111e+03,4.705899999999999750e+00
1.417820799999999963e+03,4.800699999999999967e+00
1.417823200000000043e+03,4.854400000000000048e+00
1.417825700000000097e+03,4.875000000000000000e+00
1.417828099999999949e+03,4.873599999999999710e+00
1.417830600000000004e+03,4.855000000000000426e+00
1.417833000000000084e+03,4.816799999999999748e+00
1.417835399999999936e+03,4.756300000000000416e+00
1.417837899999999991e+03,4.676499999999999879e+00
1.417840300000000070e+03,4.589500000000000135e+00
1.417842799999999897e+03,4.517299999999999649e+00
1.417845199999999977e+03,4.481399999999999828e+00
1.417847700000000032e+03,4.487700000000000244e+00
1.417850100000000111e+03,4.525400000000000311e+00
1.417852499999999964e+03,4.579600000000000115e+00
1.417855000000000018e+03,4.636099999999999888e+00
1.417857400000000098e+03,4.677399999999999558e+00
1.417859899999999925e+03,4.685500000000000220e+00
1.417862300000000005e+03,4.652499999999999858e+00
1.417864700000000084e+03,4.586000000000000298e+00
1.417867199999999912e+03,4.511999999999999567e+00
1.417869599999999991e+03,4.474499999999999922e+00
1.417872100000000046e+03,4.511899999999999800e+00
1.417874499999999898e+03,4.614799999999999791e+00
1.417876999999999953e+03,4.712799999999999656e+00
1.417879400000000032e+03,4.722599999999999909e+00
1.417881800000000112e+03,4.614700000000000024e+00
1.417884299999999939e+03,4.428399999999999892e+00
1.417886700000000019e+03,4.234499999999999709e+00
1.417889200000000073e+03,4.096000000000000085e+00
1.417891599999999926e+03,4.047500000000000320e+00
1.417894000000000005e+03,4.087500000000000355e+00
1.417896500000000060e+03,4.185800000000000409e+00
1.417898899999999912e+03,4.306400000000000006e+00
1.417901399999999967e+03,4.422900000000000276e+00
1.417903800000000047e+03,4.515900000000000247e+00
1.417906199999999899e+03,4.567899999999999849e+00
1.417908699999999953e+03,4.569700000000000095e+00
1.417911100000000033e+03,4.527000000000000135e+00
1.417913600000000088e+03,4.463400000000000034e+00
1.417915999999999940e+03,4.427500000000000213e+00
1.417918499999999995e+03,4.482899999999999885e+00
1.417920900000000074e+03,4.662700000000000067e+00
1.417923299999999927e+03,4.924299999999999677e+00
1.417925799999999981e+03,5.160000000000000142e+00
1.417928200000000061e+03,5.262299999999999756e+00
1.417930699999999888e+03,5.194200000000000372e+00
1.417933099999999968e+03,5.002799999999999692e+00
1.417935500000000047e+03,4.771099999999999675e+00
1.417938000000000102e+03,4.560999999999999943e+00
1.417940399999999954e+03,4.401200000000000223e+00
1.417942900000000009e+03,4.305100000000000371e+00
1.417945300000000088e+03,4.281200000000000117e+00
1.417947799999999916e+03,4.324099999999999611e+00
1.417950199999999995e+03,4.403500000000000192e+00
1.417952600000000075e+03,4.477599999999999802e+00
1.417955099999999902e+03,4.527199999999999669e+00
1.417957499999999982e+03,4.565900000000000070e+00
1.417960000000000036e+03,4.608500000000000263e+00
1.417962399999999889e+03,4.639000000000000234e+00
1.417964799999999968e+03,4.623400000000000176e+00
1.417967300000000023e+03,4.552200000000000024e+00
1.417969700000000103e+03,4.460300000000000153e+00
1.417972199999999930e+03,4.400100000000000122e+00
1.417974600000000009e+03,4.398299999999999876e+00
1.417977100000000064e+03,4.443200000000000038e+00
1.417979499999999916e+03,4.514300000000000423e+00
1.417981899999999996e+03,4.607199999999999740e+00
1.417984400000000051e+03,4.715499999999999581e+00
1.417986799999999903e+03,4.807699999999999640e+00
1.417989299999999957e+03,4.848200000000000287e+00
1.417991700000000037e+03,4.836999999999999744e+00
1.417994099999999889e+03,4.810399999999999565e+00
1.417996599999999944e+03,4.803300000000000125e+00
1.417999000000000024e+03,4.823599999999999888e+00
1.418001500000000078e+03,4.860699999999999577e+00
1.418003899999999931e+03,4.902800000000000047e+00
1.418006300000000010e+03,4.930299999999999905e+00
1.418008800000000065e+03,4.905499999999999972e+00
1.418011199999999917e+03,4.789299999999999891e+00
1.418013699999999972e+03,4.580400000000000027e+00
1.418016100000000051e+03,4.338899999999999757e+00
1.418018600000000106e+03,4.169400000000000439e+00
1.418020999999999958e+03,4.159699999999999953e+00
1.418023400000000038e+03,4.320599999999999774e+00
1.418025900000000092e+03,4.586299999999999599e+00
1.418028299999999945e+03,4.870599999999999596e+00
1.418030799999999999e+03,5.111900000000000333e+00
1.418033200000000079e+03,5.274700000000000166e+00
1.418035599999999931e+03,5.336899999999999977e+00
1.418038099999999986e+03,5.292399999999999771e+00
1.418040500000000065e+03,5.160800000000000054e+00
1.418042999999999893e+03,4.986200000000000188e+00
1.418045399999999972e+03,4.822199999999999598e+00
1.418047900000000027e+03,4.706000000000000405e+00
1.418050300000000107e+03,4.645199999999999996e+00
1.418052699999999959e+03,4.633799999999999919e+00
1.418055200000000013e+03,4.673300000000000232e+00
1.418057600000000093e+03,4.768200000000000216e+00
1.418060099999999920e+03,4.904499999999999638e+00
1.418062500000000000e+03,5.043700000000000294e+00
1.418064900000000080e+03,5.145599999999999952e+00
1.418067399999999907e+03,5.191699999999999982e+00
1.418069799999999987e+03,5.185100000000000264e+00
1.418072300000000041e+03,5.134100000000000108e+00
1.418074699999999893e+03,5.046000000000000263e+00
1.418077099999999973e+03,4.937299999999999578e+00
1.418079600000000028e+03,4.844699999999999562e+00
1.418082000000000107e+03,4.813500000000000334e+00
1.418084499999999935e+03,4.862000000000000099e+00
1.418086900000000014e+03,4.955499999999999794e+00
1.418089400000000069e+03,5.029099999999999682e+00
1.418091799999999921e+03,5.039900000000000269e+00
1.418094200000000001e+03,4.993100000000000094e+00
1.418096700000000055e+03,4.918300000000000338e+00
1.418099099999999908e+03,4.838499999999999801e+00
1.418101599999999962e+03,4.764700000000000379e+00
1.418104000000000042e+03,4.698800000000000310e+00
1.418106399999999894e+03,4.629500000000000171e+00
1.418108899999999949e+03,4.538999999999999702e+00
1.418111300000000028e+03,4.429199999999999804e+00
1.418113800000000083e+03,4.336199999999999832e+00
1.418116199999999935e+03,4.311499999999999666e+00
1.418118699999999990e+03,4.387900000000000134e+00
1.418121100000000069e+03,4.560299999999999798e+00
1.418123499999999922e+03,4.791100000000000136e+00
1.418125999999999976e+03,5.038899999999999935e+00
1.418128400000000056e+03,5.282899999999999707e+00
1.418130900000000111e+03,5.513899999999999579e+00
1.418133299999999963e+03,5.700199999999999712e+00
1.418135700000000043e+03,5.782199999999999562e+00
1.418138200000000097e+03,5.728100000000000414e+00
1.418140599999999949e+03,5.586299999999999599e+00
1.418143100000000004e+03,5.451800000000000423e+00
1.418145500000000084e+03,5.373099999999999987e+00
1.418147899999999936e+03,5.315599999999999881e+00
1.418150399999999991e+03,5.223600000000000243e+00
1.418152800000000070e+03,5.101600000000000357e+00
1.418155299999999897e+03,5.022700000000000387e+00
1.418157699999999977e+03,5.067999999999999616e+00
1.418160200000000032e+03,5.260699999999999932e+00
1.418162600000000111e+03,5.537200000000000344e+00
1.418164999999999964e+03,5.765299999999999869e+00
1.418167500000000018e+03,5.810900000000000176e+00
1.418169900000000098e+03,5.626900000000000013e+00
1.418172399999999925e+03,5.294500000000000206e+00
1.418174800000000005e+03,4.966499999999999915e+00
1.418177200000000084e+03,4.757399999999999629e+00
1.418179699999999912e+03,4.682400000000000340e+00
1.418182099999999991e+03,4.686499999999999666e+00
1.418184600000000046e+03,4.706699999999999662e+00
1.418186999999999898e+03,4.704299999999999926e+00
1.418189499999999953e+03,4.669400000000000439e+00
1.418191900000000032e+03,4.616600000000000037e+00
1.418194300000000112e+03,4.572099999999999831e+00
1.418196799999999939e+03,4.553399999999999892e+00
1.418199200000000019e+03,4.564000000000000057e+00
1.418201700000000073e+03,4.607199999999999740e+00
1.418204099999999926e+03,4.690199999999999925e+00
1.418206500000000005e+03,4.804199999999999804e+00
1.418209000000000060e+03,4.914399999999999658e+00
1.418211399999999912e+03,4.986299999999999955e+00
1.418213899999999967e+03,5.012800000000000367e+00
1.418216300000000047e+03,5.009999999999999787e+00
1.418218800000000101e+03,4.995099999999999874e+00
1.418221199999999953e+03,4.981300000000000061e+00
1.418223600000000033e+03,4.988900000000000112e+00
1.418226100000000088e+03,5.051800000000000068e+00
1.418228499999999940e+03,5.197499999999999787e+00
1.418230999999999995e+03,5.409299999999999997e+00
1.418233400000000074e+03,5.613299999999999734e+00
1.418235799999999927e+03,5.714699999999999669e+00
1.418238299999999981e+03,5.654700000000000060e+00
1.418240700000000061e+03,5.448199999999999932e+00
1.418243199999999888e+03,5.189099999999999824e+00
1.418245599999999968e+03,5.008099999999999774e+00
1.418248000000000047e+03,4.991999999999999993e+00
1.418250500000000102e+03,5.117200000000000415e+00
1.418252899999999954e+03,5.262500000000000178e+00
1.418255400000000009e+03,5.301899999999999835e+00
1.418257800000000088e+03,5.196200000000000152e+00
1.418260299999999916e+03,5.002699999999999925e+00
1.418262699999999995e+03,4.803200000000000358e+00
1.418265100000000075e+03,4.637500000000000178e+00
1.418267599999999902e+03,4.505799999999999805e+00
1.418269999999999982e+03,4.412799999999999834e+00
1.418272500000000036e+03,4.379500000000000171e+00
1.418274899999999889e+03,4.412499999999999645e+00
1.418277299999999968e+03,4.488199999999999967e+00
1.418279800000000023e+03,4.579699999999999882e+00
1.418282200000000103e+03,4.680200000000000138e+00
1.418284699999999930e+03,4.788999999999999702e+00
1.418287100000000009e+03,4.892299999999999649e+00
1.418289600000000064e+03,4.971199999999999619e+00
1.418291999999999916e+03,5.016200000000000436e+00
1.418294399999999996e+03,5.018699999999999939e+00
1.418296900000000051e+03,4.960499999999999687e+00
1.418299299999999903e+03,4.830599999999999561e+00
1.418301799999999957e+03,4.653999999999999915e+00
1.418304200000000037e+03,4.486900000000000333e+00
1.418306599999999889e+03,4.372300000000000075e+00
1.418309099999999944e+03,4.312199999999999811e+00
1.418311500000000024e+03,4.298899999999999721e+00
1.418314000000000078e+03,4.353200000000000180e+00
1.418316399999999931e+03,4.502600000000000158e+00
1.418318800000000010e+03,4.734700000000000131e+00
1.418321300000000065e+03,4.994100000000000428e+00
1.418323699999999917e+03,5.217999999999999972e+00
1.418326199999999972e+03,5.362899999999999778e+00
1.418328600000000051e+03,5.421599999999999753e+00
1.418331100000000106e+03,5.437999999999999723e+00
1.418333499999999958e+03,5.487499999999999822e+00
1.418335900000000038e+03,5.607899999999999885e+00
1.418338400000000092e+03,5.751699999999999591e+00
1.418340799999999945e+03,5.821900000000000297e+00
1.418343299999999999e+03,5.751900000000000013e+00
1.418345700000000079e+03,5.547299999999999898e+00
1.418348099999999931e+03,5.261400000000000077e+00
1.418350599999999986e+03,4.954799999999999649e+00
1.418353000000000065e+03,4.687500000000000000e+00
1.418355499999999893e+03,4.523399999999999643e+00
1.418357899999999972e+03,4.499600000000000044e+00
1.418360400000000027e+03,4.583700000000000330e+00
1.418362800000000107e+03,4.686399999999999899e+00
1.418365199999999959e+03,4.729899999999999771e+00
1.418367700000000013e+03,4.695400000000000240e+00
1.418370100000000093e+03,4.615700000000000358e+00
1.418372599999999920e+03,4.544800000000000395e+00
1.418375000000000000e+03,4.530000000000000249e+00
1.418377400000000080e+03,4.577799999999999869e+00
1.418379899999999907e+03,4.635799999999999699e+00
1.418382299999999987e+03,4.634199999999999875e+00
1.418384800000000041e+03,4.558799999999999741e+00
1.418387199999999893e+03,4.470299999999999940e+00
1.418389599999999973e+03,4.439400000000000013e+00
1.418392100000000028e+03,4.477999999999999758e+00
1.418394500000000107e+03,4.544999999999999929e+00
1.418396999999999935e+03,4.591000000000000192e+00
1.418399400000000014e+03,4.582699999999999996e+00
1.418401900000000069e+03,4.511499999999999844e+00
1.418404299999999921e+03,4.399899999999999700e+00
1.418406700000000001e+03,4.286599999999999966e+00
1.418409200000000055e+03,4.200499999999999901e+00
1.418411599999999908e+03,4.157099999999999795e+00
1.418414099999999962e+03,4.164799999999999613e+00
1.418416500000000042e+03,4.217900000000000205e+00
1.418418899999999894e+03,4.294500000000000206e+00
1.418421399999999949e+03,4.374200000000000088e+00
1.418423800000000028e+03,4.453599999999999781e+00
1.418426300000000083e+03,4.533500000000000085e+00
1.418428699999999935e+03,4.593499999999999694e+00
1.418431199999999990e+03,4.595900000000000318e+00
1.418433600000000069e+03,4.529499999999999638e+00
1.418435999999999922e+03,4.439899999999999736e+00
1.418438499999999976e+03,4.399799999999999933e+00
1.418440900000000056e+03,4.447499999999999787e+00
1.418443400000000111e+03,4.561899999999999622e+00
1.418445799999999963e+03,4.692599999999999660e+00
1.418448200000000043e+03,4.797299999999999898e+00
1.418450700000000097e+03,4.847599999999999909e+00
1.418453099999999949e+03,4.819099999999999717e+00
1.418455600000000004e+03,4.694499999999999673e+00
1.418458000000000084e+03,4.489099999999999646e+00
1.418460399999999936e+03,4.265699999999999825e+00
1.418462899999999991e+03,4.106200000000000294e+00
1.418465300000000070e+03,4.054599999999999760e+00
1.418467799999999897e+03,4.085700000000000109e+00
1.418470199999999977e+03,4.136899999999999800e+00
1.418472700000000032e+03,4.172699999999999854e+00
1.418475100000000111e+03,4.212799999999999656e+00
1.418477499999999964e+03,4.293599999999999639e+00
1.418480000000000018e+03,4.409299999999999997e+00
1.418482400000000098e+03,4.500799999999999912e+00
1.418484899999999925e+03,4.504199999999999982e+00
1.418487300000000005e+03,4.409900000000000375e+00
1.418489700000000084e+03,4.270599999999999952e+00
1.418492199999999912e+03,4.158800000000000274e+00
1.418494599999999991e+03,4.120400000000000063e+00
1.418497100000000046e+03,4.159900000000000375e+00
1.418499499999999898e+03,4.258600000000000385e+00
1.418501999999999953e+03,4.390399999999999636e+00
1.418504400000000032e+03,4.520199999999999996e+00
1.418506800000000112e+03,4.606700000000000017e+00
1.418509299999999939e+03,4.631499999999999950e+00
1.418511700000000019e+03,4.620700000000000252e+00
1.418514200000000073e+03,4.621000000000000441e+00
1.418516599999999926e+03,4.655800000000000161e+00
1.418519000000000005e+03,4.715900000000000425e+00
1.418521500000000060e+03,4.781500000000000306e+00
1.418523899999999912e+03,4.838599999999999568e+00
1.418526399999999967e+03,4.879100000000000215e+00
1.418528800000000047e+03,4.902199999999999669e+00
1.418531199999999899e+03,4.917099999999999582e+00
1.418533699999999953e+03,4.937599999999999767e+00
1.418536100000000033e+03,4.983299999999999841e+00
1.418538600000000088e+03,5.099099999999999966e+00
1.418540999999999940e+03,5.380099999999999660e+00
1.418543499999999995e+03,5.941200000000000259e+00
1.418545900000000074e+03,6.775900000000000034e+00
1.418548299999999927e+03,7.601899999999999658e+00
1.418550799999999981e+03,7.964900000000000091e+00
1.418553200000000061e+03,7.631199999999999761e+00
1.418555699999999888e+03,6.825899999999999856e+00
1.418558099999999968e+03,5.993999999999999773e+00
1.418560500000000047e+03,5.410400000000000098e+00
1.418563000000000102e+03,5.084800000000000431e+00
1.418565399999999954e+03,4.921700000000000408e+00
1.418567900000000009e+03,4.855199999999999960e+00
1.418570300000000088e+03,4.858500000000000263e+00
1.418572799999999916e+03,4.901200000000000223e+00
1.418575199999999995e+03,4.934099999999999930e+00
1.418577600000000075e+03,4.915300000000000225e+00
1.418580099999999902e+03,4.845900000000000318e+00
1.418582499999999982e+03,4.772199999999999775e+00
1.418585000000000036e+03,4.748400000000000176e+00
1.418587399999999889e+03,4.791699999999999626e+00
1.418589799999999968e+03,4.870800000000000018e+00
1.418592300000000023e+03,4.937899999999999956e+00
1.418594700000000103e+03,4.964100000000000179e+00
1.418597199999999930e+03,4.942000000000000171e+00
1.418599600000000009e+03,4.872799999999999798e+00
1.418602100000000064e+03,4.766300000000000203e+00
1.418604499999999916e+03,4.650999999999999801e+00
1.418606899999999996e+03,4.569300000000000139e+00
1.418609400000000051e+03,4.552399999999999558e+00
1.418611799999999903e+03,4.598799999999999777e+00
1.418614299999999957e+03,4.681899999999999729e+00
1.418616700000000037e+03,4.773600000000000065e+00
1.418619099999999889e+03,4.849999999999999645e+00
1.418621599999999944e+03,4.880099999999999660e+00
1.418624000000000024e+03,4.828999999999999737e+00
1.418626500000000078e+03,4.687100000000000044e+00
1.418628899999999931e+03,4.488699999999999690e+00
1.418631300000000010e+03,4.298799999999999955e+00
1.418633800000000065e+03,4.183699999999999974e+00
1.418636199999999917e+03,4.187800000000000189e+00
1.418638699999999972e+03,4.322099999999999831e+00
1.418641100000000051e+03,4.560200000000000031e+00
1.418643600000000106e+03,4.842800000000000438e+00
1.418645999999999958e+03,5.094000000000000306e+00
1.418648400000000038e+03,5.247399999999999842e+00
1.418650900000000092e+03,5.269899999999999807e+00
1.418653299999999945e+03,5.166299999999999670e+00
1.418655799999999999e+03,4.965499999999999581e+00
1.418658200000000079e+03,4.711199999999999832e+00
1.418660599999999931e+03,4.462500000000000355e+00
1.418663099999999986e+03,4.279799999999999827e+00
1.418665500000000065e+03,4.192499999999999893e+00
1.418667999999999893e+03,4.189799999999999969e+00
1.418670399999999972e+03,4.257100000000000328e+00
1.418672900000000027e+03,4.393900000000000361e+00
1.418675300000000107e+03,4.574200000000000266e+00
1.418677699999999959e+03,4.716000000000000192e+00
1.418680200000000013e+03,4.732199999999999740e+00
1.418682600000000093e+03,4.610299999999999621e+00
1.418685099999999920e+03,4.422100000000000364e+00
1.418687500000000000e+03,4.259000000000000341e+00
1.418689900000000080e+03,4.177699999999999747e+00
1.418692399999999907e+03,4.194799999999999862e+00
1.418694799999999987e+03,4.296400000000000219e+00
1.418697300000000041e+03,4.446399999999999686e+00
1.418699699999999893e+03,4.605100000000000193e+00
1.418702099999999973e+03,4.750099999999999767e+00
1.418704600000000028e+03,4.869799999999999685e+00
1.418707000000000107e+03,4.944399999999999906e+00
1.418709499999999935e+03,4.951399999999999579e+00
1.418711900000000014e+03,4.889000000000000234e+00
1.418714400000000069e+03,4.779300000000000104e+00
1.418716799999999921e+03,4.652400000000000091e+00
1.418719200000000001e+03,4.541999999999999815e+00
1.418721700000000055e+03,4.485199999999999854e+00
1.418724099999999908e+03,4.503400000000000070e+00
1.418726599999999962e+03,4.583599999999999675e+00
1.418729000000000042e+03,4.689199999999999591e+00
1.418731399999999894e+03,4.789699999999999847e+00
1.418733899999999949e+03,4.879900000000000126e+00
1.418736300000000028e+03,4.978799999999999670e+00
1.418738800000000083e+03,5.105800000000000338e+00
1.418741199999999935e+03,5.252299999999999969e+00
1.418743699999999990e+03,5.383700000000000152e+00
1.418746100000000069e+03,5.470100000000000406e+00
1.418748499999999922e+03,5.499500000000000277e+00
1.418750999999999976e+03,5.461400000000000254e+00
1.418753400000000056e+03,5.342200000000000060e+00
1.418755900000000111e+03,5.148399999999999643e+00
1.418758299999999963e+03,4.918999999999999595e+00
1.418760700000000043e+03,4.711899999999999977e+00
1.418763200000000097e+03,4.579500000000000348e+00
1.418765599999999949e+03,4.544100000000000250e+00
1.418768100000000004e+03,4.584399999999999586e+00
1.418770500000000084e+03,4.647899999999999920e+00
1.418772899999999936e+03,4.685900000000000176e+00
1.418775399999999991e+03,4.675799999999999734e+00
1.418777800000000070e+03,4.614899999999999558e+00
1.418780299999999897e+03,4.509800000000000253e+00
1.418782699999999977e+03,4.381599999999999717e+00
1.418785200000000032e+03,4.274099999999999788e+00
1.418787600000000111e+03,4.237599999999999589e+00
1.418789999999999964e+03,4.288899999999999935e+00
1.418792500000000018e+03,4.388200000000000323e+00
1.418794900000000098e+03,4.461999999999999744e+00
1.418797399999999925e+03,4.459900000000000198e+00
1.418799800000000005e+03,4.393399999999999750e+00
1.418802200000000084e+03,4.319600000000000328e+00
1.418804699999999912e+03,4.283599999999999852e+00
1.418807099999999991e+03,4.281900000000000261e+00
1.418809600000000046e+03,4.280400000000000205e+00
1.418811999999999898e+03,4.255200000000000315e+00
1.418814499999999953e+03,4.214999999999999858e+00
1.418816900000000032e+03,4.192899999999999849e+00
1.418819300000000112e+03,4.215200000000000280e+00
1.418821799999999939e+03,4.273900000000000254e+00
1.418824200000000019e+03,4.334600000000000009e+00
1.418826700000000073e+03,4.377100000000000435e+00
1.418829099999999926e+03,4.422500000000000320e+00
1.418831500000000005e+03,4.513300000000000090e+00
1.418834000000000060e+03,4.670600000000000307e+00
1.418836399999999912e+03,4.874100000000000321e+00
1.418838899999999967e+03,5.075700000000000323e+00
1.418841300000000047e+03,5.227400000000000269e+00
1.418843800000000101e+03,5.300799999999999734e+00
1.418846199999999953e+03,5.289799999999999613e+00
1.418848600000000033e+03,5.203000000000000291e+00
1.418851100000000088e+03,5.058399999999999785e+00
1.418853499999999940e+03,4.882200000000000095e+00
1.418855999999999995e+03,4.708099999999999952e+00
1.418858400000000074e+03,4.569899999999999629e+00
1.418860799999999927e+03,4.481700000000000017e+00
1.418863299999999981e+03,4.428399999999999892e+00
1.418865700000000061e+03,4.386800000000000033e+00
1.418868199999999888e+03,4.352800000000000225e+00
1.418870599999999968e+03,4.339599999999999902e+00
1.418873000000000047e+03,4.357800000000000118e+00
1.418875500000000102e+03,4.400400000000000311e+00
1.418877899999999954e+03,4.432500000000000107e+00
1.418880400000000009e+03,4.405000000000000249e+00
1.418882800000000088e+03,4.298499999999999766e+00
1.418885299999999916e+03,4.153900000000000148e+00
1.418887699999999995e+03,4.043499999999999872e+00
1.418890100000000075e+03,4.013700000000000045e+00
1.418892599999999902e+03,4.059099999999999930e+00
1.418894999999999982e+03,4.147199999999999775e+00
1.418897500000000036e+03,4.256000000000000227e+00
1.418899899999999889e+03,4.385799999999999699e+00
1.418902299999999968e+03,4.532899999999999707e+00
1.418904800000000023e+03,4.659200000000000230e+00
1.418907200000000103e+03,4.705400000000000027e+00
1.418909699999999930e+03,4.639999999999999680e+00
1.418912100000000009e+03,4.494900000000000340e+00
1.418914600000000064e+03,4.353900000000000325e+00
1.418916999999999916e+03,4.298099999999999810e+00
1.418919399999999996e+03,4.353799999999999670e+00
1.418921900000000051e+03,4.486100000000000421e+00
1.418924299999999903e+03,4.637599999999999945e+00
1.418926799999999957e+03,4.769000000000000128e+00
1.418929200000000037e+03,4.866200000000000081e+00
1.418931599999999889e+03,4.927800000000000402e+00
1.418934099999999944e+03,4.962399999999999700e+00
1.418936500000000024e+03,4.994299999999999962e+00
1.418939000000000078e+03,5.056499999999999773e+00
1.418941399999999931e+03,5.162200000000000344e+00
1.418943800000000010e+03,5.278200000000000003e+00
1.418946300000000065e+03,5.339199999999999946e+00
1.418948699999999917e+03,5.303099999999999703e+00
1.418951199999999972e+03,5.187599999999999767e+00
1.418953600000000051e+03,5.043199999999999683e+00
1.418956100000000106e+03,4.902400000000000091e+00
1.418958499999999958e+03,4.769899999999999807e+00
1.418960900000000038e+03,4.647800000000000153e+00
1.418963400000000092e+03,4.552599999999999980e+00
1.418965799999999945e+03,4.501900000000000013e+00
1.418968299999999999e+03,4.493400000000000283e+00
1.418970700000000079e+03,4.501900000000000013e+00
1.418973099999999931e+03,4.502900000000000347e+00
1.418975599999999986e+03,4.492799999999999905e+00
1.418978000000000065e+03,4.479400000000000048e+00
1.418980499999999893e+03,4.463300000000000267e+00
1.418982899999999972e+03,4.439199999999999591e+00
1.418985400000000027e+03,4.413000000000000256e+00
1.418987800000000107e+03,4.405300000000000438e+00
1.418990199999999959e+03,4.432299999999999685e+00
1.418992700000000013e+03,4.480500000000000149e+00
1.418995100000000093e+03,4.507600000000000051e+00
1.418997599999999920e+03,4.474099999999999966e+00
1.419000000000000000e+03,4.383600000000000385e+00
1.419002400000000080e+03,4.290399999999999991e+00
1.419004899999999907e+03,4.264400000000000190e+00
1.419007299999999987e+03,4.339000000000000412e+00
1.419009800000000041e+03,4.487800000000000011e+00
1.419012199999999893e+03,4.648100000000000342e+00
1.419014599999999973e+03,4.760699999999999932e+00
1.419017100000000028e+03,4.797100000000000364e+00
1.419019500000000107e+03,4.765900000000000247e+00
1.419021999999999935e+03,4.704699999999999882e+00
1.419024400000000014e+03,4.659699999999999953e+00
1.419026900000000069e+03,4.657099999999999795e+00
1.419029299999999921e+03,4.687700000000000422e+00
1.419031700000000001e+03,4.730800000000000338e+00
1.419034200000000055e+03,4.789900000000000269e+00
1.419036599999999908e+03,4.887599999999999945e+00
1.419039099999999962e+03,5.028599999999999959e+00
1.419041500000000042e+03,5.184300000000000352e+00
1.419043899999999894e+03,5.310299999999999798e+00
1.419046399999999949e+03,5.366500000000000270e+00
1.419048800000000028e+03,5.332900000000000418e+00
1.419051300000000083e+03,5.226700000000000124e+00
1.419053699999999935e+03,5.101300000000000168e+00
1.419056199999999990e+03,5.015900000000000247e+00
1.419058600000000069e+03,4.995800000000000018e+00
1.419060999999999922e+03,5.020599999999999952e+00
1.419063499999999976e+03,5.044500000000000206e+00
1.419065900000000056e+03,5.024000000000000021e+00
1.419068400000000111e+03,4.936399999999999899e+00
1.419070799999999963e+03,4.796299999999999564e+00
1.419073200000000043e+03,4.666500000000000092e+00
1.419075700000000097e+03,4.632200000000000095e+00
1.419078099999999949e+03,4.740199999999999747e+00
1.419080600000000004e+03,4.958700000000000330e+00
1.419083000000000084e+03,5.197799999999999976e+00
1.419085399999999936e+03,5.363900000000000112e+00
1.419087899999999991e+03,5.404899999999999594e+00
1.419090300000000070e+03,5.326399999999999579e+00
1.419092799999999897e+03,5.176099999999999923e+00
1.419095199999999977e+03,5.007399999999999629e+00
1.419097700000000032e+03,4.853799999999999670e+00
1.419100100000000111e+03,4.720500000000000362e+00
1.419102499999999964e+03,4.589199999999999946e+00
1.419105000000000018e+03,4.444300000000000139e+00
1.419107400000000098e+03,4.305200000000000138e+00
1.419109899999999925e+03,4.221599999999999575e+00
1.419112300000000005e+03,4.226700000000000124e+00
1.419114700000000084e+03,4.305799999999999628e+00
1.419117199999999912e+03,4.416699999999999626e+00
1.419119599999999991e+03,4.527800000000000047e+00
1.419122100000000046e+03,4.623499999999999943e+00
1.419124499999999898e+03,4.689600000000000435e+00
1.419126999999999953e+03,4.718600000000000350e+00
1.419129400000000032e+03,4.725500000000000256e+00
1.419131800000000112e+03,4.735599999999999810e+00
1.419134299999999939e+03,4.755799999999999805e+00
1.419136700000000019e+03,4.772199999999999775e+00
1.419139200000000073e+03,4.781100000000000350e+00
1.419141599999999926e+03,4.806300000000000239e+00
1.419144000000000005e+03,4.872600000000000264e+00
1.419146500000000060e+03,4.968499999999999694e+00
1.419148899999999912e+03,5.051000000000000156e+00
1.419151399999999967e+03,5.085200000000000387e+00
1.419153800000000047e+03,5.070299999999999585e+00
1.419156199999999899e+03,5.026399999999999757e+00
1.419158699999999953e+03,4.972800000000000331e+00
1.419161100000000033e+03,4.921000000000000263e+00
1.419163600000000088e+03,4.875899999999999679e+00
1.419165999999999940e+03,4.829200000000000159e+00
1.419168499999999995e+03,4.758499999999999730e+00
1.419170900000000074e+03,4.650699999999999612e+00
1.419173299999999927e+03,4.528800000000000381e+00
1.419175799999999981e+03,4.445500000000000007e+00
1.419178200000000061e+03,4.443299999999999805e+00
1.419180699999999888e+03,4.517800000000000260e+00
1.419183099999999968e+03,4.619900000000000340e+00
1.419185500000000047e+03,4.692599999999999660e+00
1.419188000000000102e+03,4.706100000000000172e+00
1.419190399999999954e+03,4.656900000000000261e+00
1.419192900000000009e+03,4.552100000000000257e+00
1.419195300000000088e+03,4.410800000000000054e+00
1.419197799999999916e+03,4.276799999999999713e+00
1.419200199999999995e+03,4.204399999999999693e+00
1.419202600000000075e+03,4.220200000000000173e+00
1.419205099999999902e+03,4.302699999999999747e+00
1.419207499999999982e+03,4.407499999999999751e+00
1.419210000000000036e+03,4.504400000000000404e+00
1.419212399999999889e+03,4.578000000000000291e+00
1.419214799999999968e+03,4.608399999999999608e+00
1.419217300000000023e+03,4.581400000000000361e+00
1.419219700000000103e+03,4.515500000000000291e+00
1.419222199999999930e+03,4.455799999999999983e+00
1.419224600000000009e+03,4.442999999999999616e+00
1.419227100000000064e+03,4.493299999999999628e+00
1.419229499999999916e+03,4.595200000000000173e+00
1.419231899999999996e+03,4.711800000000000210e+00
1.419234400000000051e+03,4.793700000000000294e+00
1.419236799999999903e+03,4.802599999999999980e+00
1.419239299999999957e+03,4.735800000000000232e+00
1.419241700000000037e+03,4.640299999999999869e+00
1.419244099999999889e+03,4.601300000000000168e+00
1.419246599999999944e+03,4.694799999999999862e+00
1.419249000000000024e+03,4.930299999999999905e+00
1.419251500000000078e+03,5.229099999999999859e+00
1.419253899999999931e+03,5.461700000000000443e+00
1.419256300000000010e+03,5.521700000000000053e+00
1.419258800000000065e+03,5.390699999999999825e+00
1.419261199999999917e+03,5.144599999999999618e+00
1.419263699999999972e+03,4.893299999999999983e+00
1.419266100000000051e+03,4.706000000000000405e+00
1.419268600000000106e+03,4.591899999999999871e+00
1.419270999999999958e+03,4.536699999999999733e+00
1.419273400000000038e+03,4.527300000000000324e+00
1.419275900000000092e+03,4.538299999999999557e+00
1.419278299999999945e+03,4.530100000000000016e+00
1.419280799999999999e+03,4.487599999999999589e+00
1.419283200000000079e+03,4.451299999999999812e+00
1.419285599999999931e+03,4.483600000000000030e+00
1.419288099999999986e+03,4.593600000000000350e+00
1.419290500000000065e+03,4.712200000000000166e+00
1.419292999999999893e+03,4.757399999999999629e+00
1.419295399999999972e+03,4.713000000000000078e+00
1.419297900000000027e+03,4.630399999999999849e+00
1.419300300000000107e+03,4.572600000000000442e+00
1.419302699999999959e+03,4.582399999999999807e+00
1.419305200000000013e+03,4.678600000000000314e+00
1.419307600000000093e+03,4.843899999999999650e+00
1.419310099999999920e+03,5.018500000000000405e+00
1.419312500000000000e+03,5.134900000000000020e+00
1.419314900000000080e+03,5.169299999999999784e+00
1.419317399999999907e+03,5.151900000000000368e+00
1.419319799999999987e+03,5.121100000000000207e+00
1.419322300000000041e+03,5.077600000000000335e+00
1.419324699999999893e+03,4.998599999999999710e+00
1.419327099999999973e+03,4.891499999999999737e+00
1.419329600000000028e+03,4.809499999999999886e+00
1.419332000000000107e+03,4.800300000000000011e+00
1.419334499999999935e+03,4.857999999999999652e+00
1.419336900000000014e+03,4.933399999999999785e+00
1.419339400000000069e+03,4.979499999999999815e+00
1.419341799999999921e+03,4.976499999999999702e+00
1.419344200000000001e+03,4.922900000000000276e+00
1.419346700000000055e+03,4.821799999999999642e+00
1.419349099999999908e+03,4.684000000000000163e+00
1.419351599999999962e+03,4.535899999999999821e+00
1.419354000000000042e+03,4.412799999999999834e+00
1.419356399999999894e+03,4.338300000000000267e+00
1.419358899999999949e+03,4.315299999999999692e+00
1.419361300000000028e+03,4.339900000000000091e+00
1.419363800000000083e+03,4.412600000000000300e+00
1.419366199999999935e+03,4.522499999999999964e+00
1.419368699999999990e+03,4.632699999999999818e+00
1.419371100000000069e+03,4.702700000000000102e+00
1.419373499999999922e+03,4.720699999999999896e+00
1.419375999999999976e+03,4.692999999999999616e+00
1.419378400000000056e+03,4.615199999999999747e+00
1.419380900000000111e+03,4.483200000000000074e+00
1.419383299999999963e+03,4.330599999999999561e+00
1.419385700000000043e+03,4.224300000000000388e+00
1.419388200000000097e+03,4.211899999999999977e+00
1.419390599999999949e+03,4.283199999999999896e+00
1.419393100000000004e+03,4.387800000000000367e+00
1.419395500000000084e+03,4.479099999999999859e+00
1.419397899999999936e+03,4.539399999999999658e+00
1.419400399999999991e+03,4.571500000000000341e+00
1.419402800000000070e+03,4.575099999999999945e+00
1.419405299999999897e+03,4.540899999999999714e+00
1.419407699999999977e+03,4.474899999999999878e+00
1.419410200000000032e+03,4.416400000000000325e+00
1.419412600000000111e+03,4.415300000000000225e+00
1.419414999999999964e+03,4.485899999999999999e+00
1.419417500000000018e+03,4.591899999999999871e+00
1.419419900000000098e+03,4.676700000000000301e+00
1.419422399999999925e+03,4.702899999999999636e+00
1.419424800000000005e+03,4.671800000000000175e+00
1.419427200000000084e+03,4.619900000000000340e+00
1.419429699999999912e+03,4.600600000000000023e+00
1.419432099999999991e+03,4.645299999999999763e+00
1.419434600000000046e+03,4.727800000000000225e+00
1.419436999999999898e+03,4.780599999999999739e+00
1.419439499999999953e+03,4.760600000000000165e+00
1.419441900000000032e+03,4.687000000000000277e+00
1.419444300000000112e+03,4.604000000000000092e+00
1.419446799999999939e+03,4.526500000000000412e+00
1.419449200000000019e+03,4.443500000000000227e+00
1.419451700000000073e+03,4.354300000000000281e+00
1.419454099999999926e+03,4.268600000000000172e+00
1.419456500000000005e+03,4.178200000000000358e+00
1.419459000000000060e+03,4.060800000000000409e+00
1.419461399999999912e+03,3.920599999999999863e+00
1.419463899999999967e+03,3.807799999999999851e+00
1.419466300000000047e+03,3.778799999999999937e+00
1.419468800000000101e+03,3.838600000000000012e+00
1.419471199999999953e+03,3.933300000000000018e+00
1.419473600000000033e+03,3.999800000000000022e+00
1.419476100000000088e+03,4.015699999999999825e+00
1.419478499999999940e+03,4.005700000000000038e+00
1.419480999999999995e+03,4.012199999999999989e+00
1.419483400000000074e+03,4.057699999999999640e+00
1.419485799999999927e+03,4.124100000000000321e+00
1.419488299999999981e+03,4.173399999999999999e+00
1.419490700000000061e+03,4.187700000000000422e+00
1.419493199999999888e+03,4.176899999999999835e+00
1.419495599999999968e+03,4.162600000000000300e+00
1.419498000000000047e+03,4.175699999999999967e+00
1.419500500000000102e+03,4.246500000000000163e+00
1.419502899999999954e+03,4.363699999999999690e+00
1.419505400000000009e+03,4.460300000000000153e+00
1.419507800000000088e+03,4.470799999999999663e+00
1.419510299999999916e+03,4.397899999999999920e+00
1.419512699999999995e+03,4.311700000000000088e+00
1.419515100000000075e+03,4.288199999999999790e+00
1.419517599999999902e+03,4.349400000000000155e+00
1.419519999999999982e+03,4.456500000000000128e+00
1.419522500000000036e+03,4.546299999999999564e+00
1.419524899999999889e+03,4.567700000000000315e+00
1.419527299999999968e+03,4.501500000000000057e+00
1.419529800000000023e+03,4.377299999999999969e+00
1.419532200000000103e+03,4.272899999999999920e+00
1.419534699999999930e+03,4.270800000000000374e+00
1.419537100000000009e+03,4.393600000000000172e+00
1.419539600000000064e+03,4.584699999999999775e+00
1.419541999999999916e+03,4.757600000000000051e+00
1.419544399999999996e+03,4.854300000000000281e+00
1.419546900000000051e+03,4.865499999999999936e+00
1.419549299999999903e+03,4.824499999999999567e+00
1.419551799999999957e+03,4.789600000000000080e+00
1.419554200000000037e+03,4.807100000000000151e+00
1.419556599999999889e+03,4.876900000000000013e+00
1.419559099999999944e+03,4.954100000000000392e+00
1.419561500000000024e+03,4.985199999999999854e+00
1.419564000000000078e+03,4.943500000000000227e+00
1.419566399999999931e+03,4.838700000000000223e+00
1.419568800000000010e+03,4.699099999999999611e+00
1.419571300000000065e+03,4.547399999999999665e+00
1.419573699999999917e+03,4.398100000000000342e+00
1.419576199999999972e+03,4.271499999999999631e+00
1.419578600000000051e+03,4.191699999999999982e+00
1.419581100000000106e+03,4.166699999999999626e+00
1.419583499999999958e+03,4.179700000000000415e+00
1.419585900000000038e+03,4.204500000000000348e+00
1.419588400000000092e+03,4.220100000000000406e+00
1.419590799999999945e+03,4.216099999999999959e+00
1.419593299999999999e+03,4.200000000000000178e+00
1.419595700000000079e+03,4.202799999999999869e+00
1.419598099999999931e+03,4.255300000000000082e+00
1.419600599999999986e+03,4.346300000000000274e+00
1.419603000000000065e+03,4.415799999999999947e+00
1.419605499999999893e+03,4.402899999999999814e+00
1.419607899999999972e+03,4.303499999999999659e+00
1.419610400000000027e+03,4.174100000000000144e+00
1.419612800000000107e+03,4.075700000000000323e+00
1.419615199999999959e+03,4.017100000000000115e+00
1.419617700000000013e+03,3.963600000000000012e+00
1.419620100000000093e+03,3.894200000000000106e+00
1.419622599999999920e+03,3.823999999999999844e+00
1.419625000000000000e+03,3.769600000000000062e+00
1.419627400000000080e+03,3.727100000000000080e+00
1.419629899999999907e+03,3.699100000000000055e+00
1.419632299999999987e+03,3.714500000000000135e+00
1.419634800000000041e+03,3.802599999999999980e+00
1.419637199999999893e+03,3.958400000000000141e+00
1.419639599999999973e+03,4.142500000000000071e+00
1.419642100000000028e+03,4.310299999999999798e+00
1.419644500000000107e+03,4.433500000000000441e+00
1.419646999999999935e+03,4.509699999999999598e+00
1.419649400000000014e+03,4.564300000000000246e+00
1.419651900000000069e+03,4.636800000000000033e+00
1.419654299999999921e+03,4.745499999999999829e+00
1.419656700000000001e+03,4.863699999999999690e+00
1.419659200000000055e+03,4.943399999999999572e+00
1.419661599999999908e+03,4.958999999999999631e+00
1.419664099999999962e+03,4.919699999999999740e+00
1.419666500000000042e+03,4.849000000000000199e+00
1.419668899999999894e+03,4.769199999999999662e+00
1.419671399999999949e+03,4.700999999999999623e+00
1.419673800000000028e+03,4.663800000000000168e+00
1.419676300000000083e+03,4.663599999999999746e+00
1.419678699999999935e+03,4.679899999999999949e+00
1.419681199999999990e+03,4.675399999999999778e+00
1.419683600000000069e+03,4.635399999999999743e+00
1.419685999999999922e+03,4.595900000000000318e+00
1.419688499999999976e+03,4.618800000000000239e+00
1.419690900000000056e+03,4.724700000000000344e+00
1.419693400000000111e+03,4.856799999999999784e+00
1.419695799999999963e+03,4.921499999999999986e+00
1.419698200000000043e+03,4.865800000000000125e+00
1.419700700000000097e+03,4.713799999999999990e+00
1.419703099999999949e+03,4.540399999999999991e+00
1.419705600000000004e+03,4.418800000000000061e+00
1.419708000000000084e+03,4.376699999999999591e+00
1.419710399999999936e+03,4.384699999999999598e+00
1.419712899999999991e+03,4.384699999999999598e+00
1.419715300000000070e+03,4.340799999999999770e+00
1.419717799999999897e+03,4.270199999999999996e+00
1.419720199999999977e+03,4.228699999999999903e+00
1.419722700000000032e+03,4.261800000000000033e+00
1.419725100000000111e+03,4.359300000000000175e+00
1.419727499999999964e+03,4.461100000000000065e+00
1.419730000000000018e+03,4.517000000000000348e+00
1.419732400000000098e+03,4.534399999999999764e+00
1.419734899999999925e+03,4.552399999999999558e+00
1.419737300000000005e+03,4.576100000000000279e+00
1.419739700000000084e+03,4.564099999999999824e+00
1.419742199999999912e+03,4.479400000000000048e+00
1.419744599999999991e+03,4.332399999999999807e+00
1.419747100000000046e+03,4.173499999999999766e+00
1.419749499999999898e+03,4.062999999999999723e+00
1.419751999999999953e+03,4.042900000000000382e+00
1.419754400000000032e+03,4.111100000000000421e+00
1.419756800000000112e+03,4.220200000000000173e+00
1.419759299999999939e+03,4.314199999999999591e+00
1.419761700000000019e+03,4.368400000000000283e+00
1.419764200000000073e+03,4.387699999999999712e+00
1.419766599999999926e+03,4.381199999999999761e+00
1.419769000000000005e+03,4.354499999999999815e+00
1.419771500000000060e+03,4.326500000000000234e+00
1.419773899999999912e+03,4.329799999999999649e+00
1.419776399999999967e+03,4.380399999999999849e+00
1.419778800000000047e+03,4.453500000000000014e+00
1.419781199999999899e+03,4.495099999999999874e+00
1.419783699999999953e+03,4.458899999999999864e+00
1.419786100000000033e+03,4.340700000000000003e+00
1.419788600000000088e+03,4.187599999999999767e+00
1.419790999999999940e+03,4.073400000000000354e+00
1.419793499999999995e+03,4.052599999999999980e+00
1.419795900000000074e+03,4.128099999999999881e+00
1.419798299999999927e+03,4.255200000000000315e+00
1.419800799999999981e+03,4.377900000000000347e+00
1.419803200000000061e+03,4.459999999999999964e+00
1.419805699999999888e+03,4.487700000000000244e+00
1.419808099999999968e+03,4.457099999999999618e+00
1.419810500000000047e+03,4.377200000000000202e+00
1.419813000000000102e+03,4.280999999999999694e+00
1.419815399999999954e+03,4.212600000000000122e+00
1.419817900000000009e+03,4.190400000000000347e+00
1.419820300000000088e+03,4.188600000000000101e+00
1.419822799999999916e+03,4.167300000000000004e+00
1.419825199999999995e+03,4.116299999999999848e+00
1.419827600000000075e+03,4.059199999999999697e+00
1.419830099999999902e+03,4.014899999999999913e+00
1.419832499999999982e+03,3.978099999999999969e+00
1.419835000000000036e+03,3.943499999999999783e+00
1.419837399999999889e+03,3.931900000000000173e+00
1.419839799999999968e+03,3.975499999999999812e+00
1.419842300000000023e+03,4.079200000000000159e+00
1.419844700000000103e+03,4.202799999999999869e+00
1.419847199999999930e+03,4.290000000000000036e+00
1.419849600000000009e+03,4.323199999999999932e+00
1.419852100000000064e+03,4.342500000000000249e+00
1.419854499999999916e+03,4.397300000000000431e+00
1.419856899999999996e+03,4.485000000000000320e+00
1.419859400000000051e+03,4.549400000000000333e+00
1.419861799999999903e+03,4.536400000000000432e+00
1.419864299999999957e+03,4.447899999999999743e+00
1.419866700000000037e+03,4.340200000000000280e+00
1.419869099999999889e+03,4.273299999999999876e+00
1.419871599999999944e+03,4.263399999999999856e+00
1.419874000000000024e+03,4.287600000000000300e+00
1.419876500000000078e+03,4.320100000000000051e+00
1.419878899999999931e+03,4.353399999999999714e+00
1.419881300000000010e+03,4.391499999999999737e+00
1.419883800000000065e+03,4.431300000000000239e+00
1.419886199999999917e+03,4.456100000000000172e+00
1.419888699999999972e+03,4.453800000000000203e+00
1.419891100000000051e+03,4.441699999999999982e+00
1.419893600000000106e+03,4.459100000000000286e+00
1.419895999999999958e+03,4.527000000000000135e+00
1.419898400000000038e+03,4.624900000000000233e+00
1.419900900000000092e+03,4.714999999999999858e+00
1.419903299999999945e+03,4.779700000000000060e+00
1.419905799999999999e+03,4.833999999999999631e+00
1.419908200000000079e+03,4.899700000000000166e+00
1.419910599999999931e+03,4.973799999999999777e+00
1.419913099999999986e+03,5.026900000000000368e+00
1.419915500000000065e+03,5.032099999999999795e+00
1.419917999999999893e+03,4.988400000000000389e+00
1.419920399999999972e+03,4.924000000000000377e+00
1.419922900000000027e+03,4.880099999999999660e+00
1.419925300000000107e+03,4.888200000000000323e+00
1.419927699999999959e+03,4.955400000000000027e+00
1.419930200000000013e+03,5.069499999999999673e+00
1.419932600000000093e+03,5.212600000000000122e+00
1.419935099999999920e+03,5.361299999999999955e+00
1.419937500000000000e+03,5.481799999999999784e+00
1.419939900000000080e+03,5.558600000000000207e+00
1.419942399999999907e+03,5.649499999999999744e+00
1.419944799999999987e+03,5.905400000000000205e+00
1.419947300000000041e+03,6.488500000000000156e+00
1.419949699999999893e+03,7.398699999999999832e+00
1.419952099999999973e+03,8.355999999999999872e+00
1.419954600000000028e+03,8.933500000000000441e+00
1.419957000000000107e+03,8.894600000000000506e+00
1.419959499999999935e+03,8.378700000000000259e+00
1.419961900000000014e+03,7.731499999999999595e+00
1.419964400000000069e+03,7.222100000000000186e+00
1.419966799999999921e+03,6.946299999999999919e+00
1.419969200000000001e+03,6.881000000000000227e+00
1.419971700000000055e+03,6.931700000000000195e+00
1.419974099999999908e+03,6.964100000000000179e+00
1.419976599999999962e+03,6.882699999999999818e+00
1.419979000000000042e+03,6.701299999999999812e+00
1.419981399999999894e+03,6.515699999999999825e+00
1.419983899999999949e+03,6.420200000000000351e+00
1.419986300000000028e+03,6.465600000000000236e+00
1.419988800000000083e+03,6.668300000000000338e+00
1.419991199999999935e+03,7.022199999999999775e+00
1.419993699999999990e+03,7.511000000000000121e+00
1.419996100000000069e+03,8.136499999999999844e+00
1.419998499999999922e+03,8.901999999999999247e+00
1.420000999999999976e+03,9.715299999999999159e+00
1.420003400000000056e+03,1.033099999999999952e+01
1.420005900000000111e+03,1.048489999999999966e+01
1.420008299999999963e+03,1.011819999999999986e+01
1.420010700000000043e+03,9.426199999999999690e+00
1.420013200000000097e+03,8.682299999999999685e+00
1.420015599999999949e+03,8.057299999999999685e+00
1.420018100000000004e+03,7.599499999999999922e+00
1.420020500000000084e+03,7.301300000000000345e+00
1.420022899999999936e+03,7.125000000000000000e+00
1.420025399999999991e+03,6.998800000000000132e+00
1.420027800000000070e+03,6.850799999999999557e+00
1.420030299999999897e+03,6.668199999999999683e+00
1.420032699999999977e+03,6.523900000000000254e+00
1.420035200000000032e+03,6.552399999999999558e+00
1.420037600000000111e+03,6.872200000000000308e+00
1.420039999999999964e+03,7.448599999999999888e+00
1.420042500000000018e+03,7.993500000000000050e+00
1.420044900000000098e+03,8.102299999999999613e+00
1.420047399999999925e+03,7.600799999999999557e+00
1.420049800000000005e+03,6.724800000000000111e+00
1.420052200000000084e+03,5.884800000000000253e+00
1.420054699999999912e+03,5.310699999999999754e+00
1.420057099999999991e+03,4.980900000000000105e+00
1.420059600000000046e+03,4.802699999999999747e+00
1.420061999999999898e+03,4.742799999999999905e+00
1.420064499999999953e+03,4.797100000000000364e+00
1.420066900000000032e+03,4.925799999999999734e+00
1.420069300000000112e+03,5.056899999999999729e+00
1.420071799999999939e+03,5.133000000000000007e+00
1.420074200000000019e+03,5.135900000000000354e+00
1.420076700000000073e+03,5.073199999999999932e+00
1.420079099999999926e+03,4.959500000000000242e+00
1.420081500000000005e+03,4.816200000000000259e+00
1.420084000000000060e+03,4.671599999999999753e+00
1.420086399999999912e+03,4.553200000000000358e+00
1.420088899999999967e+03,4.483500000000000263e+00
1.420091300000000047e+03,4.477599999999999802e+00
1.420093800000000101e+03,4.532099999999999795e+00
1.420096199999999953e+03,4.614700000000000024e+00
1.420098600000000033e+03,4.671599999999999753e+00
1.420101100000000088e+03,4.652999999999999581e+00
1.420103499999999940e+03,4.546000000000000263e+00
1.420105999999999995e+03,4.389400000000000190e+00
1.420108400000000074e+03,4.247499999999999609e+00
1.420110799999999927e+03,4.160199999999999676e+00
1.420113299999999981e+03,4.127600000000000158e+00
1.420115700000000061e+03,4.136700000000000266e+00
1.420118199999999888e+03,4.182800000000000296e+00
1.420120599999999968e+03,4.258899999999999686e+00
1.420123000000000047e+03,4.335200000000000387e+00
1.420125500000000102e+03,4.366200000000000081e+00
1.420127899999999954e+03,4.328700000000000436e+00
1.420130400000000009e+03,4.246900000000000119e+00
1.420132800000000088e+03,4.170300000000000118e+00
1.420135299999999916e+03,4.130099999999999660e+00
1.420137699999999995e+03,4.127600000000000158e+00
1.420140100000000075e+03,4.155400000000000205e+00
1.420142599999999902e+03,4.206400000000000361e+00
1.420144999999999982e+03,4.261800000000000033e+00
1.420147500000000036e+03,4.297100000000000364e+00
1.420149899999999889e+03,4.310699999999999754e+00
1.420152299999999968e+03,4.331000000000000405e+00
1.420154800000000023e+03,4.384100000000000108e+00
1.420157200000000103e+03,4.460700000000000109e+00
1.420159699999999930e+03,4.516700000000000159e+00
1.420162100000000009e+03,4.511300000000000310e+00
1.420164600000000064e+03,4.454900000000000304e+00
1.420166999999999916e+03,4.415600000000000414e+00
1.420169399999999996e+03,4.458599999999999675e+00
1.420171900000000051e+03,4.571799999999999642e+00
1.420174299999999903e+03,4.672399999999999665e+00
1.420176799999999957e+03,4.691799999999999748e+00
1.420179200000000037e+03,4.636499999999999844e+00
1.420181599999999889e+03,4.558200000000000252e+00
1.420184099999999944e+03,4.492499999999999716e+00
1.420186500000000024e+03,4.449099999999999611e+00
1.420189000000000078e+03,4.437100000000000044e+00
1.420191399999999931e+03,4.459800000000000431e+00
1.420193800000000010e+03,4.486500000000000377e+00
1.420196300000000065e+03,4.461700000000000443e+00
1.420198699999999917e+03,4.360500000000000043e+00
1.420201199999999972e+03,4.221300000000000274e+00
1.420203600000000051e+03,4.114300000000000068e+00
1.420206100000000106e+03,4.082799999999999763e+00
1.420208499999999958e+03,4.119600000000000151e+00
1.420210900000000038e+03,4.188200000000000145e+00
1.420213400000000092e+03,4.251800000000000246e+00
1.420215799999999945e+03,4.282700000000000173e+00
1.420218299999999999e+03,4.267400000000000304e+00
1.420220700000000079e+03,4.213000000000000078e+00
1.420223099999999931e+03,4.148299999999999876e+00
1.420225599999999986e+03,4.109799999999999898e+00
1.420228000000000065e+03,4.116999999999999993e+00
1.420230499999999893e+03,4.155899999999999928e+00
1.420232899999999972e+03,4.185999999999999943e+00
1.420235400000000027e+03,4.172600000000000087e+00
1.420237800000000107e+03,4.113999999999999879e+00
1.420240199999999959e+03,4.046999999999999709e+00
1.420242700000000013e+03,4.027099999999999902e+00
1.420245100000000093e+03,4.088199999999999612e+00
1.420247599999999920e+03,4.208000000000000185e+00
1.420250000000000000e+03,4.321399999999999686e+00
1.420252400000000080e+03,4.376100000000000101e+00
1.420254899999999907e+03,4.370099999999999874e+00
1.420257299999999987e+03,4.330700000000000216e+00
1.420259800000000041e+03,4.275000000000000355e+00
1.420262199999999893e+03,4.201600000000000001e+00
1.420264599999999973e+03,4.109499999999999709e+00
1.420267100000000028e+03,4.003099999999999881e+00
1.420269500000000107e+03,3.883799999999999919e+00
1.420271999999999935e+03,3.755500000000000060e+00
1.420274400000000014e+03,3.640600000000000058e+00
1.420276900000000069e+03,3.574699999999999989e+00
1.420279299999999921e+03,3.576400000000000023e+00
1.420281700000000001e+03,3.626500000000000057e+00
1.420284200000000055e+03,3.684200000000000141e+00
1.420286599999999908e+03,3.730399999999999938e+00
1.420289099999999962e+03,3.782599999999999962e+00
1.420291500000000042e+03,3.862800000000000011e+00
1.420293899999999894e+03,3.969100000000000072e+00
1.420296399999999949e+03,4.086800000000000210e+00
1.420298800000000028e+03,4.207499999999999574e+00
1.420301300000000083e+03,4.322600000000000442e+00
1.420303699999999935e+03,4.418499999999999872e+00
1.420306199999999990e+03,4.490800000000000125e+00
1.420308600000000069e+03,4.549000000000000377e+00
1.420310999999999922e+03,4.595100000000000406e+00
1.420313499999999976e+03,4.615000000000000213e+00
1.420315900000000056e+03,4.600600000000000023e+00
1.420318400000000111e+03,4.564300000000000246e+00
1.420320799999999963e+03,4.521899999999999586e+00
1.420323200000000043e+03,4.476700000000000124e+00
1.420325700000000097e+03,4.433399999999999785e+00
1.420328099999999949e+03,4.415000000000000036e+00
1.420330600000000004e+03,4.450199999999999712e+00
1.420333000000000084e+03,4.539699999999999847e+00
1.420335399999999936e+03,4.641399999999999970e+00
1.420337899999999991e+03,4.699699999999999989e+00
1.420340300000000070e+03,4.697400000000000020e+00
1.420342799999999897e+03,4.675699999999999967e+00
1.420345199999999977e+03,4.693699999999999761e+00
1.420347700000000032e+03,4.764999999999999680e+00
1.420350100000000111e+03,4.845500000000000362e+00
1.420352499999999964e+03,4.892900000000000027e+00
1.420355000000000018e+03,4.926199999999999690e+00
1.420357400000000098e+03,5.003000000000000114e+00
1.420359899999999925e+03,5.148299999999999876e+00
1.420362300000000005e+03,5.329600000000000115e+00
1.420364700000000084e+03,5.499699999999999811e+00
1.420367199999999912e+03,5.645800000000000374e+00
1.420369599999999991e+03,5.794299999999999784e+00
1.420372100000000046e+03,5.976099999999999746e+00
1.420374499999999898e+03,6.194700000000000095e+00
1.420376999999999953e+03,6.433799999999999741e+00
1.420379400000000032e+03,6.686300000000000132e+00
1.420381800000000112e+03,6.961500000000000021e+00
1.420384299999999939e+03,7.269400000000000084e+00
1.420386700000000019e+03,7.608600000000000030e+00
1.420389200000000073e+03,7.964100000000000179e+00
1.420391599999999926e+03,8.316499999999999559e+00
1.420394000000000005e+03,8.660099999999999909e+00
1.420396500000000060e+03,9.014300000000000423e+00
1.420398899999999912e+03,9.412000000000000810e+00
1.420401399999999967e+03,9.868900000000000006e+00
1.420403800000000047e+03,1.036580000000000013e+01
1.420406199999999899e+03,1.087040000000000006e+01
1.420408699999999953e+03,1.137749999999999950e+01
1.420411100000000033e+03,1.190590000000000082e+01
1.420413600000000088e+03,1.245529999999999937e+01
1.420415999999999940e+03,1.300099999999999945e+01
1.420418499999999995e+03,1.353800000000000026e+01
1.420420900000000074e+03,1.409890000000000043e+01
1.420423299999999927e+03,1.471649999999999991e+01
1.420425799999999981e+03,1.540109999999999957e+01
1.420428200000000061e+03,1.615899999999999892e+01
1.420430699999999888e+03,1.700140000000000029e+01
1.420433099999999968e+03,1.792119999999999891e+01
1.420435500000000047e+03,1.888200000000000145e+01
1.420438000000000102e+03,1.984479999999999933e+01
1.420440399999999954e+03,2.079560000000000031e+01
1.420442900000000009e+03,2.174360000000000070e+01
1.420445300000000088e+03,2.270110000000000028e+01
1.420447799999999916e+03,2.366039999999999921e+01
1.420450199999999995e+03,2.458429999999999893e+01
1.420452600000000075e+03,2.542109999999999914e+01
1.420455099999999902e+03,2.613700000000000045e+01
1.420457499999999982e+03,2.674520000000000053e+01
1.420460000000000036e+03,2.731599999999999895e+01
1.420462399999999889e+03,2.795520000000000138e+01
1.420464799999999968e+03,2.875019999999999953e+01
1.420467300000000023e+03,2.971109999999999829e+01
1.420469700000000103e+03,3.074800000000000111e+01
1.420472199999999930e+03,3.171109999999999829e+01
1.420474600000000009e+03,3.248369999999999891e+01
1.420477100000000064e+03,3.305980000000000274e+01
1.420479499999999916e+03,3.352439999999999998e+01
1.420481899999999996e+03,3.395210000000000150e+01
1.420484400000000051e+03,3.434029999999999916e+01
1.420486799999999903e+03,3.464220000000000255e+01
1.420489299999999957e+03,3.484920000000000329e+01
1.420491700000000037e+03,3.502329999999999899e+01
1.420494099999999889e+03,3.525119999999999720e+01
1.420496599999999944e+03,3.556929999999999836e+01
1.420499000000000024e+03,3.593639999999999901e+01
1.420501500000000078e+03,3.627709999999999724e+01
1.420503899999999931e+03,3.654339999999999833e+01
1.420506300000000010e+03,3.673610000000000042e+01
1.420508800000000065e+03,3.688219999999999743e+01
1.420511199999999917e+03,3.700560000000000116e+01
1.420513699999999972e+03,3.711359999999999815e+01
1.420516100000000051e+03,3.719440000000000168e+01
1.420518600000000106e+03,3.721920000000000073e+01
1.420520999999999958e+03,3.714939999999999998e+01
1.420523400000000038e+03,3.695210000000000150e+01
1.420525900000000092e+03,3.661469999999999914e+01
1.420528299999999945e+03,3.614999999999999858e+01
1.420530799999999999e+03,3.558429999999999893e+01
1.420533200000000079e+03,3.493500000000000227e+01
1.420535599999999931e+03,3.419839999999999947e+01
1.420538099999999986e+03,3.337030000000000030e+01
1.420540500000000065e+03,3.247639999999999816e+01
1.420542999999999893e+03,3.156830000000000069e+01
1.420545399999999972e+03,3.068080000000000140e+01
1.420547900000000027e+03,2.981109999999999971e+01
1.420550300000000107e+03,2.894930000000000092e+01
1.420552699999999959e+03,2.810920000000000130e+01
1.420555200000000013e+03,2.730859999999999843e+01
1.420557600000000093e+03,2.653579999999999828e+01
1.420560099999999920e+03,2.576279999999999859e+01
1.420562500000000000e+03,2.498880000000000123e+01
1.420564900000000080e+03,2.425049999999999883e+01
1.420567399999999907e+03,2.358480000000000132e+01
1.420569799999999987e+03,2.298849999999999838e+01
1.420572300000000041e+03,2.242079999999999984e+01
1.420574699999999893e+03,2.184509999999999863e+01
1.420577099999999973e+03,2.125979999999999848e+01
1.420579600000000028e+03,2.068080000000000140e+01
1.420582000000000107e+03,2.011139999999999972e+01
1.420584499999999935e+03,1.955499999999999972e+01
1.420586900000000014e+03,1.904269999999999996e+01
1.420589400000000069e+03,1.861329999999999885e+01
1.420591799999999921e+03,1.826480000000000103e+01
1.420594200000000001e+03,1.795779999999999887e+01
1.420596700000000055e+03,1.767389999999999972e+01
1.420599099999999908e+03,1.744409999999999883e+01
1.420601599999999962e+03,1.729810000000000159e+01
1.420604000000000042e+03,1.720289999999999964e+01
1.420606399999999894e+03,1.707819999999999894e+01
1.420608899999999949e+03,1.687180000000000035e+01
1.420611300000000028e+03,1.659939999999999927e+01
1.420613800000000083e+03,1.631749999999999901e+01
1.420616199999999935e+03,1.608810000000000073e+01
1.420618699999999990e+03,1.596860000000000035e+01
1.420621100000000069e+03,1.598620000000000019e+01
1.420623499999999922e+03,1.610010000000000119e+01
1.420625999999999976e+03,1.621630000000000038e+01
1.420628400000000056e+03,1.626000000000000156e+01
1.420630900000000111e+03,1.622459999999999880e+01
1.420633299999999963e+03,1.614489999999999981e+01
1.420635700000000043e+03,1.604240000000000066e+01
1.420638200000000097e+03,1.591430000000000078e+01
1.420640599999999949e+03,1.577059999999999995e+01
1.420643100000000004e+03,1.565060000000000073e+01
1.420645500000000084e+03,1.559070000000000000e+01
1.420647899999999936e+03,1.559110000000000085e+01
1.420650399999999991e+03,1.562609999999999921e+01
1.420652800000000070e+03,1.567670000000000030e+01
1.420655299999999897e+03,1.573959999999999937e+01
1.420657699999999977e+03,1.580630000000000024e+01
1.420660200000000032e+03,1.585549999999999926e+01
1.420662600000000111e+03,1.588119999999999976e+01
1.420664999999999964e+03,1.591290000000000049e+01
1.420667500000000018e+03,1.598259999999999970e+01
1.420669900000000098e+03,1.607679999999999865e+01
1.420672399999999925e+03,1.614300000000000068e+01
1.420674800000000005e+03,1.614900000000000091e+01
1.420677200000000084e+03,1.612679999999999936e+01
1.420679699999999912e+03,1.614859999999999829e+01
1.420682099999999991e+03,1.626150000000000162e+01
1.420684600000000046e+03,1.645349999999999824e+01
1.420686999999999898e+03,1.668240000000000123e+01
1.420689499999999953e+03,1.691280000000000072e+01
1.420691900000000032e+03,1.710640000000000072e+01
1.420694300000000112e+03,1.721509999999999962e+01
1.420696799999999939e+03,1.722710000000000008e+01
1.420699200000000019e+03,1.720739999999999981e+01
1.420701700000000073e+03,1.725349999999999895e+01
1.420704099999999926e+03,1.740319999999999823e+01
1.420706500000000005e+03,1.759870000000000090e+01
1.420709000000000060e+03,1.773479999999999990e+01
1.420711399999999912e+03,1.773620000000000019e+01
1.420713899999999967e+03,1.760040000000000049e+01
1.420716300000000047e+03,1.739720000000000155e+01
1.420718800000000101e+03,1.722700000000000031e+01
1.420721199999999953e+03,1.716179999999999950e+01
1.420723600000000033e+03,1.720899999999999963e+01
1.420726100000000088e+03,1.732369999999999877e+01
1.420728499999999940e+03,1.744490000000000052e+01
1.420730999999999995e+03,1.752240000000000109e+01
1.420733400000000074e+03,1.753109999999999857e+01
1.420735799999999927e+03,1.747869999999999990e+01
1.420738299999999981e+03,1.739740000000000109e+01
1.420740700000000061e+03,1.731250000000000000e+01
1.420743199999999888e+03,1.721730000000000160e+01
1.420745599999999968e+03,1.708559999999999945e+01
1.420748000000000047e+03,1.690520000000000067e+01
1.420750500000000102e+03,1.668959999999999866e+01
1.420752899999999954e+03,1.646880000000000166e+01
1.420755400000000009e+03,1.628239999999999910e+01
1.420757800000000088e+03,1.616410000000000124e+01
1.420760299999999916e+03,1.611220000000000141e+01
1.420762699999999995e+03,1.607550000000000168e+01
1.420765100000000075e+03,1.598189999999999955e+01
1.420767599999999902e+03,1.578139999999999965e+01
1.420769999999999982e+03,1.547250000000000014e+01
1.420772500000000036e+03,1.510100000000000087e+01
1.420774899999999889e+03,1.473559999999999981e+01
1.420777299999999968e+03,1.443440000000000012e+01
1.420779800000000023e+03,1.422039999999999971e+01
1.420782200000000103e+03,1.407680000000000042e+01
1.420784699999999930e+03,1.396369999999999933e+01
1.420787100000000009e+03,1.384340000000000082e+01
1.420789600000000064e+03,1.370209999999999972e+01
1.420791999999999916e+03,1.354850000000000065e+01
1.420794399999999996e+03,1.339710000000000001e+01
1.420796900000000051e+03,1.325769999999999982e+01
1.420799299999999903e+03,1.313189999999999991e+01
1.420801799999999957e+03,1.300469999999999970e+01
1.420804200000000037e+03,1.284469999999999956e+01
1.420806599999999889e+03,1.263100000000000023e+01
1.420809099999999944e+03,1.238700000000000045e+01
1.420811500000000024e+03,1.216830000000000034e+01
1.420814000000000078e+03,1.200339999999999918e+01
1.420816399999999931e+03,1.185529999999999973e+01
1.420818800000000010e+03,1.166460000000000008e+01
1.420821300000000065e+03,1.141820000000000057e+01
1.420823699999999917e+03,1.115370000000000061e+01
1.420826199999999972e+03,1.091039999999999921e+01
1.420828600000000051e+03,1.070410000000000039e+01
1.420831100000000106e+03,1.053320000000000078e+01
1.420833499999999958e+03,1.037809999999999988e+01
1.420835900000000038e+03,1.020850000000000080e+01
1.420838400000000092e+03,1.001420000000000066e+01
1.420840799999999945e+03,9.818300000000000693e+00
1.420843299999999999e+03,9.646200000000000330e+00
1.420845700000000079e+03,9.494300000000000850e+00
1.420848099999999931e+03,9.339100000000000179e+00
1.420850599999999986e+03,9.163500000000000867e+00
1.420853000000000065e+03,8.964199999999999946e+00
1.420855499999999893e+03,8.746399999999999508e+00
1.420857899999999972e+03,8.531200000000000117e+00
1.420860400000000027e+03,8.364200000000000301e+00
1.420862800000000107e+03,8.293499999999999872e+00
1.420865199999999959e+03,8.323900000000000077e+00
1.420867700000000013e+03,8.401699999999999946e+00
1.420870100000000093e+03,8.459799999999999542e+00
1.420872599999999920e+03,8.472799999999999443e+00
1.420875000000000000e+03,8.454200000000000159e+00
1.420877400000000080e+03,8.409399999999999764e+00
1.420879899999999907e+03,8.317600000000000549e+00
1.420882299999999987e+03,8.164799999999999613e+00
1.420884800000000041e+03,7.970500000000000362e+00
1.420887199999999893e+03,7.772499999999999964e+00
1.420889599999999973e+03,7.597999999999999865e+00
1.420892100000000028e+03,7.459900000000000198e+00
1.420894500000000107e+03,7.366299999999999848e+00
1.420896999999999935e+03,7.323599999999999888e+00
1.420899400000000014e+03,7.341800000000000104e+00
1.420901900000000069e+03,7.437800000000000189e+00
1.420904299999999921e+03,7.618000000000000327e+00
1.420906700000000001e+03,7.847699999999999676e+00
1.420909200000000055e+03,8.047599999999999199e+00
1.420911599999999908e+03,8.135999999999999233e+00
1.420914099999999962e+03,8.086800000000000210e+00
1.420916500000000042e+03,7.944600000000000328e+00
1.420918899999999894e+03,7.782600000000000406e+00
1.420921399999999949e+03,7.653699999999999726e+00
1.420923800000000028e+03,7.583999999999999631e+00
1.420926300000000083e+03,7.586999999999999744e+00
1.420928699999999935e+03,7.654200000000000337e+00
1.420931199999999990e+03,7.736399999999999721e+00
1.420933600000000069e+03,7.758499999999999730e+00
1.420935999999999922e+03,7.669699999999999740e+00
1.420938499999999976e+03,7.485400000000000276e+00
1.420940900000000056e+03,7.281200000000000117e+00
1.420943400000000111e+03,7.143500000000000405e+00
1.420945799999999963e+03,7.123099999999999987e+00
1.420948200000000043e+03,7.224999999999999645e+00
1.420950700000000097e+03,7.419900000000000162e+00
1.420953099999999949e+03,7.657700000000000173e+00
1.420955600000000004e+03,7.883000000000000007e+00
1.420958000000000084e+03,8.054999999999999716e+00
1.420960399999999936e+03,8.162599999999999412e+00
1.420962899999999991e+03,8.219400000000000261e+00
1.420965300000000070e+03,8.242300000000000182e+00
1.420967799999999897e+03,8.230499999999999261e+00
1.420970199999999977e+03,8.166100000000000136e+00
1.420972700000000032e+03,8.040499999999999758e+00
1.420975100000000111e+03,7.872499999999999609e+00
1.420977499999999964e+03,7.694399999999999906e+00
1.420980000000000018e+03,7.519899999999999807e+00
1.420982400000000098e+03,7.333000000000000185e+00
1.420984899999999925e+03,7.112599999999999589e+00
1.420987300000000005e+03,6.863699999999999690e+00
1.420989700000000084e+03,6.620400000000000063e+00
1.420992199999999912e+03,6.424100000000000144e+00
1.420994599999999991e+03,6.304000000000000270e+00
1.420997100000000046e+03,6.265600000000000058e+00
1.420999499999999898e+03,6.284299999999999997e+00
1.421001999999999953e+03,6.306499999999999773e+00
1.421004400000000032e+03,6.267900000000000027e+00
1.421006800000000112e+03,6.131499999999999950e+00
1.421009299999999939e+03,5.926599999999999646e+00
1.421011700000000019e+03,5.740499999999999936e+00
1.421014200000000073e+03,5.650500000000000078e+00
1.421016599999999926e+03,5.658199999999999896e+00
1.421019000000000005e+03,5.698400000000000354e+00
1.421021500000000060e+03,5.706599999999999895e+00
1.421023899999999912e+03,5.670700000000000074e+00
1.421026399999999967e+03,5.621900000000000119e+00
1.421028800000000047e+03,5.587600000000000122e+00
1.421031199999999899e+03,5.556000000000000050e+00
1.421033699999999953e+03,5.478500000000000369e+00
1.421036100000000033e+03,5.312899999999999956e+00
1.421038600000000088e+03,5.074200000000000266e+00
1.421040999999999940e+03,4.838499999999999801e+00
1.421043499999999995e+03,4.688799999999999635e+00
1.421045900000000074e+03,4.660800000000000054e+00
1.421048299999999927e+03,4.735500000000000043e+00
1.421050799999999981e+03,4.867700000000000138e+00
1.421053200000000061e+03,5.005499999999999616e+00
1.421055699999999888e+03,5.098099999999999632e+00
1.421058099999999968e+03,5.113299999999999734e+00
1.421060500000000047e+03,5.056799999999999962e+00
1.421063000000000102e+03,4.967600000000000016e+00
1.421065399999999954e+03,4.887299999999999756e+00
1.421067900000000009e+03,4.833599999999999675e+00
1.421070300000000088e+03,4.796299999999999564e+00
1.421072799999999916e+03,4.750799999999999912e+00
1.421075199999999995e+03,4.681799999999999962e+00
1.421077600000000075e+03,4.605299999999999727e+00
1.421080099999999902e+03,4.568699999999999761e+00
1.421082499999999982e+03,4.616900000000000226e+00
1.421085000000000036e+03,4.745000000000000107e+00
1.421087399999999889e+03,4.890299999999999869e+00
1.421089799999999968e+03,4.985199999999999854e+00
1.421092300000000023e+03,5.016300000000000203e+00
1.421094700000000103e+03,5.025299999999999656e+00
1.421097199999999930e+03,5.054000000000000270e+00
1.421099600000000009e+03,5.098600000000000243e+00
1.421102100000000064e+03,5.115000000000000213e+00
1.421104499999999916e+03,5.065999999999999837e+00
1.421106899999999996e+03,4.958300000000000374e+00
1.421109400000000051e+03,4.834500000000000242e+00
1.421111799999999903e+03,4.731300000000000061e+00
1.421114299999999957e+03,4.650599999999999845e+00
1.421116700000000037e+03,4.573299999999999699e+00
1.421119099999999889e+03,4.493599999999999817e+00
1.421121599999999944e+03,4.425799999999999734e+00
1.421124000000000024e+03,4.375899999999999679e+00
1.421126500000000078e+03,4.322799999999999976e+00
1.421128899999999931e+03,4.241900000000000226e+00
1.421131300000000010e+03,4.142599999999999838e+00
1.421133800000000065e+03,4.067499999999999893e+00
1.421136199999999917e+03,4.055100000000000371e+00
1.421138699999999972e+03,4.107999999999999652e+00
1.421141100000000051e+03,4.189499999999999780e+00
1.421143600000000106e+03,4.240099999999999980e+00
1.421145999999999958e+03,4.211800000000000210e+00
1.421148400000000038e+03,4.108299999999999841e+00
1.421150900000000092e+03,3.995000000000000107e+00
1.421153299999999945e+03,3.951000000000000068e+00
1.421155799999999999e+03,4.007600000000000051e+00
1.421158200000000079e+03,4.138799999999999812e+00
1.421160599999999931e+03,4.301400000000000112e+00
1.421163099999999986e+03,4.464500000000000135e+00
1.421165500000000065e+03,4.603100000000000414e+00
1.421167999999999893e+03,4.685999999999999943e+00
1.421170399999999972e+03,4.684999999999999609e+00
1.421172900000000027e+03,4.600900000000000212e+00
1.421175300000000107e+03,4.469299999999999606e+00
1.421177699999999959e+03,4.334600000000000009e+00
1.421180200000000013e+03,4.222000000000000419e+00
1.421182600000000093e+03,4.136499999999999844e+00
1.421185099999999920e+03,4.077200000000000379e+00
1.421187500000000000e+03,4.045499999999999652e+00
1.421189900000000080e+03,4.043099999999999916e+00
1.421192399999999907e+03,4.060699999999999754e+00
1.421194799999999987e+03,4.068299999999999805e+00
1.421197300000000041e+03,4.035099999999999909e+00
1.421199699999999893e+03,3.968100000000000183e+00
1.421202099999999973e+03,3.918400000000000105e+00
1.421204600000000028e+03,3.932799999999999851e+00
1.421207000000000107e+03,4.009199999999999875e+00
1.421209499999999935e+03,4.105299999999999727e+00
1.421211900000000014e+03,4.179400000000000226e+00
1.421214400000000069e+03,4.212900000000000311e+00
1.421216799999999921e+03,4.210399999999999920e+00
1.421219200000000001e+03,4.194099999999999717e+00
1.421221700000000055e+03,4.193699999999999761e+00
1.421224099999999908e+03,4.224199999999999733e+00
1.421226599999999962e+03,4.272000000000000242e+00
1.421229000000000042e+03,4.301800000000000068e+00
1.421231399999999894e+03,4.281100000000000350e+00
1.421233899999999949e+03,4.212100000000000399e+00
1.421236300000000028e+03,4.139800000000000146e+00
1.421238800000000083e+03,4.116500000000000270e+00
1.421241199999999935e+03,4.152300000000000324e+00
1.421243699999999990e+03,4.209900000000000198e+00
1.421246100000000069e+03,4.245800000000000018e+00
1.421248499999999922e+03,4.242200000000000415e+00
1.421250999999999976e+03,4.196399999999999686e+00
1.421253400000000056e+03,4.102000000000000313e+00
1.421255900000000111e+03,3.967499999999999805e+00
1.421258299999999963e+03,3.841800000000000104e+00
1.421260700000000043e+03,3.786799999999999944e+00
1.421263200000000097e+03,3.818000000000000060e+00
1.421265599999999949e+03,3.890200000000000102e+00
1.421268100000000004e+03,3.938800000000000079e+00
1.421270500000000084e+03,3.927000000000000046e+00
1.421272899999999936e+03,3.870999999999999996e+00
1.421275399999999991e+03,3.832399999999999807e+00
1.421277800000000070e+03,3.873000000000000220e+00
1.421280299999999897e+03,3.998699999999999921e+00
1.421282699999999977e+03,4.152400000000000091e+00
1.421285200000000032e+03,4.265100000000000335e+00
1.421287600000000111e+03,4.309499999999999886e+00
1.421289999999999964e+03,4.304700000000000415e+00
1.421292500000000018e+03,4.281500000000000306e+00
1.421294900000000098e+03,4.255300000000000082e+00
1.421297399999999925e+03,4.233100000000000307e+00
1.421299800000000005e+03,4.234300000000000175e+00
1.421302200000000084e+03,4.272700000000000387e+00
1.421304699999999912e+03,4.313500000000000334e+00
1.421307099999999991e+03,4.281299999999999883e+00
1.421309600000000046e+03,4.139300000000000423e+00
1.421311999999999898e+03,3.945399999999999796e+00
1.421314499999999953e+03,3.809699999999999864e+00
1.421316900000000032e+03,3.793800000000000061e+00
1.421319300000000112e+03,3.864399999999999835e+00
1.421321799999999939e+03,3.939799999999999969e+00
1.421324200000000019e+03,3.969300000000000050e+00
1.421326700000000073e+03,3.969100000000000072e+00
1.421329099999999926e+03,3.992500000000000160e+00
1.421331500000000005e+03,4.073299999999999699e+00
1.421334000000000060e+03,4.197400000000000020e+00
1.421336399999999912e+03,4.321500000000000341e+00
1.421338899999999967e+03,4.405899999999999928e+00
1.421341300000000047e+03,4.426599999999999646e+00
1.421343800000000101e+03,4.368599999999999817e+00
1.421346199999999953e+03,4.231499999999999595e+00
1.421348600000000033e+03,4.049999999999999822e+00
1.421351100000000088e+03,3.891399999999999970e+00
1.421353499999999940e+03,3.814499999999999780e+00
1.421355999999999995e+03,3.827599999999999891e+00
1.421358400000000074e+03,3.890499999999999847e+00
1.421360799999999927e+03,3.953199999999999825e+00
1.421363299999999981e+03,3.986899999999999888e+00
1.421365700000000061e+03,3.984100000000000197e+00
1.421368199999999888e+03,3.944599999999999884e+00
1.421370599999999968e+03,3.875199999999999978e+00
1.421373000000000047e+03,3.808300000000000018e+00
1.421375500000000102e+03,3.797000000000000153e+00
1.421377899999999954e+03,3.871199999999999974e+00
1.421380400000000009e+03,4.003400000000000070e+00
1.421382800000000088e+03,4.130799999999999805e+00
1.421385299999999916e+03,4.206900000000000084e+00
1.421387699999999995e+03,4.228500000000000369e+00
1.421390100000000075e+03,4.223900000000000432e+00
1.421392599999999902e+03,4.229000000000000092e+00
1.421394999999999982e+03,4.266600000000000392e+00
1.421397500000000036e+03,4.336700000000000443e+00
1.421399899999999889e+03,4.419400000000000439e+00
1.421402299999999968e+03,4.482800000000000118e+00
1.421404800000000023e+03,4.492700000000000138e+00
1.421407200000000103e+03,4.437400000000000233e+00
1.421409699999999930e+03,4.348700000000000010e+00
1.421412100000000009e+03,4.286800000000000388e+00
1.421414600000000064e+03,4.296199999999999797e+00
1.421416999999999916e+03,4.379800000000000360e+00
1.421419399999999996e+03,4.497200000000000308e+00
1.421421900000000051e+03,4.576999999999999957e+00
1.421424299999999903e+03,4.549299999999999677e+00
1.421426799999999957e+03,4.394000000000000128e+00
1.421429200000000037e+03,4.161699999999999733e+00
1.421431599999999889e+03,3.937600000000000211e+00
1.421434099999999944e+03,3.783100000000000129e+00
1.421436500000000024e+03,3.710100000000000176e+00
1.421439000000000078e+03,3.695600000000000218e+00
1.421441399999999931e+03,3.712400000000000144e+00
1.421443800000000010e+03,3.755999999999999783e+00
1.421446300000000065e+03,3.848700000000000010e+00
1.421448699999999917e+03,4.003800000000000026e+00
1.421451199999999972e+03,4.187899999999999956e+00
1.421453600000000051e+03,4.336299999999999599e+00
1.421456100000000106e+03,4.413999999999999702e+00
1.421458499999999958e+03,4.444099999999999717e+00
1.421460900000000038e+03,4.467999999999999972e+00
1.421463400000000092e+03,4.495000000000000107e+00
1.421465799999999945e+03,4.506899999999999906e+00
1.421468299999999999e+03,4.497700000000000031e+00
1.421470700000000079e+03,4.487199999999999633e+00
1.421473099999999931e+03,4.500499999999999723e+00
1.421475599999999986e+03,4.541400000000000325e+00
1.421478000000000065e+03,4.582799999999999763e+00
1.421480499999999893e+03,4.581199999999999939e+00
1.421482899999999972e+03,4.508600000000000385e+00
1.421485400000000027e+03,4.376800000000000246e+00
1.421487800000000107e+03,4.230599999999999916e+00
1.421490199999999959e+03,4.120000000000000107e+00
1.421492700000000013e+03,4.080400000000000027e+00
1.421495100000000093e+03,4.128499999999999837e+00
1.421497599999999920e+03,4.253999999999999559e+00
1.421500000000000000e+03,4.404200000000000337e+00
1.421502400000000080e+03,4.498899999999999899e+00
1.421504899999999907e+03,4.486500000000000377e+00
1.421507299999999987e+03,4.383200000000000429e+00
1.421509800000000041e+03,4.248499999999999943e+00
1.421512199999999893e+03,4.128999999999999559e+00
1.421514599999999973e+03,4.039100000000000357e+00
1.421517100000000028e+03,3.981399999999999828e+00
1.421519500000000107e+03,3.959400000000000031e+00
1.421521999999999935e+03,3.966299999999999937e+00
1.421524400000000014e+03,3.981899999999999995e+00
1.421526900000000069e+03,3.990499999999999936e+00
1.421529299999999921e+03,3.997300000000000075e+00
1.421531700000000001e+03,4.019099999999999895e+00
1.421534200000000055e+03,4.065299999999999692e+00
1.421536599999999908e+03,4.125600000000000378e+00
1.421539099999999962e+03,4.174199999999999910e+00
1.421541500000000042e+03,4.190900000000000070e+00
1.421543899999999894e+03,4.182100000000000151e+00
1.421546399999999949e+03,4.178600000000000314e+00
1.421548800000000028e+03,4.200400000000000134e+00
1.421551300000000083e+03,4.219899999999999984e+00
1.421553699999999935e+03,4.176400000000000112e+00
1.421556199999999990e+03,4.041800000000000281e+00
1.421558600000000069e+03,3.863999999999999879e+00
1.421560999999999922e+03,3.729800000000000004e+00
1.421563499999999976e+03,3.691300000000000026e+00
1.421565900000000056e+03,3.734700000000000131e+00
1.421568400000000111e+03,3.806500000000000217e+00
1.421570799999999963e+03,3.857600000000000140e+00
1.421573200000000043e+03,3.871100000000000207e+00
1.421575700000000097e+03,3.860500000000000043e+00
1.421578099999999949e+03,3.841699999999999893e+00
1.421580600000000004e+03,3.808300000000000018e+00
1.421583000000000084e+03,3.741000000000000103e+00
1.421585399999999936e+03,3.646300000000000097e+00
1.421587899999999991e+03,3.574500000000000011e+00
1.421590300000000070e+03,3.586500000000000021e+00
1.421592799999999897e+03,3.700099999999999945e+00
1.421595199999999977e+03,3.863399999999999945e+00
1.421597700000000032e+03,3.982800000000000118e+00
1.421600100000000111e+03,3.996900000000000119e+00
1.421602499999999964e+03,3.931000000000000050e+00
1.421605000000000018e+03,3.863300000000000178e+00
1.421607400000000098e+03,3.839900000000000091e+00
1.421609899999999925e+03,3.841800000000000104e+00
1.421612300000000005e+03,3.834499999999999797e+00
1.421614700000000084e+03,3.823900000000000077e+00
1.421617199999999912e+03,3.848800000000000221e+00
1.421619599999999991e+03,3.931099999999999817e+00
1.421622100000000046e+03,4.056000000000000050e+00
1.421624499999999898e+03,4.198400000000000354e+00
1.421626999999999953e+03,4.342600000000000016e+00
1.421629400000000032e+03,4.467900000000000205e+00
1.421631800000000112e+03,4.536299999999999777e+00
1.421634299999999939e+03,4.520199999999999996e+00
1.421636700000000019e+03,4.432999999999999829e+00
1.421639200000000073e+03,4.324099999999999611e+00
1.421641599999999926e+03,4.249299999999999855e+00
1.421644000000000005e+03,4.240899999999999892e+00
1.421646500000000060e+03,4.286200000000000010e+00
1.421648899999999912e+03,4.331999999999999851e+00
1.421651399999999967e+03,4.324600000000000222e+00
1.421653800000000047e+03,4.250000000000000000e+00
1.421656199999999899e+03,4.136300000000000310e+00
1.421658699999999953e+03,4.025400000000000311e+00
1.421661100000000033e+03,3.951600000000000001e+00
1.421663600000000088e+03,3.937699999999999978e+00
1.421665999999999940e+03,3.990499999999999936e+00
1.421668499999999995e+03,4.087900000000000311e+00
1.421670900000000074e+03,4.178099999999999703e+00
1.421673299999999927e+03,4.211599999999999788e+00
1.421675799999999981e+03,4.178099999999999703e+00
1.421678200000000061e+03,4.110299999999999621e+00
1.421680699999999888e+03,4.048499999999999766e+00
1.421683099999999968e+03,4.006000000000000227e+00
1.421685500000000047e+03,3.969300000000000050e+00
1.421688000000000102e+03,3.926699999999999857e+00
1.421690399999999954e+03,3.888500000000000068e+00
1.421692900000000009e+03,3.878499999999999837e+00
1.421695300000000088e+03,3.911500000000000199e+00
1.421697799999999916e+03,3.985599999999999810e+00
1.421700199999999995e+03,4.089199999999999946e+00
1.421702600000000075e+03,4.203700000000000436e+00
1.421705099999999902e+03,4.302999999999999936e+00
1.421707499999999982e+03,4.358299999999999841e+00
1.421710000000000036e+03,4.346099999999999852e+00
1.421712399999999889e+03,4.261000000000000121e+00
1.421714799999999968e+03,4.128099999999999881e+00
1.421717300000000023e+03,3.995899999999999785e+00
1.421719700000000103e+03,3.903000000000000025e+00
1.421722199999999930e+03,3.852300000000000058e+00
1.421724600000000009e+03,3.817499999999999893e+00
1.421727100000000064e+03,3.771999999999999797e+00
1.421729499999999916e+03,3.716899999999999871e+00
1.421731899999999996e+03,3.679899999999999949e+00
1.421734400000000051e+03,3.683199999999999807e+00
1.421736799999999903e+03,3.718700000000000117e+00
1.421739299999999957e+03,3.765699999999999825e+00
1.421741700000000037e+03,3.822000000000000064e+00
1.421744099999999889e+03,3.897499999999999964e+00
1.421746599999999944e+03,3.981799999999999784e+00
1.421749000000000024e+03,4.033699999999999619e+00
1.421751500000000078e+03,4.011999999999999567e+00
1.421753899999999931e+03,3.914200000000000124e+00
1.421756300000000010e+03,3.786700000000000177e+00
1.421758800000000065e+03,3.696499999999999897e+00
1.421761199999999917e+03,3.687699999999999978e+00
1.421763699999999972e+03,3.752800000000000136e+00
1.421766100000000051e+03,3.844599999999999795e+00
1.421768600000000106e+03,3.919000000000000039e+00
1.421770999999999958e+03,3.965100000000000069e+00
1.421773400000000038e+03,3.994800000000000129e+00
1.421775900000000092e+03,4.017800000000000260e+00
1.421778299999999945e+03,4.040600000000000414e+00
1.421780799999999999e+03,4.077300000000000146e+00
1.421783200000000079e+03,4.138799999999999812e+00
1.421785599999999931e+03,4.215200000000000280e+00
1.421788099999999986e+03,4.285300000000000331e+00
1.421790500000000065e+03,4.341599999999999682e+00
1.421792999999999893e+03,4.391899999999999693e+00
1.421795399999999972e+03,4.438100000000000378e+00
1.421797900000000027e+03,4.465799999999999770e+00
1.421800300000000107e+03,4.450599999999999667e+00
1.421802699999999959e+03,4.376199999999999868e+00
1.421805200000000013e+03,4.255700000000000038e+00
1.421807600000000093e+03,4.137100000000000222e+00
1.421810099999999920e+03,4.069600000000000328e+00
1.421812500000000000e+03,4.057500000000000107e+00
1.421814900000000080e+03,4.062299999999999578e+00
1.421817399999999907e+03,4.055500000000000327e+00
1.421819799999999987e+03,4.053499999999999659e+00
1.421822300000000041e+03,4.087799999999999656e+00
1.421824699999999893e+03,4.160899999999999821e+00
1.421827099999999973e+03,4.250700000000000145e+00
1.421829600000000028e+03,4.340600000000000236e+00
1.421832000000000107e+03,4.422900000000000276e+00
1.421834499999999935e+03,4.479599999999999582e+00
1.421836900000000014e+03,4.481399999999999828e+00
1.421839400000000069e+03,4.410899999999999821e+00
1.421841799999999921e+03,4.279899999999999594e+00
1.421844200000000001e+03,4.123199999999999754e+00
1.421846700000000055e+03,3.978400000000000158e+00
1.421849099999999908e+03,3.870600000000000041e+00
1.421851599999999962e+03,3.811700000000000088e+00
1.421854000000000042e+03,3.808899999999999952e+00
1.421856399999999894e+03,3.871500000000000163e+00
1.421858899999999949e+03,4.001400000000000290e+00
1.421861300000000028e+03,4.172699999999999854e+00
1.421863800000000083e+03,4.327399999999999913e+00
1.421866199999999935e+03,4.401200000000000223e+00
1.421868699999999990e+03,4.363400000000000389e+00
1.421871100000000069e+03,4.231099999999999639e+00
1.421873499999999922e+03,4.055900000000000283e+00
1.421875999999999976e+03,3.903999999999999915e+00
1.421878400000000056e+03,3.832899999999999974e+00
1.421880900000000111e+03,3.857400000000000162e+00
1.421883299999999963e+03,3.937100000000000044e+00
1.421885700000000043e+03,4.009400000000000297e+00
1.421888200000000097e+03,4.040399999999999991e+00
1.421890599999999949e+03,4.045700000000000074e+00
1.421893100000000004e+03,4.068399999999999572e+00
1.421895500000000084e+03,4.140799999999999592e+00
1.421897899999999936e+03,4.259900000000000020e+00
1.421900399999999991e+03,4.385200000000000209e+00
1.421902800000000070e+03,4.457799999999999763e+00
1.421905299999999897e+03,4.436799999999999855e+00
1.421907699999999977e+03,4.332699999999999996e+00
1.421910200000000032e+03,4.204799999999999649e+00
1.421912600000000111e+03,4.111799999999999677e+00
1.421914999999999964e+03,4.058699999999999974e+00
1.421917500000000018e+03,4.002900000000000347e+00
1.421919900000000098e+03,3.921800000000000175e+00
1.421922399999999925e+03,3.855199999999999960e+00
1.421924800000000005e+03,3.859799999999999898e+00
1.421927200000000084e+03,3.938099999999999934e+00
1.421929699999999912e+03,4.032399999999999984e+00
1.421932099999999991e+03,4.083300000000000374e+00
1.421934600000000046e+03,4.078400000000000247e+00
1.421936999999999898e+03,4.049500000000000099e+00
1.421939499999999953e+03,4.036800000000000388e+00
1.421941900000000032e+03,4.061899999999999622e+00
1.421944300000000112e+03,4.123700000000000365e+00
1.421946799999999939e+03,4.198000000000000398e+00
1.421949200000000019e+03,4.243100000000000094e+00
1.421951700000000073e+03,4.224800000000000111e+00
1.421954099999999926e+03,4.145500000000000185e+00
1.421956500000000005e+03,4.044200000000000017e+00
1.421959000000000060e+03,3.969199999999999839e+00
1.421961399999999912e+03,3.954200000000000159e+00
1.421963899999999967e+03,4.008000000000000007e+00
1.421966300000000047e+03,4.108999999999999986e+00
1.421968800000000101e+03,4.208000000000000185e+00
1.421971199999999953e+03,4.248599999999999710e+00
1.421973600000000033e+03,4.195999999999999730e+00
1.421976100000000088e+03,4.061099999999999710e+00
1.421978499999999940e+03,3.902899999999999814e+00
1.421980999999999995e+03,3.799300000000000122e+00
1.421983400000000074e+03,3.800499999999999989e+00
1.421985799999999927e+03,3.897699999999999942e+00
1.421988299999999981e+03,4.028999999999999915e+00
1.421990700000000061e+03,4.118400000000000283e+00
1.421993199999999888e+03,4.120899999999999785e+00
1.421995599999999968e+03,4.041699999999999626e+00
1.421998000000000047e+03,3.922800000000000065e+00
1.422000500000000102e+03,3.820100000000000051e+00
1.422002899999999954e+03,3.782900000000000151e+00
1.422005400000000009e+03,3.829899999999999860e+00
1.422007800000000088e+03,3.928500000000000103e+00
1.422010299999999916e+03,4.010299999999999976e+00
1.422012699999999995e+03,4.015500000000000291e+00
1.422015100000000075e+03,3.928100000000000147e+00
1.422017599999999902e+03,3.781200000000000117e+00
1.422019999999999982e+03,3.637599999999999945e+00
1.422022500000000036e+03,3.557399999999999896e+00
1.422024899999999889e+03,3.569399999999999906e+00
1.422027299999999968e+03,3.661200000000000010e+00
1.422029800000000023e+03,3.784600000000000186e+00
1.422032200000000103e+03,3.875399999999999956e+00
1.422034699999999930e+03,3.891700000000000159e+00
1.422037100000000009e+03,3.844399999999999817e+00
1.422039600000000064e+03,3.783399999999999874e+00
1.422041999999999916e+03,3.749299999999999855e+00
1.422044399999999996e+03,3.745200000000000085e+00
1.422046900000000051e+03,3.752600000000000158e+00
1.422049299999999903e+03,3.760200000000000209e+00
1.422051799999999957e+03,3.775100000000000122e+00
1.422054200000000037e+03,3.808199999999999807e+00
1.422056599999999889e+03,3.853099999999999969e+00
1.422059099999999944e+03,3.884999999999999787e+00
1.422061500000000024e+03,3.881899999999999906e+00
1.422064000000000078e+03,3.846799999999999997e+00
1.422066399999999931e+03,3.811300000000000132e+00
1.422068800000000010e+03,3.813600000000000101e+00
1.422071300000000065e+03,3.870600000000000041e+00
1.422073699999999917e+03,3.962899999999999867e+00
1.422076199999999972e+03,4.048300000000000232e+00
1.422078600000000051e+03,4.084399999999999586e+00
1.422081100000000106e+03,4.042799999999999727e+00
1.422083499999999958e+03,3.917800000000000171e+00
1.422085900000000038e+03,3.741699999999999804e+00
1.422088400000000092e+03,3.585399999999999920e+00
1.422090799999999945e+03,3.518600000000000172e+00
1.422093299999999999e+03,3.557300000000000129e+00
1.422095700000000079e+03,3.655899999999999928e+00
1.422098099999999931e+03,3.750399999999999956e+00
1.422100599999999986e+03,3.805899999999999839e+00
1.422103000000000065e+03,3.827199999999999935e+00
1.422105499999999893e+03,3.840800000000000214e+00
1.422107899999999972e+03,3.876599999999999824e+00
1.422110400000000027e+03,3.953199999999999825e+00
1.422112800000000107e+03,4.059999999999999609e+00
1.422115199999999959e+03,4.149200000000000443e+00
1.422117700000000013e+03,4.168899999999999828e+00
1.422120100000000093e+03,4.115700000000000358e+00
1.422122599999999920e+03,4.041900000000000048e+00
1.422125000000000000e+03,4.007299999999999862e+00
1.422127400000000080e+03,4.032600000000000406e+00
1.422129899999999907e+03,4.098499999999999588e+00
1.422132299999999987e+03,4.173899999999999721e+00
1.422134800000000041e+03,4.231200000000000294e+00
1.422137199999999893e+03,4.243299999999999628e+00
1.422139599999999973e+03,4.187199999999999811e+00
1.422142100000000028e+03,4.066099999999999604e+00
1.422144500000000107e+03,3.918499999999999872e+00
1.422146999999999935e+03,3.792300000000000004e+00
1.422149400000000014e+03,3.714500000000000135e+00
1.422151900000000069e+03,3.692899999999999849e+00
1.422154299999999921e+03,3.729900000000000215e+00
1.422156700000000001e+03,3.818200000000000038e+00
1.422159200000000055e+03,3.925100000000000033e+00
1.422161599999999908e+03,3.996999999999999886e+00
1.422164099999999962e+03,3.990499999999999936e+00
1.422166500000000042e+03,3.908100000000000129e+00
1.422168899999999894e+03,3.800300000000000011e+00
1.422171399999999949e+03,3.731500000000000039e+00
1.422173800000000028e+03,3.740600000000000147e+00
1.422176300000000083e+03,3.820800000000000196e+00
1.422178699999999935e+03,3.922400000000000109e+00
1.422181199999999990e+03,3.980799999999999894e+00
1.422183600000000069e+03,3.959900000000000198e+00
1.422185999999999922e+03,3.878600000000000048e+00
1.422188499999999976e+03,3.793800000000000061e+00
1.422190900000000056e+03,3.756600000000000161e+00
1.422193400000000111e+03,3.779100000000000126e+00
1.422195799999999963e+03,3.838000000000000078e+00
1.422198200000000043e+03,3.899799999999999933e+00
1.422200700000000097e+03,3.942299999999999915e+00
1.422203099999999949e+03,3.957300000000000040e+00
1.422205600000000004e+03,3.940599999999999881e+00
1.422208000000000084e+03,3.886600000000000055e+00
1.422210399999999936e+03,3.798500000000000210e+00
1.422212899999999991e+03,3.701400000000000023e+00
1.422215300000000070e+03,3.636299999999999866e+00
1.422217799999999897e+03,3.632600000000000051e+00
1.422220199999999977e+03,3.678599999999999870e+00
1.422222700000000032e+03,3.720499999999999918e+00
1.422225100000000111e+03,3.702399999999999913e+00
1.422227499999999964e+03,3.614900000000000002e+00
1.422230000000000018e+03,3.510699999999999932e+00
1.422232400000000098e+03,3.465300000000000047e+00
1.422234899999999925e+03,3.510699999999999932e+00
1.422237300000000005e+03,3.608099999999999863e+00
1.422239700000000084e+03,3.697700000000000209e+00
1.422242199999999912e+03,3.765200000000000102e+00
1.422244599999999991e+03,3.830299999999999816e+00
1.422247100000000046e+03,3.880900000000000016e+00
1.422249499999999898e+03,3.866800000000000015e+00
1.422251999999999953e+03,3.767399999999999860e+00
1.422254400000000032e+03,3.625399999999999956e+00
1.422256800000000112e+03,3.501300000000000079e+00
1.422259299999999939e+03,3.425699999999999967e+00
1.422261700000000019e+03,3.401600000000000179e+00
1.422264200000000073e+03,3.413199999999999790e+00
1.422266599999999926e+03,3.419599999999999973e+00
1.422269000000000005e+03,3.371500000000000163e+00
1.422271500000000060e+03,3.255999999999999783e+00
1.422273899999999912e+03,3.123200000000000198e+00
1.422276399999999967e+03,3.056400000000000006e+00
1.422278800000000047e+03,3.104800000000000004e+00
1.422281199999999899e+03,3.244899999999999896e+00
1.422283699999999953e+03,3.408900000000000041e+00
1.422286100000000033e+03,3.539600000000000080e+00
1.422288600000000088e+03,3.608699999999999797e+00
1.422290999999999940e+03,3.612999999999999989e+00
1.422293499999999995e+03,3.580200000000000049e+00
1.422295900000000074e+03,3.557799999999999851e+00
1.422298299999999927e+03,3.569399999999999906e+00
1.422300799999999981e+03,3.590599999999999792e+00
1.422303200000000061e+03,3.579800000000000093e+00
1.422305699999999888e+03,3.526400000000000201e+00
1.422308099999999968e+03,3.463400000000000034e+00
1.422310500000000047e+03,3.439700000000000202e+00
1.422313000000000102e+03,3.483600000000000030e+00
1.422315399999999954e+03,3.589100000000000179e+00
1.422317900000000009e+03,3.726900000000000102e+00
1.422320300000000088e+03,3.859900000000000109e+00
1.422322799999999916e+03,3.947000000000000064e+00
1.422325199999999995e+03,3.957899999999999974e+00
1.422327600000000075e+03,3.903500000000000192e+00
1.422330099999999902e+03,3.836500000000000021e+00
1.422332499999999982e+03,3.801800000000000068e+00
1.422335000000000036e+03,3.790799999999999947e+00
1.422337399999999889e+03,3.760800000000000143e+00
1.422339799999999968e+03,3.687699999999999978e+00
1.422342300000000023e+03,3.586699999999999999e+00
1.422344700000000103e+03,3.489300000000000068e+00
1.422347199999999930e+03,3.418000000000000149e+00
1.422349600000000009e+03,3.385699999999999932e+00
1.422352100000000064e+03,3.402699999999999836e+00
1.422354499999999916e+03,3.469100000000000072e+00
1.422356899999999996e+03,3.564499999999999780e+00
1.422359400000000051e+03,3.658999999999999808e+00
1.422361799999999903e+03,3.736899999999999888e+00
1.422364299999999957e+03,3.797899999999999832e+00
1.422366700000000037e+03,3.831599999999999895e+00
1.422369099999999889e+03,3.806000000000000050e+00
1.422371599999999944e+03,3.700099999999999945e+00
1.422374000000000024e+03,3.549500000000000099e+00
1.422376500000000078e+03,3.440300000000000136e+00
1.422378899999999931e+03,3.438600000000000101e+00
1.422381300000000010e+03,3.525799999999999823e+00
1.422383800000000065e+03,3.614900000000000002e+00
1.422386199999999917e+03,3.626700000000000035e+00
1.422388699999999972e+03,3.542499999999999982e+00
1.422391100000000051e+03,3.395900000000000141e+00
1.422393600000000106e+03,3.242599999999999927e+00
1.422395999999999958e+03,3.137100000000000222e+00
1.422398400000000038e+03,3.119899999999999896e+00
1.422400900000000092e+03,3.205900000000000194e+00
1.422403299999999945e+03,3.379599999999999937e+00
1.422405799999999999e+03,3.603800000000000114e+00
1.422408200000000079e+03,3.831300000000000150e+00
1.422410599999999931e+03,4.013899999999999579e+00
1.422413099999999986e+03,4.107700000000000351e+00
1.422415500000000065e+03,4.082900000000000418e+00
1.422417999999999893e+03,3.937199999999999811e+00
1.422420399999999972e+03,3.710799999999999876e+00
1.422422900000000027e+03,3.487699999999999800e+00
1.422425300000000107e+03,3.358099999999999863e+00
1.422427699999999959e+03,3.354900000000000215e+00
1.422430200000000013e+03,3.430200000000000138e+00
1.422432600000000093e+03,3.502899999999999903e+00
1.422435099999999920e+03,3.525999999999999801e+00
1.422437500000000000e+03,3.504900000000000126e+00
1.422439900000000080e+03,3.464199999999999946e+00
1.422442399999999907e+03,3.417699999999999960e+00
1.422444799999999987e+03,3.373299999999999965e+00
1.422447300000000041e+03,3.348300000000000054e+00
1.422449699999999893e+03,3.364799999999999791e+00
1.422452099999999973e+03,3.431299999999999795e+00
1.422454600000000028e+03,3.528399999999999981e+00
1.422457000000000107e+03,3.619400000000000173e+00
1.422459499999999935e+03,3.678599999999999870e+00
1.422461900000000014e+03,3.707199999999999829e+00
1.422464400000000069e+03,3.721099999999999852e+00
1.422466799999999921e+03,3.735300000000000065e+00
1.422469200000000001e+03,3.755700000000000038e+00
1.422471700000000055e+03,3.767900000000000027e+00
1.422474099999999908e+03,3.739399999999999835e+00
1.422476599999999962e+03,3.650100000000000122e+00
1.422479000000000042e+03,3.519200000000000106e+00
1.422481399999999894e+03,3.397800000000000153e+00
1.422483899999999949e+03,3.336300000000000043e+00
1.422486300000000028e+03,3.357899999999999885e+00
1.422488800000000083e+03,3.459499999999999797e+00
1.422491199999999935e+03,3.637500000000000178e+00
1.422493699999999990e+03,3.905199999999999783e+00
1.422496100000000069e+03,4.259800000000000253e+00
1.422498499999999922e+03,4.628800000000000026e+00
1.422500999999999976e+03,4.881400000000000183e+00
1.422503400000000056e+03,4.924500000000000099e+00
1.422505900000000111e+03,4.780899999999999928e+00
1.422508299999999963e+03,4.556700000000000195e+00
1.422510700000000043e+03,4.352100000000000080e+00
1.422513200000000097e+03,4.214000000000000412e+00
1.422515599999999949e+03,4.144000000000000128e+00
1.422518100000000004e+03,4.117399999999999949e+00
1.422520500000000084e+03,4.095399999999999707e+00
1.422522899999999936e+03,4.043300000000000338e+00
1.422525399999999991e+03,3.947499999999999787e+00
1.422527800000000070e+03,3.815900000000000070e+00
1.422530299999999897e+03,3.666500000000000092e+00
1.422532699999999977e+03,3.524999999999999911e+00
1.422535200000000032e+03,3.428999999999999826e+00
1.422537600000000111e+03,3.413800000000000168e+00
1.422539999999999964e+03,3.478800000000000114e+00
1.422542500000000018e+03,3.577399999999999913e+00
1.422544900000000098e+03,3.650100000000000122e+00
1.422547399999999925e+03,3.666799999999999837e+00
1.422549800000000005e+03,3.636600000000000055e+00
1.422552200000000084e+03,3.595600000000000129e+00
1.422554699999999912e+03,3.589100000000000179e+00
1.422557099999999991e+03,3.651800000000000157e+00
1.422559600000000046e+03,3.782500000000000195e+00
1.422561999999999898e+03,3.936199999999999921e+00
1.422564499999999953e+03,4.048499999999999766e+00
1.422566900000000032e+03,4.081699999999999662e+00
1.422569300000000112e+03,4.054199999999999804e+00
1.422571799999999939e+03,4.028299999999999770e+00
1.422574200000000019e+03,4.060599999999999987e+00
1.422576700000000073e+03,4.150000000000000355e+00
1.422579099999999926e+03,4.234600000000000364e+00
1.422581500000000005e+03,4.243900000000000006e+00
1.422584000000000060e+03,4.149399999999999977e+00
1.422586399999999912e+03,3.970600000000000129e+00
1.422588899999999967e+03,3.753600000000000048e+00
1.422591300000000047e+03,3.552099999999999813e+00
1.422593800000000101e+03,3.412700000000000067e+00
1.422596199999999953e+03,3.367599999999999927e+00
1.422598600000000033e+03,3.434400000000000119e+00
1.422601100000000088e+03,3.610599999999999810e+00
1.422603499999999940e+03,3.857099999999999973e+00
1.422605999999999995e+03,4.099899999999999878e+00
1.422608400000000074e+03,4.270400000000000418e+00
1.422610799999999927e+03,4.353699999999999903e+00
1.422613299999999981e+03,4.382299999999999862e+00
1.422615700000000061e+03,4.381300000000000416e+00
1.422618199999999888e+03,4.340799999999999770e+00
1.422620599999999968e+03,4.250399999999999956e+00
1.422623000000000047e+03,4.130300000000000082e+00
1.422625500000000102e+03,4.007900000000000240e+00
1.422627899999999954e+03,3.886299999999999866e+00
1.422630400000000009e+03,3.757400000000000073e+00
1.422632800000000088e+03,3.637500000000000178e+00
1.422635299999999916e+03,3.569999999999999840e+00
1.422637699999999995e+03,3.589799999999999880e+00
1.422640100000000075e+03,3.689400000000000013e+00
1.422642599999999902e+03,3.819599999999999884e+00
1.422644999999999982e+03,3.921400000000000219e+00
1.422647500000000036e+03,3.958099999999999952e+00
1.422649899999999889e+03,3.931599999999999984e+00
1.422652299999999968e+03,3.875100000000000211e+00
1.422654800000000023e+03,3.827500000000000124e+00
1.422657200000000103e+03,3.812899999999999956e+00
1.422659699999999930e+03,3.836300000000000043e+00
1.422662100000000009e+03,3.885200000000000209e+00
1.422664600000000064e+03,3.936999999999999833e+00
1.422666999999999916e+03,3.977500000000000036e+00
1.422669399999999996e+03,4.010900000000000354e+00
1.422671900000000051e+03,4.044200000000000017e+00
1.422674299999999903e+03,4.066099999999999604e+00
1.422676799999999957e+03,4.052200000000000024e+00
1.422679200000000037e+03,3.997300000000000075e+00
1.422681599999999889e+03,3.937100000000000044e+00
1.422684099999999944e+03,3.928900000000000059e+00
1.422686500000000024e+03,4.004999999999999893e+00
1.422689000000000078e+03,4.141399999999999970e+00
1.422691399999999931e+03,4.272800000000000153e+00
1.422693800000000010e+03,4.335200000000000387e+00
1.422696300000000065e+03,4.302399999999999558e+00
1.422698699999999917e+03,4.193999999999999950e+00
1.422701199999999972e+03,4.056000000000000050e+00
1.422703600000000051e+03,3.935599999999999987e+00
1.422706100000000106e+03,3.862899999999999778e+00
1.422708499999999958e+03,3.837000000000000188e+00
1.422710900000000038e+03,3.823900000000000077e+00
1.422713400000000092e+03,3.783399999999999874e+00
1.422715799999999945e+03,3.709000000000000075e+00
1.422718299999999999e+03,3.632600000000000051e+00
1.422720700000000079e+03,3.592200000000000060e+00
1.422723099999999931e+03,3.609500000000000153e+00
1.422725599999999986e+03,3.686199999999999921e+00
1.422728000000000065e+03,3.797899999999999832e+00
1.422730499999999893e+03,3.898899999999999810e+00
1.422732899999999972e+03,3.950200000000000156e+00
1.422735400000000027e+03,3.944799999999999862e+00
1.422737800000000107e+03,3.907300000000000217e+00
1.422740199999999959e+03,3.882400000000000073e+00
1.422742700000000013e+03,3.910000000000000142e+00
1.422745100000000093e+03,3.987299999999999844e+00
1.422747599999999920e+03,4.059899999999999842e+00
1.422750000000000000e+03,4.069300000000000139e+00
1.422752400000000080e+03,4.009199999999999875e+00
1.422754899999999907e+03,3.925100000000000033e+00
1.422757299999999987e+03,3.861699999999999910e+00
1.422759800000000041e+03,3.823999999999999844e+00
1.422762199999999893e+03,3.796899999999999942e+00
1.422764599999999973e+03,3.791199999999999903e+00
1.422767100000000028e+03,3.849499999999999922e+00
1.422769500000000107e+03,3.995699999999999807e+00
1.422771999999999935e+03,4.187800000000000189e+00
1.422774400000000014e+03,4.331900000000000084e+00
1.422776900000000069e+03,4.348200000000000287e+00
1.422779299999999921e+03,4.224599999999999689e+00
1.422781700000000001e+03,4.016000000000000014e+00
1.422784200000000055e+03,3.809099999999999930e+00
1.422786599999999908e+03,3.681900000000000173e+00
1.422789099999999962e+03,3.676800000000000068e+00
1.422791500000000042e+03,3.789899999999999824e+00
1.422793899999999894e+03,3.972399999999999931e+00
1.422796399999999949e+03,4.145599999999999952e+00
1.422798800000000028e+03,4.240400000000000169e+00
1.422801300000000083e+03,4.244100000000000428e+00
1.422803699999999935e+03,4.206199999999999939e+00
1.422806199999999990e+03,4.192000000000000171e+00
1.422808600000000069e+03,4.224000000000000199e+00
1.422810999999999922e+03,4.261800000000000033e+00
1.422813499999999976e+03,4.236900000000000333e+00
1.422815900000000056e+03,4.114700000000000024e+00
1.422818400000000111e+03,3.926800000000000068e+00
1.422820799999999963e+03,3.740099999999999980e+00
1.422823200000000043e+03,3.599800000000000111e+00
1.422825700000000097e+03,3.508199999999999985e+00
1.422828099999999949e+03,3.448100000000000165e+00
1.422830600000000004e+03,3.412300000000000111e+00
1.422833000000000084e+03,3.406600000000000072e+00
1.422835399999999936e+03,3.431200000000000028e+00
1.422837899999999991e+03,3.468900000000000095e+00
1.422840300000000070e+03,3.497100000000000097e+00
1.422842799999999897e+03,3.507499999999999840e+00
1.422845199999999977e+03,3.506499999999999950e+00
1.422847700000000032e+03,3.504500000000000171e+00
1.422850100000000111e+03,3.512500000000000178e+00
1.422852499999999964e+03,3.538899999999999935e+00
1.422855000000000018e+03,3.574399999999999800e+00
1.422857400000000098e+03,3.585700000000000109e+00
1.422859899999999925e+03,3.540099999999999802e+00
1.422862300000000005e+03,3.440999999999999837e+00
1.422864700000000084e+03,3.341200000000000170e+00
1.422867199999999912e+03,3.311599999999999877e+00
1.422869599999999991e+03,3.385600000000000165e+00
1.422872100000000046e+03,3.527800000000000047e+00
1.422874499999999898e+03,3.661500000000000199e+00
1.422876999999999953e+03,3.726300000000000168e+00
1.422879400000000032e+03,3.710100000000000176e+00
1.422881800000000112e+03,3.638500000000000068e+00
1.422884299999999939e+03,3.542499999999999982e+00
1.422886700000000019e+03,3.437100000000000044e+00
1.422889200000000073e+03,3.329600000000000115e+00
1.422891599999999926e+03,3.240899999999999892e+00
1.422894000000000005e+03,3.202999999999999847e+00
1.422896500000000060e+03,3.231799999999999784e+00
1.422898899999999912e+03,3.315399999999999903e+00
1.422901399999999967e+03,3.433399999999999785e+00
1.422903800000000047e+03,3.571299999999999919e+00
1.422906199999999899e+03,3.705099999999999838e+00
1.422908699999999953e+03,3.785099999999999909e+00
1.422911100000000033e+03,3.762300000000000200e+00
1.422913600000000088e+03,3.642100000000000115e+00
1.422915999999999940e+03,3.495000000000000107e+00
1.422918499999999995e+03,3.401899999999999924e+00
1.422920900000000074e+03,3.392100000000000115e+00
1.422923299999999927e+03,3.436900000000000066e+00
1.422925799999999981e+03,3.489900000000000002e+00
1.422928200000000061e+03,3.525199999999999889e+00
1.422930699999999888e+03,3.543800000000000061e+00
1.422933099999999968e+03,3.555499999999999883e+00
1.422935500000000047e+03,3.561300000000000132e+00
1.422938000000000102e+03,3.558199999999999807e+00
1.422940399999999954e+03,3.556700000000000195e+00
1.422942900000000009e+03,3.579499999999999904e+00
1.422945300000000088e+03,3.637199999999999989e+00
1.422947799999999916e+03,3.710399999999999920e+00
1.422950199999999995e+03,3.757000000000000117e+00
1.422952600000000075e+03,3.739900000000000002e+00
1.422955099999999902e+03,3.659800000000000164e+00
1.422957499999999982e+03,3.568299999999999805e+00
1.422960000000000036e+03,3.535299999999999887e+00
1.422962399999999889e+03,3.591699999999999893e+00
1.422964799999999968e+03,3.699199999999999822e+00
1.422967300000000023e+03,3.777400000000000091e+00
1.422969700000000103e+03,3.762900000000000134e+00
1.422972199999999930e+03,3.654999999999999805e+00
1.422974600000000009e+03,3.513799999999999812e+00
1.422977100000000064e+03,3.415000000000000036e+00
1.422979499999999916e+03,3.397699999999999942e+00
1.422981899999999996e+03,3.446400000000000130e+00
1.422984400000000051e+03,3.513599999999999834e+00
1.422986799999999903e+03,3.558300000000000018e+00
1.422989299999999957e+03,3.572400000000000020e+00
1.422991700000000037e+03,3.577399999999999913e+00
1.422994099999999889e+03,3.597300000000000164e+00
1.422996599999999944e+03,3.628600000000000048e+00
1.422999000000000024e+03,0.000000000000000000e+00
1.423001500000000078e+03,0.000000000000000000e+00
1.423003899999999931e+03,0.000000000000000000e+00
1.423006300000000010e+03,0.000000000000000000e+00
1.423008800000000065e+03,0.000000000000000000e+00
1.423011199999999917e+03,0.000000000000000000e+00
1.423013699999999972e+03,0.000000000000000000e+00
1.423016100000000051e+03,0.000000000000000000e+00
1.423018600000000106e+03,0.000000000000000000e+00
1.423020999999999958e+03,0.000000000000000000e+00
1.423023400000000038e+03,0.000000000000000000e+00
1.423025900000000092e+03,0.000000000000000000e+00
1.423028299999999945e+03,0.000000000000000000e+00
1.423030799999999999e+03,0.000000000000000000e+00
1.423033200000000079e+03,0.000000000000000000e+00
1.423035599999999931e+03,0.000000000000000000e+00
1.423038099999999986e+03,0.000000000000000000e+00
1.423040500000000065e+03,0.000000000000000000e+00
1.423042999999999893e+03,0.000000000000000000e+00
1.423045399999999972e+03,0.000000000000000000e+00
1.423047900000000027e+03,0.000000000000000000e+00
1.423050300000000107e+03,0.000000000000000000e+00
1.423052699999999959e+03,0.000000000000000000e+00
1.423055200000000013e+03,0.000000000000000000e+00
1.423057600000000093e+03,0.000000000000000000e+00
1.423060099999999920e+03,0.000000000000000000e+00
1.423062500000000000e+03,0.000000000000000000e+00
1.423064900000000080e+03,0.000000000000000000e+00
1.423067399999999907e+03,0.000000000000000000e+00
1.423069799999999987e+03,0.000000000000000000e+00
1.423072300000000041e+03,0.000000000000000000e+00
1.423074699999999893e+03,0.000000000000000000e+00
1.423077099999999973e+03,0.000000000000000000e+00
1.423079600000000028e+03,0.000000000000000000e+00
1.423082000000000107e+03,0.000000000000000000e+00
1.423084499999999935e+03,0.000000000000000000e+00
1.423086900000000014e+03,0.000000000000000000e+00
1.423089400000000069e+03,0.000000000000000000e+00
1.423091799999999921e+03,0.000000000000000000e+00
1.423094200000000001e+03,0.000000000000000000e+00
1.423096700000000055e+03,0.000000000000000000e+00
1.423099099999999908e+03,0.000000000000000000e+00
1.423101599999999962e+03,0.000000000000000000e+00
1.423104000000000042e+03,0.000000000000000000e+00
1.423106399999999894e+03,0.000000000000000000e+00
1.423108899999999949e+03,0.000000000000000000e+00
1.423111300000000028e+03,0.000000000000000000e+00
1.423113800000000083e+03,0.000000000000000000e+00
1.423116199999999935e+03,0.000000000000000000e+00
1.423118699999999990e+03,0.000000000000000000e+00
1.423121100000000069e+03,0.000000000000000000e+00
1.423123499999999922e+03,0.000000000000000000e+00
1.423125999999999976e+03,0.000000000000000000e+00
1.423128400000000056e+03,0.000000000000000000e+00
1.423130900000000111e+03,0.000000000000000000e+00
1.423133299999999963e+03,0.000000000000000000e+00
1.423135700000000043e+03,0.000000000000000000e+00
1.423138200000000097e+03,0.000000000000000000e+00
1.423140599999999949e+03,0.000000000000000000e+00
1.423143100000000004e+03,0.000000000000000000e+00
1.423145500000000084e+03,0.000000000000000000e+00
1.423147899999999936e+03,0.000000000000000000e+00
1.423150399999999991e+03,0.000000000000000000e+00
1.423152800000000070e+03,0.000000000000000000e+00
1.423155299999999897e+03,0.000000000000000000e+00
1.423157699999999977e+03,0.000000000000000000e+00
1.423160200000000032e+03,0.000000000000000000e+00
1.423162600000000111e+03,0.000000000000000000e+00
1.423164999999999964e+03,0.000000000000000000e+00
1.423167500000000018e+03,0.000000000000000000e+00
1.423169900000000098e+03,0.000000000000000000e+00
1.423172399999999925e+03,0.000000000000000000e+00
1.423174800000000005e+03,0.000000000000000000e+00
1.423177200000000084e+03,0.000000000000000000e+00
1.423179699999999912e+03,0.000000000000000000e+00
1.423182099999999991e+03,0.000000000000000000e+00
1.423184600000000046e+03,0.000000000000000000e+00
1.423186999999999898e+03,0.000000000000000000e+00
1.423189499999999953e+03,0.000000000000000000e+00
1.423191900000000032e+03,0.000000000000000000e+00
1.423194300000000112e+03,0.000000000000000000e+00
1.423196799999999939e+03,0.000000000000000000e+00
1.423199200000000019e+03,0.000000000000000000e+00
1.423201700000000073e+03,0.000000000000000000e+00
1.423204099999999926e+03,0.000000000000000000e+00
1.423206500000000005e+03,0.000000000000000000e+00
1.423209000000000060e+03,0.000000000000000000e+00
1.423211399999999912e+03,0.000000000000000000e+00
1.423213899999999967e+03,0.000000000000000000e+00
1.423216300000000047e+03,0.000000000000000000e+00
1.423218800000000101e+03,0.000000000000000000e+00
1.423221199999999953e+03,0.000000000000000000e+00
1.423223600000000033e+03,0.000000000000000000e+00
1.423226100000000088e+03,0.000000000000000000e+00
1.423228499999999940e+03,0.000000000000000000e+00
1.423230999999999995e+03,0.000000000000000000e+00
1.423233400000000074e+03,0.000000000000000000e+00
1.423235799999999927e+03,0.000000000000000000e+00
1.423238299999999981e+03,0.000000000000000000e+00
1.423240700000000061e+03,0.000000000000000000e+00
1.423243199999999888e+03,0.000000000000000000e+00
1.423245599999999968e+03,0.000000000000000000e+00
1.423248000000000047e+03,0.000000000000000000e+00
1.423250500000000102e+03,0.000000000000000000e+00
1.423252899999999954e+03,0.000000000000000000e+00
1.423255400000000009e+03,0.000000000000000000e+00
1.423257800000000088e+03,0.000000000000000000e+00
1.423260299999999916e+03,0.000000000000000000e+00
1.423262699999999995e+03,0.000000000000000000e+00
1.423265100000000075e+03,0.000000000000000000e+00
1.423267599999999902e+03,0.000000000000000000e+00
1.423269999999999982e+03,0.000000000000000000e+00
1.423272500000000036e+03,0.000000000000000000e+00
1.423274899999999889e+03,0.000000000000000000e+00
1.423277299999999968e+03,0.000000000000000000e+00
1.423279800000000023e+03,0.000000000000000000e+00
1.423282200000000103e+03,0.000000000000000000e+00
1.423284699999999930e+03,0.000000000000000000e+00
1.423287100000000009e+03,0.000000000000000000e+00
1.423289600000000064e+03,0.000000000000000000e+00
1.423291999999999916e+03,0.000000000000000000e+00
1.423294399999999996e+03,0.000000000000000000e+00
1.423296900000000051e+03,0.000000000000000000e+00
1.423299299999999903e+03,0.000000000000000000e+00
1.423301799999999957e+03,0.000000000000000000e+00
1.423304200000000037e+03,0.000000000000000000e+00
1.423306599999999889e+03,0.000000000000000000e+00
1.423309099999999944e+03,0.000000000000000000e+00
1.423311500000000024e+03,0.000000000000000000e+00
1.423314000000000078e+03,0.000000000000000000e+00
1.423316399999999931e+03,0.000000000000000000e+00
1.423318800000000010e+03,0.000000000000000000e+00
1.423321300000000065e+03,0.000000000000000000e+00
1.423323699999999917e+03,0.000000000000000000e+00
1.423326199999999972e+03,0.000000000000000000e+00
1.423328600000000051e+03,0.000000000000000000e+00
1.423331100000000106e+03,0.000000000000000000e+00
1.423333499999999958e+03,0.000000000000000000e+00
1.423335900000000038e+03,0.000000000000000000e+00
1.423338400000000092e+03,0.000000000000000000e+00
1.423340799999999945e+03,0.000000000000000000e+00
1.423343299999999999e+03,0.000000000000000000e+00
1.423345700000000079e+03,0.000000000000000000e+00
1.423348099999999931e+03,0.000000000000000000e+00
1.423350599999999986e+03,0.000000000000000000e+00
1.423353000000000065e+03,0.000000000000000000e+00
1.423355499999999893e+03,0.000000000000000000e+00
1.423357899999999972e+03,0.000000000000000000e+00
1.423360400000000027e+03,0.000000000000000000e+00
1.423362800000000107e+03,0.000000000000000000e+00
1.423365199999999959e+03,0.000000000000000000e+00
1.423367700000000013e+03,0.000000000000000000e+00
1.423370100000000093e+03,0.000000000000000000e+00
1.423372599999999920e+03,0.000000000000000000e+00
1.423375000000000000e+03,0.000000000000000000e+00
1.423377400000000080e+03,0.000000000000000000e+00
1.423379899999999907e+03,0.000000000000000000e+00
1.423382299999999987e+03,0.000000000000000000e+00
1.423384800000000041e+03,0.000000000000000000e+00
1.423387199999999893e+03,0.000000000000000000e+00
1.423389599999999973e+03,0.000000000000000000e+00
1.423392100000000028e+03,0.000000000000000000e+00
1.423394500000000107e+03,0.000000000000000000e+00
1.423396999999999935e+03,0.000000000000000000e+00
1.423399400000000014e+03,0.000000000000000000e+00
1.423401900000000069e+03,0.000000000000000000e+00
1.423404299999999921e+03,0.000000000000000000e+00
1.423406700000000001e+03,0.000000000000000000e+00
1.423409200000000055e+03,0.000000000000000000e+00
1.423411599999999908e+03,0.000000000000000000e+00
1.423414099999999962e+03,0.000000000000000000e+00
1.423416500000000042e+03,0.000000000000000000e+00
1.423418899999999894e+03,0.000000000000000000e+00
1.423421399999999949e+03,0.000000000000000000e+00
1.423423800000000028e+03,0.000000000000000000e+00
1.423426300000000083e+03,0.000000000000000000e+00
1.423428699999999935e+03,0.000000000000000000e+00
1.423431199999999990e+03,0.000000000000000000e+00
1.423433600000000069e+03,0.000000000000000000e+00
1.423435999999999922e+03,0.000000000000000000e+00
1.423438499999999976e+03,0.000000000000000000e+00
1.423440900000000056e+03,0.000000000000000000e+00
1.423443400000000111e+03,0.000000000000000000e+00
1.423445799999999963e+03,0.000000000000000000e+00
1.423448200000000043e+03,0.000000000000000000e+00
1.423450700000000097e+03,0.000000000000000000e+00
1.423453099999999949e+03,0.000000000000000000e+00
1.423455600000000004e+03,0.000000000000000000e+00
1.423458000000000084e+03,0.000000000000000000e+00
1.423460399999999936e+03,0.000000000000000000e+00
1.423462899999999991e+03,0.000000000000000000e+00
1.423465300000000070e+03,-0.000000000000000000e+00
1.423467799999999897e+03,-0.000000000000000000e+00
1.423470199999999977e+03,-0.000000000000000000e+00
1.423472700000000032e+03,-0.000000000000000000e+00
1.423475100000000111e+03,-0.000000000000000000e+00
1.423477499999999964e+03,-0.000000000000000000e+00
1.423480000000000018e+03,-0.000000000000000000e+00
1.423482400000000098e+03,-0.000000000000000000e+00
1.423484899999999925e+03,-0.000000000000000000e+00
1.423487300000000005e+03,-0.000000000000000000e+00
1.423489700000000084e+03,-0.000000000000000000e+00
1.423492199999999912e+03,-0.000000000000000000e+00
1.423494599999999991e+03,-0.000000000000000000e+00
1.423497100000000046e+03,-0.000000000000000000e+00
1.423499499999999898e+03,-0.000000000000000000e+00
1.423501999999999953e+03,-0.000000000000000000e+00
1.423504400000000032e+03,-0.000000000000000000e+00
1.423506800000000112e+03,-0.000000000000000000e+00
1.423509299999999939e+03,-0.000000000000000000e+00
1.423511700000000019e+03,-0.000000000000000000e+00
1.423514200000000073e+03,-0.000000000000000000e+00
1.423516599999999926e+03,-0.000000000000000000e+00
1.423519000000000005e+03,-0.000000000000000000e+00
1.423521500000000060e+03,-0.000000000000000000e+00
1.423523899999999912e+03,-0.000000000000000000e+00
1.423526399999999967e+03,-0.000000000000000000e+00
1.423528800000000047e+03,-0.000000000000000000e+00
1.423531199999999899e+03,-0.000000000000000000e+00
1.423533699999999953e+03,-0.000000000000000000e+00
1.423536100000000033e+03,-0.000000000000000000e+00
1.423538600000000088e+03,-0.000000000000000000e+00
1.423540999999999940e+03,-0.000000000000000000e+00
1.423543499999999995e+03,-0.000000000000000000e+00
1.423545900000000074e+03,-0.000000000000000000e+00
1.423548299999999927e+03,-0.000000000000000000e+00
1.423550799999999981e+03,-0.000000000000000000e+00
1.423553200000000061e+03,-0.000000000000000000e+00
1.423555699999999888e+03,-0.000000000000000000e+00
1.423558099999999968e+03,-0.000000000000000000e+00
1.423560500000000047e+03,-0.000000000000000000e+00
1.423563000000000102e+03,-0.000000000000000000e+00
1.423565399999999954e+03,-0.000000000000000000e+00
1.423567900000000009e+03,-0.000000000000000000e+00
1.423570300000000088e+03,-0.000000000000000000e+00
1.423572799999999916e+03,-0.000000000000000000e+00
1.423575199999999995e+03,-0.000000000000000000e+00
1.423577600000000075e+03,-0.000000000000000000e+00
1.423580099999999902e+03,-0.000000000000000000e+00
1.423582499999999982e+03,-0.000000000000000000e+00
1.423585000000000036e+03,-0.000000000000000000e+00
1.423587399999999889e+03,-0.000000000000000000e+00
1.423589799999999968e+03,-0.000000000000000000e+00
1.423592300000000023e+03,-0.000000000000000000e+00
1.423594700000000103e+03,-0.000000000000000000e+00
1.423597199999999930e+03,-0.000000000000000000e+00
1.423599600000000009e+03,-0.000000000000000000e+00
1.423602100000000064e+03,-0.000000000000000000e+00
1.423604499999999916e+03,-0.000000000000000000e+00
1.423606899999999996e+03,-0.000000000000000000e+00
1.423609400000000051e+03,-0.000000000000000000e+00
1.423611799999999903e+03,-0.000000000000000000e+00
1.423614299999999957e+03,-0.000000000000000000e+00
1.423616700000000037e+03,-0.000000000000000000e+00
1.423619099999999889e+03,-0.000000000000000000e+00
1.423621599999999944e+03,-0.000000000000000000e+00
1.423624000000000024e+03,-0.000000000000000000e+00
1.423626500000000078e+03,-0.000000000000000000e+00
1.423628899999999931e+03,-0.000000000000000000e+00
1.423631300000000010e+03,-0.000000000000000000e+00
1.423633800000000065e+03,-0.000000000000000000e+00
1.423636199999999917e+03,-0.000000000000000000e+00
1.423638699999999972e+03,-0.000000000000000000e+00
1.423641100000000051e+03,-0.000000000000000000e+00
1.423643600000000106e+03,-0.000000000000000000e+00
1.423645999999999958e+03,-0.000000000000000000e+00
1.423648400000000038e+03,-0.000000000000000000e+00
1.423650900000000092e+03,-0.000000000000000000e+00
1.423653299999999945e+03,-0.000000000000000000e+00
1.423655799999999999e+03,-0.000000000000000000e+00
1.423658200000000079e+03,-0.000000000000000000e+00
1.423660599999999931e+03,-0.000000000000000000e+00
1.423663099999999986e+03,-0.000000000000000000e+00
1.423665500000000065e+03,-0.000000000000000000e+00
1.423667999999999893e+03,-0.000000000000000000e+00
1.423670399999999972e+03,-0.000000000000000000e+00
1.423672900000000027e+03,-0.000000000000000000e+00
1.423675300000000107e+03,-0.000000000000000000e+00
1.423677699999999959e+03,-0.000000000000000000e+00
1.423680200000000013e+03,-0.000000000000000000e+00
1.423682600000000093e+03,-0.000000000000000000e+00
1.423685099999999920e+03,-0.000000000000000000e+00
1.423687500000000000e+03,-0.000000000000000000e+00
1.423689900000000080e+03,0.000000000000000000e+00
1.423692399999999907e+03,0.000000000000000000e+00
1.423694799999999987e+03,0.000000000000000000e+00
1.423697300000000041e+03,0.000000000000000000e+00
1.423699699999999893e+03,0.000000000000000000e+00
1.423702099999999973e+03,0.000000000000000000e+00
1.423704600000000028e+03,0.000000000000000000e+00
1.423707000000000107e+03,0.000000000000000000e+00
1.423709499999999935e+03,0.000000000000000000e+00
1.423711900000000014e+03,0.000000000000000000e+00
1.423714400000000069e+03,0.000000000000000000e+00
1.423716799999999921e+03,0.000000000000000000e+00
1.423719200000000001e+03,0.000000000000000000e+00
1.423721700000000055e+03,0.000000000000000000e+00
1.423724099999999908e+03,0.000000000000000000e+00
1.423726599999999962e+03,0.000000000000000000e+00
1.423729000000000042e+03,0.000000000000000000e+00
1.423731399999999894e+03,0.000000000000000000e+00
1.423733899999999949e+03,0.000000000000000000e+00
1.423736300000000028e+03,0.000000000000000000e+00
1.423738800000000083e+03,0.000000000000000000e+00
1.423741199999999935e+03,0.000000000000000000e+00
1.423743699999999990e+03,0.000000000000000000e+00
1.423746100000000069e+03,0.000000000000000000e+00
1.423748499999999922e+03,0.000000000000000000e+00
1.423750999999999976e+03,0.000000000000000000e+00
1.423753400000000056e+03,0.000000000000000000e+00
1.423755900000000111e+03,0.000000000000000000e+00
1.423758299999999963e+03,0.000000000000000000e+00
1.423760700000000043e+03,0.000000000000000000e+00
1.423763200000000097e+03,0.000000000000000000e+00
1.423765599999999949e+03,0.000000000000000000e+00
1.423768100000000004e+03,0.000000000000000000e+00
1.423770500000000084e+03,0.000000000000000000e+00
1.423772899999999936e+03,0.000000000000000000e+00
1.423775399999999991e+03,0.000000000000000000e+00
1.423777800000000070e+03,0.000000000000000000e+00
1.423780299999999897e+03,0.000000000000000000e+00
1.423782699999999977e+03,0.000000000000000000e+00
1.423785200000000032e+03,0.000000000000000000e+00
1.423787600000000111e+03,0.000000000000000000e+00
1.423789999999999964e+03,0.000000000000000000e+00
1.423792500000000018e+03,0.000000000000000000e+00
1.423794900000000098e+03,0.000000000000000000e+00
1.423797399999999925e+03,0.000000000000000000e+00
1.423799800000000005e+03,0.000000000000000000e+00
1.423802200000000084e+03,0.000000000000000000e+00
1.423804699999999912e+03,0.000000000000000000e+00
1.423807099999999991e+03,0.000000000000000000e+00
1.423809600000000046e+03,0.000000000000000000e+00
1.423811999999999898e+03,0.000000000000000000e+00
1.423814499999999953e+03,0.000000000000000000e+00
1.423816900000000032e+03,0.000000000000000000e+00
1.423819300000000112e+03,0.000000000000000000e+00
1.423821799999999939e+03,0.000000000000000000e+00
1.423824200000000019e+03,0.000000000000000000e+00
1.423826700000000073e+03,0.000000000000000000e+00
1.423829099999999926e+03,0.000000000000000000e+00
1.423831500000000005e+03,0.000000000000000000e+00
1.423834000000000060e+03,0.000000000000000000e+00
1.423836399999999912e+03,0.000000000000000000e+00
1.423838899999999967e+03,0.000000000000000000e+00
1.423841300000000047e+03,0.000000000000000000e+00
1.423843800000000101e+03,0.000000000000000000e+00
1.423846199999999953e+03,0.000000000000000000e+00
1.423848600000000033e+03,0.000000000000000000e+00
1.423851100000000088e+03,0.000000000000000000e+00
1.423853499999999940e+03,0.000000000000000000e+00
1.423855999999999995e+03,0.000000000000000000e+00
1.423858400000000074e+03,0.000000000000000000e+00
1.423860799999999927e+03,0.000000000000000000e+00
1.423863299999999981e+03,0.000000000000000000e+00
1.423865700000000061e+03,0.000000000000000000e+00
1.423868199999999888e+03,0.000000000000000000e+00
1.423870599999999968e+03,0.000000000000000000e+00
1.423873000000000047e+03,0.000000000000000000e+00
1.423875500000000102e+03,0.000000000000000000e+00
1.423877899999999954e+03,0.000000000000000000e+00
1.423880400000000009e+03,0.000000000000000000e+00
1.423882800000000088e+03,0.000000000000000000e+00
1.423885299999999916e+03,0.000000000000000000e+00
1.423887699999999995e+03,0.000000000000000000e+00
1.423890100000000075e+03,0.000000000000000000e+00
1.423892599999999902e+03,0.000000000000000000e+00
1.423894999999999982e+03,0.000000000000000000e+00
1.423897500000000036e+03,0.000000000000000000e+00
1.423899899999999889e+03,0.000000000000000000e+00
1.423902299999999968e+03,0.000000000000000000e+00
1.423904800000000023e+03,0.000000000000000000e+00
1.423907200000000103e+03,0.000000000000000000e+00
1.423909699999999930e+03,0.000000000000000000e+00
1.423912100000000009e+03,0.000000000000000000e+00
1.423914600000000064e+03,0.000000000000000000e+00
1.423916999999999916e+03,0.000000000000000000e+00
1.423919399999999996e+03,0.000000000000000000e+00
1.423921900000000051e+03,0.000000000000000000e+00
1.423924299999999903e+03,0.000000000000000000e+00
1.423926799999999957e+03,0.000000000000000000e+00
1.423929200000000037e+03,0.000000000000000000e+00
1.423931599999999889e+03,0.000000000000000000e+00
1.423934099999999944e+03,0.000000000000000000e+00
1.423936500000000024e+03,0.000000000000000000e+00
1.423939000000000078e+03,0.000000000000000000e+00
1.423941399999999931e+03,0.000000000000000000e+00
1.423943800000000010e+03,0.000000000000000000e+00
1.423946300000000065e+03,0.000000000000000000e+00
1.423948699999999917e+03,0.000000000000000000e+00
1.423951199999999972e+03,0.000000000000000000e+00
1.423953600000000051e+03,0.000000000000000000e+00
1.423956100000000106e+03,0.000000000000000000e+00
1.423958499999999958e+03,0.000000000000000000e+00
1.423960900000000038e+03,0.000000000000000000e+00
1.423963400000000092e+03,0.000000000000000000e+00
1.423965799999999945e+03,0.000000000000000000e+00
1.423968299999999999e+03,0.000000000000000000e+00
1.423970700000000079e+03,0.000000000000000000e+00
1.423973099999999931e+03,0.000000000000000000e+00
1.423975599999999986e+03,0.000000000000000000e+00
1.423978000000000065e+03,0.000000000000000000e+00
1.423980499999999893e+03,0.000000000000000000e+00
1.423982899999999972e+03,0.000000000000000000e+00
1.423985400000000027e+03,0.000000000000000000e+00
1.423987800000000107e+03,0.000000000000000000e+00
1.423990199999999959e+03,0.000000000000000000e+00
1.423992700000000013e+03,0.000000000000000000e+00
1.423995100000000093e+03,0.000000000000000000e+00
1.423997599999999920e+03,0.000000000000000000e+00
