1.414000000000000000e+03,0.000000000000000000e+00
1.414002400000000080e+03,0.000000000000000000e+00
1.414004899999999907e+03,0.000000000000000000e+00
1.414007299999999987e+03,0.000000000000000000e+00
1.414009800000000041e+03,0.000000000000000000e+00
1.414012199999999893e+03,0.000000000000000000e+00
1.414014599999999973e+03,0.000000000000000000e+00
1.414017100000000028e+03,0.000000000000000000e+00
1.414019500000000107e+03,0.000000000000000000e+00
1.414021999999999935e+03,0.000000000000000000e+00
1.414024400000000014e+03,0.000000000000000000e+00
1.414026900000000069e+03,0.000000000000000000e+00
1.414029299999999921e+03,0.000000000000000000e+00
1.414031700000000001e+03,0.000000000000000000e+00
1.414034200000000055e+03,0.000000000000000000e+00
1.414036599999999908e+03,0.000000000000000000e+00
1.414039099999999962e+03,0.000000000000000000e+00
1.414041500000000042e+03,0.000000000000000000e+00
1.414043899999999894e+03,0.000000000000000000e+00
1.414046399999999949e+03,0.000000000000000000e+00
1.414048800000000028e+03,0.000000000000000000e+00
1.414051300000000083e+03,0.000000000000000000e+00
1.414053699999999935e+03,0.000000000000000000e+00
1.414056199999999990e+03,0.000000000000000000e+00
1.414058600000000069e+03,0.000000000000000000e+00
1.414060999999999922e+03,0.000000000000000000e+00
1.414063499999999976e+03,0.000000000000000000e+00
1.414065900000000056e+03,0.000000000000000000e+00
1.414068400000000111e+03,0.000000000000000000e+00
1.414070799999999963e+03,0.000000000000000000e+00
1.414073200000000043e+03,0.000000000000000000e+00
1.414075700000000097e+03,0.000000000000000000e+00
1.414078099999999949e+03,0.000000000000000000e+00
1.414080600000000004e+03,0.000000000000000000e+00
1.414083000000000084e+03,0.000000000000000000e+00
1.414085399999999936e+03,0.000000000000000000e+00
1.414087899999999991e+03,0.000000000000000000e+00
1.414090300000000070e+03,0.000000000000000000e+00
1.414092799999999897e+03,0.000000000000000000e+00
1.414095199999999977e+03,0.000000000000000000e+00
1.414097700000000032e+03,0.000000000000000000e+00
1.414100100000000111e+03,0.000000000000000000e+00
1.414102499999999964e+03,0.000000000000000000e+00
1.414105000000000018e+03,0.000000000000000000e+00
1.414107400000000098e+03,0.000000000000000000e+00
1.414109899999999925e+03,0.000000000000000000e+00
1.414112300000000005e+03,0.000000000000000000e+00
1.414114700000000084e+03,0.000000000000000000e+00
1.414117199999999912e+03,0.000000000000000000e+00
1.414119599999999991e+03,0.000000000000000000e+00
1.414122100000000046e+03,0.000000000000000000e+00
1.414124499999999898e+03,0.000000000000000000e+00
1.414126999999999953e+03,0.000000000000000000e+00
1.414129400000000032e+03,0.000000000000000000e+00
1.414131800000000112e+03,0.000000000000000000e+00
1.414134299999999939e+03,0.000000000000000000e+00
1.414136700000000019e+03,0.000000000000000000e+00
1.414139200000000073e+03,0.000000000000000000e+00
1.414141599999999926e+03,0.000000000000000000e+00
1.414144000000000005e+03,0.000000000000000000e+00
1.414146500000000060e+03,0.000000000000000000e+00
1.414148899999999912e+03,0.000000000000000000e+00
1.414151399999999967e+03,0.000000000000000000e+00
1.414153800000000047e+03,0.000000000000000000e+00
1.414156199999999899e+03,0.000000000000000000e+00
1.414158699999999953e+03,0.000000000000000000e+00
1.414161100000000033e+03,0.000000000000000000e+00
1.414163600000000088e+03,0.000000000000000000e+00
1.414165999999999940e+03,0.000000000000000000e+00
1.414168499999999995e+03,0.000000000000000000e+00
1.414170900000000074e+03,0.000000000000000000e+00
1.414173299999999927e+03,0.000000000000000000e+00
1.414175799999999981e+03,0.000000000000000000e+00
1.414178200000000061e+03,0.000000000000000000e+00
1.414180699999999888e+03,0.000000000000000000e+00
1.414183099999999968e+03,0.000000000000000000e+00
1.414185500000000047e+03,0.000000000000000000e+00
1.414188000000000102e+03,0.000000000000000000e+00
1.414190399999999954e+03,0.000000000000000000e+00
1.414192900000000009e+03,0.000000000000000000e+00
1.414195300000000088e+03,0.000000000000000000e+00
1.414197799999999916e+03,0.000000000000000000e+00
1.414200199999999995e+03,0.000000000000000000e+00
1.414202600000000075e+03,0.000000000000000000e+00
1.414205099999999902e+03,0.000000000000000000e+00
1.414207499999999982e+03,0.000000000000000000e+00
1.414210000000000036e+03,0.000000000000000000e+00
1.414212399999999889e+03,0.000000000000000000e+00
1.414214799999999968e+03,0.000000000000000000e+00
1.414217300000000023e+03,0.000000000000000000e+00
1.414219700000000103e+03,0.000000000000000000e+00
1.414222199999999930e+03,0.000000000000000000e+00
1.414224600000000009e+03,0.000000000000000000e+00
1.414227100000000064e+03,0.000000000000000000e+00
1.414229499999999916e+03,0.000000000000000000e+00
1.414231899999999996e+03,0.000000000000000000e+00
1.414234400000000051e+03,0.000000000000000000e+00
1.414236799999999903e+03,0.000000000000000000e+00
1.414239299999999957e+03,0.000000000000000000e+00
1.414241700000000037e+03,0.000000000000000000e+00
1.414244099999999889e+03,0.000000000000000000e+00
1.414246599999999944e+03,0.000000000000000000e+00
1.414249000000000024e+03,0.000000000000000000e+00
1.414251500000000078e+03,0.000000000000000000e+00
1.414253899999999931e+03,0.000000000000000000e+00
1.414256300000000010e+03,0.000000000000000000e+00
1.414258800000000065e+03,0.000000000000000000e+00
1.414261199999999917e+03,0.000000000000000000e+00
1.414263699999999972e+03,0.000000000000000000e+00
1.414266100000000051e+03,0.000000000000000000e+00
1.414268600000000106e+03,0.000000000000000000e+00
1.414270999999999958e+03,0.000000000000000000e+00
1.414273400000000038e+03,0.000000000000000000e+00
1.414275900000000092e+03,0.000000000000000000e+00
1.414278299999999945e+03,0.000000000000000000e+00
1.414280799999999999e+03,0.000000000000000000e+00
1.414283200000000079e+03,0.000000000000000000e+00
1.414285599999999931e+03,0.000000000000000000e+00
1.414288099999999986e+03,0.000000000000000000e+00
1.414290500000000065e+03,0.000000000000000000e+00
1.414292999999999893e+03,0.000000000000000000e+00
1.414295399999999972e+03,0.000000000000000000e+00
1.414297900000000027e+03,0.000000000000000000e+00
1.414300300000000107e+03,0.000000000000000000e+00
1.414302699999999959e+03,0.000000000000000000e+00
1.414305200000000013e+03,0.000000000000000000e+00
1.414307600000000093e+03,0.000000000000000000e+00
1.414310099999999920e+03,0.000000000000000000e+00
1.414312500000000000e+03,0.000000000000000000e+00
1.414314900000000080e+03,0.000000000000000000e+00
1.414317399999999907e+03,0.000000000000000000e+00
1.414319799999999987e+03,0.000000000000000000e+00
1.414322300000000041e+03,0.000000000000000000e+00
1.414324699999999893e+03,0.000000000000000000e+00
1.414327099999999973e+03,0.000000000000000000e+00
1.414329600000000028e+03,0.000000000000000000e+00
1.414332000000000107e+03,0.000000000000000000e+00
1.414334499999999935e+03,0.000000000000000000e+00
1.414336900000000014e+03,0.000000000000000000e+00
1.414339400000000069e+03,0.000000000000000000e+00
1.414341799999999921e+03,0.000000000000000000e+00
1.414344200000000001e+03,0.000000000000000000e+00
1.414346700000000055e+03,0.000000000000000000e+00
1.414349099999999908e+03,0.000000000000000000e+00
1.414351599999999962e+03,0.000000000000000000e+00
1.414354000000000042e+03,0.000000000000000000e+00
1.414356399999999894e+03,0.000000000000000000e+00
1.414358899999999949e+03,0.000000000000000000e+00
1.414361300000000028e+03,0.000000000000000000e+00
1.414363800000000083e+03,0.000000000000000000e+00
1.414366199999999935e+03,0.000000000000000000e+00
1.414368699999999990e+03,0.000000000000000000e+00
1.414371100000000069e+03,0.000000000000000000e+00
1.414373499999999922e+03,0.000000000000000000e+00
1.414375999999999976e+03,0.000000000000000000e+00
1.414378400000000056e+03,0.000000000000000000e+00
1.414380900000000111e+03,0.000000000000000000e+00
1.414383299999999963e+03,0.000000000000000000e+00
1.414385700000000043e+03,0.000000000000000000e+00
1.414388200000000097e+03,0.000000000000000000e+00
1.414390599999999949e+03,0.000000000000000000e+00
1.414393100000000004e+03,0.000000000000000000e+00
1.414395500000000084e+03,0.000000000000000000e+00
1.414397899999999936e+03,0.000000000000000000e+00
1.414400399999999991e+03,0.000000000000000000e+00
1.414402800000000070e+03,0.000000000000000000e+00
1.414405299999999897e+03,0.000000000000000000e+00
1.414407699999999977e+03,0.000000000000000000e+00
1.414410200000000032e+03,0.000000000000000000e+00
1.414412600000000111e+03,0.000000000000000000e+00
1.414414999999999964e+03,0.000000000000000000e+00
1.414417500000000018e+03,0.000000000000000000e+00
1.414419900000000098e+03,0.000000000000000000e+00
1.414422399999999925e+03,0.000000000000000000e+00
1.414424800000000005e+03,0.000000000000000000e+00
1.414427200000000084e+03,0.000000000000000000e+00
1.414429699999999912e+03,0.000000000000000000e+00
1.414432099999999991e+03,0.000000000000000000e+00
1.414434600000000046e+03,0.000000000000000000e+00
1.414436999999999898e+03,0.000000000000000000e+00
1.414439499999999953e+03,0.000000000000000000e+00
1.414441900000000032e+03,0.000000000000000000e+00
1.414444300000000112e+03,0.000000000000000000e+00
1.414446799999999939e+03,0.000000000000000000e+00
1.414449200000000019e+03,0.000000000000000000e+00
1.414451700000000073e+03,0.000000000000000000e+00
1.414454099999999926e+03,0.000000000000000000e+00
1.414456500000000005e+03,0.000000000000000000e+00
1.414459000000000060e+03,0.000000000000000000e+00
1.414461399999999912e+03,0.000000000000000000e+00
1.414463899999999967e+03,0.000000000000000000e+00
1.414466300000000047e+03,0.000000000000000000e+00
1.414468800000000101e+03,0.000000000000000000e+00
1.414471199999999953e+03,0.000000000000000000e+00
1.414473600000000033e+03,0.000000000000000000e+00
1.414476100000000088e+03,0.000000000000000000e+00
1.414478499999999940e+03,0.000000000000000000e+00
1.414480999999999995e+03,0.000000000000000000e+00
1.414483400000000074e+03,0.000000000000000000e+00
1.414485799999999927e+03,0.000000000000000000e+00
1.414488299999999981e+03,0.000000000000000000e+00
1.414490700000000061e+03,0.000000000000000000e+00
1.414493199999999888e+03,0.000000000000000000e+00
1.414495599999999968e+03,0.000000000000000000e+00
1.414498000000000047e+03,0.000000000000000000e+00
1.414500500000000102e+03,0.000000000000000000e+00
1.414502899999999954e+03,0.000000000000000000e+00
1.414505400000000009e+03,0.000000000000000000e+00
1.414507800000000088e+03,0.000000000000000000e+00
1.414510299999999916e+03,0.000000000000000000e+00
1.414512699999999995e+03,0.000000000000000000e+00
1.414515100000000075e+03,0.000000000000000000e+00
1.414517599999999902e+03,0.000000000000000000e+00
1.414519999999999982e+03,0.000000000000000000e+00
1.414522500000000036e+03,0.000000000000000000e+00
1.414524899999999889e+03,0.000000000000000000e+00
1.414527299999999968e+03,0.000000000000000000e+00
1.414529800000000023e+03,0.000000000000000000e+00
1.414532200000000103e+03,0.000000000000000000e+00
1.414534699999999930e+03,0.000000000000000000e+00
1.414537100000000009e+03,0.000000000000000000e+00
1.414539600000000064e+03,0.000000000000000000e+00
1.414541999999999916e+03,0.000000000000000000e+00
1.414544399999999996e+03,0.000000000000000000e+00
1.414546900000000051e+03,0.000000000000000000e+00
1.414549299999999903e+03,0.000000000000000000e+00
1.414551799999999957e+03,0.000000000000000000e+00
1.414554200000000037e+03,0.000000000000000000e+00
1.414556599999999889e+03,0.000000000000000000e+00
1.414559099999999944e+03,0.000000000000000000e+00
1.414561500000000024e+03,0.000000000000000000e+00
1.414564000000000078e+03,0.000000000000000000e+00
1.414566399999999931e+03,0.000000000000000000e+00
1.414568800000000010e+03,0.000000000000000000e+00
1.414571300000000065e+03,0.000000000000000000e+00
1.414573699999999917e+03,0.000000000000000000e+00
1.414576199999999972e+03,0.000000000000000000e+00
1.414578600000000051e+03,0.000000000000000000e+00
1.414581100000000106e+03,0.000000000000000000e+00
1.414583499999999958e+03,0.000000000000000000e+00
1.414585900000000038e+03,0.000000000000000000e+00
1.414588400000000092e+03,0.000000000000000000e+00
1.414590799999999945e+03,0.000000000000000000e+00
1.414593299999999999e+03,0.000000000000000000e+00
1.414595700000000079e+03,0.000000000000000000e+00
1.414598099999999931e+03,0.000000000000000000e+00
1.414600599999999986e+03,0.000000000000000000e+00
1.414603000000000065e+03,0.000000000000000000e+00
1.414605499999999893e+03,0.000000000000000000e+00
1.414607899999999972e+03,0.000000000000000000e+00
1.414610400000000027e+03,0.000000000000000000e+00
1.414612800000000107e+03,0.000000000000000000e+00
1.414615199999999959e+03,0.000000000000000000e+00
1.414617700000000013e+03,0.000000000000000000e+00
1.414620100000000093e+03,0.000000000000000000e+00
1.414622599999999920e+03,0.000000000000000000e+00
1.414625000000000000e+03,0.000000000000000000e+00
1.414627400000000080e+03,0.000000000000000000e+00
1.414629899999999907e+03,0.000000000000000000e+00
1.414632299999999987e+03,0.000000000000000000e+00
1.414634800000000041e+03,0.000000000000000000e+00
1.414637199999999893e+03,0.000000000000000000e+00
1.414639599999999973e+03,0.000000000000000000e+00
1.414642100000000028e+03,0.000000000000000000e+00
1.414644500000000107e+03,0.000000000000000000e+00
1.414646999999999935e+03,0.000000000000000000e+00
1.414649400000000014e+03,0.000000000000000000e+00
1.414651900000000069e+03,0.000000000000000000e+00
1.414654299999999921e+03,0.000000000000000000e+00
1.414656700000000001e+03,0.000000000000000000e+00
1.414659200000000055e+03,0.000000000000000000e+00
1.414661599999999908e+03,0.000000000000000000e+00
1.414664099999999962e+03,0.000000000000000000e+00
1.414666500000000042e+03,0.000000000000000000e+00
1.414668899999999894e+03,0.000000000000000000e+00
1.414671399999999949e+03,0.000000000000000000e+00
1.414673800000000028e+03,0.000000000000000000e+00
1.414676300000000083e+03,0.000000000000000000e+00
1.414678699999999935e+03,0.000000000000000000e+00
1.414681199999999990e+03,0.000000000000000000e+00
1.414683600000000069e+03,0.000000000000000000e+00
1.414685999999999922e+03,0.000000000000000000e+00
1.414688499999999976e+03,0.000000000000000000e+00
1.414690900000000056e+03,0.000000000000000000e+00
1.414693400000000111e+03,0.000000000000000000e+00
1.414695799999999963e+03,0.000000000000000000e+00
1.414698200000000043e+03,0.000000000000000000e+00
1.414700700000000097e+03,0.000000000000000000e+00
1.414703099999999949e+03,0.000000000000000000e+00
1.414705600000000004e+03,0.000000000000000000e+00
1.414708000000000084e+03,0.000000000000000000e+00
1.414710399999999936e+03,0.000000000000000000e+00
1.414712899999999991e+03,0.000000000000000000e+00
1.414715300000000070e+03,0.000000000000000000e+00
1.414717799999999897e+03,0.000000000000000000e+00
1.414720199999999977e+03,0.000000000000000000e+00
1.414722700000000032e+03,0.000000000000000000e+00
1.414725100000000111e+03,0.000000000000000000e+00
1.414727499999999964e+03,0.000000000000000000e+00
1.414730000000000018e+03,0.000000000000000000e+00
1.414732400000000098e+03,0.000000000000000000e+00
1.414734899999999925e+03,0.000000000000000000e+00
1.414737300000000005e+03,0.000000000000000000e+00
1.414739700000000084e+03,0.000000000000000000e+00
1.414742199999999912e+03,0.000000000000000000e+00
1.414744599999999991e+03,0.000000000000000000e+00
1.414747100000000046e+03,0.000000000000000000e+00
1.414749499999999898e+03,0.000000000000000000e+00
1.414751999999999953e+03,0.000000000000000000e+00
1.414754400000000032e+03,0.000000000000000000e+00
1.414756800000000112e+03,0.000000000000000000e+00
1.414759299999999939e+03,0.000000000000000000e+00
1.414761700000000019e+03,0.000000000000000000e+00
1.414764200000000073e+03,0.000000000000000000e+00
1.414766599999999926e+03,0.000000000000000000e+00
1.414769000000000005e+03,0.000000000000000000e+00
1.414771500000000060e+03,0.000000000000000000e+00
1.414773899999999912e+03,0.000000000000000000e+00
1.414776399999999967e+03,0.000000000000000000e+00
1.414778800000000047e+03,0.000000000000000000e+00
1.414781199999999899e+03,0.000000000000000000e+00
1.414783699999999953e+03,0.000000000000000000e+00
1.414786100000000033e+03,0.000000000000000000e+00
1.414788600000000088e+03,0.000000000000000000e+00
1.414790999999999940e+03,0.000000000000000000e+00
1.414793499999999995e+03,0.000000000000000000e+00
1.414795900000000074e+03,0.000000000000000000e+00
1.414798299999999927e+03,0.000000000000000000e+00
1.414800799999999981e+03,0.000000000000000000e+00
1.414803200000000061e+03,0.000000000000000000e+00
1.414805699999999888e+03,0.000000000000000000e+00
1.414808099999999968e+03,0.000000000000000000e+00
1.414810500000000047e+03,0.000000000000000000e+00
1.414813000000000102e+03,0.000000000000000000e+00
1.414815399999999954e+03,0.000000000000000000e+00
1.414817900000000009e+03,0.000000000000000000e+00
1.414820300000000088e+03,0.000000000000000000e+00
1.414822799999999916e+03,0.000000000000000000e+00
1.414825199999999995e+03,0.000000000000000000e+00
1.414827600000000075e+03,0.000000000000000000e+00
1.414830099999999902e+03,0.000000000000000000e+00
1.414832499999999982e+03,0.000000000000000000e+00
1.414835000000000036e+03,0.000000000000000000e+00
1.414837399999999889e+03,0.000000000000000000e+00
1.414839799999999968e+03,0.000000000000000000e+00
1.414842300000000023e+03,0.000000000000000000e+00
1.414844700000000103e+03,0.000000000000000000e+00
1.414847199999999930e+03,0.000000000000000000e+00
1.414849600000000009e+03,0.000000000000000000e+00
1.414852100000000064e+03,0.000000000000000000e+00
1.414854499999999916e+03,0.000000000000000000e+00
1.414856899999999996e+03,0.000000000000000000e+00
1.414859400000000051e+03,0.000000000000000000e+00
1.414861799999999903e+03,0.000000000000000000e+00
1.414864299999999957e+03,0.000000000000000000e+00
1.414866700000000037e+03,0.000000000000000000e+00
1.414869099999999889e+03,0.000000000000000000e+00
1.414871599999999944e+03,0.000000000000000000e+00
1.414874000000000024e+03,0.000000000000000000e+00
1.414876500000000078e+03,0.000000000000000000e+00
1.414878899999999931e+03,0.000000000000000000e+00
1.414881300000000010e+03,0.000000000000000000e+00
1.414883800000000065e+03,0.000000000000000000e+00
1.414886199999999917e+03,0.000000000000000000e+00
1.414888699999999972e+03,0.000000000000000000e+00
1.414891100000000051e+03,0.000000000000000000e+00
1.414893600000000106e+03,0.000000000000000000e+00
1.414895999999999958e+03,0.000000000000000000e+00
1.414898400000000038e+03,0.000000000000000000e+00
1.414900900000000092e+03,0.000000000000000000e+00
1.414903299999999945e+03,0.000000000000000000e+00
1.414905799999999999e+03,0.000000000000000000e+00
1.414908200000000079e+03,0.000000000000000000e+00
1.414910599999999931e+03,0.000000000000000000e+00
1.414913099999999986e+03,0.000000000000000000e+00
1.414915500000000065e+03,0.000000000000000000e+00
1.414917999999999893e+03,0.000000000000000000e+00
1.414920399999999972e+03,0.000000000000000000e+00
1.414922900000000027e+03,0.000000000000000000e+00
1.414925300000000107e+03,0.000000000000000000e+00
1.414927699999999959e+03,0.000000000000000000e+00
1.414930200000000013e+03,0.000000000000000000e+00
1.414932600000000093e+03,0.000000000000000000e+00
1.414935099999999920e+03,0.000000000000000000e+00
1.414937500000000000e+03,0.000000000000000000e+00
1.414939900000000080e+03,0.000000000000000000e+00
1.414942399999999907e+03,0.000000000000000000e+00
1.414944799999999987e+03,0.000000000000000000e+00
1.414947300000000041e+03,0.000000000000000000e+00
1.414949699999999893e+03,0.000000000000000000e+00
1.414952099999999973e+03,0.000000000000000000e+00
1.414954600000000028e+03,0.000000000000000000e+00
1.414957000000000107e+03,0.000000000000000000e+00
1.414959499999999935e+03,0.000000000000000000e+00
1.414961900000000014e+03,0.000000000000000000e+00
1.414964400000000069e+03,0.000000000000000000e+00
1.414966799999999921e+03,0.000000000000000000e+00
1.414969200000000001e+03,0.000000000000000000e+00
1.414971700000000055e+03,0.000000000000000000e+00
1.414974099999999908e+03,0.000000000000000000e+00
1.414976599999999962e+03,0.000000000000000000e+00
1.414979000000000042e+03,0.000000000000000000e+00
1.414981399999999894e+03,0.000000000000000000e+00
1.414983899999999949e+03,0.000000000000000000e+00
1.414986300000000028e+03,0.000000000000000000e+00
1.414988800000000083e+03,0.000000000000000000e+00
1.414991199999999935e+03,0.000000000000000000e+00
1.414993699999999990e+03,0.000000000000000000e+00
1.414996100000000069e+03,0.000000000000000000e+00
1.414998499999999922e+03,0.000000000000000000e+00
1.415000999999999976e+03,2.934049999999999869e+01
1.415003400000000056e+03,2.937069999999999936e+01
1.415005900000000111e+03,2.938419999999999987e+01
1.415008299999999963e+03,2.935610000000000142e+01
1.415010700000000043e+03,2.928640000000000043e+01
1.415013200000000097e+03,2.918339999999999890e+01
1.415015599999999949e+03,2.904789999999999850e+01
1.415018100000000004e+03,2.888749999999999929e+01
1.415020500000000084e+03,2.873590000000000089e+01
1.415022899999999936e+03,2.864020000000000010e+01
1.415025399999999991e+03,2.862140000000000128e+01
1.415027800000000070e+03,2.864819999999999922e+01
1.415030299999999897e+03,2.866009999999999991e+01
1.415032699999999977e+03,2.862819999999999965e+01
1.415035200000000032e+03,2.859410000000000096e+01
1.415037600000000111e+03,2.863609999999999900e+01
1.415039999999999964e+03,2.878340000000000032e+01
1.415042500000000018e+03,2.897560000000000002e+01
1.415044900000000098e+03,2.912219999999999942e+01
1.415047399999999925e+03,2.919170000000000087e+01
1.415049800000000005e+03,2.921480000000000032e+01
1.415052200000000084e+03,2.921740000000000137e+01
1.415054699999999912e+03,2.918590000000000018e+01
1.415057099999999991e+03,2.910379999999999967e+01
1.415059600000000046e+03,2.899119999999999919e+01
1.415061999999999898e+03,2.889399999999999835e+01
1.415064499999999953e+03,2.884900000000000020e+01
1.415066900000000032e+03,2.886959999999999837e+01
1.415069300000000112e+03,2.895210000000000150e+01
1.415071799999999939e+03,2.908520000000000039e+01
1.415074200000000019e+03,2.925159999999999982e+01
1.415076700000000073e+03,2.941760000000000019e+01
1.415079099999999926e+03,2.952700000000000102e+01
1.415081500000000005e+03,2.953119999999999834e+01
1.415084000000000060e+03,2.943319999999999936e+01
1.415086399999999912e+03,2.929040000000000177e+01
1.415088899999999967e+03,2.916420000000000101e+01
1.415091300000000047e+03,2.907410000000000139e+01
1.415093800000000101e+03,2.900590000000000046e+01
1.415096199999999953e+03,2.894709999999999894e+01
1.415098600000000033e+03,2.890009999999999835e+01
1.415101100000000088e+03,2.887569999999999837e+01
1.415103499999999940e+03,2.888589999999999947e+01
1.415105999999999995e+03,2.893789999999999907e+01
1.415108400000000074e+03,2.902639999999999887e+01
1.415110799999999927e+03,2.912950000000000017e+01
1.415113299999999981e+03,2.921409999999999840e+01
1.415115700000000061e+03,2.925090000000000146e+01
1.415118199999999888e+03,2.923209999999999908e+01
1.415120599999999968e+03,2.917079999999999984e+01
1.415123000000000047e+03,2.908729999999999905e+01
1.415125500000000102e+03,2.900100000000000122e+01
1.415127899999999954e+03,2.892210000000000036e+01
1.415130400000000009e+03,2.883879999999999910e+01
1.415132800000000088e+03,2.872129999999999939e+01
1.415135299999999916e+03,2.855910000000000082e+01
1.415137699999999995e+03,2.839519999999999911e+01
1.415140100000000075e+03,2.830940000000000012e+01
1.415142599999999902e+03,2.835900000000000176e+01
1.415144999999999982e+03,2.853409999999999869e+01
1.415147500000000036e+03,2.876350000000000051e+01
1.415149899999999889e+03,2.896219999999999928e+01
1.415152299999999968e+03,2.908030000000000115e+01
1.415154800000000023e+03,2.911799999999999855e+01
1.415157200000000103e+03,2.910109999999999886e+01
1.415159699999999930e+03,2.904850000000000065e+01
1.415162100000000009e+03,2.896409999999999840e+01
1.415164600000000064e+03,2.886339999999999861e+01
1.415166999999999916e+03,2.879439999999999955e+01
1.415169399999999996e+03,2.880020000000000024e+01
1.415171900000000051e+03,2.885839999999999961e+01
1.415174299999999903e+03,2.889260000000000161e+01
1.415176799999999957e+03,2.885500000000000043e+01
1.415179200000000037e+03,2.877329999999999899e+01
1.415181599999999889e+03,2.871359999999999957e+01
1.415184099999999944e+03,2.872579999999999956e+01
1.415186500000000024e+03,2.882160000000000011e+01
1.415189000000000078e+03,2.897640000000000171e+01
1.415191399999999931e+03,2.914600000000000080e+01
1.415193800000000010e+03,2.930180000000000007e+01
1.415196300000000065e+03,2.945080000000000098e+01
1.415198699999999917e+03,2.961179999999999879e+01
1.415201199999999972e+03,2.977329999999999899e+01
1.415203600000000051e+03,2.988370000000000104e+01
1.415206100000000106e+03,2.988729999999999976e+01
1.415208499999999958e+03,2.977029999999999887e+01
1.415210900000000038e+03,2.956889999999999930e+01
1.415213400000000092e+03,2.933680000000000021e+01
1.415215799999999945e+03,2.911749999999999972e+01
1.415218299999999999e+03,2.894229999999999947e+01
1.415220700000000079e+03,2.882979999999999876e+01
1.415223099999999931e+03,2.878079999999999927e+01
1.415225599999999986e+03,2.878059999999999974e+01
1.415228000000000065e+03,2.880600000000000094e+01
1.415230499999999893e+03,2.883409999999999940e+01
1.415232899999999972e+03,2.885129999999999839e+01
1.415235400000000027e+03,2.885399999999999920e+01
1.415237800000000107e+03,2.883569999999999922e+01
1.415240199999999959e+03,2.877840000000000131e+01
1.415242700000000013e+03,2.867610000000000170e+01
1.415245100000000093e+03,2.857069999999999865e+01
1.415247599999999920e+03,2.853579999999999828e+01
1.415250000000000000e+03,2.860490000000000066e+01
1.415252400000000080e+03,2.873069999999999879e+01
1.415254899999999907e+03,2.883569999999999922e+01
1.415257299999999987e+03,2.888909999999999911e+01
1.415259800000000041e+03,2.891179999999999950e+01
1.415262199999999893e+03,2.892350000000000065e+01
1.415264599999999973e+03,2.891890000000000072e+01
1.415267100000000028e+03,2.890159999999999840e+01
1.415269500000000107e+03,2.891639999999999944e+01
1.415271999999999935e+03,2.901920000000000144e+01
1.415274400000000014e+03,2.921109999999999829e+01
1.415276900000000069e+03,2.942160000000000153e+01
1.415279299999999921e+03,2.956180000000000163e+01
1.415281700000000001e+03,2.958530000000000015e+01
1.415284200000000055e+03,2.950789999999999935e+01
1.415286599999999908e+03,2.938820000000000121e+01
1.415289099999999962e+03,2.928829999999999956e+01
1.415291500000000042e+03,2.923979999999999890e+01
1.415293899999999894e+03,2.923639999999999972e+01
1.415296399999999949e+03,2.926030000000000086e+01
1.415298800000000028e+03,2.931259999999999977e+01
1.415301300000000083e+03,2.940459999999999852e+01
1.415303699999999935e+03,2.951559999999999917e+01
1.415306199999999990e+03,2.958330000000000126e+01
1.415308600000000069e+03,2.955859999999999843e+01
1.415310999999999922e+03,2.946340000000000003e+01
1.415313499999999976e+03,2.937900000000000134e+01
1.415315900000000056e+03,2.937389999999999901e+01
1.415318400000000111e+03,2.944300000000000139e+01
1.415320799999999963e+03,2.951480000000000103e+01
1.415323200000000043e+03,2.951450000000000173e+01
1.415325700000000097e+03,2.941890000000000072e+01
1.415328099999999949e+03,2.926470000000000127e+01
1.415330600000000004e+03,2.911880000000000024e+01
1.415333000000000084e+03,2.903679999999999950e+01
1.415335399999999936e+03,2.902890000000000015e+01
1.415337899999999991e+03,2.905349999999999966e+01
1.415340300000000070e+03,2.904530000000000101e+01
1.415342799999999897e+03,2.896590000000000131e+01
1.415345199999999977e+03,2.884039999999999893e+01
1.415347700000000032e+03,2.874409999999999954e+01
1.415350100000000111e+03,2.874070000000000036e+01
1.415352499999999964e+03,2.883320000000000149e+01
1.415355000000000018e+03,2.897390000000000043e+01
1.415357400000000098e+03,2.911759999999999948e+01
1.415359899999999925e+03,2.925410000000000110e+01
1.415362300000000005e+03,2.938759999999999906e+01
1.415364700000000084e+03,2.950290000000000035e+01
1.415367199999999912e+03,2.956530000000000058e+01
1.415369599999999991e+03,2.955310000000000059e+01
1.415372100000000046e+03,2.948209999999999908e+01
1.415374499999999898e+03,2.940040000000000120e+01
1.415376999999999953e+03,2.935999999999999943e+01
1.415379400000000032e+03,2.939339999999999975e+01
1.415381800000000112e+03,2.950789999999999935e+01
1.415384299999999939e+03,2.968430000000000035e+01
1.415386700000000019e+03,2.986430000000000007e+01
1.415389200000000073e+03,2.995200000000000173e+01
1.415391599999999926e+03,2.986580000000000013e+01
1.415394000000000005e+03,2.961339999999999861e+01
1.415396500000000060e+03,2.930420000000000158e+01
1.415398899999999912e+03,2.906330000000000169e+01
1.415401399999999967e+03,2.892620000000000147e+01
1.415403800000000047e+03,2.883020000000000138e+01
1.415406199999999899e+03,2.870210000000000150e+01
1.415408699999999953e+03,2.853979999999999961e+01
1.415411100000000033e+03,2.840960000000000107e+01
1.415413600000000088e+03,2.838200000000000145e+01
1.415415999999999940e+03,2.847080000000000055e+01
1.415418499999999995e+03,2.862330000000000041e+01
1.415420900000000074e+03,2.876419999999999888e+01
1.415423299999999927e+03,2.884769999999999968e+01
1.415425799999999981e+03,2.886489999999999867e+01
1.415428200000000061e+03,2.881899999999999906e+01
1.415430699999999888e+03,2.871910000000000096e+01
1.415433099999999968e+03,2.859029999999999916e+01
1.415435500000000047e+03,2.846580000000000155e+01
1.415438000000000102e+03,2.836489999999999867e+01
1.415440399999999954e+03,2.829329999999999856e+01
1.415442900000000009e+03,2.826229999999999976e+01
1.415445300000000088e+03,2.828900000000000148e+01
1.415447799999999916e+03,2.837239999999999895e+01
1.415450199999999995e+03,2.847779999999999845e+01
1.415452600000000075e+03,2.855450000000000088e+01
1.415455099999999902e+03,2.857400000000000162e+01
1.415457499999999982e+03,2.855110000000000170e+01
1.415460000000000036e+03,2.852779999999999916e+01
1.415462399999999889e+03,2.853640000000000043e+01
1.415464799999999968e+03,2.857760000000000034e+01
1.415467300000000023e+03,2.862770000000000081e+01
1.415469700000000103e+03,2.866339999999999932e+01
1.415472199999999930e+03,2.868070000000000164e+01
1.415474600000000009e+03,2.869810000000000016e+01
1.415477100000000064e+03,2.874510000000000076e+01
1.415479499999999916e+03,2.884890000000000043e+01
1.415481899999999996e+03,2.901749999999999829e+01
1.415484400000000051e+03,2.923019999999999996e+01
1.415486799999999903e+03,2.944259999999999877e+01
1.415489299999999957e+03,2.959779999999999944e+01
1.415491700000000037e+03,2.964379999999999882e+01
1.415494099999999889e+03,2.956869999999999976e+01
1.415496599999999944e+03,2.942439999999999856e+01
1.415499000000000024e+03,2.928849999999999909e+01
1.415501500000000078e+03,2.919300000000000139e+01
1.415503899999999931e+03,2.910429999999999851e+01
1.415506300000000010e+03,2.898620000000000019e+01
1.415508800000000065e+03,2.885979999999999990e+01
1.415511199999999917e+03,2.877980000000000160e+01
1.415513699999999972e+03,2.876340000000000074e+01
1.415516100000000051e+03,2.877349999999999852e+01
1.415518600000000106e+03,2.876620000000000132e+01
1.415520999999999958e+03,2.873410000000000153e+01
1.415523400000000038e+03,2.870550000000000068e+01
1.415525900000000092e+03,2.871979999999999933e+01
1.415528299999999945e+03,2.879810000000000159e+01
1.415530799999999999e+03,2.892980000000000018e+01
1.415533200000000079e+03,2.908599999999999852e+01
1.415535599999999931e+03,2.923440000000000083e+01
1.415538099999999986e+03,2.933620000000000161e+01
1.415540500000000065e+03,2.934939999999999927e+01
1.415542999999999893e+03,2.925600000000000023e+01
1.415545399999999972e+03,2.907740000000000080e+01
1.415547900000000027e+03,2.886370000000000147e+01
1.415550300000000107e+03,2.868049999999999855e+01
1.415552699999999959e+03,2.858790000000000120e+01
1.415555200000000013e+03,2.860640000000000072e+01
1.415557600000000093e+03,2.870759999999999934e+01
1.415560099999999920e+03,2.884730000000000061e+01
1.415562500000000000e+03,2.899149999999999849e+01
1.415564900000000080e+03,2.910529999999999973e+01
1.415567399999999907e+03,2.914270000000000138e+01
1.415569799999999987e+03,2.907890000000000086e+01
1.415572300000000041e+03,2.895050000000000168e+01
1.415574699999999893e+03,2.885300000000000153e+01
1.415577099999999973e+03,2.888929999999999865e+01
1.415579600000000028e+03,2.911599999999999966e+01
1.415582000000000107e+03,2.953500000000000014e+01
1.415584499999999935e+03,3.011029999999999873e+01
1.415586900000000014e+03,3.075009999999999977e+01
1.415589400000000069e+03,3.127100000000000080e+01
1.415591799999999921e+03,3.145860000000000056e+01
1.415594200000000001e+03,3.123379999999999868e+01
1.415596700000000055e+03,3.073499999999999943e+01
1.415599099999999908e+03,3.019419999999999860e+01
1.415601599999999962e+03,2.974840000000000018e+01
1.415604000000000042e+03,2.939470000000000027e+01
1.415606399999999894e+03,2.908820000000000050e+01
1.415608899999999949e+03,2.882979999999999876e+01
1.415611300000000028e+03,2.865879999999999939e+01
1.415613800000000083e+03,2.859649999999999892e+01
1.415616199999999935e+03,2.862049999999999983e+01
1.415618699999999990e+03,2.868270000000000053e+01
1.415621100000000069e+03,2.873590000000000089e+01
1.415623499999999922e+03,2.875349999999999895e+01
1.415625999999999976e+03,2.875080000000000169e+01
1.415628400000000056e+03,2.878890000000000171e+01
1.415630900000000111e+03,2.892060000000000031e+01
1.415633299999999963e+03,2.911260000000000048e+01
1.415635700000000043e+03,2.924609999999999843e+01
1.415638200000000097e+03,2.922050000000000125e+01
1.415640599999999949e+03,2.905219999999999914e+01
1.415643100000000004e+03,2.885510000000000019e+01
1.415645500000000084e+03,2.873649999999999949e+01
1.415647899999999936e+03,2.872429999999999950e+01
1.415650399999999991e+03,2.878450000000000131e+01
1.415652800000000070e+03,2.887369999999999948e+01
1.415655299999999897e+03,2.896280000000000143e+01
1.415657699999999977e+03,2.903059999999999974e+01
1.415660200000000032e+03,2.906030000000000157e+01
1.415662600000000111e+03,2.904919999999999902e+01
1.415664999999999964e+03,2.901709999999999923e+01
1.415667500000000018e+03,2.898969999999999914e+01
1.415669900000000098e+03,2.896989999999999910e+01
1.415672399999999925e+03,2.893789999999999907e+01
1.415674800000000005e+03,2.889270000000000138e+01
1.415677200000000084e+03,2.887549999999999883e+01
1.415679699999999912e+03,2.892579999999999885e+01
1.415682099999999991e+03,2.902120000000000033e+01
1.415684600000000046e+03,2.909049999999999869e+01
1.415686999999999898e+03,2.909479999999999933e+01
1.415689499999999953e+03,2.906919999999999860e+01
1.415691900000000032e+03,2.906599999999999895e+01
1.415694300000000112e+03,2.908099999999999952e+01
1.415696799999999939e+03,2.906609999999999872e+01
1.415699200000000019e+03,2.899899999999999878e+01
1.415701700000000073e+03,2.891290000000000049e+01
1.415704099999999926e+03,2.886260000000000048e+01
1.415706500000000005e+03,2.887719999999999843e+01
1.415709000000000060e+03,2.894209999999999994e+01
1.415711399999999912e+03,2.901480000000000103e+01
1.415713899999999967e+03,2.904720000000000013e+01
1.415716300000000047e+03,2.899459999999999837e+01
1.415718800000000101e+03,2.882779999999999987e+01
1.415721199999999953e+03,2.855940000000000012e+01
1.415723600000000033e+03,2.826399999999999935e+01
1.415726100000000088e+03,2.805610000000000070e+01
1.415728499999999940e+03,2.802479999999999905e+01
1.415730999999999995e+03,2.816529999999999845e+01
1.415733400000000074e+03,2.837559999999999860e+01
1.415735799999999927e+03,2.853760000000000119e+01
1.415738299999999981e+03,2.860800000000000054e+01
1.415740700000000061e+03,2.862419999999999831e+01
1.415743199999999888e+03,2.863439999999999941e+01
1.415745599999999968e+03,2.864890000000000114e+01
1.415748000000000047e+03,2.865990000000000038e+01
1.415750500000000102e+03,2.867940000000000111e+01
1.415752899999999954e+03,2.873969999999999914e+01
1.415755400000000009e+03,2.885640000000000072e+01
1.415757800000000088e+03,2.900300000000000011e+01
1.415760299999999916e+03,2.912659999999999982e+01
1.415762699999999995e+03,2.918990000000000151e+01
1.415765100000000075e+03,2.919239999999999924e+01
1.415767599999999902e+03,2.916019999999999968e+01
1.415769999999999982e+03,2.912740000000000151e+01
1.415772500000000036e+03,2.912430000000000163e+01
1.415774899999999889e+03,2.916689999999999827e+01
1.415777299999999968e+03,2.925450000000000017e+01
1.415779800000000023e+03,2.938179999999999836e+01
1.415782200000000103e+03,2.955020000000000024e+01
1.415784699999999930e+03,2.976839999999999975e+01
1.415787100000000009e+03,3.004410000000000025e+01
1.415789600000000064e+03,3.037300000000000111e+01
1.415791999999999916e+03,3.072840000000000060e+01
1.415794399999999996e+03,3.104889999999999972e+01
1.415796900000000051e+03,3.124200000000000088e+01
1.415799299999999903e+03,3.123120000000000118e+01
1.415801799999999957e+03,3.102240000000000109e+01
1.415804200000000037e+03,3.071259999999999835e+01
1.415806599999999889e+03,3.042530000000000001e+01
1.415809099999999944e+03,3.023789999999999978e+01
1.415811500000000024e+03,3.016159999999999997e+01
1.415814000000000078e+03,3.016319999999999979e+01
1.415816399999999931e+03,3.019610000000000127e+01
1.415818800000000010e+03,3.022080000000000055e+01
1.415821300000000065e+03,3.021880000000000166e+01
1.415823699999999917e+03,3.020230000000000103e+01
1.415826199999999972e+03,3.019770000000000110e+01
1.415828600000000051e+03,3.020410000000000039e+01
1.415831100000000106e+03,3.017680000000000007e+01
1.415833499999999958e+03,3.007140000000000057e+01
1.415835900000000038e+03,2.989959999999999951e+01
1.415838400000000092e+03,2.972180000000000177e+01
1.415840799999999945e+03,2.958980000000000032e+01
1.415843299999999999e+03,2.951259999999999906e+01
1.415845700000000079e+03,2.947439999999999927e+01
1.415848099999999931e+03,2.946699999999999875e+01
1.415850599999999986e+03,2.949340000000000117e+01
1.415853000000000065e+03,2.955320000000000036e+01
1.415855499999999893e+03,2.963609999999999900e+01
1.415857899999999972e+03,2.972129999999999939e+01
1.415860400000000027e+03,2.978059999999999974e+01
1.415862800000000107e+03,2.979289999999999949e+01
1.415865199999999959e+03,2.975590000000000046e+01
1.415867700000000013e+03,2.968840000000000146e+01
1.415870100000000093e+03,2.961410000000000053e+01
1.415872599999999920e+03,2.954500000000000171e+01
1.415875000000000000e+03,2.947990000000000066e+01
1.415877400000000080e+03,2.941789999999999949e+01
1.415879899999999907e+03,2.938179999999999836e+01
1.415882299999999987e+03,2.943130000000000024e+01
1.415884800000000041e+03,2.965449999999999875e+01
1.415887199999999893e+03,3.012529999999999930e+01
1.415889599999999973e+03,3.082929999999999993e+01
1.415892100000000028e+03,3.160060000000000002e+01
1.415894500000000107e+03,3.215899999999999892e+01
1.415896999999999935e+03,3.227279999999999660e+01
1.415899400000000014e+03,3.192099999999999937e+01
1.415901900000000069e+03,3.129390000000000072e+01
1.415904299999999921e+03,3.064499999999999957e+01
1.415906700000000001e+03,3.014420000000000144e+01
1.415909200000000055e+03,2.982679999999999865e+01
1.415911599999999908e+03,2.963350000000000151e+01
1.415914099999999962e+03,2.948890000000000100e+01
1.415916500000000042e+03,2.934690000000000154e+01
1.415918899999999894e+03,2.918370000000000175e+01
1.415921399999999949e+03,2.899540000000000006e+01
1.415923800000000028e+03,2.881830000000000069e+01
1.415926300000000083e+03,2.871999999999999886e+01
1.415928699999999935e+03,2.873529999999999873e+01
1.415931199999999990e+03,2.881459999999999866e+01
1.415933600000000069e+03,2.885089999999999932e+01
1.415935999999999922e+03,2.876620000000000132e+01
1.415938499999999976e+03,2.856230000000000047e+01
1.415940900000000056e+03,2.829220000000000113e+01
1.415943400000000111e+03,2.800529999999999831e+01
1.415945799999999963e+03,2.773140000000000072e+01
1.415948200000000043e+03,2.749530000000000030e+01
1.415950700000000097e+03,2.732400000000000162e+01
1.415953099999999949e+03,2.723720000000000141e+01
1.415955600000000004e+03,2.724350000000000094e+01
1.415958000000000084e+03,2.734019999999999939e+01
1.415960399999999936e+03,2.749769999999999825e+01
1.415962899999999991e+03,2.763569999999999993e+01
1.415965300000000070e+03,2.764829999999999899e+01
1.415967799999999897e+03,2.748620000000000019e+01
1.415970199999999977e+03,2.720179999999999865e+01
1.415972700000000032e+03,2.690020000000000167e+01
1.415975100000000111e+03,2.666379999999999839e+01
1.415977499999999964e+03,2.652789999999999893e+01
1.415980000000000018e+03,2.648839999999999861e+01
1.415982400000000098e+03,2.651350000000000051e+01
1.415984899999999925e+03,2.658190000000000097e+01
1.415987300000000005e+03,2.673470000000000013e+01
1.415989700000000084e+03,2.709710000000000107e+01
1.415992199999999912e+03,2.781190000000000140e+01
1.415994599999999991e+03,2.885630000000000095e+01
1.415997100000000046e+03,2.988200000000000145e+01
1.415999499999999898e+03,3.036659999999999826e+01
1.416001999999999953e+03,3.006820000000000093e+01
1.416004400000000032e+03,2.926960000000000051e+01
1.416006800000000112e+03,2.848590000000000089e+01
1.416009299999999939e+03,2.802280000000000015e+01
1.416011700000000019e+03,2.787500000000000000e+01
1.416014200000000073e+03,2.790950000000000131e+01
1.416016599999999926e+03,2.802299999999999969e+01
1.416019000000000005e+03,2.817119999999999891e+01
1.416021500000000060e+03,2.834540000000000148e+01
1.416023899999999912e+03,2.855260000000000176e+01
1.416026399999999967e+03,2.879459999999999908e+01
1.416028800000000047e+03,2.904500000000000171e+01
1.416031199999999899e+03,2.924630000000000152e+01
1.416033699999999953e+03,2.935089999999999932e+01
1.416036100000000033e+03,2.936860000000000070e+01
1.416038600000000088e+03,2.935790000000000077e+01
1.416040999999999940e+03,2.936860000000000070e+01
1.416043499999999995e+03,2.941039999999999921e+01
1.416045900000000074e+03,2.947269999999999968e+01
1.416048299999999927e+03,2.955209999999999937e+01
1.416050799999999981e+03,2.965289999999999893e+01
1.416053200000000061e+03,2.977690000000000126e+01
1.416055699999999888e+03,2.991929999999999978e+01
1.416058099999999968e+03,3.007059999999999889e+01
1.416060500000000047e+03,3.021900000000000119e+01
1.416063000000000102e+03,3.035010000000000119e+01
1.416065399999999954e+03,3.044859999999999900e+01
1.416067900000000009e+03,3.050479999999999947e+01
1.416070300000000088e+03,3.052870000000000061e+01
1.416072799999999916e+03,3.055669999999999931e+01
1.416075199999999995e+03,3.063040000000000163e+01
1.416077600000000075e+03,3.075679999999999836e+01
1.416080099999999902e+03,3.089910000000000068e+01
1.416082499999999982e+03,3.101790000000000092e+01
1.416085000000000036e+03,3.111220000000000141e+01
1.416087399999999889e+03,3.121290000000000120e+01
1.416089799999999968e+03,3.135279999999999845e+01
1.416092300000000023e+03,3.155150000000000077e+01
1.416094700000000103e+03,3.180539999999999878e+01
1.416097199999999930e+03,3.207650000000000290e+01
1.416099600000000009e+03,3.230859999999999843e+01
1.416102100000000064e+03,3.246509999999999962e+01
1.416104499999999916e+03,3.254679999999999751e+01
1.416106899999999996e+03,3.258579999999999899e+01
1.416109400000000051e+03,3.263730000000000331e+01
1.416111799999999903e+03,3.276859999999999928e+01
1.416114299999999957e+03,3.302349999999999852e+01
1.416116700000000037e+03,3.338510000000000133e+01
1.416119099999999889e+03,3.375769999999999982e+01
1.416121599999999944e+03,3.399900000000000233e+01
1.416124000000000024e+03,3.401239999999999952e+01
1.416126500000000078e+03,3.382370000000000232e+01
1.416128899999999931e+03,3.355069999999999908e+01
1.416131300000000010e+03,3.329540000000000077e+01
1.416133800000000065e+03,3.307979999999999876e+01
1.416136199999999917e+03,3.286959999999999837e+01
1.416138699999999972e+03,3.263550000000000040e+01
1.416141100000000051e+03,3.238929999999999865e+01
1.416143600000000106e+03,3.217249999999999943e+01
1.416145999999999958e+03,3.201539999999999964e+01
1.416148400000000038e+03,3.191870000000000118e+01
1.416150900000000092e+03,3.187089999999999890e+01
1.416153299999999945e+03,3.186049999999999827e+01
1.416155799999999999e+03,3.186710000000000065e+01
1.416158200000000079e+03,3.186619999999999919e+01
1.416160599999999931e+03,3.184829999999999828e+01
1.416163099999999986e+03,3.182069999999999865e+01
1.416165500000000065e+03,3.178859999999999886e+01
1.416167999999999893e+03,3.174620000000000175e+01
1.416170399999999972e+03,3.168299999999999983e+01
1.416172900000000027e+03,3.158960000000000079e+01
1.416175300000000107e+03,3.146109999999999829e+01
1.416177699999999959e+03,3.130979999999999919e+01
1.416180200000000013e+03,3.117500000000000071e+01
1.416182600000000093e+03,3.110190000000000055e+01
1.416185099999999920e+03,3.110519999999999996e+01
1.416187500000000000e+03,3.116959999999999908e+01
1.416189900000000080e+03,3.128160000000000096e+01
1.416192399999999907e+03,3.143469999999999942e+01
1.416194799999999987e+03,3.160030000000000072e+01
1.416197300000000041e+03,3.171989999999999910e+01
1.416199699999999893e+03,3.173320000000000007e+01
1.416202099999999973e+03,3.160589999999999833e+01
1.416204600000000028e+03,3.134390000000000143e+01
1.416207000000000107e+03,3.100959999999999894e+01
1.416209499999999935e+03,3.071569999999999823e+01
1.416211900000000014e+03,3.056670000000000087e+01
1.416214400000000069e+03,3.058699999999999974e+01
1.416216799999999921e+03,3.071480000000000032e+01
1.416219200000000001e+03,3.086410000000000053e+01
1.416221700000000055e+03,3.097629999999999839e+01
1.416224099999999908e+03,3.102090000000000103e+01
1.416226599999999962e+03,3.098699999999999832e+01
1.416229000000000042e+03,3.089570000000000149e+01
1.416231399999999894e+03,3.079980000000000118e+01
1.416233899999999949e+03,3.073979999999999890e+01
1.416236300000000028e+03,3.069750000000000156e+01
1.416238800000000083e+03,3.061659999999999826e+01
1.416241199999999935e+03,3.047329999999999828e+01
1.416243699999999990e+03,3.031019999999999825e+01
1.416246100000000069e+03,3.019279999999999831e+01
1.416248499999999922e+03,3.014669999999999916e+01
1.416250999999999976e+03,3.014620000000000033e+01
1.416253400000000056e+03,3.015200000000000102e+01
1.416255900000000111e+03,3.014209999999999923e+01
1.416258299999999963e+03,3.011449999999999960e+01
1.416260700000000043e+03,3.007999999999999829e+01
1.416263200000000097e+03,3.005949999999999989e+01
1.416265599999999949e+03,3.007199999999999918e+01
1.416268100000000004e+03,3.011459999999999937e+01
1.416270500000000084e+03,3.015009999999999835e+01
1.416272899999999936e+03,3.012109999999999843e+01
1.416275399999999991e+03,2.999239999999999995e+01
1.416277800000000070e+03,2.978790000000000049e+01
1.416280299999999897e+03,2.957620000000000005e+01
1.416282699999999977e+03,2.941679999999999851e+01
1.416285200000000032e+03,2.932710000000000150e+01
1.416287600000000111e+03,2.929579999999999984e+01
1.416289999999999964e+03,2.931510000000000105e+01
1.416292500000000018e+03,2.939069999999999894e+01
1.416294900000000098e+03,2.953069999999999951e+01
1.416297399999999925e+03,2.972449999999999903e+01
1.416299800000000005e+03,2.992409999999999926e+01
1.416302200000000084e+03,3.004879999999999995e+01
1.416304699999999912e+03,3.003559999999999874e+01
1.416307099999999991e+03,2.989930000000000021e+01
1.416309600000000046e+03,2.972569999999999979e+01
1.416311999999999898e+03,2.959590000000000032e+01
1.416314499999999953e+03,2.952420000000000044e+01
1.416316900000000032e+03,2.947180000000000177e+01
1.416319300000000112e+03,2.940790000000000148e+01
1.416321799999999939e+03,2.934560000000000102e+01
1.416324200000000019e+03,2.931670000000000087e+01
1.416326700000000073e+03,2.932339999999999947e+01
1.416329099999999926e+03,2.933160000000000167e+01
1.416331500000000005e+03,2.931419999999999959e+01
1.416334000000000060e+03,2.928630000000000067e+01
1.416336399999999912e+03,2.929090000000000060e+01
1.416338899999999967e+03,2.935399999999999920e+01
1.416341300000000047e+03,2.945530000000000115e+01
1.416343800000000101e+03,2.954759999999999920e+01
1.416346199999999953e+03,2.959890000000000043e+01
1.416348600000000033e+03,2.960350000000000037e+01
1.416351100000000088e+03,2.956749999999999901e+01
1.416353499999999940e+03,2.951079999999999970e+01
1.416355999999999995e+03,2.947500000000000142e+01
1.416358400000000074e+03,2.949159999999999826e+01
1.416360799999999927e+03,2.954070000000000107e+01
1.416363299999999981e+03,2.957239999999999824e+01
1.416365700000000061e+03,2.957110000000000127e+01
1.416368199999999888e+03,2.956790000000000163e+01
1.416370599999999968e+03,2.958119999999999905e+01
1.416373000000000047e+03,2.958160000000000167e+01
1.416375500000000102e+03,2.953119999999999834e+01
1.416377899999999954e+03,2.943929999999999936e+01
1.416380400000000009e+03,2.935210000000000008e+01
1.416382800000000088e+03,2.930030000000000001e+01
1.416385299999999916e+03,2.928340000000000032e+01
1.416387699999999995e+03,2.929700000000000060e+01
1.416390100000000075e+03,2.933930000000000149e+01
1.416392599999999902e+03,2.939580000000000126e+01
1.416394999999999982e+03,2.945830000000000126e+01
1.416397500000000036e+03,2.955170000000000030e+01
1.416399899999999889e+03,2.970589999999999975e+01
1.416402299999999968e+03,2.989939999999999998e+01
1.416404800000000023e+03,3.005099999999999838e+01
1.416407200000000103e+03,3.006550000000000011e+01
1.416409699999999930e+03,2.990299999999999869e+01
1.416412100000000009e+03,2.962859999999999872e+01
1.416414600000000064e+03,2.938939999999999841e+01
1.416416999999999916e+03,2.931950000000000145e+01
1.416419399999999996e+03,2.944999999999999929e+01
1.416421900000000051e+03,2.969719999999999871e+01
1.416424299999999903e+03,2.992409999999999926e+01
1.416426799999999957e+03,3.002799999999999869e+01
1.416429200000000037e+03,2.999620000000000175e+01
1.416431599999999889e+03,2.987750000000000128e+01
1.416434099999999944e+03,2.970959999999999823e+01
1.416436500000000024e+03,2.949129999999999896e+01
1.416439000000000078e+03,2.922560000000000002e+01
1.416441399999999931e+03,2.896209999999999951e+01
1.416443800000000010e+03,2.878689999999999927e+01
1.416446300000000065e+03,2.877139999999999986e+01
1.416448699999999917e+03,2.892549999999999955e+01
1.416451199999999972e+03,2.918410000000000082e+01
1.416453600000000051e+03,2.943619999999999948e+01
1.416456100000000106e+03,2.958200000000000074e+01
1.416458499999999958e+03,2.958539999999999992e+01
1.416460900000000038e+03,2.948389999999999844e+01
1.416463400000000092e+03,2.935020000000000095e+01
1.416465799999999945e+03,2.924289999999999878e+01
1.416468299999999999e+03,2.918939999999999912e+01
1.416470700000000079e+03,2.919510000000000005e+01
1.416473099999999931e+03,2.925000000000000000e+01
1.416475599999999986e+03,2.932939999999999969e+01
1.416478000000000065e+03,2.939630000000000010e+01
1.416480499999999893e+03,2.941710000000000136e+01
1.416482899999999972e+03,2.938980000000000103e+01
1.416485400000000027e+03,2.936370000000000147e+01
1.416487800000000107e+03,2.941280000000000072e+01
1.416490199999999959e+03,2.957359999999999900e+01
1.416492700000000013e+03,2.981520000000000081e+01
1.416495100000000093e+03,3.007880000000000109e+01
1.416497599999999920e+03,3.034090000000000131e+01
1.416500000000000000e+03,3.061629999999999896e+01
1.416502400000000080e+03,3.091120000000000090e+01
1.416504899999999907e+03,3.119969999999999999e+01
1.416507299999999987e+03,3.144030000000000058e+01
1.416509800000000041e+03,3.157939999999999969e+01
1.416512199999999893e+03,3.154830000000000112e+01
1.416514599999999973e+03,3.130859999999999843e+01
1.416517100000000028e+03,3.090919999999999845e+01
1.416519500000000107e+03,3.046740000000000137e+01
1.416521999999999935e+03,3.008790000000000120e+01
1.416524400000000014e+03,2.981050000000000111e+01
1.416526900000000069e+03,2.961990000000000123e+01
1.416529299999999921e+03,2.948839999999999861e+01
1.416531700000000001e+03,2.940670000000000073e+01
1.416534200000000055e+03,2.938289999999999935e+01
1.416536599999999908e+03,2.942859999999999943e+01
1.416539099999999962e+03,2.953800000000000026e+01
1.416541500000000042e+03,2.967200000000000060e+01
1.416543899999999894e+03,2.976670000000000016e+01
1.416546399999999949e+03,2.977700000000000102e+01
1.416548800000000028e+03,2.970749999999999957e+01
1.416551300000000083e+03,2.959710000000000107e+01
1.416553699999999935e+03,2.947960000000000136e+01
1.416556199999999990e+03,2.936609999999999943e+01
1.416558600000000069e+03,2.925440000000000040e+01
1.416560999999999922e+03,2.914770000000000039e+01
1.416563499999999976e+03,2.906859999999999999e+01
1.416565900000000056e+03,2.905529999999999902e+01
1.416568400000000111e+03,2.913119999999999976e+01
1.416570799999999963e+03,2.927039999999999864e+01
1.416573200000000043e+03,2.940109999999999957e+01
1.416575700000000097e+03,2.945919999999999916e+01
1.416578099999999949e+03,2.943900000000000006e+01
1.416580600000000004e+03,2.939000000000000057e+01
1.416583000000000084e+03,2.936499999999999844e+01
1.416585399999999936e+03,2.937430000000000163e+01
1.416587899999999991e+03,2.938879999999999981e+01
1.416590300000000070e+03,2.938100000000000023e+01
1.416592799999999897e+03,2.935630000000000095e+01
1.416595199999999977e+03,2.934939999999999927e+01
1.416597700000000032e+03,2.938960000000000150e+01
1.416600100000000111e+03,2.946859999999999857e+01
1.416602499999999964e+03,2.954149999999999920e+01
1.416605000000000018e+03,2.956909999999999883e+01
1.416607400000000098e+03,2.955559999999999832e+01
1.416609899999999925e+03,2.953330000000000055e+01
1.416612300000000005e+03,2.952240000000000109e+01
1.416614700000000084e+03,2.952710000000000079e+01
1.416617199999999912e+03,2.955219999999999914e+01
1.416619599999999991e+03,2.959380000000000166e+01
1.416622100000000046e+03,2.962000000000000099e+01
1.416624499999999898e+03,2.959080000000000155e+01
1.416626999999999953e+03,2.950189999999999912e+01
1.416629400000000032e+03,2.939529999999999887e+01
1.416631800000000112e+03,2.933330000000000126e+01
1.416634299999999939e+03,2.935790000000000077e+01
1.416636700000000019e+03,2.946239999999999881e+01
1.416639200000000073e+03,2.959840000000000160e+01
1.416641599999999926e+03,2.972070000000000078e+01
1.416644000000000005e+03,2.982219999999999871e+01
1.416646500000000060e+03,2.992360000000000042e+01
1.416648899999999912e+03,3.003800000000000026e+01
1.416651399999999967e+03,3.014160000000000039e+01
1.416653800000000047e+03,3.017899999999999849e+01
1.416656199999999899e+03,3.011540000000000106e+01
1.416658699999999953e+03,2.998499999999999943e+01
1.416661100000000033e+03,2.986250000000000071e+01
1.416663600000000088e+03,2.978379999999999939e+01
1.416665999999999940e+03,2.972490000000000165e+01
1.416668499999999995e+03,2.965769999999999840e+01
1.416670900000000074e+03,2.959740000000000038e+01
1.416673299999999927e+03,2.958040000000000092e+01
1.416675799999999981e+03,2.961670000000000158e+01
1.416678200000000061e+03,2.967210000000000036e+01
1.416680699999999888e+03,2.969739999999999824e+01
1.416683099999999968e+03,2.967640000000000100e+01
1.416685500000000047e+03,2.965309999999999846e+01
1.416688000000000102e+03,2.971300000000000097e+01
1.416690399999999954e+03,2.992599999999999838e+01
1.416692900000000009e+03,3.028109999999999857e+01
1.416695300000000088e+03,3.064529999999999887e+01
1.416697799999999916e+03,3.081810000000000116e+01
1.416700199999999995e+03,3.069379999999999953e+01
1.416702600000000075e+03,3.037280000000000157e+01
1.416705099999999902e+03,3.007219999999999871e+01
1.416707499999999982e+03,2.993759999999999977e+01
1.416710000000000036e+03,2.995939999999999870e+01
1.416712399999999889e+03,3.003239999999999910e+01
1.416714799999999968e+03,3.005689999999999884e+01
1.416717300000000023e+03,2.999840000000000018e+01
1.416719700000000103e+03,2.988299999999999912e+01
1.416722199999999930e+03,2.974820000000000064e+01
1.416724600000000009e+03,2.960490000000000066e+01
1.416727100000000064e+03,2.945009999999999906e+01
1.416729499999999916e+03,2.930110000000000170e+01
1.416731899999999996e+03,2.919379999999999953e+01
1.416734400000000051e+03,2.914620000000000033e+01
1.416736799999999903e+03,2.914130000000000109e+01
1.416739299999999957e+03,2.915859999999999985e+01
1.416741700000000037e+03,2.920449999999999946e+01
1.416744099999999889e+03,2.929100000000000037e+01
1.416746599999999944e+03,2.939499999999999957e+01
1.416749000000000024e+03,2.946649999999999991e+01
1.416751500000000078e+03,2.948089999999999833e+01
1.416753899999999931e+03,2.945880000000000010e+01
1.416756300000000010e+03,2.943110000000000070e+01
1.416758800000000065e+03,2.940820000000000078e+01
1.416761199999999917e+03,2.939029999999999987e+01
1.416763699999999972e+03,2.938439999999999941e+01
1.416766100000000051e+03,2.939910000000000068e+01
1.416768600000000106e+03,2.943580000000000041e+01
1.416770999999999958e+03,2.949840000000000018e+01
1.416773400000000038e+03,2.959349999999999881e+01
1.416775900000000092e+03,2.970530000000000115e+01
1.416778299999999945e+03,2.978620000000000090e+01
1.416780799999999999e+03,2.979690000000000083e+01
1.416783200000000079e+03,2.974810000000000088e+01
1.416785599999999931e+03,2.967389999999999972e+01
1.416788099999999986e+03,2.957489999999999952e+01
1.416790500000000065e+03,2.943380000000000152e+01
1.416792999999999893e+03,2.927890000000000015e+01
1.416795399999999972e+03,2.917800000000000082e+01
1.416797900000000027e+03,2.915469999999999828e+01
1.416800300000000107e+03,2.914709999999999823e+01
1.416802699999999959e+03,2.907900000000000063e+01
1.416805200000000013e+03,2.895270000000000010e+01
1.416807600000000093e+03,2.884509999999999863e+01
1.416810099999999920e+03,2.881579999999999941e+01
1.416812500000000000e+03,2.885099999999999909e+01
1.416814900000000080e+03,2.889959999999999951e+01
1.416817399999999907e+03,2.893440000000000012e+01
1.416819799999999987e+03,2.896300000000000097e+01
1.416822300000000041e+03,2.900219999999999843e+01
1.416824699999999893e+03,2.906190000000000140e+01
1.416827099999999973e+03,2.914089999999999847e+01
1.416829600000000028e+03,2.922599999999999909e+01
1.416832000000000107e+03,2.929909999999999926e+01
1.416834499999999935e+03,2.934819999999999851e+01
1.416836900000000014e+03,2.937239999999999895e+01
1.416839400000000069e+03,2.938139999999999930e+01
1.416841799999999921e+03,2.939580000000000126e+01
1.416844200000000001e+03,2.944069999999999965e+01
1.416846700000000055e+03,2.953190000000000026e+01
1.416849099999999908e+03,2.965429999999999922e+01
1.416851599999999962e+03,2.975009999999999977e+01
1.416854000000000042e+03,2.974660000000000082e+01
1.416856399999999894e+03,2.961570000000000036e+01
1.416858899999999949e+03,2.939760000000000062e+01
1.416861300000000028e+03,2.916189999999999927e+01
1.416863800000000083e+03,2.896999999999999886e+01
1.416866199999999935e+03,2.887910000000000110e+01
1.416868699999999990e+03,2.893530000000000157e+01
1.416871100000000069e+03,2.912849999999999895e+01
1.416873499999999922e+03,2.937079999999999913e+01
1.416875999999999976e+03,2.955199999999999960e+01
1.416878400000000056e+03,2.962000000000000099e+01
1.416880900000000111e+03,2.959799999999999898e+01
1.416883299999999963e+03,2.954289999999999949e+01
1.416885700000000043e+03,2.950979999999999848e+01
1.416888200000000097e+03,2.954220000000000113e+01
1.416890599999999949e+03,2.965729999999999933e+01
1.416893100000000004e+03,2.982880000000000109e+01
1.416895500000000084e+03,2.999190000000000111e+01
1.416897899999999936e+03,3.008040000000000092e+01
1.416900399999999991e+03,3.007199999999999918e+01
1.416902800000000070e+03,3.000159999999999982e+01
1.416905299999999897e+03,2.992709999999999937e+01
1.416907699999999977e+03,2.987989999999999924e+01
1.416910200000000032e+03,2.985290000000000177e+01
1.416912600000000111e+03,2.982450000000000045e+01
1.416914999999999964e+03,2.978119999999999834e+01
1.416917500000000018e+03,2.972360000000000113e+01
1.416919900000000098e+03,2.966710000000000136e+01
1.416922399999999925e+03,2.963269999999999982e+01
1.416924800000000005e+03,2.963060000000000116e+01
1.416927200000000084e+03,2.964649999999999963e+01
1.416929699999999912e+03,2.964620000000000033e+01
1.416932099999999991e+03,2.959669999999999845e+01
1.416934600000000046e+03,2.949589999999999890e+01
1.416936999999999898e+03,2.938060000000000116e+01
1.416939499999999953e+03,2.929840000000000089e+01
1.416941900000000032e+03,2.927019999999999911e+01
1.416944300000000112e+03,2.927499999999999858e+01
1.416946799999999939e+03,2.927159999999999940e+01
1.416949200000000019e+03,2.923939999999999984e+01
1.416951700000000073e+03,2.919669999999999987e+01
1.416954099999999926e+03,2.917719999999999914e+01
1.416956500000000005e+03,2.920100000000000051e+01
1.416959000000000060e+03,2.927159999999999940e+01
1.416961399999999912e+03,2.937630000000000052e+01
1.416963899999999967e+03,2.947800000000000153e+01
1.416966300000000047e+03,2.953020000000000067e+01
1.416968800000000101e+03,2.951500000000000057e+01
1.416971199999999953e+03,2.945499999999999829e+01
1.416973600000000033e+03,2.939079999999999870e+01
1.416976100000000088e+03,2.935970000000000013e+01
1.416978499999999940e+03,2.938729999999999976e+01
1.416980999999999995e+03,2.947210000000000107e+01
1.416983400000000074e+03,2.957740000000000080e+01
1.416985799999999927e+03,2.965319999999999823e+01
1.416988299999999981e+03,2.968090000000000117e+01
1.416990700000000061e+03,2.969190000000000040e+01
1.416993199999999888e+03,2.973199999999999932e+01
1.416995599999999968e+03,2.980620000000000047e+01
1.416998000000000047e+03,2.987180000000000035e+01
1.417000500000000102e+03,2.989379999999999882e+01
1.417002899999999954e+03,2.988980000000000103e+01
1.417005400000000009e+03,2.990579999999999927e+01
1.417007800000000088e+03,2.995970000000000155e+01
1.417010299999999916e+03,3.002390000000000114e+01
1.417012699999999995e+03,3.005750000000000099e+01
1.417015100000000075e+03,3.004220000000000113e+01
1.417017599999999902e+03,2.998590000000000089e+01
1.417019999999999982e+03,2.990480000000000160e+01
1.417022500000000036e+03,2.981279999999999930e+01
1.417024899999999889e+03,2.972729999999999961e+01
1.417027299999999968e+03,2.967340000000000089e+01
1.417029800000000023e+03,2.966900000000000048e+01
1.417032200000000103e+03,2.970880000000000010e+01
1.417034699999999930e+03,2.977629999999999910e+01
1.417037100000000009e+03,2.986570000000000036e+01
1.417039600000000064e+03,2.997040000000000148e+01
1.417041999999999916e+03,3.005430000000000135e+01
1.417044399999999996e+03,3.006169999999999831e+01
1.417046900000000051e+03,2.996790000000000020e+01
1.417049299999999903e+03,2.980849999999999866e+01
1.417051799999999957e+03,2.965640000000000143e+01
1.417054200000000037e+03,2.957560000000000144e+01
1.417056599999999889e+03,2.958630000000000138e+01
1.417059099999999944e+03,2.965630000000000166e+01
1.417061500000000024e+03,2.972190000000000154e+01
1.417064000000000078e+03,2.972230000000000061e+01
1.417066399999999931e+03,2.963400000000000034e+01
1.417068800000000010e+03,2.949080000000000013e+01
1.417071300000000065e+03,2.936580000000000013e+01
1.417073699999999917e+03,2.931869999999999976e+01
1.417076199999999972e+03,2.936349999999999838e+01
1.417078600000000051e+03,2.947939999999999827e+01
1.417081100000000106e+03,2.962580000000000169e+01
1.417083499999999958e+03,2.974599999999999866e+01
1.417085900000000038e+03,2.979639999999999844e+01
1.417088400000000092e+03,2.978699999999999903e+01
1.417090799999999945e+03,2.976810000000000045e+01
1.417093299999999999e+03,2.976259999999999906e+01
1.417095700000000079e+03,2.973019999999999996e+01
1.417098099999999931e+03,2.961469999999999914e+01
1.417100599999999986e+03,2.942350000000000065e+01
1.417103000000000065e+03,2.925469999999999970e+01
1.417105499999999893e+03,2.923710000000000164e+01
1.417107899999999972e+03,2.943840000000000146e+01
1.417110400000000027e+03,2.982519999999999882e+01
1.417112800000000107e+03,3.029339999999999833e+01
1.417115199999999959e+03,3.071539999999999893e+01
1.417117700000000013e+03,3.096880000000000166e+01
1.417120100000000093e+03,3.097279999999999944e+01
1.417122599999999920e+03,3.073880000000000123e+01
1.417125000000000000e+03,3.037910000000000110e+01
1.417127400000000080e+03,3.004240000000000066e+01
1.417129899999999907e+03,2.983210000000000051e+01
1.417132299999999987e+03,2.977080000000000126e+01
1.417134800000000041e+03,2.981139999999999901e+01
1.417137199999999893e+03,2.987500000000000000e+01
1.417139599999999973e+03,2.989379999999999882e+01
1.417142100000000028e+03,2.983990000000000009e+01
1.417144500000000107e+03,2.973529999999999873e+01
1.417146999999999935e+03,2.963919999999999888e+01
1.417149400000000014e+03,2.960549999999999926e+01
1.417151900000000069e+03,2.963609999999999900e+01
1.417154299999999921e+03,2.967960000000000065e+01
1.417156700000000001e+03,2.968550000000000111e+01
1.417159200000000055e+03,2.965240000000000009e+01
1.417161599999999908e+03,2.961959999999999837e+01
1.417164099999999962e+03,2.962120000000000175e+01
1.417166500000000042e+03,2.965399999999999991e+01
1.417168899999999894e+03,2.968599999999999994e+01
1.417171399999999949e+03,2.968990000000000151e+01
1.417173800000000028e+03,2.967610000000000170e+01
1.417176300000000083e+03,2.968789999999999907e+01
1.417178699999999935e+03,2.975130000000000052e+01
1.417181199999999990e+03,2.983149999999999835e+01
1.417183600000000069e+03,2.985660000000000025e+01
1.417185999999999922e+03,2.979230000000000089e+01
1.417188499999999976e+03,2.967610000000000170e+01
1.417190900000000056e+03,2.957430000000000092e+01
1.417193400000000111e+03,2.952270000000000039e+01
1.417195799999999963e+03,2.951839999999999975e+01
1.417198200000000043e+03,2.955039999999999978e+01
1.417200700000000097e+03,2.962399999999999878e+01
1.417203099999999949e+03,2.975379999999999825e+01
1.417205600000000004e+03,2.993570000000000064e+01
1.417208000000000084e+03,3.012750000000000128e+01
1.417210399999999936e+03,3.026439999999999841e+01
1.417212899999999991e+03,3.030590000000000117e+01
1.417215300000000070e+03,3.026529999999999987e+01
1.417217799999999897e+03,3.019510000000000005e+01
1.417220199999999977e+03,3.014229999999999876e+01
1.417222700000000032e+03,3.011629999999999896e+01
1.417225100000000111e+03,3.009769999999999968e+01
1.417227499999999964e+03,3.007189999999999941e+01
1.417230000000000018e+03,3.003890000000000171e+01
1.417232400000000098e+03,2.999759999999999849e+01
1.417234899999999925e+03,2.993980000000000175e+01
1.417237300000000005e+03,2.986759999999999948e+01
1.417239700000000084e+03,2.980519999999999925e+01
1.417242199999999912e+03,2.978839999999999932e+01
1.417244599999999991e+03,2.983660000000000068e+01
1.417247100000000046e+03,2.993159999999999954e+01
1.417249499999999898e+03,3.003040000000000020e+01
1.417251999999999953e+03,3.009990000000000165e+01
1.417254400000000032e+03,3.012519999999999953e+01
1.417256800000000112e+03,3.008940000000000126e+01
1.417259299999999939e+03,2.997390000000000043e+01
1.417261700000000019e+03,2.978940000000000055e+01
1.417264200000000073e+03,2.958709999999999951e+01
1.417266599999999926e+03,2.943230000000000146e+01
1.417269000000000005e+03,2.937409999999999854e+01
1.417271500000000060e+03,2.943890000000000029e+01
1.417273899999999912e+03,2.962470000000000070e+01
1.417276399999999967e+03,2.988119999999999976e+01
1.417278800000000047e+03,3.010399999999999920e+01
1.417281199999999899e+03,3.017569999999999908e+01
1.417283699999999953e+03,3.003989999999999938e+01
1.417286100000000033e+03,2.975230000000000175e+01
1.417288600000000088e+03,2.945459999999999923e+01
1.417290999999999940e+03,2.927899999999999991e+01
1.417293499999999995e+03,2.926529999999999987e+01
1.417295900000000074e+03,2.935409999999999897e+01
1.417298299999999927e+03,2.944429999999999836e+01
1.417300799999999981e+03,2.946470000000000056e+01
1.417303200000000061e+03,2.942480000000000118e+01
1.417305699999999888e+03,2.941310000000000002e+01
1.417308099999999968e+03,2.952489999999999881e+01
1.417310500000000047e+03,2.977520000000000167e+01
1.417313000000000102e+03,3.008010000000000161e+01
1.417315399999999954e+03,3.032300000000000040e+01
1.417317900000000009e+03,3.043700000000000117e+01
1.417320300000000088e+03,3.043270000000000053e+01
1.417322799999999916e+03,3.036959999999999837e+01
1.417325199999999995e+03,3.030620000000000047e+01
1.417327600000000075e+03,3.025870000000000104e+01
1.417330099999999902e+03,3.019160000000000110e+01
1.417332499999999982e+03,3.005440000000000111e+01
1.417335000000000036e+03,2.983579999999999899e+01
1.417337399999999889e+03,2.958370000000000033e+01
1.417339799999999968e+03,2.937079999999999913e+01
1.417342300000000023e+03,2.924830000000000041e+01
1.417344700000000103e+03,2.923450000000000060e+01
1.417347199999999930e+03,2.932209999999999894e+01
1.417349600000000009e+03,2.947469999999999857e+01
1.417352100000000064e+03,2.962389999999999901e+01
1.417354499999999916e+03,2.969709999999999894e+01
1.417356899999999996e+03,2.966499999999999915e+01
1.417359400000000051e+03,2.957049999999999912e+01
1.417361799999999903e+03,2.951060000000000016e+01
1.417364299999999957e+03,2.956350000000000122e+01
1.417366700000000037e+03,2.971320000000000050e+01
1.417369099999999889e+03,2.985589999999999833e+01
1.417371599999999944e+03,2.989839999999999876e+01
1.417374000000000024e+03,2.984309999999999974e+01
1.417376500000000078e+03,2.976620000000000132e+01
1.417378899999999931e+03,2.972159999999999869e+01
1.417381300000000010e+03,2.969310000000000116e+01
1.417383800000000065e+03,2.964020000000000010e+01
1.417386199999999917e+03,2.955549999999999855e+01
1.417388699999999972e+03,2.946679999999999922e+01
1.417391100000000051e+03,2.940159999999999840e+01
1.417393600000000106e+03,2.936730000000000018e+01
1.417395999999999958e+03,2.935869999999999891e+01
1.417398400000000038e+03,2.937529999999999930e+01
1.417400900000000092e+03,2.942879999999999896e+01
1.417403299999999945e+03,2.954309999999999903e+01
1.417405799999999999e+03,2.974299999999999855e+01
1.417408200000000079e+03,3.002550000000000097e+01
1.417410599999999931e+03,3.033500000000000085e+01
1.417413099999999986e+03,3.058849999999999980e+01
1.417415500000000065e+03,3.074490000000000123e+01
1.417417999999999893e+03,3.083180000000000121e+01
1.417420399999999972e+03,3.088500000000000156e+01
1.417422900000000027e+03,3.088050000000000139e+01
1.417425300000000107e+03,3.075600000000000023e+01
1.417427699999999959e+03,3.049780000000000157e+01
1.417430200000000013e+03,3.017599999999999838e+01
1.417432600000000093e+03,2.988710000000000022e+01
1.417435099999999920e+03,2.968720000000000070e+01
1.417437500000000000e+03,2.959009999999999962e+01
1.417439900000000080e+03,2.960020000000000095e+01
1.417442399999999907e+03,2.970870000000000033e+01
1.417444799999999987e+03,2.986580000000000013e+01
1.417447300000000041e+03,2.999220000000000041e+01
1.417449699999999893e+03,3.003620000000000090e+01
1.417452099999999973e+03,3.000639999999999930e+01
1.417454600000000028e+03,2.993980000000000175e+01
1.417457000000000107e+03,2.985539999999999949e+01
1.417459499999999935e+03,2.974780000000000157e+01
1.417461900000000014e+03,2.961629999999999896e+01
1.417464400000000069e+03,2.948430000000000106e+01
1.417466799999999921e+03,2.939339999999999975e+01
1.417469200000000001e+03,2.938109999999999999e+01
1.417471700000000055e+03,2.946229999999999905e+01
1.417474099999999908e+03,2.962120000000000175e+01
1.417476599999999962e+03,2.980669999999999931e+01
1.417479000000000042e+03,2.994089999999999918e+01
1.417481399999999894e+03,2.995990000000000109e+01
1.417483899999999949e+03,2.985719999999999885e+01
1.417486300000000028e+03,2.967549999999999955e+01
1.417488800000000083e+03,2.947220000000000084e+01
1.417491199999999935e+03,2.931050000000000111e+01
1.417493699999999990e+03,2.925130000000000052e+01
1.417496100000000069e+03,2.930489999999999995e+01
1.417498499999999922e+03,2.940549999999999997e+01
1.417500999999999976e+03,2.946910000000000096e+01
1.417503400000000056e+03,2.947060000000000102e+01
1.417505900000000111e+03,2.944219999999999970e+01
1.417508299999999963e+03,2.942129999999999868e+01
1.417510700000000043e+03,2.942770000000000152e+01
1.417513200000000097e+03,2.946930000000000049e+01
1.417515599999999949e+03,2.953389999999999915e+01
1.417518100000000004e+03,2.957669999999999888e+01
1.417520500000000084e+03,2.954810000000000159e+01
1.417522899999999936e+03,2.944610000000000127e+01
1.417525399999999991e+03,2.932379999999999853e+01
1.417527800000000070e+03,2.924050000000000082e+01
1.417530299999999897e+03,2.922340000000000160e+01
1.417532699999999977e+03,2.927090000000000103e+01
1.417535200000000032e+03,2.936840000000000117e+01
1.417537600000000111e+03,2.949759999999999849e+01
1.417539999999999964e+03,2.963870000000000005e+01
1.417542500000000018e+03,2.976219999999999999e+01
1.417544900000000098e+03,2.982590000000000074e+01
1.417547399999999925e+03,2.980519999999999925e+01
1.417549800000000005e+03,2.972210000000000107e+01
1.417552200000000084e+03,2.962229999999999919e+01
1.417554699999999912e+03,2.952769999999999939e+01
1.417557099999999991e+03,2.943090000000000117e+01
1.417559600000000046e+03,2.932639999999999958e+01
1.417561999999999898e+03,2.922840000000000060e+01
1.417564499999999953e+03,2.915889999999999915e+01
1.417566900000000032e+03,2.913060000000000116e+01
1.417569300000000112e+03,2.914750000000000085e+01
1.417571799999999939e+03,2.921259999999999835e+01
1.417574200000000019e+03,2.932700000000000173e+01
1.417576700000000073e+03,2.947449999999999903e+01
1.417579099999999926e+03,2.962030000000000030e+01
1.417581500000000005e+03,2.974620000000000175e+01
1.417584000000000060e+03,2.988129999999999953e+01
1.417586399999999912e+03,3.006579999999999941e+01
1.417588899999999967e+03,3.027710000000000079e+01
1.417591300000000047e+03,3.042480000000000118e+01
1.417593800000000101e+03,3.042940000000000111e+01
1.417596199999999953e+03,3.029350000000000165e+01
1.417598600000000033e+03,3.009860000000000113e+01
1.417601100000000088e+03,2.995400000000000063e+01
1.417603499999999940e+03,2.993459999999999965e+01
1.417605999999999995e+03,3.003369999999999962e+01
1.417608400000000074e+03,3.016140000000000043e+01
1.417610799999999927e+03,3.021170000000000044e+01
1.417613299999999981e+03,3.015249999999999986e+01
1.417615700000000061e+03,3.004629999999999868e+01
1.417618199999999888e+03,2.997190000000000154e+01
1.417620599999999968e+03,2.993870000000000076e+01
1.417623000000000047e+03,2.989470000000000027e+01
1.417625500000000102e+03,2.981080000000000041e+01
1.417627899999999954e+03,2.972609999999999886e+01
1.417630400000000009e+03,2.969989999999999952e+01
1.417632800000000088e+03,2.974060000000000059e+01
1.417635299999999916e+03,2.979769999999999897e+01
1.417637699999999995e+03,2.982339999999999947e+01
1.417640100000000075e+03,2.983419999999999916e+01
1.417642599999999902e+03,2.990129999999999910e+01
1.417644999999999982e+03,3.006950000000000145e+01
1.417647500000000036e+03,3.028699999999999903e+01
1.417649899999999889e+03,3.042790000000000106e+01
1.417652299999999968e+03,3.039699999999999847e+01
1.417654800000000023e+03,3.021910000000000096e+01
1.417657200000000103e+03,3.002590000000000003e+01
1.417659699999999930e+03,2.994699999999999918e+01
1.417662100000000009e+03,3.000819999999999865e+01
1.417664600000000064e+03,3.012800000000000011e+01
1.417666999999999916e+03,3.021340000000000003e+01
1.417669399999999996e+03,3.024840000000000018e+01
1.417671900000000051e+03,3.028470000000000084e+01
1.417674299999999903e+03,3.036120000000000019e+01
1.417676799999999957e+03,3.045420000000000016e+01
1.417679200000000037e+03,3.050860000000000127e+01
1.417681599999999889e+03,3.050219999999999843e+01
1.417684099999999944e+03,3.046930000000000049e+01
1.417686500000000024e+03,3.046320000000000050e+01
1.417689000000000078e+03,3.050410000000000110e+01
1.417691399999999931e+03,3.056810000000000116e+01
1.417693800000000010e+03,3.061710000000000065e+01
1.417696300000000065e+03,3.062399999999999878e+01
1.417698699999999917e+03,3.057760000000000034e+01
1.417701199999999972e+03,3.048260000000000147e+01
1.417703600000000051e+03,3.035679999999999978e+01
1.417706100000000106e+03,3.021699999999999875e+01
1.417708499999999958e+03,3.006909999999999883e+01
1.417710900000000038e+03,2.992160000000000153e+01
1.417713400000000092e+03,2.980529999999999902e+01
1.417715799999999945e+03,2.976330000000000098e+01
1.417718299999999999e+03,2.981309999999999860e+01
1.417720700000000079e+03,2.992640000000000100e+01
1.417723099999999931e+03,3.004879999999999995e+01
1.417725599999999986e+03,3.013060000000000116e+01
1.417728000000000065e+03,3.014300000000000068e+01
1.417730499999999893e+03,3.008089999999999975e+01
1.417732899999999972e+03,2.996340000000000003e+01
1.417735400000000027e+03,2.983559999999999945e+01
1.417737800000000107e+03,2.976129999999999853e+01
1.417740199999999959e+03,2.978780000000000072e+01
1.417742700000000013e+03,2.989730000000000132e+01
1.417745100000000093e+03,3.000939999999999941e+01
1.417747599999999920e+03,3.004830000000000112e+01
1.417750000000000000e+03,3.000150000000000006e+01
1.417752400000000080e+03,2.991219999999999857e+01
1.417754899999999907e+03,2.982809999999999917e+01
1.417757299999999987e+03,2.976360000000000028e+01
1.417759800000000041e+03,2.970309999999999917e+01
1.417762199999999893e+03,2.963260000000000005e+01
1.417764599999999973e+03,2.956929999999999836e+01
1.417767100000000028e+03,2.955649999999999977e+01
1.417769500000000107e+03,2.962300000000000111e+01
1.417771999999999935e+03,2.974540000000000006e+01
1.417774400000000014e+03,2.986159999999999926e+01
1.417776900000000069e+03,2.992920000000000158e+01
1.417779299999999921e+03,2.996509999999999962e+01
1.417781700000000001e+03,3.001780000000000115e+01
1.417784200000000055e+03,3.010729999999999862e+01
1.417786599999999908e+03,3.020579999999999998e+01
1.417789099999999962e+03,3.026849999999999952e+01
1.417791500000000042e+03,3.027139999999999986e+01
1.417793899999999894e+03,3.022449999999999903e+01
1.417796399999999949e+03,3.016189999999999927e+01
1.417798800000000028e+03,3.012049999999999983e+01
1.417801300000000083e+03,3.012249999999999872e+01
1.417803699999999935e+03,3.017729999999999890e+01
1.417806199999999990e+03,3.028219999999999956e+01
1.417808600000000069e+03,3.040370000000000061e+01
1.417810999999999922e+03,3.046790000000000020e+01
1.417813499999999976e+03,3.040040000000000120e+01
1.417815900000000056e+03,3.019300000000000139e+01
1.417818400000000111e+03,2.992170000000000130e+01
1.417820799999999963e+03,2.968690000000000140e+01
1.417823200000000043e+03,2.954779999999999873e+01
1.417825700000000097e+03,2.951899999999999835e+01
1.417828099999999949e+03,2.959590000000000032e+01
1.417830600000000004e+03,2.974220000000000041e+01
1.417833000000000084e+03,2.987130000000000152e+01
1.417835399999999936e+03,2.989470000000000027e+01
1.417837899999999991e+03,2.980489999999999995e+01
1.417840300000000070e+03,2.968100000000000094e+01
1.417842799999999897e+03,2.959929999999999950e+01
1.417845199999999977e+03,2.957019999999999982e+01
1.417847700000000032e+03,2.957649999999999935e+01
1.417850100000000111e+03,2.962669999999999959e+01
1.417852499999999964e+03,2.973430000000000106e+01
1.417855000000000018e+03,2.987259999999999849e+01
1.417857400000000098e+03,2.998720000000000141e+01
1.417859899999999925e+03,3.004400000000000048e+01
1.417862300000000005e+03,3.004749999999999943e+01
1.417864700000000084e+03,3.002220000000000155e+01
1.417867199999999912e+03,2.998860000000000170e+01
1.417869599999999991e+03,2.994999999999999929e+01
1.417872100000000046e+03,2.989819999999999922e+01
1.417874499999999898e+03,2.983340000000000103e+01
1.417876999999999953e+03,2.978290000000000148e+01
1.417879400000000032e+03,2.979919999999999902e+01
1.417881800000000112e+03,2.992810000000000059e+01
1.417884299999999939e+03,3.015490000000000137e+01
1.417886700000000019e+03,3.037879999999999825e+01
1.417889200000000073e+03,3.047009999999999863e+01
1.417891599999999926e+03,3.037269999999999825e+01
1.417894000000000005e+03,3.014999999999999858e+01
1.417896500000000060e+03,2.992859999999999943e+01
1.417898899999999912e+03,2.980600000000000094e+01
1.417901399999999967e+03,2.979820000000000135e+01
1.417903800000000047e+03,2.985360000000000014e+01
1.417906199999999899e+03,2.990009999999999835e+01
1.417908699999999953e+03,2.988889999999999958e+01
1.417911100000000033e+03,2.981459999999999866e+01
1.417913600000000088e+03,2.971819999999999951e+01
1.417915999999999940e+03,2.967109999999999914e+01
1.417918499999999995e+03,2.973430000000000106e+01
1.417920900000000074e+03,2.991049999999999898e+01
1.417923299999999927e+03,3.013390000000000057e+01
1.417925799999999981e+03,3.031230000000000047e+01
1.417928200000000061e+03,3.038469999999999871e+01
1.417930699999999888e+03,3.034629999999999939e+01
1.417933099999999968e+03,3.023270000000000124e+01
1.417935500000000047e+03,3.008869999999999933e+01
1.417938000000000102e+03,2.994259999999999877e+01
1.417940399999999954e+03,2.979720000000000013e+01
1.417942900000000009e+03,2.964819999999999922e+01
1.417945300000000088e+03,2.951460000000000150e+01
1.417947799999999916e+03,2.944559999999999889e+01
1.417950199999999995e+03,2.948789999999999978e+01
1.417952600000000075e+03,2.963990000000000080e+01
1.417955099999999902e+03,2.983279999999999887e+01
1.417957499999999982e+03,2.996389999999999887e+01
1.417960000000000036e+03,2.997180000000000177e+01
1.417962399999999889e+03,2.989099999999999824e+01
1.417964799999999968e+03,2.982799999999999940e+01
1.417967300000000023e+03,2.987079999999999913e+01
1.417969700000000103e+03,3.001679999999999993e+01
1.417972199999999930e+03,3.018639999999999901e+01
1.417974600000000009e+03,3.030270000000000152e+01
1.417977100000000064e+03,3.035000000000000142e+01
1.417979499999999916e+03,3.036420000000000030e+01
1.417981899999999996e+03,3.038510000000000133e+01
1.417984400000000051e+03,3.042079999999999984e+01
1.417986799999999903e+03,3.045070000000000121e+01
1.417989299999999957e+03,3.045700000000000074e+01
1.417991700000000037e+03,3.044869999999999877e+01
1.417994099999999889e+03,3.044490000000000052e+01
1.417996599999999944e+03,3.043430000000000035e+01
1.417999000000000024e+03,3.037409999999999854e+01
1.418001500000000078e+03,3.024320000000000164e+01
1.418003899999999931e+03,3.007799999999999940e+01
1.418006300000000010e+03,2.993540000000000134e+01
1.418008800000000065e+03,2.983699999999999974e+01
1.418011199999999917e+03,2.977070000000000149e+01
1.418013699999999972e+03,2.973819999999999908e+01
1.418016100000000051e+03,2.976820000000000022e+01
1.418018600000000106e+03,2.988080000000000069e+01
1.418020999999999958e+03,3.005790000000000006e+01
1.418023400000000038e+03,3.025910000000000011e+01
1.418025900000000092e+03,3.045459999999999923e+01
1.418028299999999945e+03,3.063050000000000139e+01
1.418030799999999999e+03,3.076989999999999981e+01
1.418033200000000079e+03,3.084459999999999980e+01
1.418035599999999931e+03,3.083840000000000003e+01
1.418038099999999986e+03,3.076640000000000086e+01
1.418040500000000065e+03,3.065889999999999915e+01
1.418042999999999893e+03,3.053209999999999980e+01
1.418045399999999972e+03,3.038260000000000005e+01
1.418047900000000027e+03,3.020690000000000097e+01
1.418050300000000107e+03,3.001930000000000121e+01
1.418052699999999959e+03,2.985480000000000089e+01
1.418055200000000013e+03,2.975390000000000157e+01
1.418057600000000093e+03,2.974200000000000088e+01
1.418060099999999920e+03,2.982219999999999871e+01
1.418062500000000000e+03,2.997629999999999839e+01
1.418064900000000080e+03,3.015159999999999840e+01
1.418067399999999907e+03,3.025459999999999994e+01
1.418069799999999987e+03,3.020339999999999847e+01
1.418072300000000041e+03,3.001239999999999952e+01
1.418074699999999893e+03,2.980089999999999861e+01
1.418077099999999973e+03,2.969379999999999953e+01
1.418079600000000028e+03,2.972340000000000160e+01
1.418082000000000107e+03,2.982979999999999876e+01
1.418084499999999935e+03,2.993140000000000001e+01
1.418086900000000014e+03,2.998339999999999961e+01
1.418089400000000069e+03,2.999089999999999989e+01
1.418091799999999921e+03,2.999010000000000176e+01
1.418094200000000001e+03,3.001289999999999836e+01
1.418096700000000055e+03,3.006220000000000070e+01
1.418099099999999908e+03,3.011730000000000018e+01
1.418101599999999962e+03,3.015820000000000078e+01
1.418104000000000042e+03,3.017620000000000147e+01
1.418106399999999894e+03,3.016610000000000014e+01
1.418108899999999949e+03,3.012490000000000023e+01
1.418111300000000028e+03,3.006810000000000116e+01
1.418113800000000083e+03,3.003689999999999927e+01
1.418116199999999935e+03,3.006909999999999883e+01
1.418118699999999990e+03,3.015800000000000125e+01
1.418121100000000069e+03,3.025649999999999906e+01
1.418123499999999922e+03,3.032679999999999865e+01
1.418125999999999976e+03,3.037539999999999907e+01
1.418128400000000056e+03,3.043449999999999989e+01
1.418130900000000111e+03,3.052390000000000114e+01
1.418133299999999963e+03,3.063370000000000104e+01
1.418135700000000043e+03,3.073000000000000043e+01
1.418138200000000097e+03,3.077380000000000138e+01
1.418140599999999949e+03,3.074309999999999832e+01
1.418143100000000004e+03,3.064420000000000144e+01
1.418145500000000084e+03,3.051239999999999952e+01
1.418147899999999936e+03,3.041059999999999874e+01
1.418150399999999991e+03,3.040579999999999927e+01
1.418152800000000070e+03,3.052049999999999841e+01
1.418155299999999897e+03,3.069960000000000022e+01
1.418157699999999977e+03,3.083930000000000149e+01
1.418160200000000032e+03,3.085620000000000118e+01
1.418162600000000111e+03,3.073679999999999879e+01
1.418164999999999964e+03,3.053890000000000171e+01
1.418167500000000018e+03,3.035589999999999833e+01
1.418169900000000098e+03,3.026300000000000168e+01
1.418172399999999925e+03,3.027209999999999823e+01
1.418174800000000005e+03,3.033279999999999887e+01
1.418177200000000084e+03,3.038299999999999912e+01
1.418179699999999912e+03,3.039539999999999864e+01
1.418182099999999991e+03,3.037320000000000064e+01
1.418184600000000046e+03,3.032010000000000005e+01
1.418186999999999898e+03,3.023560000000000159e+01
1.418189499999999953e+03,3.014120000000000132e+01
1.418191900000000032e+03,3.008830000000000027e+01
1.418194300000000112e+03,3.012620000000000076e+01
1.418196799999999939e+03,3.025730000000000075e+01
1.418199200000000019e+03,3.042660000000000053e+01
1.418201700000000073e+03,3.055379999999999896e+01
1.418204099999999926e+03,3.057799999999999940e+01
1.418206500000000005e+03,3.048260000000000147e+01
1.418209000000000060e+03,3.030300000000000082e+01
1.418211399999999912e+03,3.011659999999999826e+01
1.418213899999999967e+03,3.000369999999999848e+01
1.418216300000000047e+03,3.000009999999999977e+01
1.418218800000000101e+03,3.008579999999999899e+01
1.418221199999999953e+03,3.022299999999999898e+01
1.418223600000000033e+03,3.039549999999999841e+01
1.418226100000000088e+03,3.060460000000000136e+01
1.418228499999999940e+03,3.082979999999999876e+01
1.418230999999999995e+03,3.101300000000000168e+01
1.418233400000000074e+03,3.109840000000000160e+01
1.418235799999999927e+03,3.108360000000000056e+01
1.418238299999999981e+03,3.101350000000000051e+01
1.418240700000000061e+03,3.092370000000000019e+01
1.418243199999999888e+03,3.080979999999999919e+01
1.418245599999999968e+03,3.065840000000000032e+01
1.418248000000000047e+03,3.048870000000000147e+01
1.418250500000000102e+03,3.034590000000000032e+01
1.418252899999999954e+03,3.025929999999999964e+01
1.418255400000000009e+03,3.022439999999999927e+01
1.418257800000000088e+03,3.022869999999999990e+01
1.418260299999999916e+03,3.027439999999999998e+01
1.418262699999999995e+03,3.035569999999999879e+01
1.418265100000000075e+03,3.043070000000000164e+01
1.418267599999999902e+03,3.044660000000000011e+01
1.418269999999999982e+03,3.039069999999999894e+01
1.418272500000000036e+03,3.029429999999999978e+01
1.418274899999999889e+03,3.019559999999999889e+01
1.418277299999999968e+03,3.011749999999999972e+01
1.418279800000000023e+03,3.007430000000000092e+01
1.418282200000000103e+03,3.008230000000000004e+01
1.418284699999999930e+03,3.015139999999999887e+01
1.418287100000000009e+03,3.026000000000000156e+01
1.418289600000000064e+03,3.034799999999999898e+01
1.418291999999999916e+03,3.036400000000000077e+01
1.418294399999999996e+03,3.032049999999999912e+01
1.418296900000000051e+03,3.028109999999999857e+01
1.418299299999999903e+03,3.028950000000000031e+01
1.418301799999999957e+03,3.033220000000000027e+01
1.418304200000000037e+03,3.037409999999999854e+01
1.418306599999999889e+03,3.040800000000000125e+01
1.418309099999999944e+03,3.045129999999999981e+01
1.418311500000000024e+03,3.051269999999999882e+01
1.418314000000000078e+03,3.058520000000000039e+01
1.418316399999999931e+03,3.066319999999999979e+01
1.418318800000000010e+03,3.074180000000000135e+01
1.418321300000000065e+03,3.080839999999999890e+01
1.418323699999999917e+03,3.085610000000000142e+01
1.418326199999999972e+03,3.090390000000000015e+01
1.418328600000000051e+03,3.098880000000000123e+01
1.418331100000000106e+03,3.112969999999999970e+01
1.418333499999999958e+03,3.130219999999999914e+01
1.418335900000000038e+03,3.144839999999999947e+01
1.418338400000000092e+03,3.150570000000000093e+01
1.418340799999999945e+03,3.143479999999999919e+01
1.418343299999999999e+03,3.124699999999999989e+01
1.418345700000000079e+03,3.100910000000000011e+01
1.418348099999999931e+03,3.079619999999999891e+01
1.418350599999999986e+03,3.062689999999999912e+01
1.418353000000000065e+03,3.046460000000000079e+01
1.418355499999999893e+03,3.028519999999999968e+01
1.418357899999999972e+03,3.011739999999999995e+01
1.418360400000000027e+03,3.000989999999999824e+01
1.418362800000000107e+03,2.998160000000000025e+01
1.418365199999999959e+03,3.001180000000000092e+01
1.418367700000000013e+03,3.006840000000000046e+01
1.418370100000000093e+03,3.014020000000000010e+01
1.418372599999999920e+03,3.024439999999999884e+01
1.418375000000000000e+03,3.040020000000000167e+01
1.418377400000000080e+03,3.058770000000000167e+01
1.418379899999999907e+03,3.073349999999999937e+01
1.418382299999999987e+03,3.075509999999999877e+01
1.418384800000000041e+03,3.063530000000000086e+01
1.418387199999999893e+03,3.044040000000000035e+01
1.418389599999999973e+03,3.025860000000000127e+01
1.418392100000000028e+03,3.013599999999999923e+01
1.418394500000000107e+03,3.007669999999999888e+01
1.418396999999999935e+03,3.007290000000000063e+01
1.418399400000000014e+03,3.011680000000000135e+01
1.418401900000000069e+03,3.020690000000000097e+01
1.418404299999999921e+03,3.035219999999999985e+01
1.418406700000000001e+03,3.054749999999999943e+01
1.418409200000000055e+03,3.073969999999999914e+01
1.418411599999999908e+03,3.084580000000000055e+01
1.418414099999999962e+03,3.082310000000000016e+01
1.418416500000000042e+03,3.070670000000000144e+01
1.418418899999999894e+03,3.056070000000000064e+01
1.418421399999999949e+03,3.040540000000000020e+01
1.418423800000000028e+03,3.021790000000000020e+01
1.418426300000000083e+03,2.999579999999999913e+01
1.418428699999999935e+03,2.978600000000000136e+01
1.418431199999999990e+03,2.964509999999999934e+01
1.418433600000000069e+03,2.959540000000000148e+01
1.418435999999999922e+03,2.962419999999999831e+01
1.418438499999999976e+03,2.970550000000000068e+01
1.418440900000000056e+03,2.980580000000000140e+01
1.418443400000000111e+03,2.988660000000000139e+01
1.418445799999999963e+03,2.992060000000000031e+01
1.418448200000000043e+03,2.990780000000000172e+01
1.418450700000000097e+03,2.987209999999999965e+01
1.418453099999999949e+03,2.984890000000000043e+01
1.418455600000000004e+03,2.987219999999999942e+01
1.418458000000000084e+03,2.995550000000000068e+01
1.418460399999999936e+03,3.007290000000000063e+01
1.418462899999999991e+03,3.017200000000000060e+01
1.418465300000000070e+03,3.021499999999999986e+01
1.418467799999999897e+03,3.020179999999999865e+01
1.418470199999999977e+03,3.016540000000000177e+01
1.418472700000000032e+03,3.015749999999999886e+01
1.418475100000000111e+03,3.022240000000000038e+01
1.418477499999999964e+03,3.035160000000000124e+01
1.418480000000000018e+03,3.046880000000000166e+01
1.418482400000000098e+03,3.048730000000000118e+01
1.418484899999999925e+03,3.039120000000000132e+01
1.418487300000000005e+03,3.024340000000000117e+01
1.418489700000000084e+03,3.011739999999999995e+01
1.418492199999999912e+03,3.004009999999999891e+01
1.418494599999999991e+03,3.000059999999999860e+01
1.418497100000000046e+03,2.998369999999999891e+01
1.418499499999999898e+03,2.997670000000000101e+01
1.418501999999999953e+03,2.996059999999999945e+01
1.418504400000000032e+03,2.992650000000000077e+01
1.418506800000000112e+03,2.990630000000000166e+01
1.418509299999999939e+03,2.995720000000000027e+01
1.418511700000000019e+03,3.009919999999999973e+01
1.418514200000000073e+03,3.028610000000000113e+01
1.418516599999999926e+03,3.044989999999999952e+01
1.418519000000000005e+03,3.054820000000000135e+01
1.418521500000000060e+03,3.056779999999999831e+01
1.418523899999999912e+03,3.051970000000000027e+01
1.418526399999999967e+03,3.044940000000000069e+01
1.418528800000000047e+03,3.041689999999999827e+01
1.418531199999999899e+03,3.044340000000000046e+01
1.418533699999999953e+03,3.049010000000000176e+01
1.418536100000000033e+03,3.049859999999999971e+01
1.418538600000000088e+03,3.044369999999999976e+01
1.418540999999999940e+03,3.034179999999999922e+01
1.418543499999999995e+03,3.022790000000000177e+01
1.418545900000000074e+03,3.013670000000000115e+01
1.418548299999999927e+03,3.009590000000000032e+01
1.418550799999999981e+03,3.011799999999999855e+01
1.418553200000000061e+03,3.019579999999999842e+01
1.418555699999999888e+03,3.030519999999999925e+01
1.418558099999999968e+03,3.041130000000000067e+01
1.418560500000000047e+03,3.047840000000000060e+01
1.418563000000000102e+03,3.048740000000000094e+01
1.418565399999999954e+03,3.044889999999999830e+01
1.418567900000000009e+03,3.039679999999999893e+01
1.418570300000000088e+03,3.036550000000000082e+01
1.418572799999999916e+03,3.036560000000000059e+01
1.418575199999999995e+03,3.037089999999999890e+01
1.418577600000000075e+03,3.033079999999999998e+01
1.418580099999999902e+03,3.021809999999999974e+01
1.418582499999999982e+03,3.007270000000000110e+01
1.418585000000000036e+03,2.998189999999999955e+01
1.418587399999999889e+03,3.000400000000000134e+01
1.418589799999999968e+03,3.011939999999999884e+01
1.418592300000000023e+03,3.025349999999999895e+01
1.418594700000000103e+03,3.033780000000000143e+01
1.418597199999999930e+03,3.035480000000000089e+01
1.418599600000000009e+03,3.034590000000000032e+01
1.418602100000000064e+03,3.037869999999999848e+01
1.418604499999999916e+03,3.048590000000000089e+01
1.418606899999999996e+03,3.063050000000000139e+01
1.418609400000000051e+03,3.073979999999999890e+01
1.418611799999999903e+03,3.077149999999999963e+01
1.418614299999999957e+03,3.073720000000000141e+01
1.418616700000000037e+03,3.066929999999999978e+01
1.418619099999999889e+03,3.059309999999999974e+01
1.418621599999999944e+03,3.053519999999999968e+01
1.418624000000000024e+03,3.052690000000000126e+01
1.418626500000000078e+03,3.057329999999999970e+01
1.418628899999999931e+03,3.063299999999999912e+01
1.418631300000000010e+03,3.065790000000000148e+01
1.418633800000000065e+03,3.064659999999999940e+01
1.418636199999999917e+03,3.063289999999999935e+01
1.418638699999999972e+03,3.062659999999999982e+01
1.418641100000000051e+03,3.060010000000000119e+01
1.418643600000000106e+03,3.052720000000000056e+01
1.418645999999999958e+03,3.041629999999999967e+01
1.418648400000000038e+03,3.031099999999999994e+01
1.418650900000000092e+03,3.026770000000000138e+01
1.418653299999999945e+03,3.032250000000000156e+01
1.418655799999999999e+03,3.046770000000000067e+01
1.418658200000000079e+03,3.065080000000000027e+01
1.418660599999999931e+03,3.079309999999999903e+01
1.418663099999999986e+03,3.082179999999999964e+01
1.418665500000000065e+03,3.071470000000000056e+01
1.418667999999999893e+03,3.052270000000000039e+01
1.418670399999999972e+03,3.033930000000000149e+01
1.418672900000000027e+03,3.024510000000000076e+01
1.418675300000000107e+03,3.027380000000000138e+01
1.418677699999999959e+03,3.039819999999999922e+01
1.418680200000000013e+03,3.053579999999999828e+01
1.418682600000000093e+03,3.059499999999999886e+01
1.418685099999999920e+03,3.054479999999999862e+01
1.418687500000000000e+03,3.043990000000000151e+01
1.418689900000000080e+03,3.037219999999999942e+01
1.418692399999999907e+03,3.039620000000000033e+01
1.418694799999999987e+03,3.049620000000000175e+01
1.418697300000000041e+03,3.061370000000000147e+01
1.418699699999999893e+03,3.070169999999999888e+01
1.418702099999999973e+03,3.075209999999999866e+01
1.418704600000000028e+03,3.077759999999999962e+01
1.418707000000000107e+03,3.078399999999999892e+01
1.418709499999999935e+03,3.076660000000000039e+01
1.418711900000000014e+03,3.072159999999999869e+01
1.418714400000000069e+03,3.064460000000000051e+01
1.418716799999999921e+03,3.052309999999999945e+01
1.418719200000000001e+03,3.035129999999999839e+01
1.418721700000000055e+03,3.015269999999999939e+01
1.418724099999999908e+03,2.996780000000000044e+01
1.418726599999999962e+03,2.981850000000000023e+01
1.418729000000000042e+03,2.970499999999999829e+01
1.418731399999999894e+03,2.964339999999999975e+01
1.418733899999999949e+03,2.968120000000000047e+01
1.418736300000000028e+03,2.985790000000000077e+01
1.418738800000000083e+03,3.016000000000000014e+01
1.418741199999999935e+03,3.051340000000000074e+01
1.418743699999999990e+03,3.081459999999999866e+01
1.418746100000000069e+03,3.097729999999999961e+01
1.418748499999999922e+03,3.097370000000000090e+01
1.418750999999999976e+03,3.084639999999999915e+01
1.418753400000000056e+03,3.068609999999999971e+01
1.418755900000000111e+03,3.058490000000000109e+01
1.418758299999999963e+03,3.058439999999999870e+01
1.418760700000000043e+03,3.064930000000000021e+01
1.418763200000000097e+03,3.069180000000000064e+01
1.418765599999999949e+03,3.064209999999999923e+01
1.418768100000000004e+03,3.050870000000000104e+01
1.418770500000000084e+03,3.036700000000000088e+01
1.418772899999999936e+03,3.028790000000000049e+01
1.418775399999999991e+03,3.029040000000000177e+01
1.418777800000000070e+03,3.035679999999999978e+01
1.418780299999999897e+03,3.046030000000000015e+01
1.418782699999999977e+03,3.056690000000000040e+01
1.418785200000000032e+03,3.064179999999999993e+01
1.418787600000000111e+03,3.067379999999999995e+01
1.418789999999999964e+03,3.067729999999999890e+01
1.418792500000000018e+03,3.066659999999999897e+01
1.418794900000000098e+03,3.064150000000000063e+01
1.418797399999999925e+03,3.059949999999999903e+01
1.418799800000000005e+03,3.055249999999999844e+01
1.418802200000000084e+03,3.052080000000000126e+01
1.418804699999999912e+03,3.050880000000000081e+01
1.418807099999999991e+03,3.049830000000000041e+01
1.418809600000000046e+03,3.047080000000000055e+01
1.418811999999999898e+03,3.043449999999999989e+01
1.418814499999999953e+03,3.042699999999999960e+01
1.418816900000000032e+03,3.049180000000000135e+01
1.418819300000000112e+03,3.064020000000000010e+01
1.418821799999999939e+03,3.082959999999999923e+01
1.418824200000000019e+03,3.097980000000000089e+01
1.418826700000000073e+03,3.101829999999999998e+01
1.418829099999999926e+03,3.092879999999999896e+01
1.418831500000000005e+03,3.076940000000000097e+01
1.418834000000000060e+03,3.063860000000000028e+01
1.418836399999999912e+03,3.061349999999999838e+01
1.418838899999999967e+03,3.071290000000000120e+01
1.418841300000000047e+03,3.090579999999999927e+01
1.418843800000000101e+03,3.113340000000000174e+01
1.418846199999999953e+03,3.132260000000000133e+01
1.418848600000000033e+03,3.140459999999999852e+01
1.418851100000000088e+03,3.135650000000000048e+01
1.418853499999999940e+03,3.122429999999999950e+01
1.418855999999999995e+03,3.108030000000000115e+01
1.418858400000000074e+03,3.095060000000000144e+01
1.418860799999999927e+03,3.081009999999999849e+01
1.418863299999999981e+03,3.064709999999999823e+01
1.418865700000000061e+03,3.050059999999999860e+01
1.418868199999999888e+03,3.042210000000000036e+01
1.418870599999999968e+03,3.042460000000000164e+01
1.418873000000000047e+03,3.048229999999999862e+01
1.418875500000000102e+03,3.056960000000000122e+01
1.418877899999999954e+03,3.068090000000000117e+01
1.418880400000000009e+03,3.081749999999999901e+01
1.418882800000000088e+03,3.097109999999999985e+01
1.418885299999999916e+03,3.112490000000000023e+01
1.418887699999999995e+03,3.126010000000000133e+01
1.418890100000000075e+03,3.135900000000000176e+01
1.418892599999999902e+03,3.140769999999999840e+01
1.418894999999999982e+03,3.140909999999999869e+01
1.418897500000000036e+03,3.139369999999999905e+01
1.418899899999999889e+03,3.139720000000000155e+01
1.418902299999999968e+03,3.141570000000000107e+01
1.418904800000000023e+03,3.140170000000000172e+01
1.418907200000000103e+03,3.132039999999999935e+01
1.418909699999999930e+03,3.119930000000000092e+01
1.418912100000000009e+03,3.110579999999999856e+01
1.418914600000000064e+03,3.108079999999999998e+01
1.418916999999999916e+03,3.110510000000000019e+01
1.418919399999999996e+03,3.112819999999999965e+01
1.418921900000000051e+03,3.111799999999999855e+01
1.418924299999999903e+03,3.107770000000000010e+01
1.418926799999999957e+03,3.102359999999999829e+01
1.418929200000000037e+03,3.096849999999999881e+01
1.418931599999999889e+03,3.093149999999999977e+01
1.418934099999999944e+03,3.094239999999999924e+01
1.418936500000000024e+03,3.101539999999999964e+01
1.418939000000000078e+03,3.112669999999999959e+01
1.418941399999999931e+03,3.123089999999999833e+01
1.418943800000000010e+03,3.129179999999999851e+01
1.418946300000000065e+03,3.128940000000000055e+01
1.418948699999999917e+03,3.121490000000000009e+01
1.418951199999999972e+03,3.107359999999999900e+01
1.418953600000000051e+03,3.088419999999999987e+01
1.418956100000000106e+03,3.066890000000000072e+01
1.418958499999999958e+03,3.045479999999999876e+01
1.418960900000000038e+03,3.028500000000000014e+01
1.418963400000000092e+03,3.020759999999999934e+01
1.418965799999999945e+03,3.024320000000000164e+01
1.418968299999999999e+03,3.036899999999999977e+01
1.418970700000000079e+03,3.053890000000000171e+01
1.418973099999999931e+03,3.070830000000000126e+01
1.418975599999999986e+03,3.083869999999999933e+01
1.418978000000000065e+03,3.091199999999999903e+01
1.418980499999999893e+03,3.095210000000000150e+01
1.418982899999999972e+03,3.099650000000000105e+01
1.418985400000000027e+03,3.102430000000000021e+01
1.418987800000000107e+03,3.095230000000000103e+01
1.418990199999999959e+03,3.073519999999999897e+01
1.418992700000000013e+03,3.044089999999999918e+01
1.418995100000000093e+03,3.019679999999999964e+01
1.418997599999999920e+03,3.008500000000000085e+01
1.419000000000000000e+03,3.011070000000000135e+01
1.419002400000000080e+03,3.023369999999999891e+01
1.419004899999999907e+03,3.039440000000000097e+01
1.419007299999999987e+03,3.052280000000000015e+01
1.419009800000000041e+03,3.056269999999999953e+01
1.419012199999999893e+03,3.049810000000000088e+01
1.419014599999999973e+03,3.036599999999999966e+01
1.419017100000000028e+03,3.024630000000000152e+01
1.419019500000000107e+03,3.022139999999999915e+01
1.419021999999999935e+03,3.031400000000000006e+01
1.419024400000000014e+03,3.046869999999999834e+01
1.419026900000000069e+03,3.060490000000000066e+01
1.419029299999999921e+03,3.068169999999999931e+01
1.419031700000000001e+03,3.070889999999999986e+01
1.419034200000000055e+03,3.072159999999999869e+01
1.419036599999999908e+03,3.076200000000000045e+01
1.419039099999999962e+03,3.086909999999999954e+01
1.419041500000000042e+03,3.106080000000000041e+01
1.419043899999999894e+03,3.131149999999999878e+01
1.419046399999999949e+03,3.154720000000000013e+01
1.419048800000000028e+03,3.168290000000000006e+01
1.419051300000000083e+03,3.167849999999999966e+01
1.419053699999999935e+03,3.155509999999999948e+01
1.419056199999999990e+03,3.135709999999999908e+01
1.419058600000000069e+03,3.112430000000000163e+01
1.419060999999999922e+03,3.090619999999999834e+01
1.419063499999999976e+03,3.077070000000000149e+01
1.419065900000000056e+03,3.075740000000000052e+01
1.419068400000000111e+03,3.082199999999999918e+01
1.419070799999999963e+03,3.086390000000000100e+01
1.419073200000000043e+03,3.082469999999999999e+01
1.419075700000000097e+03,3.073639999999999972e+01
1.419078099999999949e+03,3.067000000000000171e+01
1.419080600000000004e+03,3.066619999999999990e+01
1.419083000000000084e+03,3.072100000000000009e+01
1.419085399999999936e+03,3.080760000000000076e+01
1.419087899999999991e+03,3.089150000000000063e+01
1.419090300000000070e+03,3.094069999999999965e+01
1.419092799999999897e+03,3.094089999999999918e+01
1.419095199999999977e+03,3.090139999999999887e+01
1.419097700000000032e+03,3.084530000000000172e+01
1.419100100000000111e+03,3.079479999999999862e+01
1.419102499999999964e+03,3.076219999999999999e+01
1.419105000000000018e+03,3.074220000000000041e+01
1.419107400000000098e+03,3.071320000000000050e+01
1.419109899999999925e+03,3.066000000000000014e+01
1.419112300000000005e+03,3.059639999999999915e+01
1.419114700000000084e+03,3.055270000000000152e+01
1.419117199999999912e+03,3.054100000000000037e+01
1.419119599999999991e+03,3.055559999999999832e+01
1.419122100000000046e+03,3.059759999999999991e+01
1.419124499999999898e+03,3.066560000000000130e+01
1.419126999999999953e+03,3.072569999999999979e+01
1.419129400000000032e+03,3.072629999999999839e+01
1.419131800000000112e+03,3.065230000000000032e+01
1.419134299999999939e+03,3.054220000000000113e+01
1.419136700000000019e+03,3.045570000000000022e+01
1.419139200000000073e+03,3.044340000000000046e+01
1.419141599999999926e+03,3.053399999999999892e+01
1.419144000000000005e+03,3.071180000000000021e+01
1.419146500000000060e+03,3.089610000000000056e+01
1.419148899999999912e+03,3.096880000000000166e+01
1.419151399999999967e+03,3.085379999999999967e+01
1.419153800000000047e+03,3.058239999999999981e+01
1.419156199999999899e+03,3.028040000000000020e+01
1.419158699999999953e+03,3.008330000000000126e+01
1.419161100000000033e+03,3.004599999999999937e+01
1.419163600000000088e+03,3.011959999999999837e+01
1.419165999999999940e+03,3.021610000000000085e+01
1.419168499999999995e+03,3.029029999999999845e+01
1.419170900000000074e+03,3.035549999999999926e+01
1.419173299999999927e+03,3.043359999999999843e+01
1.419175799999999981e+03,3.051849999999999952e+01
1.419178200000000061e+03,3.058660000000000068e+01
1.419180699999999888e+03,3.061779999999999902e+01
1.419183099999999968e+03,3.059809999999999874e+01
1.419185500000000047e+03,3.053089999999999904e+01
1.419188000000000102e+03,3.045439999999999969e+01
1.419190399999999954e+03,3.042989999999999995e+01
1.419192900000000009e+03,3.049439999999999884e+01
1.419195300000000088e+03,3.063350000000000151e+01
1.419197799999999916e+03,3.080310000000000059e+01
1.419200199999999995e+03,3.096480000000000032e+01
1.419202600000000075e+03,3.109309999999999974e+01
1.419205099999999902e+03,3.116590000000000060e+01
1.419207499999999982e+03,3.116560000000000130e+01
1.419210000000000036e+03,3.109570000000000078e+01
1.419212399999999889e+03,3.099239999999999995e+01
1.419214799999999968e+03,3.091349999999999909e+01
1.419217300000000023e+03,3.090129999999999910e+01
1.419219700000000103e+03,3.095270000000000010e+01
1.419222199999999930e+03,3.103249999999999886e+01
1.419224600000000009e+03,3.111080000000000112e+01
1.419227100000000064e+03,3.117239999999999966e+01
1.419229499999999916e+03,3.120210000000000150e+01
1.419231899999999996e+03,3.118880000000000052e+01
1.419234400000000051e+03,3.114349999999999952e+01
1.419236799999999903e+03,3.109629999999999939e+01
1.419239299999999957e+03,3.107319999999999993e+01
1.419241700000000037e+03,3.108470000000000155e+01
1.419244099999999889e+03,3.113340000000000174e+01
1.419246599999999944e+03,3.122129999999999939e+01
1.419249000000000024e+03,3.134199999999999875e+01
1.419251500000000078e+03,3.146760000000000090e+01
1.419253899999999931e+03,3.154550000000000054e+01
1.419256300000000010e+03,3.152070000000000149e+01
1.419258800000000065e+03,3.137549999999999883e+01
1.419261199999999917e+03,3.115149999999999864e+01
1.419263699999999972e+03,3.092210000000000036e+01
1.419266100000000051e+03,3.074180000000000135e+01
1.419268600000000106e+03,3.062480000000000047e+01
1.419270999999999958e+03,3.056480000000000175e+01
1.419273400000000038e+03,3.055720000000000169e+01
1.419275900000000092e+03,3.059059999999999846e+01
1.419278299999999945e+03,3.062590000000000146e+01
1.419280799999999999e+03,3.061060000000000159e+01
1.419283200000000079e+03,3.052189999999999870e+01
1.419285599999999931e+03,3.038889999999999958e+01
1.419288099999999986e+03,3.026729999999999876e+01
1.419290500000000065e+03,3.020390000000000086e+01
1.419292999999999893e+03,3.022070000000000078e+01
1.419295399999999972e+03,3.031459999999999866e+01
1.419297900000000027e+03,3.046349999999999980e+01
1.419300300000000107e+03,3.063810000000000144e+01
1.419302699999999959e+03,3.080880000000000152e+01
1.419305200000000013e+03,3.094889999999999830e+01
1.419307600000000093e+03,3.104179999999999851e+01
1.419310099999999920e+03,3.109049999999999869e+01
1.419312500000000000e+03,3.110999999999999943e+01
1.419314900000000080e+03,3.109969999999999857e+01
1.419317399999999907e+03,3.103350000000000009e+01
1.419319799999999987e+03,3.089219999999999899e+01
1.419322300000000041e+03,3.070309999999999917e+01
1.419324699999999893e+03,3.053399999999999892e+01
1.419327099999999973e+03,3.044350000000000023e+01
1.419329600000000028e+03,3.044529999999999959e+01
1.419332000000000107e+03,3.051419999999999888e+01
1.419334499999999935e+03,3.061400000000000077e+01
1.419336900000000014e+03,3.071310000000000073e+01
1.419339400000000069e+03,3.078460000000000107e+01
1.419341799999999921e+03,3.080819999999999936e+01
1.419344200000000001e+03,3.077949999999999875e+01
1.419346700000000055e+03,3.071399999999999864e+01
1.419349099999999908e+03,3.064460000000000051e+01
1.419351599999999962e+03,3.061560000000000059e+01
1.419354000000000042e+03,3.065719999999999956e+01
1.419356399999999894e+03,3.075209999999999866e+01
1.419358899999999949e+03,3.083549999999999969e+01
1.419361300000000028e+03,3.084659999999999869e+01
1.419363800000000083e+03,3.078409999999999869e+01
1.419366199999999935e+03,3.070899999999999963e+01
1.419368699999999990e+03,3.069669999999999987e+01
1.419371100000000069e+03,3.077909999999999968e+01
1.419373499999999922e+03,3.092089999999999961e+01
1.419375999999999976e+03,3.104439999999999955e+01
1.419378400000000056e+03,3.108089999999999975e+01
1.419380900000000111e+03,3.101229999999999976e+01
1.419383299999999963e+03,3.087879999999999825e+01
1.419385700000000043e+03,3.075329999999999941e+01
1.419388200000000097e+03,3.069460000000000122e+01
1.419390599999999949e+03,3.071320000000000050e+01
1.419393100000000004e+03,3.077629999999999910e+01
1.419395500000000084e+03,3.083840000000000003e+01
1.419397899999999936e+03,3.086309999999999931e+01
1.419400399999999991e+03,3.083119999999999905e+01
1.419402800000000070e+03,3.075550000000000139e+01
1.419405299999999897e+03,3.068880000000000052e+01
1.419407699999999977e+03,3.069119999999999848e+01
1.419410200000000032e+03,3.078150000000000119e+01
1.419412600000000111e+03,3.092559999999999931e+01
1.419414999999999964e+03,3.106299999999999883e+01
1.419417500000000018e+03,3.113119999999999976e+01
1.419419900000000098e+03,3.109250000000000114e+01
1.419422399999999925e+03,3.097200000000000131e+01
1.419424800000000005e+03,3.085750000000000171e+01
1.419427200000000084e+03,3.082770000000000010e+01
1.419429699999999912e+03,3.088070000000000093e+01
1.419432099999999991e+03,3.095260000000000034e+01
1.419434600000000046e+03,3.099180000000000135e+01
1.419436999999999898e+03,3.099030000000000129e+01
1.419439499999999953e+03,3.096399999999999864e+01
1.419441900000000032e+03,3.094020000000000081e+01
1.419444300000000112e+03,3.094989999999999952e+01
1.419446799999999939e+03,3.099650000000000105e+01
1.419449200000000019e+03,3.104329999999999856e+01
1.419451700000000073e+03,3.105290000000000106e+01
1.419454099999999926e+03,3.102459999999999951e+01
1.419456500000000005e+03,3.098470000000000013e+01
1.419459000000000060e+03,3.095599999999999952e+01
1.419461399999999912e+03,3.094379999999999953e+01
1.419463899999999967e+03,3.093870000000000076e+01
1.419466300000000047e+03,3.093230000000000146e+01
1.419468800000000101e+03,3.093039999999999878e+01
1.419471199999999953e+03,3.094590000000000174e+01
1.419473600000000033e+03,3.098150000000000048e+01
1.419476100000000088e+03,3.103490000000000038e+01
1.419478499999999940e+03,3.111499999999999844e+01
1.419480999999999995e+03,3.123389999999999844e+01
1.419483400000000074e+03,3.137379999999999924e+01
1.419485799999999927e+03,3.147960000000000136e+01
1.419488299999999981e+03,3.150009999999999977e+01
1.419490700000000061e+03,3.143530000000000157e+01
1.419493199999999888e+03,3.132949999999999946e+01
1.419495599999999968e+03,3.122550000000000026e+01
1.419498000000000047e+03,3.114430000000000121e+01
1.419500500000000102e+03,3.109209999999999852e+01
1.419502899999999954e+03,3.107110000000000127e+01
1.419505400000000009e+03,3.108820000000000050e+01
1.419507800000000088e+03,3.115180000000000149e+01
1.419510299999999916e+03,3.124520000000000053e+01
1.419512699999999995e+03,3.131319999999999837e+01
1.419515100000000075e+03,3.129650000000000176e+01
1.419517599999999902e+03,3.118049999999999855e+01
1.419519999999999982e+03,3.100499999999999901e+01
1.419522500000000036e+03,3.082779999999999987e+01
1.419524899999999889e+03,3.068550000000000111e+01
1.419527299999999968e+03,3.059499999999999886e+01
1.419529800000000023e+03,3.057789999999999964e+01
1.419532200000000103e+03,3.065759999999999863e+01
1.419534699999999930e+03,3.082460000000000022e+01
1.419537100000000009e+03,3.102629999999999910e+01
1.419539600000000064e+03,3.120179999999999865e+01
1.419541999999999916e+03,3.132349999999999923e+01
1.419544399999999996e+03,3.140480000000000160e+01
1.419546900000000051e+03,3.146930000000000049e+01
1.419549299999999903e+03,3.151640000000000086e+01
1.419551799999999957e+03,3.151950000000000074e+01
1.419554200000000037e+03,3.146170000000000044e+01
1.419556599999999889e+03,3.136039999999999850e+01
1.419559099999999944e+03,3.124869999999999948e+01
1.419561500000000024e+03,3.114389999999999858e+01
1.419564000000000078e+03,3.104629999999999868e+01
1.419566399999999931e+03,3.095520000000000138e+01
1.419568800000000010e+03,3.086589999999999989e+01
1.419571300000000065e+03,3.076259999999999906e+01
1.419573699999999917e+03,3.063950000000000173e+01
1.419576199999999972e+03,3.052710000000000079e+01
1.419578600000000051e+03,3.047390000000000043e+01
1.419581100000000106e+03,3.049330000000000140e+01
1.419583499999999958e+03,3.054579999999999984e+01
1.419585900000000038e+03,3.058490000000000109e+01
1.419588400000000092e+03,3.060699999999999932e+01
1.419590799999999945e+03,3.064689999999999870e+01
1.419593299999999999e+03,3.073430000000000106e+01
1.419595700000000079e+03,3.085670000000000002e+01
1.419598099999999931e+03,3.096679999999999922e+01
1.419600599999999986e+03,3.102659999999999840e+01
1.419603000000000065e+03,3.103910000000000124e+01
1.419605499999999893e+03,3.102459999999999951e+01
1.419607899999999972e+03,3.098100000000000165e+01
1.419610400000000027e+03,3.089420000000000144e+01
1.419612800000000107e+03,3.078330000000000055e+01
1.419615199999999959e+03,3.070339999999999847e+01
1.419617700000000013e+03,3.069279999999999831e+01
1.419620100000000093e+03,3.072889999999999944e+01
1.419622599999999920e+03,3.074719999999999942e+01
1.419625000000000000e+03,3.070489999999999853e+01
1.419627400000000080e+03,3.062750000000000128e+01
1.419629899999999907e+03,3.059570000000000078e+01
1.419632299999999987e+03,3.067030000000000101e+01
1.419634800000000041e+03,3.082689999999999841e+01
1.419637199999999893e+03,3.098290000000000077e+01
1.419639599999999973e+03,3.109100000000000108e+01
1.419642100000000028e+03,3.117229999999999990e+01
1.419644500000000107e+03,3.126089999999999947e+01
1.419646999999999935e+03,3.134740000000000038e+01
1.419649400000000014e+03,3.138510000000000133e+01
1.419651900000000069e+03,3.133099999999999952e+01
1.419654299999999921e+03,3.118530000000000157e+01
1.419656700000000001e+03,3.099859999999999971e+01
1.419659200000000055e+03,3.083609999999999829e+01
1.419661599999999908e+03,3.073110000000000142e+01
1.419664099999999962e+03,3.068199999999999861e+01
1.419666500000000042e+03,3.068280000000000030e+01
1.419668899999999894e+03,3.073740000000000094e+01
1.419671399999999949e+03,3.084509999999999863e+01
1.419673800000000028e+03,3.098649999999999949e+01
1.419676300000000083e+03,3.113340000000000174e+01
1.419678699999999935e+03,3.127430000000000021e+01
1.419681199999999990e+03,3.141740000000000066e+01
1.419683600000000069e+03,3.156569999999999965e+01
1.419685999999999922e+03,3.170449999999999946e+01
1.419688499999999976e+03,3.181299999999999883e+01
1.419690900000000056e+03,3.187010000000000076e+01
1.419693400000000111e+03,3.185129999999999839e+01
1.419695799999999963e+03,3.174510000000000076e+01
1.419698200000000043e+03,3.158630000000000138e+01
1.419700700000000097e+03,3.145349999999999824e+01
1.419703099999999949e+03,3.141850000000000165e+01
1.419705600000000004e+03,3.149269999999999925e+01
1.419708000000000084e+03,3.162010000000000076e+01
1.419710399999999936e+03,3.171839999999999904e+01
1.419712899999999991e+03,3.174089999999999989e+01
1.419715300000000070e+03,3.171259999999999835e+01
1.419717799999999897e+03,3.169510000000000005e+01
1.419720199999999977e+03,3.170690000000000097e+01
1.419722700000000032e+03,3.169630000000000081e+01
1.419725100000000111e+03,3.160910000000000153e+01
1.419727499999999964e+03,3.146020000000000039e+01
1.419730000000000018e+03,3.132460000000000022e+01
1.419732400000000098e+03,3.127159999999999940e+01
1.419734899999999925e+03,3.131660000000000110e+01
1.419737300000000005e+03,3.141920000000000002e+01
1.419739700000000084e+03,3.151370000000000005e+01
1.419742199999999912e+03,3.155089999999999861e+01
1.419744599999999991e+03,3.152860000000000085e+01
1.419747100000000046e+03,3.148629999999999995e+01
1.419749499999999898e+03,3.147080000000000055e+01
1.419751999999999953e+03,3.150250000000000128e+01
1.419754400000000032e+03,3.156060000000000088e+01
1.419756800000000112e+03,3.159659999999999869e+01
1.419759299999999939e+03,3.156690000000000040e+01
1.419761700000000019e+03,3.146399999999999864e+01
1.419764200000000073e+03,3.132440000000000069e+01
1.419766599999999926e+03,3.120270000000000010e+01
1.419769000000000005e+03,3.112760000000000105e+01
1.419771500000000060e+03,3.108170000000000144e+01
1.419773899999999912e+03,3.103849999999999909e+01
1.419776399999999967e+03,3.101109999999999900e+01
1.419778800000000047e+03,3.103600000000000136e+01
1.419781199999999899e+03,3.110429999999999851e+01
1.419783699999999953e+03,3.114979999999999905e+01
1.419786100000000033e+03,3.112219999999999942e+01
1.419788600000000088e+03,3.103800000000000026e+01
1.419790999999999940e+03,3.094219999999999970e+01
1.419793499999999995e+03,3.086060000000000159e+01
1.419795900000000074e+03,3.081109999999999971e+01
1.419798299999999927e+03,3.082550000000000168e+01
1.419800799999999981e+03,3.092020000000000124e+01
1.419803200000000061e+03,3.105770000000000053e+01
1.419805699999999888e+03,3.116319999999999979e+01
1.419808099999999968e+03,3.118390000000000128e+01
1.419810500000000047e+03,3.112430000000000163e+01
1.419813000000000102e+03,3.102319999999999922e+01
1.419815399999999954e+03,3.091430000000000078e+01
1.419817900000000009e+03,3.081990000000000052e+01
1.419820300000000088e+03,3.075989999999999824e+01
1.419822799999999916e+03,3.073910000000000053e+01
1.419825199999999995e+03,3.073430000000000106e+01
1.419827600000000075e+03,3.071620000000000061e+01
1.419830099999999902e+03,3.067980000000000018e+01
1.419832499999999982e+03,3.063749999999999929e+01
1.419835000000000036e+03,3.058840000000000003e+01
1.419837399999999889e+03,3.051739999999999853e+01
1.419839799999999968e+03,3.042360000000000042e+01
1.419842300000000023e+03,3.033429999999999893e+01
1.419844700000000103e+03,3.028620000000000090e+01
1.419847199999999930e+03,3.029870000000000019e+01
1.419849600000000009e+03,3.036449999999999960e+01
1.419852100000000064e+03,3.046099999999999852e+01
1.419854499999999916e+03,3.057509999999999906e+01
1.419856899999999996e+03,3.071059999999999945e+01
1.419859400000000051e+03,3.086370000000000147e+01
1.419861799999999903e+03,3.100280000000000058e+01
1.419864299999999957e+03,3.108899999999999864e+01
1.419866700000000037e+03,3.111100000000000065e+01
1.419869099999999889e+03,3.108780000000000143e+01
1.419871599999999944e+03,3.104250000000000043e+01
1.419874000000000024e+03,3.098189999999999955e+01
1.419876500000000078e+03,3.089910000000000068e+01
1.419878899999999931e+03,3.080039999999999978e+01
1.419881300000000010e+03,3.073219999999999885e+01
1.419883800000000065e+03,3.076559999999999917e+01
1.419886199999999917e+03,3.093110000000000070e+01
1.419888699999999972e+03,3.117350000000000065e+01
1.419891100000000051e+03,3.138980000000000103e+01
1.419893600000000106e+03,3.151040000000000063e+01
1.419895999999999958e+03,3.153119999999999834e+01
1.419898400000000038e+03,3.148300000000000054e+01
1.419900900000000092e+03,3.140240000000000009e+01
1.419903299999999945e+03,3.132890000000000086e+01
1.419905799999999999e+03,3.129319999999999879e+01
1.419908200000000079e+03,3.129459999999999908e+01
1.419910599999999931e+03,3.130600000000000094e+01
1.419913099999999986e+03,3.131050000000000111e+01
1.419915500000000065e+03,3.132310000000000016e+01
1.419917999999999893e+03,3.137199999999999989e+01
1.419920399999999972e+03,3.146499999999999986e+01
1.419922900000000027e+03,3.157620000000000005e+01
1.419925300000000107e+03,3.166280000000000072e+01
1.419927699999999959e+03,3.169209999999999994e+01
1.419930200000000013e+03,3.165889999999999915e+01
1.419932600000000093e+03,3.158680000000000021e+01
1.419935099999999920e+03,3.151119999999999877e+01
1.419937500000000000e+03,3.145080000000000098e+01
1.419939900000000080e+03,3.139480000000000004e+01
1.419942399999999907e+03,3.132529999999999859e+01
1.419944799999999987e+03,3.125270000000000081e+01
1.419947300000000041e+03,3.123270000000000124e+01
1.419949699999999893e+03,3.133790000000000120e+01
1.419952099999999973e+03,3.158899999999999864e+01
1.419954600000000028e+03,3.190950000000000131e+01
1.419957000000000107e+03,3.217569999999999908e+01
1.419959499999999935e+03,3.231530000000000058e+01
1.419961900000000014e+03,3.234250000000000114e+01
1.419964400000000069e+03,3.231369999999999720e+01
1.419966799999999921e+03,3.227279999999999660e+01
1.419969200000000001e+03,3.223969999999999914e+01
1.419971700000000055e+03,3.223310000000000031e+01
1.419974099999999908e+03,3.228020000000000067e+01
1.419976599999999962e+03,3.239159999999999684e+01
1.419979000000000042e+03,3.253869999999999862e+01
1.419981399999999894e+03,3.268119999999999692e+01
1.419983899999999949e+03,3.281389999999999674e+01
1.419986300000000028e+03,3.296430000000000149e+01
1.419988800000000083e+03,3.314979999999999905e+01
1.419991199999999935e+03,3.336419999999999675e+01
1.419993699999999990e+03,3.361749999999999972e+01
1.419996100000000069e+03,3.396529999999999916e+01
1.419998499999999922e+03,3.445190000000000197e+01
1.420000999999999976e+03,3.499470000000000169e+01
1.420003400000000056e+03,3.535589999999999833e+01
1.420005900000000111e+03,3.530060000000000286e+01
1.420008299999999963e+03,3.480830000000000268e+01
1.420010700000000043e+03,3.410040000000000049e+01
1.420013200000000097e+03,3.345570000000000022e+01
1.420015599999999949e+03,3.301590000000000202e+01
1.420018100000000004e+03,3.275240000000000151e+01
1.420020500000000084e+03,3.257560000000000144e+01
1.420022899999999936e+03,3.244590000000000174e+01
1.420025399999999991e+03,3.238439999999999941e+01
1.420027800000000070e+03,3.241149999999999665e+01
1.420030299999999897e+03,3.250070000000000192e+01
1.420032699999999977e+03,3.258970000000000056e+01
1.420035200000000032e+03,3.262480000000000047e+01
1.420037600000000111e+03,3.260340000000000060e+01
1.420039999999999964e+03,3.257200000000000273e+01
1.420042500000000018e+03,3.256830000000000069e+01
1.420044900000000098e+03,3.256880000000000308e+01
1.420047399999999925e+03,3.251200000000000045e+01
1.420049800000000005e+03,3.236950000000000216e+01
1.420052200000000084e+03,3.217249999999999943e+01
1.420054699999999912e+03,3.197560000000000002e+01
1.420057099999999991e+03,3.181820000000000093e+01
1.420059600000000046e+03,3.171109999999999829e+01
1.420061999999999898e+03,3.164069999999999894e+01
1.420064499999999953e+03,3.158970000000000056e+01
1.420066900000000032e+03,3.155859999999999843e+01
1.420069300000000112e+03,3.155000000000000071e+01
1.420071799999999939e+03,3.153219999999999956e+01
1.420074200000000019e+03,3.144630000000000081e+01
1.420076700000000073e+03,3.126920000000000144e+01
1.420079099999999926e+03,3.105969999999999942e+01
1.420081500000000005e+03,3.092950000000000088e+01
1.420084000000000060e+03,3.095449999999999946e+01
1.420086399999999912e+03,3.111210000000000164e+01
1.420088899999999967e+03,3.130509999999999948e+01
1.420091300000000047e+03,3.144889999999999830e+01
1.420093800000000101e+03,3.152809999999999846e+01
1.420096199999999953e+03,3.157059999999999889e+01
1.420098600000000033e+03,3.159309999999999974e+01
1.420101100000000088e+03,3.158820000000000050e+01
1.420103499999999940e+03,3.155379999999999896e+01
1.420105999999999995e+03,3.151450000000000173e+01
1.420108400000000074e+03,3.151010000000000133e+01
1.420110799999999927e+03,3.155949999999999989e+01
1.420113299999999981e+03,3.163629999999999853e+01
1.420115700000000061e+03,3.168850000000000122e+01
1.420118199999999888e+03,3.168469999999999942e+01
1.420120599999999968e+03,3.163179999999999836e+01
1.420123000000000047e+03,3.155590000000000117e+01
1.420125500000000102e+03,3.148369999999999891e+01
1.420127899999999954e+03,3.143959999999999866e+01
1.420130400000000009e+03,3.143359999999999843e+01
1.420132800000000088e+03,3.144429999999999836e+01
1.420135299999999916e+03,3.142999999999999972e+01
1.420137699999999995e+03,3.136530000000000129e+01
1.420140100000000075e+03,3.126660000000000039e+01
1.420142599999999902e+03,3.118489999999999895e+01
1.420144999999999982e+03,3.117650000000000077e+01
1.420147500000000036e+03,3.126879999999999882e+01
1.420149899999999889e+03,3.144640000000000057e+01
1.420152299999999968e+03,3.166250000000000142e+01
1.420154800000000023e+03,3.186280000000000001e+01
1.420157200000000103e+03,3.200569999999999737e+01
1.420159699999999930e+03,3.206830000000000069e+01
1.420162100000000009e+03,3.204549999999999699e+01
1.420164600000000064e+03,3.195250000000000057e+01
1.420166999999999916e+03,3.182440000000000069e+01
1.420169399999999996e+03,3.170400000000000063e+01
1.420171900000000051e+03,3.162500000000000000e+01
1.420174299999999903e+03,3.160399999999999920e+01
1.420176799999999957e+03,3.163680000000000092e+01
1.420179200000000037e+03,3.169869999999999877e+01
1.420181599999999889e+03,3.175430000000000064e+01
1.420184099999999944e+03,3.178419999999999845e+01
1.420186500000000024e+03,3.179949999999999832e+01
1.420189000000000078e+03,3.182329999999999970e+01
1.420191399999999931e+03,3.185879999999999868e+01
1.420193800000000010e+03,3.187669999999999959e+01
1.420196300000000065e+03,3.183289999999999864e+01
1.420198699999999917e+03,3.171209999999999951e+01
1.420201199999999972e+03,3.156709999999999994e+01
1.420203600000000051e+03,3.149579999999999913e+01
1.420206100000000106e+03,3.155359999999999943e+01
1.420208499999999958e+03,3.169630000000000081e+01
1.420210900000000038e+03,3.182379999999999853e+01
1.420213400000000092e+03,3.187099999999999866e+01
1.420215799999999945e+03,3.184440000000000026e+01
1.420218299999999999e+03,3.178879999999999839e+01
1.420220700000000079e+03,3.174089999999999989e+01
1.420223099999999931e+03,3.171649999999999991e+01
1.420225599999999986e+03,3.171719999999999828e+01
1.420228000000000065e+03,3.173260000000000147e+01
1.420230499999999893e+03,3.173949999999999960e+01
1.420232899999999972e+03,3.172240000000000038e+01
1.420235400000000027e+03,3.170039999999999836e+01
1.420237800000000107e+03,3.171839999999999904e+01
1.420240199999999959e+03,3.180049999999999955e+01
1.420242700000000013e+03,3.192119999999999891e+01
1.420245100000000093e+03,3.203020000000000067e+01
1.420247599999999920e+03,3.209899999999999665e+01
1.420250000000000000e+03,3.213589999999999947e+01
1.420252400000000080e+03,3.217090000000000316e+01
1.420254899999999907e+03,3.222760000000000247e+01
1.420257299999999987e+03,3.230080000000000240e+01
1.420259800000000041e+03,3.236019999999999897e+01
1.420262199999999893e+03,3.238049999999999784e+01
1.420264599999999973e+03,3.236070000000000135e+01
1.420267100000000028e+03,3.231069999999999709e+01
1.420269500000000107e+03,3.224130000000000251e+01
1.420271999999999935e+03,3.217849999999999966e+01
1.420274400000000014e+03,3.216850000000000165e+01
1.420276900000000069e+03,3.224669999999999703e+01
1.420279299999999921e+03,3.240590000000000259e+01
1.420281700000000001e+03,3.260349999999999682e+01
1.420284200000000055e+03,3.279650000000000176e+01
1.420286599999999908e+03,3.296309999999999718e+01
1.420289099999999962e+03,3.309969999999999857e+01
1.420291500000000042e+03,3.320830000000000126e+01
1.420293899999999894e+03,3.328779999999999717e+01
1.420296399999999949e+03,3.333359999999999701e+01
1.420298800000000028e+03,3.334620000000000317e+01
1.420301300000000083e+03,3.333990000000000009e+01
1.420303699999999935e+03,3.334040000000000248e+01
1.420306199999999990e+03,3.336889999999999645e+01
1.420308600000000069e+03,3.342759999999999820e+01
1.420310999999999922e+03,3.349770000000000181e+01
1.420313499999999976e+03,3.355340000000000344e+01
1.420315900000000056e+03,3.358209999999999695e+01
1.420318400000000111e+03,3.359210000000000207e+01
1.420320799999999963e+03,3.360220000000000340e+01
1.420323200000000043e+03,3.362760000000000105e+01
1.420325700000000097e+03,3.366859999999999786e+01
1.420328099999999949e+03,3.371110000000000184e+01
1.420330600000000004e+03,3.374439999999999884e+01
1.420333000000000084e+03,3.378280000000000172e+01
1.420335399999999936e+03,3.385589999999999833e+01
1.420337899999999991e+03,3.397749999999999915e+01
1.420340300000000070e+03,3.413110000000000355e+01
1.420342799999999897e+03,3.427989999999999782e+01
1.420345199999999977e+03,3.438850000000000051e+01
1.420347700000000032e+03,3.445089999999999719e+01
1.420350100000000111e+03,3.450439999999999685e+01
1.420352499999999964e+03,3.459219999999999828e+01
1.420355000000000018e+03,3.471079999999999899e+01
1.420357400000000098e+03,3.481869999999999976e+01
1.420359899999999925e+03,3.489569999999999794e+01
1.420362300000000005e+03,3.496900000000000119e+01
1.420364700000000084e+03,3.507759999999999678e+01
1.420367199999999912e+03,3.523169999999999646e+01
1.420369599999999991e+03,3.541210000000000235e+01
1.420372100000000046e+03,3.559239999999999782e+01
1.420374499999999898e+03,3.575489999999999924e+01
1.420376999999999953e+03,3.589289999999999736e+01
1.420379400000000032e+03,3.600950000000000273e+01
1.420381800000000112e+03,3.612140000000000128e+01
1.420384299999999939e+03,3.625739999999999696e+01
1.420386700000000019e+03,3.643889999999999674e+01
1.420389200000000073e+03,3.665509999999999735e+01
1.420391599999999926e+03,3.686339999999999861e+01
1.420394000000000005e+03,3.702400000000000091e+01
1.420396500000000060e+03,3.713719999999999999e+01
1.420398899999999912e+03,3.724179999999999779e+01
1.420401399999999967e+03,3.738300000000000267e+01
1.420403800000000047e+03,3.758250000000000313e+01
1.420406199999999899e+03,3.783149999999999835e+01
1.420408699999999953e+03,3.810739999999999839e+01
1.420411100000000033e+03,3.839470000000000027e+01
1.420413600000000088e+03,3.867790000000000106e+01
1.420415999999999940e+03,3.891989999999999839e+01
1.420418499999999995e+03,3.907970000000000255e+01
1.420420900000000074e+03,3.916570000000000107e+01
1.420423299999999927e+03,3.923689999999999856e+01
1.420425799999999981e+03,3.934859999999999758e+01
1.420428200000000061e+03,3.952479999999999905e+01
1.420430699999999888e+03,3.977420000000000044e+01
1.420433099999999968e+03,4.008959999999999724e+01
1.420435500000000047e+03,4.043209999999999837e+01
1.420438000000000102e+03,4.075059999999999860e+01
1.420440399999999954e+03,4.102230000000000132e+01
1.420442900000000009e+03,4.126310000000000144e+01
1.420445300000000088e+03,4.150560000000000116e+01
1.420447799999999916e+03,4.178359999999999985e+01
1.420450199999999995e+03,4.212039999999999651e+01
1.420452600000000075e+03,4.250090000000000146e+01
1.420455099999999902e+03,4.287259999999999849e+01
1.420457499999999982e+03,4.319959999999999667e+01
1.420460000000000036e+03,4.349980000000000047e+01
1.420462399999999889e+03,4.380460000000000065e+01
1.420464799999999968e+03,4.410920000000000130e+01
1.420467300000000023e+03,4.439289999999999736e+01
1.420469700000000103e+03,4.466940000000000310e+01
1.420472199999999930e+03,4.499219999999999686e+01
1.420474600000000009e+03,4.540809999999999746e+01
1.420477100000000064e+03,4.591100000000000136e+01
1.420479499999999916e+03,4.644409999999999883e+01
1.420481899999999996e+03,4.694669999999999987e+01
1.420484400000000051e+03,4.739820000000000277e+01
1.420486799999999903e+03,4.781920000000000215e+01
1.420489299999999957e+03,4.824040000000000106e+01
1.420491700000000037e+03,4.868090000000000117e+01
1.420494099999999889e+03,4.915440000000000254e+01
1.420496599999999944e+03,4.968610000000000326e+01
1.420499000000000024e+03,5.030890000000000128e+01
1.420501500000000078e+03,5.102139999999999986e+01
1.420503899999999931e+03,5.175659999999999883e+01
1.420506300000000010e+03,5.242459999999999809e+01
1.420508800000000065e+03,5.299249999999999972e+01
1.420511199999999917e+03,5.349090000000000344e+01
1.420513699999999972e+03,5.394550000000000267e+01
1.420516100000000051e+03,5.433489999999999753e+01
1.420518600000000106e+03,5.461290000000000333e+01
1.420520999999999958e+03,5.473769999999999669e+01
1.420523400000000038e+03,5.468280000000000030e+01
1.420525900000000092e+03,5.444559999999999889e+01
1.420528299999999945e+03,5.404330000000000211e+01
1.420530799999999999e+03,5.348409999999999798e+01
1.420533200000000079e+03,5.275480000000000302e+01
1.420535599999999931e+03,5.185750000000000171e+01
1.420538099999999986e+03,5.085139999999999816e+01
1.420540500000000065e+03,4.982269999999999754e+01
1.420542999999999893e+03,4.879919999999999902e+01
1.420545399999999972e+03,4.772540000000000049e+01
1.420547900000000027e+03,4.654270000000000351e+01
1.420550300000000107e+03,4.526160000000000139e+01
1.420552699999999959e+03,4.394069999999999965e+01
1.420555200000000013e+03,4.263669999999999760e+01
1.420557600000000093e+03,4.140659999999999741e+01
1.420560099999999920e+03,4.031660000000000110e+01
1.420562500000000000e+03,3.940390000000000015e+01
1.420564900000000080e+03,3.864090000000000202e+01
1.420567399999999907e+03,3.796450000000000102e+01
1.420569799999999987e+03,3.733610000000000184e+01
1.420572300000000041e+03,3.676460000000000150e+01
1.420574699999999893e+03,3.628040000000000020e+01
1.420577099999999973e+03,3.589840000000000231e+01
1.420579600000000028e+03,3.560000000000000142e+01
1.420582000000000107e+03,3.534369999999999834e+01
1.420584499999999935e+03,3.509100000000000108e+01
1.420586900000000014e+03,3.482169999999999987e+01
1.420589400000000069e+03,3.452969999999999828e+01
1.420591799999999921e+03,3.421340000000000003e+01
1.420594200000000001e+03,3.388409999999999656e+01
1.420596700000000055e+03,3.358050000000000068e+01
1.420599099999999908e+03,3.335379999999999967e+01
1.420601599999999962e+03,3.322780000000000200e+01
1.420604000000000042e+03,3.318319999999999936e+01
1.420606399999999894e+03,3.318730000000000047e+01
1.420608899999999949e+03,3.322950000000000159e+01
1.420611300000000028e+03,3.331810000000000116e+01
1.420613800000000083e+03,3.344989999999999952e+01
1.420616199999999935e+03,3.359349999999999881e+01
1.420618699999999990e+03,3.369930000000000092e+01
1.420621100000000069e+03,3.372140000000000271e+01
1.420623499999999922e+03,3.364150000000000063e+01
1.420625999999999976e+03,3.348449999999999704e+01
1.420628400000000056e+03,3.330839999999999890e+01
1.420630900000000111e+03,3.316499999999999915e+01
1.420633299999999963e+03,3.306560000000000343e+01
1.420635700000000043e+03,3.298550000000000182e+01
1.420638200000000097e+03,3.289779999999999660e+01
1.420640599999999949e+03,3.279769999999999897e+01
1.420643100000000004e+03,3.270089999999999719e+01
1.420645500000000084e+03,3.262239999999999895e+01
1.420647899999999936e+03,3.255429999999999779e+01
1.420650399999999991e+03,3.247220000000000084e+01
1.420652800000000070e+03,3.237890000000000157e+01
1.420655299999999897e+03,3.232999999999999829e+01
1.420657699999999977e+03,3.238289999999999935e+01
1.420660200000000032e+03,3.252089999999999748e+01
1.420662600000000111e+03,3.265240000000000009e+01
1.420664999999999964e+03,3.269350000000000023e+01
1.420667500000000018e+03,3.263960000000000150e+01
1.420669900000000098e+03,3.255890000000000128e+01
1.420672399999999925e+03,3.252349999999999852e+01
1.420674800000000005e+03,3.255340000000000344e+01
1.420677200000000084e+03,3.261339999999999861e+01
1.420679699999999912e+03,3.264999999999999858e+01
1.420682099999999991e+03,3.262650000000000006e+01
1.420684600000000046e+03,3.253770000000000095e+01
1.420686999999999898e+03,3.240789999999999793e+01
1.420689499999999953e+03,3.227669999999999817e+01
1.420691900000000032e+03,3.217690000000000339e+01
1.420694300000000112e+03,3.212489999999999668e+01
1.420696799999999939e+03,3.212339999999999662e+01
1.420699200000000019e+03,3.216620000000000346e+01
1.420701700000000073e+03,3.224329999999999785e+01
1.420704099999999926e+03,3.234490000000000265e+01
1.420706500000000005e+03,3.245430000000000348e+01
1.420709000000000060e+03,3.254359999999999786e+01
1.420711399999999912e+03,3.258789999999999765e+01
1.420713899999999967e+03,3.257549999999999812e+01
1.420716300000000047e+03,3.250589999999999691e+01
1.420718800000000101e+03,3.239789999999999992e+01
1.420721199999999953e+03,3.230030000000000001e+01
1.420723600000000033e+03,3.227259999999999707e+01
1.420726100000000088e+03,3.234579999999999700e+01
1.420728499999999940e+03,3.250450000000000017e+01
1.420730999999999995e+03,3.270739999999999981e+01
1.420733400000000074e+03,3.290979999999999706e+01
1.420735799999999927e+03,3.306479999999999819e+01
1.420738299999999981e+03,3.312429999999999808e+01
1.420740700000000061e+03,3.306600000000000250e+01
1.420743199999999888e+03,3.291660000000000252e+01
1.420745599999999968e+03,3.273349999999999937e+01
1.420748000000000047e+03,3.256389999999999674e+01
1.420750500000000102e+03,3.243310000000000315e+01
1.420752899999999954e+03,3.236899999999999977e+01
1.420755400000000009e+03,3.240760000000000218e+01
1.420757800000000088e+03,3.255429999999999779e+01
1.420760299999999916e+03,3.275019999999999953e+01
1.420762699999999995e+03,3.289869999999999806e+01
1.420765100000000075e+03,3.294039999999999679e+01
1.420767599999999902e+03,3.290270000000000294e+01
1.420769999999999982e+03,3.286910000000000309e+01
1.420772500000000036e+03,3.290220000000000056e+01
1.420774899999999889e+03,3.300509999999999877e+01
1.420777299999999968e+03,3.314540000000000219e+01
1.420779800000000023e+03,3.328589999999999804e+01
1.420782200000000103e+03,3.339099999999999824e+01
1.420784699999999930e+03,3.343339999999999890e+01
1.420787100000000009e+03,3.341259999999999764e+01
1.420789600000000064e+03,3.335549999999999926e+01
1.420791999999999916e+03,3.328659999999999997e+01
1.420794399999999996e+03,3.320649999999999835e+01
1.420796900000000051e+03,3.310880000000000223e+01
1.420799299999999903e+03,3.301230000000000331e+01
1.420801799999999957e+03,3.296419999999999817e+01
1.420804200000000037e+03,3.300719999999999743e+01
1.420806599999999889e+03,3.313819999999999766e+01
1.420809099999999944e+03,3.330219999999999914e+01
1.420811500000000024e+03,3.342840000000000344e+01
1.420814000000000078e+03,3.347310000000000230e+01
1.420816399999999931e+03,3.343180000000000263e+01
1.420818800000000010e+03,3.332200000000000273e+01
1.420821300000000065e+03,3.316660000000000252e+01
1.420823699999999917e+03,3.299699999999999989e+01
1.420826199999999972e+03,3.286229999999999762e+01
1.420828600000000051e+03,3.281389999999999674e+01
1.420831100000000106e+03,3.286500000000000199e+01
1.420833499999999958e+03,3.297399999999999665e+01
1.420835900000000038e+03,3.307699999999999818e+01
1.420838400000000092e+03,3.312369999999999948e+01
1.420840799999999945e+03,3.308760000000000190e+01
1.420843299999999999e+03,3.297870000000000346e+01
1.420845700000000079e+03,3.285790000000000077e+01
1.420848099999999931e+03,3.280890000000000128e+01
1.420850599999999986e+03,3.286999999999999744e+01
1.420853000000000065e+03,3.299560000000000315e+01
1.420855499999999893e+03,3.308910000000000196e+01
1.420857899999999972e+03,3.307459999999999667e+01
1.420860400000000027e+03,3.294279999999999831e+01
1.420862800000000107e+03,3.274560000000000315e+01
1.420865199999999959e+03,3.256170000000000186e+01
1.420867700000000013e+03,3.246399999999999864e+01
1.420870100000000093e+03,3.249040000000000106e+01
1.420872599999999920e+03,3.262619999999999720e+01
1.420875000000000000e+03,3.281799999999999784e+01
1.420877400000000080e+03,3.301480000000000103e+01
1.420879899999999907e+03,3.319120000000000203e+01
1.420882299999999987e+03,3.333789999999999765e+01
1.420884800000000041e+03,3.344449999999999790e+01
1.420887199999999893e+03,3.350019999999999953e+01
1.420889599999999973e+03,3.350240000000000151e+01
1.420892100000000028e+03,3.346549999999999869e+01
1.420894500000000107e+03,3.342029999999999745e+01
1.420896999999999935e+03,3.338620000000000232e+01
1.420899400000000014e+03,3.334590000000000032e+01
1.420901900000000069e+03,3.326959999999999695e+01
1.420904299999999921e+03,3.317040000000000077e+01
1.420906700000000001e+03,3.310450000000000159e+01
1.420909200000000055e+03,3.310499999999999687e+01
1.420911599999999908e+03,3.313730000000000331e+01
1.420914099999999962e+03,3.313250000000000028e+01
1.420916500000000042e+03,3.305080000000000240e+01
1.420918899999999894e+03,3.291310000000000002e+01
1.420921399999999949e+03,3.277680000000000149e+01
1.420923800000000028e+03,3.268039999999999878e+01
1.420926300000000083e+03,3.261639999999999873e+01
1.420928699999999935e+03,3.256629999999999825e+01
1.420931199999999990e+03,3.254509999999999792e+01
1.420933600000000069e+03,3.258919999999999817e+01
1.420935999999999922e+03,3.270499999999999829e+01
1.420938499999999976e+03,3.284629999999999939e+01
1.420940900000000056e+03,3.294310000000000116e+01
1.420943400000000111e+03,3.295179999999999865e+01
1.420945799999999963e+03,3.288029999999999831e+01
1.420948200000000043e+03,3.276460000000000150e+01
1.420950700000000097e+03,3.262639999999999674e+01
1.420953099999999949e+03,3.246739999999999782e+01
1.420955600000000004e+03,3.230279999999999774e+01
1.420958000000000084e+03,3.218280000000000030e+01
1.420960399999999936e+03,3.216819999999999879e+01
1.420962899999999991e+03,3.227519999999999811e+01
1.420965300000000070e+03,3.244019999999999726e+01
1.420967799999999897e+03,3.255579999999999785e+01
1.420970199999999977e+03,3.256099999999999994e+01
1.420972700000000032e+03,3.248960000000000292e+01
1.420975100000000111e+03,3.242399999999999949e+01
1.420977499999999964e+03,3.241109999999999758e+01
1.420980000000000018e+03,3.243099999999999739e+01
1.420982400000000098e+03,3.243699999999999761e+01
1.420984899999999925e+03,3.241199999999999903e+01
1.420987300000000005e+03,3.237980000000000302e+01
1.420989700000000084e+03,3.236569999999999681e+01
1.420992199999999912e+03,3.236590000000000344e+01
1.420994599999999991e+03,3.236460000000000292e+01
1.420997100000000046e+03,3.236869999999999692e+01
1.420999499999999898e+03,3.240350000000000108e+01
1.421001999999999953e+03,3.247229999999999706e+01
1.421004400000000032e+03,3.253390000000000271e+01
1.421006800000000112e+03,3.252790000000000248e+01
1.421009299999999939e+03,3.243050000000000210e+01
1.421011700000000019e+03,3.228540000000000276e+01
1.421014200000000073e+03,3.217450000000000188e+01
1.421016599999999926e+03,3.215100000000000335e+01
1.421019000000000005e+03,3.220389999999999731e+01
1.421021500000000060e+03,3.228459999999999752e+01
1.421023899999999912e+03,3.235220000000000340e+01
1.421026399999999967e+03,3.239150000000000063e+01
1.421028800000000047e+03,3.240059999999999718e+01
1.421031199999999899e+03,3.237429999999999808e+01
1.421033699999999953e+03,3.230510000000000304e+01
1.421036100000000033e+03,3.219449999999999790e+01
1.421038600000000088e+03,3.206210000000000093e+01
1.421040999999999940e+03,3.194910000000000139e+01
1.421043499999999995e+03,3.190520000000000067e+01
1.421045900000000074e+03,3.195210000000000150e+01
1.421048299999999927e+03,3.205270000000000152e+01
1.421050799999999981e+03,3.213709999999999667e+01
1.421053200000000061e+03,3.216579999999999728e+01
1.421055699999999888e+03,3.215509999999999735e+01
1.421058099999999968e+03,3.214419999999999789e+01
1.421060500000000047e+03,3.215120000000000289e+01
1.421063000000000102e+03,3.216669999999999874e+01
1.421065399999999954e+03,3.218099999999999739e+01
1.421067900000000009e+03,3.220470000000000255e+01
1.421070300000000088e+03,3.225780000000000314e+01
1.421072799999999916e+03,3.234579999999999700e+01
1.421075199999999995e+03,3.244930000000000092e+01
1.421077600000000075e+03,3.253379999999999939e+01
1.421080099999999902e+03,3.257079999999999842e+01
1.421082499999999982e+03,3.256060000000000088e+01
1.421085000000000036e+03,3.253970000000000340e+01
1.421087399999999889e+03,3.254719999999999658e+01
1.421089799999999968e+03,3.257000000000000028e+01
1.421092300000000023e+03,3.253490000000000038e+01
1.421094700000000103e+03,3.237550000000000239e+01
1.421097199999999930e+03,3.210320000000000107e+01
1.421099600000000009e+03,3.181090000000000018e+01
1.421102100000000064e+03,3.161280000000000001e+01
1.421104499999999916e+03,3.156899999999999906e+01
1.421106899999999996e+03,3.164760000000000062e+01
1.421109400000000051e+03,3.176060000000000016e+01
1.421111799999999903e+03,3.184069999999999823e+01
1.421114299999999957e+03,3.188139999999999930e+01
1.421116700000000037e+03,3.191270000000000095e+01
1.421119099999999889e+03,3.196049999999999969e+01
1.421121599999999944e+03,3.202940000000000254e+01
1.421124000000000024e+03,3.210549999999999926e+01
1.421126500000000078e+03,3.216100000000000136e+01
1.421128899999999931e+03,3.216539999999999822e+01
1.421131300000000010e+03,3.211399999999999721e+01
1.421133800000000065e+03,3.204740000000000322e+01
1.421136199999999917e+03,3.202629999999999910e+01
1.421138699999999972e+03,3.207269999999999754e+01
1.421141100000000051e+03,3.214320000000000022e+01
1.421143600000000106e+03,3.216559999999999775e+01
1.421145999999999958e+03,3.209649999999999892e+01
1.421148400000000038e+03,3.195279999999999987e+01
1.421150900000000092e+03,3.179850000000000065e+01
1.421153299999999945e+03,3.170080000000000098e+01
1.421155799999999999e+03,3.168769999999999953e+01
1.421158200000000079e+03,3.174210000000000065e+01
1.421160599999999931e+03,3.182839999999999847e+01
1.421163099999999986e+03,3.191669999999999874e+01
1.421165500000000065e+03,3.198339999999999961e+01
1.421167999999999893e+03,3.200650000000000261e+01
1.421170399999999972e+03,3.198110000000000142e+01
1.421172900000000027e+03,3.193680000000000163e+01
1.421175300000000107e+03,3.191929999999999978e+01
1.421177699999999959e+03,3.194630000000000081e+01
1.421180200000000013e+03,3.199060000000000059e+01
1.421182600000000093e+03,3.200919999999999987e+01
1.421185099999999920e+03,3.197840000000000060e+01
1.421187500000000000e+03,3.190220000000000056e+01
1.421189900000000080e+03,3.179700000000000060e+01
1.421192399999999907e+03,3.168110000000000070e+01
1.421194799999999987e+03,3.158340000000000103e+01
1.421197300000000041e+03,3.154449999999999932e+01
1.421199699999999893e+03,3.159080000000000155e+01
1.421202099999999973e+03,3.170410000000000039e+01
1.421204600000000028e+03,3.182959999999999923e+01
1.421207000000000107e+03,3.192239999999999966e+01
1.421209499999999935e+03,3.197200000000000131e+01
1.421211900000000014e+03,3.197929999999999851e+01
1.421214400000000069e+03,3.193209999999999837e+01
1.421216799999999921e+03,3.183210000000000051e+01
1.421219200000000001e+03,3.173450000000000060e+01
1.421221700000000055e+03,3.171979999999999933e+01
1.421224099999999908e+03,3.180829999999999913e+01
1.421226599999999962e+03,3.193140000000000001e+01
1.421229000000000042e+03,3.200780000000000314e+01
1.421231399999999894e+03,3.203050000000000352e+01
1.421233899999999949e+03,3.205199999999999960e+01
1.421236300000000028e+03,3.210269999999999868e+01
1.421238800000000083e+03,3.215570000000000306e+01
1.421241199999999935e+03,3.217170000000000130e+01
1.421243699999999990e+03,3.214509999999999934e+01
1.421246100000000069e+03,3.209649999999999892e+01
1.421248499999999922e+03,3.204070000000000107e+01
1.421250999999999976e+03,3.198049999999999926e+01
1.421253400000000056e+03,3.192160000000000153e+01
1.421255900000000111e+03,3.187559999999999860e+01
1.421258299999999963e+03,3.184740000000000038e+01
1.421260700000000043e+03,3.183089999999999975e+01
1.421263200000000097e+03,3.181619999999999848e+01
1.421265599999999949e+03,3.180020000000000024e+01
1.421268100000000004e+03,3.179799999999999827e+01
1.421270500000000084e+03,3.184039999999999893e+01
1.421272899999999936e+03,3.193969999999999843e+01
1.421275399999999991e+03,3.205680000000000263e+01
1.421277800000000070e+03,3.212140000000000128e+01
1.421280299999999897e+03,3.209490000000000265e+01
1.421282699999999977e+03,3.200789999999999935e+01
1.421285200000000032e+03,3.192680000000000007e+01
1.421287600000000111e+03,3.189160000000000039e+01
1.421289999999999964e+03,3.188739999999999952e+01
1.421292500000000018e+03,3.186659999999999826e+01
1.421294900000000098e+03,3.179090000000000060e+01
1.421297399999999925e+03,3.165899999999999892e+01
1.421299800000000005e+03,3.151050000000000040e+01
1.421302200000000084e+03,3.141110000000000113e+01
1.421304699999999912e+03,3.142520000000000024e+01
1.421307099999999991e+03,3.157440000000000069e+01
1.421309600000000046e+03,3.180809999999999960e+01
1.421311999999999898e+03,3.202940000000000254e+01
1.421314499999999953e+03,3.216859999999999786e+01
1.421316900000000032e+03,3.222780000000000200e+01
1.421319300000000112e+03,3.225010000000000332e+01
1.421321799999999939e+03,3.225900000000000034e+01
1.421324200000000019e+03,3.224620000000000175e+01
1.421326700000000073e+03,3.220550000000000068e+01
1.421329099999999926e+03,3.215100000000000335e+01
1.421331500000000005e+03,3.210040000000000049e+01
1.421334000000000060e+03,3.206250000000000000e+01
1.421336399999999912e+03,3.204110000000000014e+01
1.421338899999999967e+03,3.203240000000000265e+01
1.421341300000000047e+03,3.201839999999999975e+01
1.421343800000000101e+03,3.198659999999999926e+01
1.421346199999999953e+03,3.195360000000000156e+01
1.421348600000000033e+03,3.194849999999999923e+01
1.421351100000000088e+03,3.197619999999999862e+01
1.421353499999999940e+03,3.201200000000000045e+01
1.421355999999999995e+03,3.202819999999999823e+01
1.421358400000000074e+03,3.201570000000000249e+01
1.421360799999999927e+03,3.198179999999999978e+01
1.421363299999999981e+03,3.193530000000000157e+01
1.421365700000000061e+03,3.187819999999999965e+01
1.421368199999999888e+03,3.181360000000000099e+01
1.421370599999999968e+03,3.175639999999999930e+01
1.421373000000000047e+03,3.173339999999999961e+01
1.421375500000000102e+03,3.177240000000000109e+01
1.421377899999999954e+03,3.188990000000000080e+01
1.421380400000000009e+03,3.207630000000000337e+01
1.421382800000000088e+03,3.228949999999999676e+01
1.421385299999999916e+03,3.247729999999999961e+01
1.421387699999999995e+03,3.260999999999999943e+01
1.421390100000000075e+03,3.268379999999999797e+01
1.421392599999999902e+03,3.269729999999999848e+01
1.421394999999999982e+03,3.264379999999999882e+01
1.421397500000000036e+03,3.252700000000000102e+01
1.421399899999999889e+03,3.236979999999999791e+01
1.421402299999999968e+03,3.219800000000000040e+01
1.421404800000000023e+03,3.202139999999999986e+01
1.421407200000000103e+03,3.184430000000000049e+01
1.421409699999999930e+03,3.169200000000000017e+01
1.421412100000000009e+03,3.160419999999999874e+01
1.421414600000000064e+03,3.159240000000000137e+01
1.421416999999999916e+03,3.161619999999999919e+01
1.421419399999999996e+03,3.161629999999999896e+01
1.421421900000000051e+03,3.157720000000000127e+01
1.421424299999999903e+03,3.155290000000000106e+01
1.421426799999999957e+03,3.161680000000000135e+01
1.421429200000000037e+03,3.178079999999999927e+01
1.421431599999999889e+03,3.197279999999999944e+01
1.421434099999999944e+03,3.209899999999999665e+01
1.421436500000000024e+03,3.211979999999999791e+01
1.421439000000000078e+03,3.206860000000000355e+01
1.421441399999999931e+03,3.201509999999999678e+01
1.421443800000000010e+03,3.201339999999999719e+01
1.421446300000000065e+03,3.206730000000000302e+01
1.421448699999999917e+03,3.214189999999999969e+01
1.421451199999999972e+03,3.221020000000000039e+01
1.421453600000000051e+03,3.228139999999999787e+01
1.421456100000000106e+03,3.237819999999999965e+01
1.421458499999999958e+03,3.249719999999999942e+01
1.421460900000000038e+03,3.260620000000000118e+01
1.421463400000000092e+03,3.267349999999999710e+01
1.421465799999999945e+03,3.268869999999999720e+01
1.421468299999999999e+03,3.265489999999999782e+01
1.421470700000000079e+03,3.258229999999999649e+01
1.421473099999999931e+03,3.249770000000000181e+01
1.421475599999999986e+03,3.244259999999999877e+01
1.421478000000000065e+03,3.244639999999999702e+01
1.421480499999999893e+03,3.250469999999999970e+01
1.421482899999999972e+03,3.258919999999999817e+01
1.421485400000000027e+03,3.267210000000000036e+01
1.421487800000000107e+03,3.273349999999999937e+01
1.421490199999999959e+03,3.275659999999999883e+01
1.421492700000000013e+03,3.272449999999999903e+01
1.421495100000000093e+03,3.262310000000000088e+01
1.421497599999999920e+03,3.244839999999999947e+01
1.421500000000000000e+03,3.222270000000000323e+01
1.421502400000000080e+03,3.200610000000000355e+01
1.421504899999999907e+03,3.187239999999999895e+01
1.421507299999999987e+03,3.185780000000000101e+01
1.421509800000000041e+03,3.194279999999999831e+01
1.421512199999999893e+03,3.208149999999999835e+01
1.421514599999999973e+03,3.222849999999999682e+01
1.421517100000000028e+03,3.233990000000000009e+01
1.421519500000000107e+03,3.239009999999999678e+01
1.421521999999999935e+03,3.240149999999999864e+01
1.421524400000000014e+03,3.242770000000000152e+01
1.421526900000000069e+03,3.249159999999999826e+01
1.421529299999999921e+03,3.255639999999999645e+01
1.421531700000000001e+03,3.257200000000000273e+01
1.421534200000000055e+03,3.253979999999999961e+01
1.421536599999999908e+03,3.251879999999999882e+01
1.421539099999999962e+03,3.256199999999999761e+01
1.421541500000000042e+03,3.265400000000000347e+01
1.421543899999999894e+03,3.272579999999999956e+01
1.421546399999999949e+03,3.272800000000000153e+01
1.421548800000000028e+03,3.266980000000000217e+01
1.421551300000000083e+03,3.258389999999999986e+01
1.421553699999999935e+03,3.248319999999999652e+01
1.421556199999999990e+03,3.236679999999999779e+01
1.421558600000000069e+03,3.225500000000000256e+01
1.421560999999999922e+03,3.219890000000000185e+01
1.421563499999999976e+03,3.224660000000000082e+01
1.421565900000000056e+03,3.239359999999999928e+01
1.421568400000000111e+03,3.256550000000000011e+01
1.421570799999999963e+03,3.266259999999999764e+01
1.421573200000000043e+03,3.263250000000000028e+01
1.421575700000000097e+03,3.250780000000000314e+01
1.421578099999999949e+03,3.237539999999999907e+01
1.421580600000000004e+03,3.231329999999999814e+01
1.421583000000000084e+03,3.234470000000000312e+01
1.421585399999999936e+03,3.243529999999999802e+01
1.421587899999999991e+03,3.253300000000000125e+01
1.421590300000000070e+03,3.261849999999999739e+01
1.421592799999999897e+03,3.270889999999999986e+01
1.421595199999999977e+03,3.280590000000000117e+01
1.421597700000000032e+03,3.286099999999999710e+01
1.421600100000000111e+03,3.281199999999999761e+01
1.421602499999999964e+03,3.265259999999999962e+01
1.421605000000000018e+03,3.245230000000000103e+01
1.421607400000000098e+03,3.230279999999999774e+01
1.421609899999999925e+03,3.225039999999999907e+01
1.421612300000000005e+03,3.228479999999999706e+01
1.421614700000000084e+03,3.237219999999999942e+01
1.421617199999999912e+03,3.247639999999999816e+01
1.421619599999999991e+03,3.256029999999999802e+01
1.421622100000000046e+03,3.260190000000000055e+01
1.421624499999999898e+03,3.261160000000000281e+01
1.421626999999999953e+03,3.261310000000000286e+01
1.421629400000000032e+03,3.260399999999999920e+01
1.421631800000000112e+03,3.255630000000000024e+01
1.421634299999999939e+03,3.246249999999999858e+01
1.421636700000000019e+03,3.236619999999999919e+01
1.421639200000000073e+03,3.233140000000000214e+01
1.421641599999999926e+03,3.237950000000000017e+01
1.421644000000000005e+03,3.247509999999999764e+01
1.421646500000000060e+03,3.257950000000000301e+01
1.421648899999999912e+03,3.269650000000000034e+01
1.421651399999999967e+03,3.284270000000000067e+01
1.421653800000000047e+03,3.299020000000000152e+01
1.421656199999999899e+03,3.307159999999999656e+01
1.421658699999999953e+03,3.304540000000000077e+01
1.421661100000000033e+03,3.293480000000000274e+01
1.421663600000000088e+03,3.280210000000000292e+01
1.421665999999999940e+03,3.269890000000000185e+01
1.421668499999999995e+03,3.264180000000000348e+01
1.421670900000000074e+03,3.261699999999999733e+01
1.421673299999999927e+03,3.259830000000000183e+01
1.421675799999999981e+03,3.256459999999999866e+01
1.421678200000000061e+03,3.251449999999999818e+01
1.421680699999999888e+03,3.247420000000000329e+01
1.421683099999999968e+03,3.248550000000000182e+01
1.421685500000000047e+03,3.256869999999999976e+01
1.421688000000000102e+03,3.269200000000000017e+01
1.421690399999999954e+03,3.278300000000000125e+01
1.421692900000000009e+03,3.278190000000000026e+01
1.421695300000000088e+03,3.269030000000000058e+01
1.421697799999999916e+03,3.257909999999999684e+01
1.421700199999999995e+03,3.254599999999999937e+01
1.421702600000000075e+03,3.263920000000000243e+01
1.421705099999999902e+03,3.280649999999999977e+01
1.421707499999999982e+03,3.293019999999999925e+01
1.421710000000000036e+03,3.292790000000000106e+01
1.421712399999999889e+03,3.281580000000000297e+01
1.421714799999999968e+03,3.267329999999999757e+01
1.421717300000000023e+03,3.256289999999999907e+01
1.421719700000000103e+03,3.248819999999999908e+01
1.421722199999999930e+03,3.240879999999999939e+01
1.421724600000000009e+03,3.228320000000000078e+01
1.421727100000000064e+03,3.210459999999999781e+01
1.421729499999999916e+03,3.191290000000000049e+01
1.421731899999999996e+03,3.177870000000000061e+01
1.421734400000000051e+03,3.176679999999999993e+01
1.421736799999999903e+03,3.189819999999999922e+01
1.421739299999999957e+03,3.213060000000000116e+01
1.421741700000000037e+03,3.237219999999999942e+01
1.421744099999999889e+03,3.252989999999999782e+01
1.421746599999999944e+03,3.256190000000000140e+01
1.421749000000000024e+03,3.249689999999999657e+01
1.421751500000000078e+03,3.240409999999999968e+01
1.421753899999999931e+03,3.234550000000000125e+01
1.421756300000000010e+03,3.234989999999999810e+01
1.421758800000000065e+03,3.241740000000000066e+01
1.421761199999999917e+03,3.252720000000000056e+01
1.421763699999999972e+03,3.263909999999999911e+01
1.421766100000000051e+03,3.270640000000000214e+01
1.421768600000000106e+03,3.270499999999999829e+01
1.421770999999999958e+03,3.265200000000000102e+01
1.421773400000000038e+03,3.258970000000000056e+01
1.421775900000000092e+03,3.254379999999999740e+01
1.421778299999999945e+03,3.250240000000000151e+01
1.421780799999999999e+03,3.244409999999999883e+01
1.421783200000000079e+03,3.237910000000000110e+01
1.421785599999999931e+03,3.234040000000000248e+01
1.421788099999999986e+03,3.234060000000000201e+01
1.421790500000000065e+03,3.236140000000000327e+01
1.421792999999999893e+03,3.238409999999999656e+01
1.421795399999999972e+03,3.240480000000000160e+01
1.421797900000000027e+03,3.242060000000000031e+01
1.421800300000000107e+03,3.242349999999999710e+01
1.421802699999999959e+03,3.241210000000000235e+01
1.421805200000000013e+03,3.239410000000000167e+01
1.421807600000000093e+03,3.237709999999999866e+01
1.421810099999999920e+03,3.236939999999999884e+01
1.421812500000000000e+03,3.238739999999999952e+01
1.421814900000000080e+03,3.244839999999999947e+01
1.421817399999999907e+03,3.255239999999999867e+01
1.421819799999999987e+03,3.267629999999999768e+01
1.421822300000000041e+03,3.278649999999999665e+01
1.421824699999999893e+03,3.285099999999999909e+01
1.421827099999999973e+03,3.285139999999999816e+01
1.421829600000000028e+03,3.279899999999999949e+01
1.421832000000000107e+03,3.273769999999999669e+01
1.421834499999999935e+03,3.272039999999999793e+01
1.421836900000000014e+03,3.276839999999999975e+01
1.421839400000000069e+03,3.284779999999999944e+01
1.421841799999999921e+03,3.288799999999999812e+01
1.421844200000000001e+03,3.283939999999999770e+01
1.421846700000000055e+03,3.272180000000000177e+01
1.421849099999999908e+03,3.261390000000000100e+01
1.421851599999999962e+03,3.258919999999999817e+01
1.421854000000000042e+03,3.265509999999999735e+01
1.421856399999999894e+03,3.274580000000000268e+01
1.421858899999999949e+03,3.277190000000000225e+01
1.421861300000000028e+03,3.268200000000000216e+01
1.421863800000000083e+03,3.248740000000000094e+01
1.421866199999999935e+03,3.224530000000000030e+01
1.421868699999999990e+03,3.203370000000000317e+01
1.421871100000000069e+03,3.193329999999999913e+01
1.421873499999999922e+03,3.199930000000000163e+01
1.421875999999999976e+03,3.221999999999999886e+01
1.421878400000000056e+03,3.250589999999999691e+01
1.421880900000000111e+03,3.274300000000000210e+01
1.421883299999999963e+03,3.286590000000000344e+01
1.421885700000000043e+03,3.288839999999999719e+01
1.421888200000000097e+03,3.287539999999999907e+01
1.421890599999999949e+03,3.288949999999999818e+01
1.421893100000000004e+03,3.294859999999999900e+01
1.421895500000000084e+03,3.301359999999999673e+01
1.421897899999999936e+03,3.301820000000000022e+01
1.421900399999999991e+03,3.292909999999999826e+01
1.421902800000000070e+03,3.278659999999999997e+01
1.421905299999999897e+03,3.267730000000000246e+01
1.421907699999999977e+03,3.265619999999999834e+01
1.421910200000000032e+03,3.269850000000000279e+01
1.421912600000000111e+03,3.273629999999999995e+01
1.421914999999999964e+03,3.273089999999999833e+01
1.421917500000000018e+03,3.269389999999999930e+01
1.421919900000000098e+03,3.264889999999999759e+01
1.421922399999999925e+03,3.260269999999999868e+01
1.421924800000000005e+03,3.255639999999999645e+01
1.421927200000000084e+03,3.251890000000000214e+01
1.421929699999999912e+03,3.249909999999999854e+01
1.421932099999999991e+03,3.250699999999999790e+01
1.421934600000000046e+03,3.256210000000000093e+01
1.421936999999999898e+03,3.267060000000000031e+01
1.421939499999999953e+03,3.278739999999999810e+01
1.421941900000000032e+03,3.283229999999999649e+01
1.421944300000000112e+03,3.276970000000000027e+01
1.421946799999999939e+03,3.265370000000000061e+01
1.421949200000000019e+03,3.257809999999999917e+01
1.421951700000000073e+03,3.259089999999999776e+01
1.421954099999999926e+03,3.267029999999999745e+01
1.421956500000000005e+03,3.276219999999999999e+01
1.421959000000000060e+03,3.282090000000000174e+01
1.421961399999999912e+03,3.282869999999999777e+01
1.421963899999999967e+03,3.280160000000000053e+01
1.421966300000000047e+03,3.277389999999999759e+01
1.421968800000000101e+03,3.276769999999999783e+01
1.421971199999999953e+03,3.277940000000000254e+01
1.421973600000000033e+03,3.279339999999999833e+01
1.421976100000000088e+03,3.280250000000000199e+01
1.421978499999999940e+03,3.281099999999999994e+01
1.421980999999999995e+03,3.282209999999999894e+01
1.421983400000000074e+03,3.282849999999999824e+01
1.421985799999999927e+03,3.281320000000000192e+01
1.421988299999999981e+03,3.275880000000000081e+01
1.421990700000000061e+03,3.266380000000000194e+01
1.421993199999999888e+03,3.255239999999999867e+01
1.421995599999999968e+03,3.245629999999999882e+01
1.421998000000000047e+03,3.237930000000000064e+01
1.422000500000000102e+03,3.230069999999999908e+01
1.422002899999999954e+03,3.222290000000000276e+01
1.422005400000000009e+03,3.219050000000000011e+01
1.422007800000000088e+03,3.224759999999999849e+01
1.422010299999999916e+03,3.239119999999999777e+01
1.422012699999999995e+03,3.257690000000000197e+01
1.422015100000000075e+03,3.274830000000000041e+01
1.422017599999999902e+03,3.285399999999999920e+01
1.422019999999999982e+03,3.286560000000000059e+01
1.422022500000000036e+03,3.280899999999999750e+01
1.422024899999999889e+03,3.277000000000000313e+01
1.422027299999999968e+03,3.283559999999999945e+01
1.422029800000000023e+03,3.300979999999999848e+01
1.422032200000000103e+03,3.320029999999999859e+01
1.422034699999999930e+03,3.330490000000000350e+01
1.422037100000000009e+03,3.330010000000000048e+01
1.422039600000000064e+03,3.323400000000000176e+01
1.422041999999999916e+03,3.315390000000000015e+01
1.422044399999999996e+03,3.306719999999999970e+01
1.422046900000000051e+03,3.296159999999999712e+01
1.422049299999999903e+03,3.284009999999999962e+01
1.422051799999999957e+03,3.273250000000000171e+01
1.422054200000000037e+03,3.268130000000000024e+01
1.422056599999999889e+03,3.270709999999999695e+01
1.422059099999999944e+03,3.277409999999999712e+01
1.422061500000000024e+03,3.280369999999999919e+01
1.422064000000000078e+03,3.274439999999999884e+01
1.422066399999999931e+03,3.262440000000000140e+01
1.422068800000000010e+03,3.252230000000000132e+01
1.422071300000000065e+03,3.249419999999999931e+01
1.422073699999999917e+03,3.253900000000000148e+01
1.422076199999999972e+03,3.261930000000000263e+01
1.422078600000000051e+03,3.269689999999999941e+01
1.422081100000000106e+03,3.274889999999999901e+01
1.422083499999999958e+03,3.276400000000000290e+01
1.422085900000000038e+03,3.273490000000000322e+01
1.422088400000000092e+03,3.265740000000000265e+01
1.422090799999999945e+03,3.253179999999999694e+01
1.422093299999999999e+03,3.236919999999999931e+01
1.422095700000000079e+03,3.220770000000000266e+01
1.422098099999999931e+03,3.211580000000000013e+01
1.422100599999999986e+03,3.214869999999999806e+01
1.422103000000000065e+03,3.228710000000000235e+01
1.422105499999999893e+03,3.243900000000000006e+01
1.422107899999999972e+03,3.251680000000000348e+01
1.422110400000000027e+03,3.250110000000000099e+01
1.422112800000000107e+03,3.242680000000000007e+01
1.422115199999999959e+03,3.233659999999999712e+01
1.422117700000000013e+03,3.226230000000000331e+01
1.422120100000000093e+03,3.222930000000000206e+01
1.422122599999999920e+03,3.225769999999999982e+01
1.422125000000000000e+03,3.235860000000000269e+01
1.422127400000000080e+03,3.252479999999999905e+01
1.422129899999999907e+03,3.271770000000000067e+01
1.422132299999999987e+03,3.287819999999999965e+01
1.422134800000000041e+03,3.296479999999999677e+01
1.422137199999999893e+03,3.298190000000000310e+01
1.422139599999999973e+03,3.296840000000000259e+01
1.422142100000000028e+03,3.296009999999999707e+01
1.422144500000000107e+03,3.296450000000000102e+01
1.422146999999999935e+03,3.296050000000000324e+01
1.422149400000000014e+03,3.291740000000000066e+01
1.422151900000000069e+03,3.282509999999999906e+01
1.422154299999999921e+03,3.271249999999999858e+01
1.422156700000000001e+03,3.262830000000000297e+01
1.422159200000000055e+03,3.259770000000000323e+01
1.422161599999999908e+03,3.260130000000000194e+01
1.422164099999999962e+03,3.259519999999999840e+01
1.422166500000000042e+03,3.255169999999999675e+01
1.422168899999999894e+03,3.248570000000000135e+01
1.422171399999999949e+03,3.244630000000000081e+01
1.422173800000000028e+03,3.247749999999999915e+01
1.422176300000000083e+03,3.257800000000000296e+01
1.422178699999999935e+03,3.269939999999999714e+01
1.422181199999999990e+03,3.279200000000000159e+01
1.422183600000000069e+03,3.285520000000000351e+01
1.422185999999999922e+03,3.292540000000000333e+01
1.422188499999999976e+03,3.301389999999999958e+01
1.422190900000000056e+03,3.308539999999999992e+01
1.422193400000000111e+03,3.310810000000000031e+01
1.422195799999999963e+03,3.309179999999999922e+01
1.422198200000000043e+03,3.305819999999999936e+01
1.422200700000000097e+03,3.299689999999999657e+01
1.422203099999999949e+03,3.287380000000000280e+01
1.422205600000000004e+03,3.267690000000000339e+01
1.422208000000000084e+03,3.244389999999999930e+01
1.422210399999999936e+03,3.224719999999999942e+01
1.422212899999999991e+03,3.215319999999999823e+01
1.422215300000000070e+03,3.218180000000000263e+01
1.422217799999999897e+03,3.229860000000000042e+01
1.422220199999999977e+03,3.244839999999999947e+01
1.422222700000000032e+03,3.259559999999999746e+01
1.422225100000000111e+03,3.273250000000000171e+01
1.422227499999999964e+03,3.286079999999999757e+01
1.422230000000000018e+03,3.297789999999999822e+01
1.422232400000000098e+03,3.307189999999999941e+01
1.422234899999999925e+03,3.311679999999999779e+01
1.422237300000000005e+03,3.308400000000000318e+01
1.422239700000000084e+03,3.296880000000000166e+01
1.422242199999999912e+03,3.280389999999999873e+01
1.422244599999999991e+03,3.264039999999999964e+01
1.422247100000000046e+03,3.251820000000000022e+01
1.422249499999999898e+03,3.245609999999999928e+01
1.422251999999999953e+03,3.246000000000000085e+01
1.422254400000000032e+03,3.252250000000000085e+01
1.422256800000000112e+03,3.261840000000000117e+01
1.422259299999999939e+03,3.271620000000000061e+01
1.422261700000000019e+03,3.279820000000000135e+01
1.422264200000000073e+03,3.285600000000000165e+01
1.422266599999999926e+03,3.287579999999999814e+01
1.422269000000000005e+03,3.284239999999999782e+01
1.422271500000000060e+03,3.275840000000000174e+01
1.422273899999999912e+03,3.264920000000000044e+01
1.422276399999999967e+03,3.255250000000000199e+01
1.422278800000000047e+03,3.250430000000000064e+01
1.422281199999999899e+03,3.252750000000000341e+01
1.422283699999999953e+03,3.261999999999999744e+01
1.422286100000000033e+03,3.274219999999999686e+01
1.422288600000000088e+03,3.282260000000000133e+01
1.422290999999999940e+03,3.280239999999999867e+01
1.422293499999999995e+03,3.268769999999999953e+01
1.422295900000000074e+03,3.254220000000000113e+01
1.422298299999999927e+03,3.242669999999999675e+01
1.422300799999999981e+03,3.236319999999999908e+01
1.422303200000000061e+03,3.234230000000000160e+01
1.422305699999999888e+03,3.234499999999999886e+01
1.422308099999999968e+03,3.236110000000000042e+01
1.422310500000000047e+03,3.239920000000000044e+01
1.422313000000000102e+03,3.246139999999999759e+01
1.422315399999999954e+03,3.251089999999999947e+01
1.422317900000000009e+03,3.249719999999999942e+01
1.422320300000000088e+03,3.242719999999999914e+01
1.422322799999999916e+03,3.238519999999999754e+01
1.422325199999999995e+03,3.246039999999999992e+01
1.422327600000000075e+03,3.266460000000000008e+01
1.422330099999999902e+03,3.292909999999999826e+01
1.422332499999999982e+03,3.316720000000000113e+01
1.422335000000000036e+03,3.332759999999999678e+01
1.422337399999999889e+03,3.340460000000000207e+01
1.422339799999999968e+03,3.342269999999999897e+01
1.422342300000000023e+03,3.341570000000000107e+01
1.422344700000000103e+03,3.340709999999999980e+01
1.422347199999999930e+03,3.339699999999999847e+01
1.422349600000000009e+03,3.336209999999999809e+01
1.422352100000000064e+03,3.327150000000000318e+01
1.422354499999999916e+03,3.311580000000000013e+01
1.422356899999999996e+03,3.293280000000000030e+01
1.422359400000000051e+03,3.279419999999999646e+01
1.422361799999999903e+03,3.275229999999999819e+01
1.422364299999999957e+03,3.279599999999999937e+01
1.422366700000000037e+03,3.287019999999999698e+01
1.422369099999999889e+03,3.293310000000000315e+01
1.422371599999999944e+03,3.298230000000000217e+01
1.422374000000000024e+03,3.303000000000000114e+01
1.422376500000000078e+03,3.307220000000000226e+01
1.422378899999999931e+03,3.308769999999999811e+01
1.422381300000000010e+03,3.306179999999999808e+01
1.422383800000000065e+03,3.300800000000000267e+01
1.422386199999999917e+03,3.296470000000000056e+01
1.422388699999999972e+03,3.296860000000000213e+01
1.422391100000000051e+03,3.303029999999999688e+01
1.422393600000000106e+03,3.312270000000000181e+01
1.422395999999999958e+03,3.318540000000000134e+01
1.422398400000000038e+03,3.316210000000000235e+01
1.422400900000000092e+03,3.305140000000000100e+01
1.422403299999999945e+03,3.291230000000000189e+01
1.422405799999999999e+03,3.281620000000000203e+01
1.422408200000000079e+03,3.279339999999999833e+01
1.422410599999999931e+03,3.282200000000000273e+01
1.422413099999999986e+03,3.285390000000000299e+01
1.422415500000000065e+03,3.285150000000000148e+01
1.422417999999999893e+03,3.280709999999999837e+01
1.422420399999999972e+03,3.273279999999999745e+01
1.422422900000000027e+03,3.263810000000000144e+01
1.422425300000000107e+03,3.252890000000000015e+01
1.422427699999999959e+03,3.242519999999999669e+01
1.422430200000000013e+03,3.236569999999999681e+01
1.422432600000000093e+03,3.238210000000000122e+01
1.422435099999999920e+03,3.246990000000000265e+01
1.422437500000000000e+03,3.258290000000000219e+01
1.422439900000000080e+03,3.266329999999999956e+01
1.422442399999999907e+03,3.268710000000000093e+01
1.422444799999999987e+03,3.267560000000000286e+01
1.422447300000000041e+03,3.265950000000000131e+01
1.422449699999999893e+03,3.264609999999999701e+01
1.422452099999999973e+03,3.263340000000000174e+01
1.422454600000000028e+03,3.263700000000000045e+01
1.422457000000000107e+03,3.267900000000000205e+01
1.422459499999999935e+03,3.275379999999999825e+01
1.422461900000000014e+03,3.282039999999999935e+01
1.422464400000000069e+03,3.283359999999999701e+01
1.422466799999999921e+03,3.277720000000000056e+01
1.422469200000000001e+03,3.267130000000000223e+01
1.422471700000000055e+03,3.256199999999999761e+01
1.422474099999999908e+03,3.250200000000000244e+01
1.422476599999999962e+03,3.252210000000000178e+01
1.422479000000000042e+03,3.260640000000000072e+01
1.422481399999999894e+03,3.269939999999999714e+01
1.422483899999999949e+03,3.274710000000000321e+01
1.422486300000000028e+03,3.273319999999999652e+01
1.422488800000000083e+03,3.267660000000000053e+01
1.422491199999999935e+03,3.260510000000000019e+01
1.422493699999999990e+03,3.253690000000000282e+01
1.422496100000000069e+03,3.247529999999999717e+01
1.422498499999999922e+03,3.240789999999999793e+01
1.422500999999999976e+03,3.232249999999999801e+01
1.422503400000000056e+03,3.223729999999999762e+01
1.422505900000000111e+03,3.220470000000000255e+01
1.422508299999999963e+03,3.226310000000000144e+01
1.422510700000000043e+03,3.239039999999999964e+01
1.422513200000000097e+03,3.252340000000000231e+01
1.422515599999999949e+03,3.261939999999999884e+01
1.422518100000000004e+03,3.268359999999999843e+01
1.422520500000000084e+03,3.274340000000000117e+01
1.422522899999999936e+03,3.281700000000000017e+01
1.422525399999999991e+03,3.290630000000000166e+01
1.422527800000000070e+03,3.299719999999999942e+01
1.422530299999999897e+03,3.305599999999999739e+01
1.422532699999999977e+03,3.304240000000000066e+01
1.422535200000000032e+03,3.293880000000000052e+01
1.422537600000000111e+03,3.277470000000000283e+01
1.422539999999999964e+03,3.262689999999999912e+01
1.422542500000000018e+03,3.258429999999999893e+01
1.422544900000000098e+03,3.268939999999999912e+01
1.422547399999999925e+03,3.290780000000000172e+01
1.422549800000000005e+03,3.315670000000000073e+01
1.422552200000000084e+03,3.336039999999999850e+01
1.422554699999999912e+03,3.348700000000000188e+01
1.422557099999999991e+03,3.354650000000000176e+01
1.422559600000000046e+03,3.355890000000000128e+01
1.422561999999999898e+03,3.352400000000000091e+01
1.422564499999999953e+03,3.342799999999999727e+01
1.422566900000000032e+03,3.327980000000000160e+01
1.422569300000000112e+03,3.312819999999999965e+01
1.422571799999999939e+03,3.303940000000000055e+01
1.422574200000000019e+03,3.306089999999999662e+01
1.422576700000000073e+03,3.319169999999999732e+01
1.422579099999999926e+03,3.336500000000000199e+01
1.422581500000000005e+03,3.347279999999999944e+01
1.422584000000000060e+03,3.344440000000000168e+01
1.422586399999999912e+03,3.331419999999999959e+01
1.422588899999999967e+03,3.320159999999999911e+01
1.422591300000000047e+03,3.321410000000000196e+01
1.422593800000000101e+03,3.336410000000000053e+01
1.422596199999999953e+03,3.356889999999999930e+01
1.422598600000000033e+03,3.371999999999999886e+01
1.422601100000000088e+03,3.375540000000000163e+01
1.422603499999999940e+03,3.367920000000000158e+01
1.422605999999999995e+03,3.353179999999999694e+01
1.422608400000000074e+03,3.336070000000000135e+01
1.422610799999999927e+03,3.321399999999999864e+01
1.422613299999999981e+03,3.312879999999999825e+01
1.422615700000000061e+03,3.310470000000000113e+01
1.422618199999999888e+03,3.309929999999999950e+01
1.422620599999999968e+03,3.306669999999999732e+01
1.422623000000000047e+03,3.300569999999999737e+01
1.422625500000000102e+03,3.296629999999999683e+01
1.422627899999999954e+03,3.300310000000000343e+01
1.422630400000000009e+03,3.311889999999999645e+01
1.422632800000000088e+03,3.326219999999999999e+01
1.422635299999999916e+03,3.337570000000000192e+01
1.422637699999999995e+03,3.342999999999999972e+01
1.422640100000000075e+03,3.341080000000000183e+01
1.422642599999999902e+03,3.330930000000000035e+01
1.422644999999999982e+03,3.314260000000000161e+01
1.422647500000000036e+03,3.296370000000000289e+01
1.422649899999999889e+03,3.283599999999999852e+01
1.422652299999999968e+03,3.279930000000000234e+01
1.422654800000000023e+03,3.285280000000000200e+01
1.422657200000000103e+03,3.295530000000000115e+01
1.422659699999999930e+03,3.305270000000000152e+01
1.422662100000000009e+03,3.311959999999999837e+01
1.422664600000000064e+03,3.316599999999999682e+01
1.422666999999999916e+03,3.320000000000000284e+01
1.422669399999999996e+03,3.320360000000000156e+01
1.422671900000000051e+03,3.315050000000000097e+01
1.422674299999999903e+03,3.303829999999999956e+01
1.422676799999999957e+03,3.290429999999999922e+01
1.422679200000000037e+03,3.281029999999999802e+01
1.422681599999999889e+03,3.280019999999999669e+01
1.422684099999999944e+03,3.285880000000000223e+01
1.422686500000000024e+03,3.291760000000000019e+01
1.422689000000000078e+03,3.291049999999999898e+01
1.422691399999999931e+03,3.283089999999999975e+01
1.422693800000000010e+03,3.273930000000000007e+01
1.422696300000000065e+03,3.271589999999999776e+01
1.422698699999999917e+03,3.280310000000000059e+01
1.422701199999999972e+03,3.297829999999999728e+01
1.422703600000000051e+03,3.317099999999999937e+01
1.422706100000000106e+03,3.330850000000000222e+01
1.422708499999999958e+03,3.336610000000000298e+01
1.422710900000000038e+03,3.338060000000000116e+01
1.422713400000000092e+03,3.340359999999999729e+01
1.422715799999999945e+03,3.344019999999999726e+01
1.422718299999999999e+03,3.344959999999999667e+01
1.422720700000000079e+03,3.340409999999999968e+01
1.422723099999999931e+03,3.332450000000000045e+01
1.422725599999999986e+03,3.325469999999999970e+01
1.422728000000000065e+03,3.322160000000000224e+01
1.422730499999999893e+03,3.321970000000000312e+01
1.422732899999999972e+03,3.321390000000000242e+01
1.422735400000000027e+03,3.316830000000000211e+01
1.422737800000000107e+03,3.308879999999999910e+01
1.422740199999999959e+03,3.302250000000000085e+01
1.422742700000000013e+03,3.300610000000000355e+01
1.422745100000000093e+03,3.303569999999999851e+01
1.422747599999999920e+03,3.309179999999999922e+01
1.422750000000000000e+03,3.316360000000000241e+01
1.422752400000000080e+03,3.323940000000000339e+01
1.422754899999999907e+03,3.329979999999999762e+01
1.422757299999999987e+03,3.333429999999999893e+01
1.422759800000000041e+03,3.334599999999999653e+01
1.422762199999999893e+03,3.333389999999999986e+01
1.422764599999999973e+03,3.329059999999999775e+01
1.422767100000000028e+03,3.322299999999999898e+01
1.422769500000000107e+03,3.315209999999999724e+01
1.422771999999999935e+03,3.309309999999999974e+01
1.422774400000000014e+03,3.305799999999999983e+01
1.422776900000000069e+03,3.307229999999999848e+01
1.422779299999999921e+03,3.315699999999999648e+01
1.422781700000000001e+03,3.328900000000000148e+01
1.422784200000000055e+03,3.340090000000000003e+01
1.422786599999999908e+03,3.343880000000000052e+01
1.422789099999999962e+03,3.341539999999999822e+01
1.422791500000000042e+03,3.339900000000000091e+01
1.422793899999999894e+03,3.345550000000000068e+01
1.422796399999999949e+03,3.359459999999999980e+01
1.422798800000000028e+03,3.375769999999999982e+01
1.422801300000000083e+03,3.385390000000000299e+01
1.422803699999999935e+03,3.382959999999999923e+01
1.422806199999999990e+03,3.371410000000000196e+01
1.422808600000000069e+03,3.359799999999999898e+01
1.422810999999999922e+03,3.355639999999999645e+01
1.422813499999999976e+03,3.358939999999999770e+01
1.422815900000000056e+03,3.364170000000000016e+01
1.422818400000000111e+03,3.367079999999999984e+01
1.422820799999999963e+03,3.367450000000000188e+01
1.422823200000000043e+03,3.365720000000000312e+01
1.422825700000000097e+03,3.360360000000000014e+01
1.422828099999999949e+03,3.350630000000000308e+01
1.422830600000000004e+03,3.340259999999999962e+01
1.422833000000000084e+03,3.336350000000000193e+01
1.422835399999999936e+03,3.343370000000000175e+01
1.422837899999999991e+03,3.358449999999999847e+01
1.422840300000000070e+03,3.372740000000000293e+01
1.422842799999999897e+03,3.377559999999999718e+01
1.422845199999999977e+03,3.369819999999999993e+01
1.422847700000000032e+03,3.353249999999999886e+01
1.422850100000000111e+03,3.335669999999999646e+01
1.422852499999999964e+03,3.324649999999999750e+01
1.422855000000000018e+03,3.323930000000000007e+01
1.422857400000000098e+03,3.332289999999999708e+01
1.422859899999999925e+03,3.344899999999999807e+01
1.422862300000000005e+03,3.356410000000000338e+01
1.422864700000000084e+03,3.364170000000000016e+01
1.422867199999999912e+03,3.369210000000000349e+01
1.422869599999999991e+03,3.373230000000000217e+01
1.422872100000000046e+03,3.374839999999999662e+01
1.422874499999999898e+03,3.370320000000000249e+01
1.422876999999999953e+03,3.359219999999999828e+01
1.422879400000000032e+03,3.348120000000000118e+01
1.422881800000000112e+03,3.346200000000000330e+01
1.422884299999999939e+03,3.357209999999999894e+01
1.422886700000000019e+03,3.376550000000000296e+01
1.422889200000000073e+03,3.394830000000000325e+01
1.422891599999999926e+03,3.402900000000000347e+01
1.422894000000000005e+03,3.395439999999999969e+01
1.422896500000000060e+03,3.373250000000000171e+01
1.422898899999999912e+03,3.343200000000000216e+01
1.422901399999999967e+03,3.315220000000000056e+01
1.422903800000000047e+03,3.298100000000000165e+01
1.422906199999999899e+03,3.295700000000000074e+01
1.422908699999999953e+03,3.305340000000000344e+01
1.422911100000000033e+03,3.319709999999999894e+01
1.422913600000000088e+03,3.331539999999999679e+01
1.422915999999999940e+03,3.337550000000000239e+01
1.422918499999999995e+03,3.338490000000000180e+01
1.422920900000000074e+03,3.336869999999999692e+01
1.422923299999999927e+03,3.335199999999999676e+01
1.422925799999999981e+03,3.334649999999999892e+01
1.422928200000000061e+03,3.334340000000000259e+01
1.422930699999999888e+03,3.332959999999999923e+01
1.422933099999999968e+03,3.331060000000000088e+01
1.422935500000000047e+03,3.330530000000000257e+01
1.422938000000000102e+03,3.332180000000000319e+01
1.422940399999999954e+03,3.334790000000000276e+01
1.422942900000000009e+03,3.336619999999999919e+01
1.422945300000000088e+03,3.337189999999999657e+01
1.422947799999999916e+03,3.337239999999999895e+01
1.422950199999999995e+03,3.337590000000000146e+01
1.422952600000000075e+03,3.338080000000000069e+01
1.422955099999999902e+03,3.337530000000000285e+01
1.422957499999999982e+03,3.334579999999999700e+01
1.422960000000000036e+03,3.328889999999999816e+01
1.422962399999999889e+03,3.321880000000000166e+01
1.422964799999999968e+03,3.315910000000000224e+01
1.422967300000000023e+03,3.312089999999999890e+01
1.422969700000000103e+03,3.309720000000000084e+01
1.422972199999999930e+03,3.308259999999999934e+01
1.422974600000000009e+03,3.308449999999999847e+01
1.422977100000000064e+03,3.310629999999999740e+01
1.422979499999999916e+03,3.313349999999999795e+01
1.422981899999999996e+03,3.314990000000000236e+01
1.422984400000000051e+03,3.315720000000000312e+01
1.422986799999999903e+03,3.317289999999999850e+01
1.422989299999999957e+03,3.321170000000000044e+01
1.422991700000000037e+03,3.326950000000000074e+01
1.422994099999999889e+03,3.332439999999999714e+01
1.422996599999999944e+03,3.335419999999999874e+01
1.422999000000000024e+03,0.000000000000000000e+00
1.423001500000000078e+03,0.000000000000000000e+00
1.423003899999999931e+03,0.000000000000000000e+00
1.423006300000000010e+03,0.000000000000000000e+00
1.423008800000000065e+03,0.000000000000000000e+00
1.423011199999999917e+03,0.000000000000000000e+00
1.423013699999999972e+03,0.000000000000000000e+00
1.423016100000000051e+03,0.000000000000000000e+00
1.423018600000000106e+03,0.000000000000000000e+00
1.423020999999999958e+03,0.000000000000000000e+00
1.423023400000000038e+03,0.000000000000000000e+00
1.423025900000000092e+03,0.000000000000000000e+00
1.423028299999999945e+03,0.000000000000000000e+00
1.423030799999999999e+03,0.000000000000000000e+00
1.423033200000000079e+03,0.000000000000000000e+00
1.423035599999999931e+03,0.000000000000000000e+00
1.423038099999999986e+03,0.000000000000000000e+00
1.423040500000000065e+03,0.000000000000000000e+00
1.423042999999999893e+03,0.000000000000000000e+00
1.423045399999999972e+03,0.000000000000000000e+00
1.423047900000000027e+03,0.000000000000000000e+00
1.423050300000000107e+03,0.000000000000000000e+00
1.423052699999999959e+03,0.000000000000000000e+00
1.423055200000000013e+03,0.000000000000000000e+00
1.423057600000000093e+03,0.000000000000000000e+00
1.423060099999999920e+03,0.000000000000000000e+00
1.423062500000000000e+03,0.000000000000000000e+00
1.423064900000000080e+03,0.000000000000000000e+00
1.423067399999999907e+03,0.000000000000000000e+00
1.423069799999999987e+03,0.000000000000000000e+00
1.423072300000000041e+03,0.000000000000000000e+00
1.423074699999999893e+03,0.000000000000000000e+00
1.423077099999999973e+03,0.000000000000000000e+00
1.423079600000000028e+03,0.000000000000000000e+00
1.423082000000000107e+03,0.000000000000000000e+00
1.423084499999999935e+03,0.000000000000000000e+00
1.423086900000000014e+03,0.000000000000000000e+00
1.423089400000000069e+03,0.000000000000000000e+00
1.423091799999999921e+03,0.000000000000000000e+00
1.423094200000000001e+03,0.000000000000000000e+00
1.423096700000000055e+03,0.000000000000000000e+00
1.423099099999999908e+03,0.000000000000000000e+00
1.423101599999999962e+03,0.000000000000000000e+00
1.423104000000000042e+03,0.000000000000000000e+00
1.423106399999999894e+03,0.000000000000000000e+00
1.423108899999999949e+03,0.000000000000000000e+00
1.423111300000000028e+03,0.000000000000000000e+00
1.423113800000000083e+03,0.000000000000000000e+00
1.423116199999999935e+03,0.000000000000000000e+00
1.423118699999999990e+03,0.000000000000000000e+00
1.423121100000000069e+03,0.000000000000000000e+00
1.423123499999999922e+03,0.000000000000000000e+00
1.423125999999999976e+03,0.000000000000000000e+00
1.423128400000000056e+03,0.000000000000000000e+00
1.423130900000000111e+03,0.000000000000000000e+00
1.423133299999999963e+03,0.000000000000000000e+00
1.423135700000000043e+03,0.000000000000000000e+00
1.423138200000000097e+03,0.000000000000000000e+00
1.423140599999999949e+03,0.000000000000000000e+00
1.423143100000000004e+03,0.000000000000000000e+00
1.423145500000000084e+03,0.000000000000000000e+00
1.423147899999999936e+03,0.000000000000000000e+00
1.423150399999999991e+03,0.000000000000000000e+00
1.423152800000000070e+03,0.000000000000000000e+00
1.423155299999999897e+03,0.000000000000000000e+00
1.423157699999999977e+03,0.000000000000000000e+00
1.423160200000000032e+03,0.000000000000000000e+00
1.423162600000000111e+03,0.000000000000000000e+00
1.423164999999999964e+03,0.000000000000000000e+00
1.423167500000000018e+03,0.000000000000000000e+00
1.423169900000000098e+03,0.000000000000000000e+00
1.423172399999999925e+03,0.000000000000000000e+00
1.423174800000000005e+03,0.000000000000000000e+00
1.423177200000000084e+03,0.000000000000000000e+00
1.423179699999999912e+03,0.000000000000000000e+00
1.423182099999999991e+03,0.000000000000000000e+00
1.423184600000000046e+03,0.000000000000000000e+00
1.423186999999999898e+03,0.000000000000000000e+00
1.423189499999999953e+03,0.000000000000000000e+00
1.423191900000000032e+03,0.000000000000000000e+00
1.423194300000000112e+03,0.000000000000000000e+00
1.423196799999999939e+03,0.000000000000000000e+00
1.423199200000000019e+03,0.000000000000000000e+00
1.423201700000000073e+03,0.000000000000000000e+00
1.423204099999999926e+03,0.000000000000000000e+00
1.423206500000000005e+03,0.000000000000000000e+00
1.423209000000000060e+03,0.000000000000000000e+00
1.423211399999999912e+03,0.000000000000000000e+00
1.423213899999999967e+03,0.000000000000000000e+00
1.423216300000000047e+03,0.000000000000000000e+00
1.423218800000000101e+03,0.000000000000000000e+00
1.423221199999999953e+03,0.000000000000000000e+00
1.423223600000000033e+03,0.000000000000000000e+00
1.423226100000000088e+03,0.000000000000000000e+00
1.423228499999999940e+03,0.000000000000000000e+00
1.423230999999999995e+03,0.000000000000000000e+00
1.423233400000000074e+03,0.000000000000000000e+00
1.423235799999999927e+03,0.000000000000000000e+00
1.423238299999999981e+03,0.000000000000000000e+00
1.423240700000000061e+03,0.000000000000000000e+00
1.423243199999999888e+03,0.000000000000000000e+00
1.423245599999999968e+03,0.000000000000000000e+00
1.423248000000000047e+03,0.000000000000000000e+00
1.423250500000000102e+03,0.000000000000000000e+00
1.423252899999999954e+03,0.000000000000000000e+00
1.423255400000000009e+03,0.000000000000000000e+00
1.423257800000000088e+03,0.000000000000000000e+00
1.423260299999999916e+03,0.000000000000000000e+00
1.423262699999999995e+03,0.000000000000000000e+00
1.423265100000000075e+03,0.000000000000000000e+00
1.423267599999999902e+03,0.000000000000000000e+00
1.423269999999999982e+03,0.000000000000000000e+00
1.423272500000000036e+03,0.000000000000000000e+00
1.423274899999999889e+03,0.000000000000000000e+00
1.423277299999999968e+03,0.000000000000000000e+00
1.423279800000000023e+03,0.000000000000000000e+00
1.423282200000000103e+03,0.000000000000000000e+00
1.423284699999999930e+03,0.000000000000000000e+00
1.423287100000000009e+03,0.000000000000000000e+00
1.423289600000000064e+03,0.000000000000000000e+00
1.423291999999999916e+03,0.000000000000000000e+00
1.423294399999999996e+03,0.000000000000000000e+00
1.423296900000000051e+03,0.000000000000000000e+00
1.423299299999999903e+03,0.000000000000000000e+00
1.423301799999999957e+03,0.000000000000000000e+00
1.423304200000000037e+03,0.000000000000000000e+00
1.423306599999999889e+03,0.000000000000000000e+00
1.423309099999999944e+03,0.000000000000000000e+00
1.423311500000000024e+03,0.000000000000000000e+00
1.423314000000000078e+03,0.000000000000000000e+00
1.423316399999999931e+03,0.000000000000000000e+00
1.423318800000000010e+03,0.000000000000000000e+00
1.423321300000000065e+03,0.000000000000000000e+00
1.423323699999999917e+03,0.000000000000000000e+00
1.423326199999999972e+03,0.000000000000000000e+00
1.423328600000000051e+03,0.000000000000000000e+00
1.423331100000000106e+03,0.000000000000000000e+00
1.423333499999999958e+03,0.000000000000000000e+00
1.423335900000000038e+03,0.000000000000000000e+00
1.423338400000000092e+03,0.000000000000000000e+00
1.423340799999999945e+03,0.000000000000000000e+00
1.423343299999999999e+03,0.000000000000000000e+00
1.423345700000000079e+03,0.000000000000000000e+00
1.423348099999999931e+03,0.000000000000000000e+00
1.423350599999999986e+03,0.000000000000000000e+00
1.423353000000000065e+03,0.000000000000000000e+00
1.423355499999999893e+03,0.000000000000000000e+00
1.423357899999999972e+03,0.000000000000000000e+00
1.423360400000000027e+03,0.000000000000000000e+00
1.423362800000000107e+03,0.000000000000000000e+00
1.423365199999999959e+03,0.000000000000000000e+00
1.423367700000000013e+03,0.000000000000000000e+00
1.423370100000000093e+03,0.000000000000000000e+00
1.423372599999999920e+03,0.000000000000000000e+00
1.423375000000000000e+03,0.000000000000000000e+00
1.423377400000000080e+03,0.000000000000000000e+00
1.423379899999999907e+03,0.000000000000000000e+00
1.423382299999999987e+03,0.000000000000000000e+00
1.423384800000000041e+03,0.000000000000000000e+00
1.423387199999999893e+03,0.000000000000000000e+00
1.423389599999999973e+03,0.000000000000000000e+00
1.423392100000000028e+03,0.000000000000000000e+00
1.423394500000000107e+03,0.000000000000000000e+00
1.423396999999999935e+03,0.000000000000000000e+00
1.423399400000000014e+03,0.000000000000000000e+00
1.423401900000000069e+03,0.000000000000000000e+00
1.423404299999999921e+03,0.000000000000000000e+00
1.423406700000000001e+03,0.000000000000000000e+00
1.423409200000000055e+03,0.000000000000000000e+00
1.423411599999999908e+03,0.000000000000000000e+00
1.423414099999999962e+03,0.000000000000000000e+00
1.423416500000000042e+03,0.000000000000000000e+00
1.423418899999999894e+03,0.000000000000000000e+00
1.423421399999999949e+03,0.000000000000000000e+00
1.423423800000000028e+03,0.000000000000000000e+00
1.423426300000000083e+03,0.000000000000000000e+00
1.423428699999999935e+03,0.000000000000000000e+00
1.423431199999999990e+03,0.000000000000000000e+00
1.423433600000000069e+03,0.000000000000000000e+00
1.423435999999999922e+03,0.000000000000000000e+00
1.423438499999999976e+03,0.000000000000000000e+00
1.423440900000000056e+03,0.000000000000000000e+00
1.423443400000000111e+03,0.000000000000000000e+00
1.423445799999999963e+03,0.000000000000000000e+00
1.423448200000000043e+03,0.000000000000000000e+00
1.423450700000000097e+03,0.000000000000000000e+00
1.423453099999999949e+03,0.000000000000000000e+00
1.423455600000000004e+03,0.000000000000000000e+00
1.423458000000000084e+03,0.000000000000000000e+00
1.423460399999999936e+03,0.000000000000000000e+00
1.423462899999999991e+03,0.000000000000000000e+00
1.423465300000000070e+03,0.000000000000000000e+00
1.423467799999999897e+03,0.000000000000000000e+00
1.423470199999999977e+03,0.000000000000000000e+00
1.423472700000000032e+03,0.000000000000000000e+00
1.423475100000000111e+03,0.000000000000000000e+00
1.423477499999999964e+03,0.000000000000000000e+00
1.423480000000000018e+03,0.000000000000000000e+00
1.423482400000000098e+03,0.000000000000000000e+00
1.423484899999999925e+03,0.000000000000000000e+00
1.423487300000000005e+03,0.000000000000000000e+00
1.423489700000000084e+03,0.000000000000000000e+00
1.423492199999999912e+03,0.000000000000000000e+00
1.423494599999999991e+03,0.000000000000000000e+00
1.423497100000000046e+03,0.000000000000000000e+00
1.423499499999999898e+03,0.000000000000000000e+00
1.423501999999999953e+03,0.000000000000000000e+00
1.423504400000000032e+03,0.000000000000000000e+00
1.423506800000000112e+03,0.000000000000000000e+00
1.423509299999999939e+03,0.000000000000000000e+00
1.423511700000000019e+03,0.000000000000000000e+00
1.423514200000000073e+03,0.000000000000000000e+00
1.423516599999999926e+03,0.000000000000000000e+00
1.423519000000000005e+03,0.000000000000000000e+00
1.423521500000000060e+03,0.000000000000000000e+00
1.423523899999999912e+03,0.000000000000000000e+00
1.423526399999999967e+03,0.000000000000000000e+00
1.423528800000000047e+03,0.000000000000000000e+00
1.423531199999999899e+03,0.000000000000000000e+00
1.423533699999999953e+03,0.000000000000000000e+00
1.423536100000000033e+03,0.000000000000000000e+00
1.423538600000000088e+03,0.000000000000000000e+00
1.423540999999999940e+03,0.000000000000000000e+00
1.423543499999999995e+03,0.000000000000000000e+00
1.423545900000000074e+03,0.000000000000000000e+00
1.423548299999999927e+03,0.000000000000000000e+00
1.423550799999999981e+03,0.000000000000000000e+00
1.423553200000000061e+03,0.000000000000000000e+00
1.423555699999999888e+03,0.000000000000000000e+00
1.423558099999999968e+03,0.000000000000000000e+00
1.423560500000000047e+03,0.000000000000000000e+00
1.423563000000000102e+03,0.000000000000000000e+00
1.423565399999999954e+03,0.000000000000000000e+00
1.423567900000000009e+03,0.000000000000000000e+00
1.423570300000000088e+03,0.000000000000000000e+00
1.423572799999999916e+03,0.000000000000000000e+00
1.423575199999999995e+03,0.000000000000000000e+00
1.423577600000000075e+03,0.000000000000000000e+00
1.423580099999999902e+03,0.000000000000000000e+00
1.423582499999999982e+03,0.000000000000000000e+00
1.423585000000000036e+03,0.000000000000000000e+00
1.423587399999999889e+03,0.000000000000000000e+00
1.423589799999999968e+03,0.000000000000000000e+00
1.423592300000000023e+03,0.000000000000000000e+00
1.423594700000000103e+03,0.000000000000000000e+00
1.423597199999999930e+03,0.000000000000000000e+00
1.423599600000000009e+03,0.000000000000000000e+00
1.423602100000000064e+03,0.000000000000000000e+00
1.423604499999999916e+03,0.000000000000000000e+00
1.423606899999999996e+03,0.000000000000000000e+00
1.423609400000000051e+03,0.000000000000000000e+00
1.423611799999999903e+03,0.000000000000000000e+00
1.423614299999999957e+03,0.000000000000000000e+00
1.423616700000000037e+03,0.000000000000000000e+00
1.423619099999999889e+03,0.000000000000000000e+00
1.423621599999999944e+03,0.000000000000000000e+00
1.423624000000000024e+03,0.000000000000000000e+00
1.423626500000000078e+03,0.000000000000000000e+00
1.423628899999999931e+03,0.000000000000000000e+00
1.423631300000000010e+03,0.000000000000000000e+00
1.423633800000000065e+03,0.000000000000000000e+00
1.423636199999999917e+03,0.000000000000000000e+00
1.423638699999999972e+03,0.000000000000000000e+00
1.423641100000000051e+03,0.000000000000000000e+00
1.423643600000000106e+03,0.000000000000000000e+00
1.423645999999999958e+03,0.000000000000000000e+00
1.423648400000000038e+03,0.000000000000000000e+00
1.423650900000000092e+03,0.000000000000000000e+00
1.423653299999999945e+03,0.000000000000000000e+00
1.423655799999999999e+03,0.000000000000000000e+00
1.423658200000000079e+03,0.000000000000000000e+00
1.423660599999999931e+03,0.000000000000000000e+00
1.423663099999999986e+03,0.000000000000000000e+00
1.423665500000000065e+03,0.000000000000000000e+00
1.423667999999999893e+03,0.000000000000000000e+00
1.423670399999999972e+03,0.000000000000000000e+00
1.423672900000000027e+03,0.000000000000000000e+00
1.423675300000000107e+03,0.000000000000000000e+00
1.423677699999999959e+03,0.000000000000000000e+00
1.423680200000000013e+03,0.000000000000000000e+00
1.423682600000000093e+03,0.000000000000000000e+00
1.423685099999999920e+03,0.000000000000000000e+00
1.423687500000000000e+03,0.000000000000000000e+00
1.423689900000000080e+03,0.000000000000000000e+00
1.423692399999999907e+03,0.000000000000000000e+00
1.423694799999999987e+03,0.000000000000000000e+00
1.423697300000000041e+03,0.000000000000000000e+00
1.423699699999999893e+03,0.000000000000000000e+00
1.423702099999999973e+03,0.000000000000000000e+00
1.423704600000000028e+03,0.000000000000000000e+00
1.423707000000000107e+03,0.000000000000000000e+00
1.423709499999999935e+03,0.000000000000000000e+00
1.423711900000000014e+03,0.000000000000000000e+00
1.423714400000000069e+03,0.000000000000000000e+00
1.423716799999999921e+03,0.000000000000000000e+00
1.423719200000000001e+03,0.000000000000000000e+00
1.423721700000000055e+03,0.000000000000000000e+00
1.423724099999999908e+03,0.000000000000000000e+00
1.423726599999999962e+03,0.000000000000000000e+00
1.423729000000000042e+03,0.000000000000000000e+00
1.423731399999999894e+03,0.000000000000000000e+00
1.423733899999999949e+03,0.000000000000000000e+00
1.423736300000000028e+03,0.000000000000000000e+00
1.423738800000000083e+03,0.000000000000000000e+00
1.423741199999999935e+03,0.000000000000000000e+00
1.423743699999999990e+03,0.000000000000000000e+00
1.423746100000000069e+03,0.000000000000000000e+00
1.423748499999999922e+03,0.000000000000000000e+00
1.423750999999999976e+03,0.000000000000000000e+00
1.423753400000000056e+03,0.000000000000000000e+00
1.423755900000000111e+03,0.000000000000000000e+00
1.423758299999999963e+03,0.000000000000000000e+00
1.423760700000000043e+03,0.000000000000000000e+00
1.423763200000000097e+03,0.000000000000000000e+00
1.423765599999999949e+03,0.000000000000000000e+00
1.423768100000000004e+03,0.000000000000000000e+00
1.423770500000000084e+03,0.000000000000000000e+00
1.423772899999999936e+03,0.000000000000000000e+00
1.423775399999999991e+03,0.000000000000000000e+00
1.423777800000000070e+03,0.000000000000000000e+00
1.423780299999999897e+03,0.000000000000000000e+00
1.423782699999999977e+03,0.000000000000000000e+00
1.423785200000000032e+03,0.000000000000000000e+00
1.423787600000000111e+03,0.000000000000000000e+00
1.423789999999999964e+03,0.000000000000000000e+00
1.423792500000000018e+03,0.000000000000000000e+00
1.423794900000000098e+03,0.000000000000000000e+00
1.423797399999999925e+03,0.000000000000000000e+00
1.423799800000000005e+03,0.000000000000000000e+00
1.423802200000000084e+03,0.000000000000000000e+00
1.423804699999999912e+03,0.000000000000000000e+00
1.423807099999999991e+03,0.000000000000000000e+00
1.423809600000000046e+03,0.000000000000000000e+00
1.423811999999999898e+03,0.000000000000000000e+00
1.423814499999999953e+03,0.000000000000000000e+00
1.423816900000000032e+03,0.000000000000000000e+00
1.423819300000000112e+03,0.000000000000000000e+00
1.423821799999999939e+03,0.000000000000000000e+00
1.423824200000000019e+03,0.000000000000000000e+00
1.423826700000000073e+03,0.000000000000000000e+00
1.423829099999999926e+03,0.000000000000000000e+00
1.423831500000000005e+03,0.000000000000000000e+00
1.423834000000000060e+03,0.000000000000000000e+00
1.423836399999999912e+03,0.000000000000000000e+00
1.423838899999999967e+03,0.000000000000000000e+00
1.423841300000000047e+03,0.000000000000000000e+00
1.423843800000000101e+03,0.000000000000000000e+00
1.423846199999999953e+03,0.000000000000000000e+00
1.423848600000000033e+03,0.000000000000000000e+00
1.423851100000000088e+03,0.000000000000000000e+00
1.423853499999999940e+03,0.000000000000000000e+00
1.423855999999999995e+03,0.000000000000000000e+00
1.423858400000000074e+03,0.000000000000000000e+00
1.423860799999999927e+03,0.000000000000000000e+00
1.423863299999999981e+03,0.000000000000000000e+00
1.423865700000000061e+03,0.000000000000000000e+00
1.423868199999999888e+03,0.000000000000000000e+00
1.423870599999999968e+03,0.000000000000000000e+00
1.423873000000000047e+03,0.000000000000000000e+00
1.423875500000000102e+03,0.000000000000000000e+00
1.423877899999999954e+03,0.000000000000000000e+00
1.423880400000000009e+03,0.000000000000000000e+00
1.423882800000000088e+03,0.000000000000000000e+00
1.423885299999999916e+03,0.000000000000000000e+00
1.423887699999999995e+03,0.000000000000000000e+00
1.423890100000000075e+03,0.000000000000000000e+00
1.423892599999999902e+03,0.000000000000000000e+00
1.423894999999999982e+03,0.000000000000000000e+00
1.423897500000000036e+03,0.000000000000000000e+00
1.423899899999999889e+03,0.000000000000000000e+00
1.423902299999999968e+03,0.000000000000000000e+00
1.423904800000000023e+03,0.000000000000000000e+00
1.423907200000000103e+03,0.000000000000000000e+00
1.423909699999999930e+03,0.000000000000000000e+00
1.423912100000000009e+03,0.000000000000000000e+00
1.423914600000000064e+03,0.000000000000000000e+00
1.423916999999999916e+03,0.000000000000000000e+00
1.423919399999999996e+03,0.000000000000000000e+00
1.423921900000000051e+03,0.000000000000000000e+00
1.423924299999999903e+03,0.000000000000000000e+00
1.423926799999999957e+03,0.000000000000000000e+00
1.423929200000000037e+03,0.000000000000000000e+00
1.423931599999999889e+03,0.000000000000000000e+00
1.423934099999999944e+03,0.000000000000000000e+00
1.423936500000000024e+03,0.000000000000000000e+00
1.423939000000000078e+03,0.000000000000000000e+00
1.423941399999999931e+03,0.000000000000000000e+00
1.423943800000000010e+03,0.000000000000000000e+00
1.423946300000000065e+03,0.000000000000000000e+00
1.423948699999999917e+03,0.000000000000000000e+00
1.423951199999999972e+03,0.000000000000000000e+00
1.423953600000000051e+03,0.000000000000000000e+00
1.423956100000000106e+03,0.000000000000000000e+00
1.423958499999999958e+03,0.000000000000000000e+00
1.423960900000000038e+03,0.000000000000000000e+00
1.423963400000000092e+03,0.000000000000000000e+00
1.423965799999999945e+03,0.000000000000000000e+00
1.423968299999999999e+03,0.000000000000000000e+00
1.423970700000000079e+03,0.000000000000000000e+00
1.423973099999999931e+03,0.000000000000000000e+00
1.423975599999999986e+03,0.000000000000000000e+00
1.423978000000000065e+03,0.000000000000000000e+00
1.423980499999999893e+03,0.000000000000000000e+00
1.423982899999999972e+03,0.000000000000000000e+00
1.423985400000000027e+03,0.000000000000000000e+00
1.423987800000000107e+03,0.000000000000000000e+00
1.423990199999999959e+03,0.000000000000000000e+00
1.423992700000000013e+03,0.000000000000000000e+00
1.423995100000000093e+03,0.000000000000000000e+00
1.423997599999999920e+03,0.000000000000000000e+00
