1.414000000000000000e+03,0.000000000000000000e+00
1.414002400000000080e+03,0.000000000000000000e+00
1.414004899999999907e+03,0.000000000000000000e+00
1.414007299999999987e+03,0.000000000000000000e+00
1.414009800000000041e+03,0.000000000000000000e+00
1.414012199999999893e+03,0.000000000000000000e+00
1.414014599999999973e+03,0.000000000000000000e+00
1.414017100000000028e+03,0.000000000000000000e+00
1.414019500000000107e+03,0.000000000000000000e+00
1.414021999999999935e+03,0.000000000000000000e+00
1.414024400000000014e+03,0.000000000000000000e+00
1.414026900000000069e+03,0.000000000000000000e+00
1.414029299999999921e+03,0.000000000000000000e+00
1.414031700000000001e+03,0.000000000000000000e+00
1.414034200000000055e+03,0.000000000000000000e+00
1.414036599999999908e+03,0.000000000000000000e+00
1.414039099999999962e+03,0.000000000000000000e+00
1.414041500000000042e+03,0.000000000000000000e+00
1.414043899999999894e+03,0.000000000000000000e+00
1.414046399999999949e+03,0.000000000000000000e+00
1.414048800000000028e+03,0.000000000000000000e+00
1.414051300000000083e+03,0.000000000000000000e+00
1.414053699999999935e+03,0.000000000000000000e+00
1.414056199999999990e+03,0.000000000000000000e+00
1.414058600000000069e+03,0.000000000000000000e+00
1.414060999999999922e+03,0.000000000000000000e+00
1.414063499999999976e+03,0.000000000000000000e+00
1.414065900000000056e+03,0.000000000000000000e+00
1.414068400000000111e+03,0.000000000000000000e+00
1.414070799999999963e+03,0.000000000000000000e+00
1.414073200000000043e+03,0.000000000000000000e+00
1.414075700000000097e+03,0.000000000000000000e+00
1.414078099999999949e+03,0.000000000000000000e+00
1.414080600000000004e+03,0.000000000000000000e+00
1.414083000000000084e+03,0.000000000000000000e+00
1.414085399999999936e+03,0.000000000000000000e+00
1.414087899999999991e+03,0.000000000000000000e+00
1.414090300000000070e+03,0.000000000000000000e+00
1.414092799999999897e+03,0.000000000000000000e+00
1.414095199999999977e+03,0.000000000000000000e+00
1.414097700000000032e+03,0.000000000000000000e+00
1.414100100000000111e+03,0.000000000000000000e+00
1.414102499999999964e+03,0.000000000000000000e+00
1.414105000000000018e+03,0.000000000000000000e+00
1.414107400000000098e+03,0.000000000000000000e+00
1.414109899999999925e+03,0.000000000000000000e+00
1.414112300000000005e+03,0.000000000000000000e+00
1.414114700000000084e+03,0.000000000000000000e+00
1.414117199999999912e+03,0.000000000000000000e+00
1.414119599999999991e+03,0.000000000000000000e+00
1.414122100000000046e+03,0.000000000000000000e+00
1.414124499999999898e+03,0.000000000000000000e+00
1.414126999999999953e+03,0.000000000000000000e+00
1.414129400000000032e+03,0.000000000000000000e+00
1.414131800000000112e+03,0.000000000000000000e+00
1.414134299999999939e+03,0.000000000000000000e+00
1.414136700000000019e+03,0.000000000000000000e+00
1.414139200000000073e+03,0.000000000000000000e+00
1.414141599999999926e+03,0.000000000000000000e+00
1.414144000000000005e+03,0.000000000000000000e+00
1.414146500000000060e+03,0.000000000000000000e+00
1.414148899999999912e+03,0.000000000000000000e+00
1.414151399999999967e+03,0.000000000000000000e+00
1.414153800000000047e+03,0.000000000000000000e+00
1.414156199999999899e+03,0.000000000000000000e+00
1.414158699999999953e+03,0.000000000000000000e+00
1.414161100000000033e+03,0.000000000000000000e+00
1.414163600000000088e+03,0.000000000000000000e+00
1.414165999999999940e+03,0.000000000000000000e+00
1.414168499999999995e+03,0.000000000000000000e+00
1.414170900000000074e+03,0.000000000000000000e+00
1.414173299999999927e+03,0.000000000000000000e+00
1.414175799999999981e+03,0.000000000000000000e+00
1.414178200000000061e+03,0.000000000000000000e+00
1.414180699999999888e+03,0.000000000000000000e+00
1.414183099999999968e+03,0.000000000000000000e+00
1.414185500000000047e+03,0.000000000000000000e+00
1.414188000000000102e+03,0.000000000000000000e+00
1.414190399999999954e+03,0.000000000000000000e+00
1.414192900000000009e+03,0.000000000000000000e+00
1.414195300000000088e+03,0.000000000000000000e+00
1.414197799999999916e+03,0.000000000000000000e+00
1.414200199999999995e+03,0.000000000000000000e+00
1.414202600000000075e+03,0.000000000000000000e+00
1.414205099999999902e+03,0.000000000000000000e+00
1.414207499999999982e+03,0.000000000000000000e+00
1.414210000000000036e+03,0.000000000000000000e+00
1.414212399999999889e+03,0.000000000000000000e+00
1.414214799999999968e+03,0.000000000000000000e+00
1.414217300000000023e+03,0.000000000000000000e+00
1.414219700000000103e+03,0.000000000000000000e+00
1.414222199999999930e+03,0.000000000000000000e+00
1.414224600000000009e+03,0.000000000000000000e+00
1.414227100000000064e+03,0.000000000000000000e+00
1.414229499999999916e+03,0.000000000000000000e+00
1.414231899999999996e+03,0.000000000000000000e+00
1.414234400000000051e+03,0.000000000000000000e+00
1.414236799999999903e+03,0.000000000000000000e+00
1.414239299999999957e+03,0.000000000000000000e+00
1.414241700000000037e+03,0.000000000000000000e+00
1.414244099999999889e+03,0.000000000000000000e+00
1.414246599999999944e+03,0.000000000000000000e+00
1.414249000000000024e+03,0.000000000000000000e+00
1.414251500000000078e+03,0.000000000000000000e+00
1.414253899999999931e+03,0.000000000000000000e+00
1.414256300000000010e+03,0.000000000000000000e+00
1.414258800000000065e+03,0.000000000000000000e+00
1.414261199999999917e+03,0.000000000000000000e+00
1.414263699999999972e+03,0.000000000000000000e+00
1.414266100000000051e+03,0.000000000000000000e+00
1.414268600000000106e+03,0.000000000000000000e+00
1.414270999999999958e+03,0.000000000000000000e+00
1.414273400000000038e+03,0.000000000000000000e+00
1.414275900000000092e+03,0.000000000000000000e+00
1.414278299999999945e+03,0.000000000000000000e+00
1.414280799999999999e+03,0.000000000000000000e+00
1.414283200000000079e+03,0.000000000000000000e+00
1.414285599999999931e+03,0.000000000000000000e+00
1.414288099999999986e+03,0.000000000000000000e+00
1.414290500000000065e+03,0.000000000000000000e+00
1.414292999999999893e+03,0.000000000000000000e+00
1.414295399999999972e+03,0.000000000000000000e+00
1.414297900000000027e+03,0.000000000000000000e+00
1.414300300000000107e+03,0.000000000000000000e+00
1.414302699999999959e+03,0.000000000000000000e+00
1.414305200000000013e+03,0.000000000000000000e+00
1.414307600000000093e+03,0.000000000000000000e+00
1.414310099999999920e+03,0.000000000000000000e+00
1.414312500000000000e+03,0.000000000000000000e+00
1.414314900000000080e+03,0.000000000000000000e+00
1.414317399999999907e+03,0.000000000000000000e+00
1.414319799999999987e+03,0.000000000000000000e+00
1.414322300000000041e+03,0.000000000000000000e+00
1.414324699999999893e+03,0.000000000000000000e+00
1.414327099999999973e+03,0.000000000000000000e+00
1.414329600000000028e+03,0.000000000000000000e+00
1.414332000000000107e+03,0.000000000000000000e+00
1.414334499999999935e+03,0.000000000000000000e+00
1.414336900000000014e+03,0.000000000000000000e+00
1.414339400000000069e+03,0.000000000000000000e+00
1.414341799999999921e+03,0.000000000000000000e+00
1.414344200000000001e+03,0.000000000000000000e+00
1.414346700000000055e+03,0.000000000000000000e+00
1.414349099999999908e+03,0.000000000000000000e+00
1.414351599999999962e+03,0.000000000000000000e+00
1.414354000000000042e+03,0.000000000000000000e+00
1.414356399999999894e+03,0.000000000000000000e+00
1.414358899999999949e+03,0.000000000000000000e+00
1.414361300000000028e+03,0.000000000000000000e+00
1.414363800000000083e+03,0.000000000000000000e+00
1.414366199999999935e+03,0.000000000000000000e+00
1.414368699999999990e+03,0.000000000000000000e+00
1.414371100000000069e+03,0.000000000000000000e+00
1.414373499999999922e+03,0.000000000000000000e+00
1.414375999999999976e+03,0.000000000000000000e+00
1.414378400000000056e+03,0.000000000000000000e+00
1.414380900000000111e+03,0.000000000000000000e+00
1.414383299999999963e+03,0.000000000000000000e+00
1.414385700000000043e+03,0.000000000000000000e+00
1.414388200000000097e+03,0.000000000000000000e+00
1.414390599999999949e+03,0.000000000000000000e+00
1.414393100000000004e+03,0.000000000000000000e+00
1.414395500000000084e+03,0.000000000000000000e+00
1.414397899999999936e+03,0.000000000000000000e+00
1.414400399999999991e+03,0.000000000000000000e+00
1.414402800000000070e+03,0.000000000000000000e+00
1.414405299999999897e+03,0.000000000000000000e+00
1.414407699999999977e+03,0.000000000000000000e+00
1.414410200000000032e+03,0.000000000000000000e+00
1.414412600000000111e+03,0.000000000000000000e+00
1.414414999999999964e+03,0.000000000000000000e+00
1.414417500000000018e+03,0.000000000000000000e+00
1.414419900000000098e+03,0.000000000000000000e+00
1.414422399999999925e+03,0.000000000000000000e+00
1.414424800000000005e+03,0.000000000000000000e+00
1.414427200000000084e+03,0.000000000000000000e+00
1.414429699999999912e+03,0.000000000000000000e+00
1.414432099999999991e+03,0.000000000000000000e+00
1.414434600000000046e+03,0.000000000000000000e+00
1.414436999999999898e+03,0.000000000000000000e+00
1.414439499999999953e+03,0.000000000000000000e+00
1.414441900000000032e+03,0.000000000000000000e+00
1.414444300000000112e+03,0.000000000000000000e+00
1.414446799999999939e+03,0.000000000000000000e+00
1.414449200000000019e+03,0.000000000000000000e+00
1.414451700000000073e+03,0.000000000000000000e+00
1.414454099999999926e+03,0.000000000000000000e+00
1.414456500000000005e+03,0.000000000000000000e+00
1.414459000000000060e+03,0.000000000000000000e+00
1.414461399999999912e+03,0.000000000000000000e+00
1.414463899999999967e+03,0.000000000000000000e+00
1.414466300000000047e+03,0.000000000000000000e+00
1.414468800000000101e+03,0.000000000000000000e+00
1.414471199999999953e+03,0.000000000000000000e+00
1.414473600000000033e+03,0.000000000000000000e+00
1.414476100000000088e+03,0.000000000000000000e+00
1.414478499999999940e+03,0.000000000000000000e+00
1.414480999999999995e+03,0.000000000000000000e+00
1.414483400000000074e+03,0.000000000000000000e+00
1.414485799999999927e+03,0.000000000000000000e+00
1.414488299999999981e+03,0.000000000000000000e+00
1.414490700000000061e+03,0.000000000000000000e+00
1.414493199999999888e+03,0.000000000000000000e+00
1.414495599999999968e+03,0.000000000000000000e+00
1.414498000000000047e+03,0.000000000000000000e+00
1.414500500000000102e+03,0.000000000000000000e+00
1.414502899999999954e+03,0.000000000000000000e+00
1.414505400000000009e+03,0.000000000000000000e+00
1.414507800000000088e+03,0.000000000000000000e+00
1.414510299999999916e+03,0.000000000000000000e+00
1.414512699999999995e+03,0.000000000000000000e+00
1.414515100000000075e+03,0.000000000000000000e+00
1.414517599999999902e+03,0.000000000000000000e+00
1.414519999999999982e+03,0.000000000000000000e+00
1.414522500000000036e+03,0.000000000000000000e+00
1.414524899999999889e+03,0.000000000000000000e+00
1.414527299999999968e+03,0.000000000000000000e+00
1.414529800000000023e+03,0.000000000000000000e+00
1.414532200000000103e+03,0.000000000000000000e+00
1.414534699999999930e+03,0.000000000000000000e+00
1.414537100000000009e+03,0.000000000000000000e+00
1.414539600000000064e+03,0.000000000000000000e+00
1.414541999999999916e+03,0.000000000000000000e+00
1.414544399999999996e+03,0.000000000000000000e+00
1.414546900000000051e+03,0.000000000000000000e+00
1.414549299999999903e+03,0.000000000000000000e+00
1.414551799999999957e+03,0.000000000000000000e+00
1.414554200000000037e+03,0.000000000000000000e+00
1.414556599999999889e+03,0.000000000000000000e+00
1.414559099999999944e+03,0.000000000000000000e+00
1.414561500000000024e+03,0.000000000000000000e+00
1.414564000000000078e+03,0.000000000000000000e+00
1.414566399999999931e+03,0.000000000000000000e+00
1.414568800000000010e+03,0.000000000000000000e+00
1.414571300000000065e+03,0.000000000000000000e+00
1.414573699999999917e+03,0.000000000000000000e+00
1.414576199999999972e+03,0.000000000000000000e+00
1.414578600000000051e+03,0.000000000000000000e+00
1.414581100000000106e+03,0.000000000000000000e+00
1.414583499999999958e+03,0.000000000000000000e+00
1.414585900000000038e+03,0.000000000000000000e+00
1.414588400000000092e+03,0.000000000000000000e+00
1.414590799999999945e+03,0.000000000000000000e+00
1.414593299999999999e+03,0.000000000000000000e+00
1.414595700000000079e+03,0.000000000000000000e+00
1.414598099999999931e+03,0.000000000000000000e+00
1.414600599999999986e+03,0.000000000000000000e+00
1.414603000000000065e+03,0.000000000000000000e+00
1.414605499999999893e+03,0.000000000000000000e+00
1.414607899999999972e+03,0.000000000000000000e+00
1.414610400000000027e+03,0.000000000000000000e+00
1.414612800000000107e+03,0.000000000000000000e+00
1.414615199999999959e+03,0.000000000000000000e+00
1.414617700000000013e+03,0.000000000000000000e+00
1.414620100000000093e+03,0.000000000000000000e+00
1.414622599999999920e+03,0.000000000000000000e+00
1.414625000000000000e+03,0.000000000000000000e+00
1.414627400000000080e+03,0.000000000000000000e+00
1.414629899999999907e+03,0.000000000000000000e+00
1.414632299999999987e+03,0.000000000000000000e+00
1.414634800000000041e+03,0.000000000000000000e+00
1.414637199999999893e+03,0.000000000000000000e+00
1.414639599999999973e+03,0.000000000000000000e+00
1.414642100000000028e+03,0.000000000000000000e+00
1.414644500000000107e+03,0.000000000000000000e+00
1.414646999999999935e+03,0.000000000000000000e+00
1.414649400000000014e+03,0.000000000000000000e+00
1.414651900000000069e+03,0.000000000000000000e+00
1.414654299999999921e+03,0.000000000000000000e+00
1.414656700000000001e+03,0.000000000000000000e+00
1.414659200000000055e+03,0.000000000000000000e+00
1.414661599999999908e+03,0.000000000000000000e+00
1.414664099999999962e+03,0.000000000000000000e+00
1.414666500000000042e+03,0.000000000000000000e+00
1.414668899999999894e+03,0.000000000000000000e+00
1.414671399999999949e+03,0.000000000000000000e+00
1.414673800000000028e+03,0.000000000000000000e+00
1.414676300000000083e+03,0.000000000000000000e+00
1.414678699999999935e+03,0.000000000000000000e+00
1.414681199999999990e+03,0.000000000000000000e+00
1.414683600000000069e+03,0.000000000000000000e+00
1.414685999999999922e+03,0.000000000000000000e+00
1.414688499999999976e+03,0.000000000000000000e+00
1.414690900000000056e+03,0.000000000000000000e+00
1.414693400000000111e+03,0.000000000000000000e+00
1.414695799999999963e+03,0.000000000000000000e+00
1.414698200000000043e+03,0.000000000000000000e+00
1.414700700000000097e+03,0.000000000000000000e+00
1.414703099999999949e+03,0.000000000000000000e+00
1.414705600000000004e+03,0.000000000000000000e+00
1.414708000000000084e+03,0.000000000000000000e+00
1.414710399999999936e+03,0.000000000000000000e+00
1.414712899999999991e+03,0.000000000000000000e+00
1.414715300000000070e+03,0.000000000000000000e+00
1.414717799999999897e+03,0.000000000000000000e+00
1.414720199999999977e+03,0.000000000000000000e+00
1.414722700000000032e+03,0.000000000000000000e+00
1.414725100000000111e+03,0.000000000000000000e+00
1.414727499999999964e+03,0.000000000000000000e+00
1.414730000000000018e+03,0.000000000000000000e+00
1.414732400000000098e+03,0.000000000000000000e+00
1.414734899999999925e+03,0.000000000000000000e+00
1.414737300000000005e+03,0.000000000000000000e+00
1.414739700000000084e+03,0.000000000000000000e+00
1.414742199999999912e+03,0.000000000000000000e+00
1.414744599999999991e+03,0.000000000000000000e+00
1.414747100000000046e+03,0.000000000000000000e+00
1.414749499999999898e+03,0.000000000000000000e+00
1.414751999999999953e+03,0.000000000000000000e+00
1.414754400000000032e+03,0.000000000000000000e+00
1.414756800000000112e+03,0.000000000000000000e+00
1.414759299999999939e+03,0.000000000000000000e+00
1.414761700000000019e+03,0.000000000000000000e+00
1.414764200000000073e+03,0.000000000000000000e+00
1.414766599999999926e+03,0.000000000000000000e+00
1.414769000000000005e+03,0.000000000000000000e+00
1.414771500000000060e+03,0.000000000000000000e+00
1.414773899999999912e+03,0.000000000000000000e+00
1.414776399999999967e+03,0.000000000000000000e+00
1.414778800000000047e+03,0.000000000000000000e+00
1.414781199999999899e+03,0.000000000000000000e+00
1.414783699999999953e+03,0.000000000000000000e+00
1.414786100000000033e+03,0.000000000000000000e+00
1.414788600000000088e+03,0.000000000000000000e+00
1.414790999999999940e+03,0.000000000000000000e+00
1.414793499999999995e+03,0.000000000000000000e+00
1.414795900000000074e+03,0.000000000000000000e+00
1.414798299999999927e+03,0.000000000000000000e+00
1.414800799999999981e+03,0.000000000000000000e+00
1.414803200000000061e+03,0.000000000000000000e+00
1.414805699999999888e+03,0.000000000000000000e+00
1.414808099999999968e+03,0.000000000000000000e+00
1.414810500000000047e+03,0.000000000000000000e+00
1.414813000000000102e+03,0.000000000000000000e+00
1.414815399999999954e+03,0.000000000000000000e+00
1.414817900000000009e+03,0.000000000000000000e+00
1.414820300000000088e+03,0.000000000000000000e+00
1.414822799999999916e+03,0.000000000000000000e+00
1.414825199999999995e+03,0.000000000000000000e+00
1.414827600000000075e+03,0.000000000000000000e+00
1.414830099999999902e+03,0.000000000000000000e+00
1.414832499999999982e+03,0.000000000000000000e+00
1.414835000000000036e+03,0.000000000000000000e+00
1.414837399999999889e+03,0.000000000000000000e+00
1.414839799999999968e+03,0.000000000000000000e+00
1.414842300000000023e+03,0.000000000000000000e+00
1.414844700000000103e+03,0.000000000000000000e+00
1.414847199999999930e+03,0.000000000000000000e+00
1.414849600000000009e+03,0.000000000000000000e+00
1.414852100000000064e+03,0.000000000000000000e+00
1.414854499999999916e+03,0.000000000000000000e+00
1.414856899999999996e+03,0.000000000000000000e+00
1.414859400000000051e+03,0.000000000000000000e+00
1.414861799999999903e+03,0.000000000000000000e+00
1.414864299999999957e+03,0.000000000000000000e+00
1.414866700000000037e+03,0.000000000000000000e+00
1.414869099999999889e+03,0.000000000000000000e+00
1.414871599999999944e+03,0.000000000000000000e+00
1.414874000000000024e+03,0.000000000000000000e+00
1.414876500000000078e+03,0.000000000000000000e+00
1.414878899999999931e+03,0.000000000000000000e+00
1.414881300000000010e+03,0.000000000000000000e+00
1.414883800000000065e+03,0.000000000000000000e+00
1.414886199999999917e+03,0.000000000000000000e+00
1.414888699999999972e+03,0.000000000000000000e+00
1.414891100000000051e+03,0.000000000000000000e+00
1.414893600000000106e+03,0.000000000000000000e+00
1.414895999999999958e+03,0.000000000000000000e+00
1.414898400000000038e+03,0.000000000000000000e+00
1.414900900000000092e+03,0.000000000000000000e+00
1.414903299999999945e+03,0.000000000000000000e+00
1.414905799999999999e+03,0.000000000000000000e+00
1.414908200000000079e+03,0.000000000000000000e+00
1.414910599999999931e+03,0.000000000000000000e+00
1.414913099999999986e+03,0.000000000000000000e+00
1.414915500000000065e+03,0.000000000000000000e+00
1.414917999999999893e+03,0.000000000000000000e+00
1.414920399999999972e+03,0.000000000000000000e+00
1.414922900000000027e+03,0.000000000000000000e+00
1.414925300000000107e+03,0.000000000000000000e+00
1.414927699999999959e+03,0.000000000000000000e+00
1.414930200000000013e+03,0.000000000000000000e+00
1.414932600000000093e+03,0.000000000000000000e+00
1.414935099999999920e+03,0.000000000000000000e+00
1.414937500000000000e+03,0.000000000000000000e+00
1.414939900000000080e+03,0.000000000000000000e+00
1.414942399999999907e+03,0.000000000000000000e+00
1.414944799999999987e+03,0.000000000000000000e+00
1.414947300000000041e+03,0.000000000000000000e+00
1.414949699999999893e+03,0.000000000000000000e+00
1.414952099999999973e+03,0.000000000000000000e+00
1.414954600000000028e+03,0.000000000000000000e+00
1.414957000000000107e+03,0.000000000000000000e+00
1.414959499999999935e+03,0.000000000000000000e+00
1.414961900000000014e+03,0.000000000000000000e+00
1.414964400000000069e+03,0.000000000000000000e+00
1.414966799999999921e+03,0.000000000000000000e+00
1.414969200000000001e+03,0.000000000000000000e+00
1.414971700000000055e+03,0.000000000000000000e+00
1.414974099999999908e+03,0.000000000000000000e+00
1.414976599999999962e+03,0.000000000000000000e+00
1.414979000000000042e+03,0.000000000000000000e+00
1.414981399999999894e+03,0.000000000000000000e+00
1.414983899999999949e+03,0.000000000000000000e+00
1.414986300000000028e+03,0.000000000000000000e+00
1.414988800000000083e+03,0.000000000000000000e+00
1.414991199999999935e+03,0.000000000000000000e+00
1.414993699999999990e+03,0.000000000000000000e+00
1.414996100000000069e+03,0.000000000000000000e+00
1.414998499999999922e+03,0.000000000000000000e+00
1.415000999999999976e+03,9.856539999999999679e+01
1.415003400000000056e+03,9.852689999999999770e+01
1.415005900000000111e+03,9.848099999999999454e+01
1.415008299999999963e+03,9.844809999999999661e+01
1.415010700000000043e+03,9.843689999999999429e+01
1.415013200000000097e+03,9.843359999999999843e+01
1.415015599999999949e+03,9.840479999999999450e+01
1.415018100000000004e+03,9.832259999999999422e+01
1.415020500000000084e+03,9.819110000000000582e+01
1.415022899999999936e+03,9.805200000000000671e+01
1.415025399999999991e+03,9.796469999999999345e+01
1.415027800000000070e+03,9.796120000000000516e+01
1.415030299999999897e+03,9.801330000000000098e+01
1.415032699999999977e+03,9.805649999999999977e+01
1.415035200000000032e+03,9.804900000000000659e+01
1.415037600000000111e+03,9.798709999999999809e+01
1.415039999999999964e+03,9.788110000000000355e+01
1.415042500000000018e+03,9.774519999999999698e+01
1.415044900000000098e+03,9.760179999999999723e+01
1.415047399999999925e+03,9.746099999999999852e+01
1.415049800000000005e+03,9.730190000000000339e+01
1.415052200000000084e+03,9.710229999999999961e+01
1.415054699999999912e+03,9.688920000000000243e+01
1.415057099999999991e+03,9.674259999999999593e+01
1.415059600000000046e+03,9.673600000000000421e+01
1.415061999999999898e+03,9.688209999999999411e+01
1.415064499999999953e+03,9.713870000000000005e+01
1.415066900000000032e+03,9.744899999999999807e+01
1.415069300000000112e+03,9.775480000000000302e+01
1.415071799999999939e+03,9.799120000000000630e+01
1.415074200000000019e+03,9.811350000000000193e+01
1.415076700000000073e+03,9.813660000000000139e+01
1.415079099999999926e+03,9.812829999999999586e+01
1.415081500000000005e+03,9.814929999999999666e+01
1.415084000000000060e+03,9.820170000000000243e+01
1.415086399999999912e+03,9.824800000000000466e+01
1.415088899999999967e+03,9.827049999999999841e+01
1.415091300000000047e+03,9.828589999999999804e+01
1.415093800000000101e+03,9.830450000000000443e+01
1.415096199999999953e+03,9.831520000000000437e+01
1.415098600000000033e+03,9.831680000000000064e+01
1.415101100000000088e+03,9.832710000000000150e+01
1.415103499999999940e+03,9.834610000000000696e+01
1.415105999999999995e+03,9.834579999999999700e+01
1.415108400000000074e+03,9.830920000000000414e+01
1.415110799999999927e+03,9.823969999999999914e+01
1.415113299999999981e+03,9.812439999999999429e+01
1.415115700000000061e+03,9.794159999999999400e+01
1.415118199999999888e+03,9.772429999999999950e+01
1.415120599999999968e+03,9.756919999999999504e+01
1.415123000000000047e+03,9.756329999999999814e+01
1.415125500000000102e+03,9.772849999999999682e+01
1.415127899999999954e+03,9.803419999999999845e+01
1.415130400000000009e+03,9.841769999999999641e+01
1.415132800000000088e+03,9.877939999999999543e+01
1.415135299999999916e+03,9.900130000000000052e+01
1.415137699999999995e+03,9.901680000000000348e+01
1.415140100000000075e+03,9.886169999999999902e+01
1.415142599999999902e+03,9.863599999999999568e+01
1.415144999999999982e+03,9.842340000000000089e+01
1.415147500000000036e+03,9.826819999999999311e+01
1.415149899999999889e+03,9.820690000000000452e+01
1.415152299999999968e+03,9.826839999999999975e+01
1.415154800000000023e+03,9.843309999999999604e+01
1.415157200000000103e+03,9.862250000000000227e+01
1.415159699999999930e+03,9.875329999999999586e+01
1.415162100000000009e+03,9.879410000000000025e+01
1.415164600000000064e+03,9.876539999999999964e+01
1.415166999999999916e+03,9.869859999999999900e+01
1.415169399999999996e+03,9.860880000000000223e+01
1.415171900000000051e+03,9.850230000000000530e+01
1.415174299999999903e+03,9.840630000000000166e+01
1.415176799999999957e+03,9.838930000000000575e+01
1.415179200000000037e+03,9.851670000000000016e+01
1.415181599999999889e+03,9.875790000000000646e+01
1.415184099999999944e+03,9.897020000000000550e+01
1.415186500000000024e+03,9.901170000000000471e+01
1.415189000000000078e+03,9.887319999999999709e+01
1.415191399999999931e+03,9.869020000000000437e+01
1.415193800000000010e+03,9.861860000000000070e+01
1.415196300000000065e+03,9.870010000000000616e+01
1.415198699999999917e+03,9.884439999999999316e+01
1.415201199999999972e+03,9.893420000000000414e+01
1.415203600000000051e+03,9.893240000000000123e+01
1.415206100000000106e+03,9.888670000000000471e+01
1.415208499999999958e+03,9.884690000000000509e+01
1.415210900000000038e+03,9.879359999999999786e+01
1.415213400000000092e+03,9.866060000000000230e+01
1.415215799999999945e+03,9.842969999999999686e+01
1.415218299999999999e+03,9.818189999999999884e+01
1.415220700000000079e+03,9.802500000000000568e+01
1.415223099999999931e+03,9.798239999999999839e+01
1.415225599999999986e+03,9.798390000000000555e+01
1.415228000000000065e+03,9.795910000000000650e+01
1.415230499999999893e+03,9.790269999999999584e+01
1.415232899999999972e+03,9.785660000000000025e+01
1.415235400000000027e+03,9.785750000000000171e+01
1.415237800000000107e+03,9.790479999999999450e+01
1.415240199999999959e+03,9.796859999999999502e+01
1.415242700000000013e+03,9.802880000000000393e+01
1.415245100000000093e+03,9.810269999999999868e+01
1.415247599999999920e+03,9.822100000000000364e+01
1.415250000000000000e+03,9.837860000000000582e+01
1.415252400000000080e+03,9.852630000000000621e+01
1.415254899999999907e+03,9.861560000000000059e+01
1.415257299999999987e+03,9.863880000000000337e+01
1.415259800000000041e+03,9.862529999999999575e+01
1.415262199999999893e+03,9.861599999999999966e+01
1.415264599999999973e+03,9.863630000000000564e+01
1.415267100000000028e+03,9.866509999999999536e+01
1.415269500000000107e+03,9.863609999999999900e+01
1.415271999999999935e+03,9.849649999999999750e+01
1.415274400000000014e+03,9.826600000000000534e+01
1.415276900000000069e+03,9.802119999999999322e+01
1.415279299999999921e+03,9.783450000000000557e+01
1.415281700000000001e+03,9.773990000000000578e+01
1.415284200000000055e+03,9.773019999999999641e+01
1.415286599999999908e+03,9.775830000000000553e+01
1.415289099999999962e+03,9.777079999999999416e+01
1.415291500000000042e+03,9.777190000000000225e+01
1.415293899999999894e+03,9.783159999999999457e+01
1.415296399999999949e+03,9.799339999999999407e+01
1.415298800000000028e+03,9.820780000000000598e+01
1.415301300000000083e+03,9.838890000000000668e+01
1.415303699999999935e+03,9.849859999999999616e+01
1.415306199999999990e+03,9.854909999999999570e+01
1.415308600000000069e+03,9.856329999999999814e+01
1.415310999999999922e+03,9.856419999999999959e+01
1.415313499999999976e+03,9.857489999999999952e+01
1.415315900000000056e+03,9.861039999999999850e+01
1.415318400000000111e+03,9.867019999999999413e+01
1.415320799999999963e+03,9.873839999999999861e+01
1.415323200000000043e+03,9.878730000000000189e+01
1.415325700000000097e+03,9.877920000000000300e+01
1.415328099999999949e+03,9.867929999999999779e+01
1.415330600000000004e+03,9.848739999999999384e+01
1.415333000000000084e+03,9.826489999999999725e+01
1.415335399999999936e+03,9.810280000000000200e+01
1.415337899999999991e+03,9.803759999999999764e+01
1.415340300000000070e+03,9.801439999999999486e+01
1.415342799999999897e+03,9.796500000000000341e+01
1.415345199999999977e+03,9.790560000000000684e+01
1.415347700000000032e+03,9.790739999999999554e+01
1.415350100000000111e+03,9.798250000000000171e+01
1.415352499999999964e+03,9.806619999999999493e+01
1.415355000000000018e+03,9.811499999999999488e+01
1.415357400000000098e+03,9.815550000000000352e+01
1.415359899999999925e+03,9.821670000000000300e+01
1.415362300000000005e+03,9.827679999999999438e+01
1.415364700000000084e+03,9.830989999999999895e+01
1.415367199999999912e+03,9.834040000000000248e+01
1.415369599999999991e+03,9.841809999999999548e+01
1.415372100000000046e+03,9.856140000000000612e+01
1.415374499999999898e+03,9.874049999999999727e+01
1.415376999999999953e+03,9.890300000000000580e+01
1.415379400000000032e+03,9.900650000000000261e+01
1.415381800000000112e+03,9.903929999999999723e+01
1.415384299999999939e+03,9.901430000000000575e+01
1.415386700000000019e+03,9.895189999999999486e+01
1.415389200000000073e+03,9.887179999999999325e+01
1.415391599999999926e+03,9.878870000000000573e+01
1.415394000000000005e+03,9.869559999999999889e+01
1.415396500000000060e+03,9.856570000000000675e+01
1.415398899999999912e+03,9.838580000000000325e+01
1.415401399999999967e+03,9.817820000000000391e+01
1.415403800000000047e+03,9.798350000000000648e+01
1.415406199999999899e+03,9.783530000000000371e+01
1.415408699999999953e+03,9.775249999999999773e+01
1.415411100000000033e+03,9.773789999999999623e+01
1.415413600000000088e+03,9.778350000000000364e+01
1.415415999999999940e+03,9.787850000000000250e+01
1.415418499999999995e+03,9.800820000000000221e+01
1.415420900000000074e+03,9.814339999999999975e+01
1.415423299999999927e+03,9.824079999999999302e+01
1.415425799999999981e+03,9.825589999999999691e+01
1.415428200000000061e+03,9.817019999999999413e+01
1.415430699999999888e+03,9.801609999999999445e+01
1.415433099999999968e+03,9.787569999999999482e+01
1.415435500000000047e+03,9.783490000000000464e+01
1.415438000000000102e+03,9.791389999999999816e+01
1.415440399999999954e+03,9.804040000000000532e+01
1.415442900000000009e+03,9.811480000000000246e+01
1.415445300000000088e+03,9.810200000000000387e+01
1.415447799999999916e+03,9.805020000000000380e+01
1.415450199999999995e+03,9.803440000000000509e+01
1.415452600000000075e+03,9.809860000000000468e+01
1.415455099999999902e+03,9.822750000000000625e+01
1.415457499999999982e+03,9.835519999999999641e+01
1.415460000000000036e+03,9.841649999999999920e+01
1.415462399999999889e+03,9.840519999999999357e+01
1.415464799999999968e+03,9.837669999999999959e+01
1.415467300000000023e+03,9.837669999999999959e+01
1.415469700000000103e+03,9.837350000000000705e+01
1.415472199999999930e+03,9.830029999999999291e+01
1.415474600000000009e+03,9.817270000000000607e+01
1.415477100000000064e+03,9.811669999999999447e+01
1.415479499999999916e+03,9.825050000000000239e+01
1.415481899999999996e+03,9.856770000000000209e+01
1.415484400000000051e+03,9.894689999999999941e+01
1.415486799999999903e+03,9.923749999999999716e+01
1.415489299999999957e+03,9.932959999999999923e+01
1.415491700000000037e+03,9.919620000000000459e+01
1.415494099999999889e+03,9.890989999999999327e+01
1.415496599999999944e+03,9.860160000000000480e+01
1.415499000000000024e+03,9.837829999999999586e+01
1.415501500000000078e+03,9.827880000000000393e+01
1.415503899999999931e+03,9.829890000000000327e+01
1.415506300000000010e+03,9.842079999999999984e+01
1.415508800000000065e+03,9.859919999999999618e+01
1.415511199999999917e+03,9.876260000000000616e+01
1.415513699999999972e+03,9.886539999999999395e+01
1.415516100000000051e+03,9.893000000000000682e+01
1.415518600000000106e+03,9.901349999999999341e+01
1.415520999999999958e+03,9.913150000000000261e+01
1.415523400000000038e+03,9.923319999999999652e+01
1.415525900000000092e+03,9.925969999999999516e+01
1.415528299999999945e+03,9.920499999999999829e+01
1.415530799999999999e+03,9.909869999999999379e+01
1.415533200000000079e+03,9.895210000000000150e+01
1.415535599999999931e+03,9.875249999999999773e+01
1.415538099999999986e+03,9.849960000000000093e+01
1.415540500000000065e+03,9.822199999999999420e+01
1.415542999999999893e+03,9.796790000000000020e+01
1.415545399999999972e+03,9.779070000000000107e+01
1.415547900000000027e+03,9.771670000000000300e+01
1.415550300000000107e+03,9.771240000000000236e+01
1.415552699999999959e+03,9.771460000000000434e+01
1.415555200000000013e+03,9.771120000000000516e+01
1.415557600000000093e+03,9.775520000000000209e+01
1.415560099999999920e+03,9.788639999999999475e+01
1.415562500000000000e+03,9.807489999999999952e+01
1.415564900000000080e+03,9.825209999999999866e+01
1.415567399999999907e+03,9.835580000000000211e+01
1.415569799999999987e+03,9.833679999999999666e+01
1.415572300000000041e+03,9.818240000000000123e+01
1.415574699999999893e+03,9.797060000000000457e+01
1.415577099999999973e+03,9.785920000000000130e+01
1.415579600000000028e+03,9.796370000000000289e+01
1.415582000000000107e+03,9.824960000000000093e+01
1.415584499999999935e+03,9.856659999999999400e+01
1.415586900000000014e+03,9.878910000000000480e+01
1.415589400000000069e+03,9.890829999999999700e+01
1.415591799999999921e+03,9.898470000000000368e+01
1.415594200000000001e+03,9.903969999999999629e+01
1.415596700000000055e+03,9.902580000000000382e+01
1.415599099999999908e+03,9.889939999999999998e+01
1.415601599999999962e+03,9.868139999999999645e+01
1.415604000000000042e+03,9.842990000000000350e+01
1.415606399999999894e+03,9.818750000000000000e+01
1.415608899999999949e+03,9.798220000000000596e+01
1.415611300000000028e+03,9.784879999999999711e+01
1.415613800000000083e+03,9.780780000000000030e+01
1.415616199999999935e+03,9.783190000000000452e+01
1.415618699999999990e+03,9.786199999999999477e+01
1.415621100000000069e+03,9.786320000000000618e+01
1.415623499999999922e+03,9.785120000000000573e+01
1.415625999999999976e+03,9.785710000000000264e+01
1.415628400000000056e+03,9.787900000000000489e+01
1.415630900000000111e+03,9.788460000000000605e+01
1.415633299999999963e+03,9.785920000000000130e+01
1.415635700000000043e+03,9.782250000000000512e+01
1.415638200000000097e+03,9.778570000000000562e+01
1.415640599999999949e+03,9.772709999999999297e+01
1.415643100000000004e+03,9.762500000000000000e+01
1.415645500000000084e+03,9.749360000000000070e+01
1.415647899999999936e+03,9.737860000000000582e+01
1.415650399999999991e+03,9.733610000000000184e+01
1.415652800000000070e+03,9.739239999999999498e+01
1.415655299999999897e+03,9.749710000000000321e+01
1.415657699999999977e+03,9.754749999999999943e+01
1.415660200000000032e+03,9.749530000000000030e+01
1.415662600000000111e+03,9.740120000000000289e+01
1.415664999999999964e+03,9.735529999999999973e+01
1.415667500000000018e+03,9.738299999999999557e+01
1.415669900000000098e+03,9.746179999999999666e+01
1.415672399999999925e+03,9.758570000000000277e+01
1.415674800000000005e+03,9.776890000000000214e+01
1.415677200000000084e+03,9.801179999999999382e+01
1.415679699999999912e+03,9.828449999999999420e+01
1.415682099999999991e+03,9.852530000000000143e+01
1.415684600000000046e+03,9.864619999999999322e+01
1.415686999999999898e+03,9.856319999999999482e+01
1.415689499999999953e+03,9.825509999999999877e+01
1.415691900000000032e+03,9.782479999999999620e+01
1.415694300000000112e+03,9.747190000000000509e+01
1.415696799999999939e+03,9.735009999999999764e+01
1.415699200000000019e+03,9.744559999999999889e+01
1.415701700000000073e+03,9.762080000000000268e+01
1.415704099999999926e+03,9.775400000000000489e+01
1.415706500000000005e+03,9.781499999999999773e+01
1.415709000000000060e+03,9.784980000000000189e+01
1.415711399999999912e+03,9.793770000000000664e+01
1.415713899999999967e+03,9.813070000000000448e+01
1.415716300000000047e+03,9.839209999999999923e+01
1.415718800000000101e+03,9.860689999999999600e+01
1.415721199999999953e+03,9.867449999999999477e+01
1.415723600000000033e+03,9.857999999999999829e+01
1.415726100000000088e+03,9.838039999999999452e+01
1.415728499999999940e+03,9.815449999999999875e+01
1.415730999999999995e+03,9.797560000000000002e+01
1.415733400000000074e+03,9.789709999999999468e+01
1.415735799999999927e+03,9.793240000000000123e+01
1.415738299999999981e+03,9.803669999999999618e+01
1.415740700000000061e+03,9.812590000000000146e+01
1.415743199999999888e+03,9.813720000000000709e+01
1.415745599999999968e+03,9.808159999999999457e+01
1.415748000000000047e+03,9.802620000000000289e+01
1.415750500000000102e+03,9.801649999999999352e+01
1.415752899999999954e+03,9.802509999999999479e+01
1.415755400000000009e+03,9.799509999999999366e+01
1.415757800000000088e+03,9.791840000000000543e+01
1.415760299999999916e+03,9.784929999999999950e+01
1.415762699999999995e+03,9.784480000000000643e+01
1.415765100000000075e+03,9.790309999999999491e+01
1.415767599999999902e+03,9.796049999999999613e+01
1.415769999999999982e+03,9.794589999999999463e+01
1.415772500000000036e+03,9.784310000000000684e+01
1.415774899999999889e+03,9.770239999999999725e+01
1.415777299999999968e+03,9.759099999999999397e+01
1.415779800000000023e+03,9.754000000000000625e+01
1.415782200000000103e+03,9.755079999999999529e+01
1.415784699999999930e+03,9.764339999999999975e+01
1.415787100000000009e+03,9.786620000000000630e+01
1.415789600000000064e+03,9.823720000000000141e+01
1.415791999999999916e+03,9.870059999999999434e+01
1.415794399999999996e+03,9.916589999999999350e+01
1.415796900000000051e+03,9.956090000000000373e+01
1.415799299999999903e+03,9.982269999999999754e+01
1.415801799999999957e+03,9.988219999999999743e+01
1.415804200000000037e+03,9.971339999999999293e+01
1.415806599999999889e+03,9.938760000000000616e+01
1.415809099999999944e+03,9.904439999999999600e+01
1.415811500000000024e+03,9.881300000000000239e+01
1.415814000000000078e+03,9.876399999999999579e+01
1.415816399999999931e+03,9.890089999999999293e+01
1.415818800000000010e+03,9.916209999999999525e+01
1.415821300000000065e+03,9.943200000000000216e+01
1.415823699999999917e+03,9.957800000000000296e+01
1.415826199999999972e+03,9.951510000000000389e+01
1.415828600000000051e+03,9.925709999999999411e+01
1.415831100000000106e+03,9.889929999999999666e+01
1.415833499999999958e+03,9.854510000000000502e+01
1.415835900000000038e+03,9.825690000000000168e+01
1.415838400000000092e+03,9.806919999999999504e+01
1.415840799999999945e+03,9.801609999999999445e+01
1.415843299999999999e+03,9.812879999999999825e+01
1.415845700000000079e+03,9.840130000000000621e+01
1.415848099999999931e+03,9.876189999999999714e+01
1.415850599999999986e+03,9.908799999999999386e+01
1.415853000000000065e+03,9.925820000000000221e+01
1.415855499999999893e+03,9.920969999999999800e+01
1.415857899999999972e+03,9.897650000000000148e+01
1.415860400000000027e+03,9.868080000000000496e+01
1.415862800000000107e+03,9.846760000000000446e+01
1.415865199999999959e+03,9.841320000000000334e+01
1.415867700000000013e+03,9.848579999999999757e+01
1.415870100000000093e+03,9.858759999999999479e+01
1.415872599999999920e+03,9.864180000000000348e+01
1.415875000000000000e+03,9.864170000000000016e+01
1.415877400000000080e+03,9.862770000000000437e+01
1.415879899999999907e+03,9.863779999999999859e+01
1.415882299999999987e+03,9.867910000000000537e+01
1.415884800000000041e+03,9.872280000000000655e+01
1.415887199999999893e+03,9.873189999999999600e+01
1.415889599999999973e+03,9.870250000000000057e+01
1.415892100000000028e+03,9.865659999999999741e+01
1.415894500000000107e+03,9.859139999999999304e+01
1.415896999999999935e+03,9.848810000000000286e+01
1.415899400000000014e+03,9.837900000000000489e+01
1.415901900000000069e+03,9.835110000000000241e+01
1.415904299999999921e+03,9.845690000000000452e+01
1.415906700000000001e+03,9.865730000000000643e+01
1.415909200000000055e+03,9.886020000000000607e+01
1.415911599999999908e+03,9.899250000000000682e+01
1.415914099999999962e+03,9.904340000000000543e+01
1.415916500000000042e+03,9.905889999999999418e+01
1.415918899999999894e+03,9.907269999999999754e+01
1.415921399999999949e+03,9.903679999999999950e+01
1.415923800000000028e+03,9.886350000000000193e+01
1.415926300000000083e+03,9.855180000000000007e+01
1.415928699999999935e+03,9.822639999999999816e+01
1.415931199999999990e+03,9.803090000000000259e+01
1.415933600000000069e+03,9.801139999999999475e+01
1.415935999999999922e+03,9.810639999999999361e+01
1.415938499999999976e+03,9.821210000000000662e+01
1.415940900000000056e+03,9.824559999999999604e+01
1.415943400000000111e+03,9.816910000000000025e+01
1.415945799999999963e+03,9.798189999999999600e+01
1.415948200000000043e+03,9.771439999999999770e+01
1.415950700000000097e+03,9.742390000000000327e+01
1.415953099999999949e+03,9.715770000000000550e+01
1.415955600000000004e+03,9.691389999999999816e+01
1.415958000000000084e+03,9.667149999999999466e+01
1.415960399999999936e+03,9.645720000000000027e+01
1.415962899999999991e+03,9.633750000000000568e+01
1.415965300000000070e+03,9.633450000000000557e+01
1.415967799999999897e+03,9.638920000000000243e+01
1.415970199999999977e+03,9.643569999999999709e+01
1.415972700000000032e+03,9.648850000000000193e+01
1.415975100000000111e+03,9.662179999999999325e+01
1.415977499999999964e+03,9.687359999999999616e+01
1.415980000000000018e+03,9.718309999999999604e+01
1.415982400000000098e+03,9.741660000000000252e+01
1.415984899999999925e+03,9.746179999999999666e+01
1.415987300000000005e+03,9.732259999999999422e+01
1.415989700000000084e+03,9.713809999999999434e+01
1.415992199999999912e+03,9.710229999999999961e+01
1.415994599999999991e+03,9.732909999999999684e+01
1.415997100000000046e+03,9.775369999999999493e+01
1.415999499999999898e+03,9.816979999999999507e+01
1.416001999999999953e+03,9.839629999999999654e+01
1.416004400000000032e+03,9.840609999999999502e+01
1.416006800000000112e+03,9.829449999999999932e+01
1.416009299999999939e+03,9.816719999999999402e+01
1.416011700000000019e+03,9.809420000000000073e+01
1.416014200000000073e+03,9.813190000000000168e+01
1.416016599999999926e+03,9.831669999999999732e+01
1.416019000000000005e+03,9.859590000000000032e+01
1.416021500000000060e+03,9.880389999999999873e+01
1.416023899999999912e+03,9.877309999999999945e+01
1.416026399999999967e+03,9.847259999999999991e+01
1.416028800000000047e+03,9.801330000000000098e+01
1.416031199999999899e+03,9.754080000000000439e+01
1.416033699999999953e+03,9.715930000000000177e+01
1.416036100000000033e+03,9.693290000000000362e+01
1.416038600000000088e+03,9.690189999999999770e+01
1.416040999999999940e+03,9.706919999999999504e+01
1.416043499999999995e+03,9.738580000000000325e+01
1.416045900000000074e+03,9.776940000000000452e+01
1.416048299999999927e+03,9.813460000000000605e+01
1.416050799999999981e+03,9.839879999999999427e+01
1.416053200000000061e+03,9.849070000000000391e+01
1.416055699999999888e+03,9.839650000000000318e+01
1.416058099999999968e+03,9.820059999999999434e+01
1.416060500000000047e+03,9.805410000000000537e+01
1.416063000000000102e+03,9.807930000000000348e+01
1.416065399999999954e+03,9.828759999999999764e+01
1.416067900000000009e+03,9.857890000000000441e+01
1.416070300000000088e+03,9.881929999999999836e+01
1.416072799999999916e+03,9.893649999999999523e+01
1.416075199999999995e+03,9.896250000000000568e+01
1.416077600000000075e+03,9.899160000000000537e+01
1.416080099999999902e+03,9.910039999999999338e+01
1.416082499999999982e+03,9.931409999999999627e+01
1.416085000000000036e+03,9.962590000000000146e+01
1.416087399999999889e+03,1.000139999999999958e+02
1.416089799999999968e+03,1.004358000000000004e+02
1.416092300000000023e+03,1.008281000000000063e+02
1.416094700000000103e+03,1.011340000000000003e+02
1.416097199999999930e+03,1.013340000000000032e+02
1.416099600000000009e+03,1.014600999999999971e+02
1.416102100000000064e+03,1.015789000000000044e+02
1.416104499999999916e+03,1.017437000000000040e+02
1.416106899999999996e+03,1.019427000000000021e+02
1.416109400000000051e+03,1.020908000000000015e+02
1.416111799999999903e+03,1.020915999999999997e+02
1.416114299999999957e+03,1.019226000000000028e+02
1.416116700000000037e+03,1.016628999999999934e+02
1.416119099999999889e+03,1.014330999999999960e+02
1.416121599999999944e+03,1.013106999999999971e+02
1.416124000000000024e+03,1.013066000000000031e+02
1.416126500000000078e+03,1.014001999999999981e+02
1.416128899999999931e+03,1.015627999999999957e+02
1.416131300000000010e+03,1.017413999999999987e+02
1.416133800000000065e+03,1.018517999999999972e+02
1.416136199999999917e+03,1.018166999999999973e+02
1.416138699999999972e+03,1.016179999999999950e+02
1.416141100000000051e+03,1.013062000000000040e+02
1.416143600000000106e+03,1.009705000000000013e+02
1.416145999999999958e+03,1.007075999999999993e+02
1.416148400000000038e+03,1.005956000000000046e+02
1.416150900000000092e+03,1.006534999999999940e+02
1.416153299999999945e+03,1.008061000000000007e+02
1.416155799999999999e+03,1.008997999999999990e+02
1.416158200000000079e+03,1.007993000000000023e+02
1.416160599999999931e+03,1.005174999999999983e+02
1.416163099999999986e+03,1.002479000000000013e+02
1.416165500000000065e+03,1.002066999999999979e+02
1.416167999999999893e+03,1.004000000000000057e+02
1.416170399999999972e+03,1.005816999999999979e+02
1.416172900000000027e+03,1.004972000000000065e+02
1.416175300000000107e+03,1.001547000000000054e+02
1.416177699999999959e+03,9.980039999999999623e+01
1.416180200000000013e+03,9.964600000000000080e+01
1.416182600000000093e+03,9.968670000000000186e+01
1.416185099999999920e+03,9.977960000000000207e+01
1.416187500000000000e+03,9.980509999999999593e+01
1.416189900000000080e+03,9.972350000000000136e+01
1.416192399999999907e+03,9.955169999999999675e+01
1.416194799999999987e+03,9.934489999999999554e+01
1.416197300000000041e+03,9.916930000000000689e+01
1.416199699999999893e+03,9.905089999999999861e+01
1.416202099999999973e+03,9.895690000000000452e+01
1.416204600000000028e+03,9.883820000000000050e+01
1.416207000000000107e+03,9.868699999999999761e+01
1.416209499999999935e+03,9.855169999999999675e+01
1.416211900000000014e+03,9.849599999999999511e+01
1.416214400000000069e+03,9.853579999999999472e+01
1.416216799999999921e+03,9.862000000000000455e+01
1.416219200000000001e+03,9.868510000000000559e+01
1.416221700000000055e+03,9.871680000000000632e+01
1.416224099999999908e+03,9.874920000000000186e+01
1.416226599999999962e+03,9.882099999999999795e+01
1.416229000000000042e+03,9.894490000000000407e+01
1.416231399999999894e+03,9.910949999999999704e+01
1.416233899999999949e+03,9.929569999999999652e+01
1.416236300000000028e+03,9.947490000000000521e+01
1.416238800000000083e+03,9.958929999999999438e+01
1.416241199999999935e+03,9.956340000000000146e+01
1.416243699999999990e+03,9.937239999999999895e+01
1.416246100000000069e+03,9.909380000000000166e+01
1.416248499999999922e+03,9.886209999999999809e+01
1.416250999999999976e+03,9.877439999999999998e+01
1.416253400000000056e+03,9.884640000000000271e+01
1.416255900000000111e+03,9.903090000000000259e+01
1.416258299999999963e+03,9.924370000000000402e+01
1.416260700000000043e+03,9.938249999999999318e+01
1.416263200000000097e+03,9.936220000000000141e+01
1.416265599999999949e+03,9.915359999999999729e+01
1.416268100000000004e+03,9.879120000000000346e+01
1.416270500000000084e+03,9.835739999999999839e+01
1.416272899999999936e+03,9.796529999999999916e+01
1.416275399999999991e+03,9.772939999999999827e+01
1.416277800000000070e+03,9.771720000000000539e+01
1.416280299999999897e+03,9.791039999999999566e+01
1.416282699999999977e+03,9.821009999999999707e+01
1.416285200000000032e+03,9.849060000000000059e+01
1.416287600000000111e+03,9.867300000000000182e+01
1.416289999999999964e+03,9.876760000000000161e+01
1.416292500000000018e+03,9.884269999999999357e+01
1.416294900000000098e+03,9.893729999999999336e+01
1.416297399999999925e+03,9.901630000000000109e+01
1.416299800000000005e+03,9.902830000000000155e+01
1.416302200000000084e+03,9.898520000000000607e+01
1.416304699999999912e+03,9.894610000000000127e+01
1.416307099999999991e+03,9.893489999999999895e+01
1.416309600000000046e+03,9.891230000000000189e+01
1.416311999999999898e+03,9.882410000000000139e+01
1.416314499999999953e+03,9.865389999999999304e+01
1.416316900000000032e+03,9.843600000000000705e+01
1.416319300000000112e+03,9.823879999999999768e+01
1.416321799999999939e+03,9.812330000000000041e+01
1.416324200000000019e+03,9.810089999999999577e+01
1.416326700000000073e+03,9.813989999999999725e+01
1.416329099999999926e+03,9.822329999999999472e+01
1.416331500000000005e+03,9.837609999999999388e+01
1.416334000000000060e+03,9.862460000000000093e+01
1.416336399999999912e+03,9.894599999999999795e+01
1.416338899999999967e+03,9.926590000000000202e+01
1.416341300000000047e+03,9.948760000000000048e+01
1.416343800000000101e+03,9.952190000000000225e+01
1.416346199999999953e+03,9.931860000000000355e+01
1.416348600000000033e+03,9.890279999999999916e+01
1.416351100000000088e+03,9.838549999999999329e+01
1.416353499999999940e+03,9.792839999999999634e+01
1.416355999999999995e+03,9.768349999999999511e+01
1.416358400000000074e+03,9.773350000000000648e+01
1.416360799999999927e+03,9.803539999999999566e+01
1.416363299999999981e+03,9.840980000000000416e+01
1.416365700000000061e+03,9.863890000000000668e+01
1.416368199999999888e+03,9.862500000000000000e+01
1.416370599999999968e+03,9.844719999999999516e+01
1.416373000000000047e+03,9.825459999999999638e+01
1.416375500000000102e+03,9.812969999999999970e+01
1.416377899999999954e+03,9.806390000000000384e+01
1.416380400000000009e+03,9.802859999999999729e+01
1.416382800000000088e+03,9.803419999999999845e+01
1.416385299999999916e+03,9.812149999999999750e+01
1.416387699999999995e+03,9.830339999999999634e+01
1.416390100000000075e+03,9.854099999999999682e+01
1.416392599999999902e+03,9.878560000000000230e+01
1.416394999999999982e+03,9.901919999999999789e+01
1.416397500000000036e+03,9.922790000000000532e+01
1.416399899999999889e+03,9.937500000000000000e+01
1.416402299999999968e+03,9.943859999999999388e+01
1.416404800000000023e+03,9.944799999999999329e+01
1.416407200000000103e+03,9.943649999999999523e+01
1.416409699999999930e+03,9.936839999999999407e+01
1.416412100000000009e+03,9.917279999999999518e+01
1.416414600000000064e+03,9.886039999999999850e+01
1.416416999999999916e+03,9.855649999999999977e+01
1.416419399999999996e+03,9.838809999999999434e+01
1.416421900000000051e+03,9.836490000000000578e+01
1.416424299999999903e+03,9.839050000000000296e+01
1.416426799999999957e+03,9.838209999999999411e+01
1.416429200000000037e+03,9.835599999999999454e+01
1.416431599999999889e+03,9.839000000000000057e+01
1.416434099999999944e+03,9.851949999999999363e+01
1.416436500000000024e+03,9.869259999999999877e+01
1.416439000000000078e+03,9.881629999999999825e+01
1.416441399999999931e+03,9.882980000000000587e+01
1.416443800000000010e+03,9.873420000000000130e+01
1.416446300000000065e+03,9.856699999999999307e+01
1.416448699999999917e+03,9.836409999999999343e+01
1.416451199999999972e+03,9.815779999999999461e+01
1.416453600000000051e+03,9.798720000000000141e+01
1.416456100000000106e+03,9.787000000000000455e+01
1.416458499999999958e+03,9.777639999999999532e+01
1.416460900000000038e+03,9.768280000000000030e+01
1.416463400000000092e+03,9.765630000000000166e+01
1.416465799999999945e+03,9.781940000000000168e+01
1.416468299999999999e+03,9.818970000000000198e+01
1.416470700000000079e+03,9.859470000000000312e+01
1.416473099999999931e+03,9.879070000000000107e+01
1.416475599999999986e+03,9.866719999999999402e+01
1.416478000000000065e+03,9.832399999999999807e+01
1.416480499999999893e+03,9.796420000000000528e+01
1.416482899999999972e+03,9.773480000000000700e+01
1.416485400000000027e+03,9.765420000000000300e+01
1.416487800000000107e+03,9.765030000000000143e+01
1.416490199999999959e+03,9.764610000000000412e+01
1.416492700000000013e+03,9.762999999999999545e+01
1.416495100000000093e+03,9.766849999999999454e+01
1.416497599999999920e+03,9.785540000000000305e+01
1.416500000000000000e+03,9.822199999999999420e+01
1.416502400000000080e+03,9.867340000000000089e+01
1.416504899999999907e+03,9.903180000000000405e+01
1.416507299999999987e+03,9.918309999999999604e+01
1.416509800000000041e+03,9.917090000000000316e+01
1.416512199999999893e+03,9.911849999999999739e+01
1.416514599999999973e+03,9.907040000000000646e+01
1.416517100000000028e+03,9.894880000000000564e+01
1.416519500000000107e+03,9.867289999999999850e+01
1.416521999999999935e+03,9.830140000000000100e+01
1.416524400000000014e+03,9.802009999999999934e+01
1.416526900000000069e+03,9.797289999999999566e+01
1.416529299999999921e+03,9.812619999999999720e+01
1.416531700000000001e+03,9.831589999999999918e+01
1.416534200000000055e+03,9.840680000000000405e+01
1.416536599999999908e+03,9.838790000000000191e+01
1.416539099999999962e+03,9.833639999999999759e+01
1.416541500000000042e+03,9.833159999999999457e+01
1.416543899999999894e+03,9.840399999999999636e+01
1.416546399999999949e+03,9.853319999999999368e+01
1.416548800000000028e+03,9.867369999999999663e+01
1.416551300000000083e+03,9.879229999999999734e+01
1.416553699999999935e+03,9.888469999999999516e+01
1.416556199999999990e+03,9.895550000000000068e+01
1.416558600000000069e+03,9.899819999999999709e+01
1.416560999999999922e+03,9.900360000000000582e+01
1.416563499999999976e+03,9.897499999999999432e+01
1.416565900000000056e+03,9.892749999999999488e+01
1.416568400000000111e+03,9.888030000000000541e+01
1.416570799999999963e+03,9.885330000000000439e+01
1.416573200000000043e+03,9.886109999999999332e+01
1.416575700000000097e+03,9.889719999999999800e+01
1.416578099999999949e+03,9.893049999999999500e+01
1.416580600000000004e+03,9.892629999999999768e+01
1.416583000000000084e+03,9.887220000000000653e+01
1.416585399999999936e+03,9.876099999999999568e+01
1.416587899999999991e+03,9.856820000000000448e+01
1.416590300000000070e+03,9.828860000000000241e+01
1.416592799999999897e+03,9.798659999999999570e+01
1.416595199999999977e+03,9.776009999999999422e+01
1.416597700000000032e+03,9.764780000000000371e+01
1.416600100000000111e+03,9.761190000000000566e+01
1.416602499999999964e+03,9.762030000000000030e+01
1.416605000000000018e+03,9.768949999999999534e+01
1.416607400000000098e+03,9.782850000000000534e+01
1.416609899999999925e+03,9.798699999999999477e+01
1.416612300000000005e+03,9.808540000000000703e+01
1.416614700000000084e+03,9.806690000000000396e+01
1.416617199999999912e+03,9.791689999999999827e+01
1.416619599999999991e+03,9.767430000000000234e+01
1.416622100000000046e+03,9.743959999999999866e+01
1.416624499999999898e+03,9.733079999999999643e+01
1.416626999999999953e+03,9.740309999999999491e+01
1.416629400000000032e+03,9.761690000000000111e+01
1.416631800000000112e+03,9.787460000000000093e+01
1.416634299999999939e+03,9.807049999999999557e+01
1.416636700000000019e+03,9.812720000000000198e+01
1.416639200000000073e+03,9.801919999999999789e+01
1.416641599999999926e+03,9.777530000000000143e+01
1.416644000000000005e+03,9.745929999999999893e+01
1.416646500000000060e+03,9.714470000000000027e+01
1.416648899999999912e+03,9.688079999999999359e+01
1.416651399999999967e+03,9.666740000000000066e+01
1.416653800000000047e+03,9.648279999999999745e+01
1.416656199999999899e+03,9.634659999999999513e+01
1.416658699999999953e+03,9.632519999999999527e+01
1.416661100000000033e+03,9.644960000000000377e+01
1.416663600000000088e+03,9.664910000000000423e+01
1.416665999999999940e+03,9.678600000000000136e+01
1.416668499999999995e+03,9.675109999999999388e+01
1.416670900000000074e+03,9.652549999999999386e+01
1.416673299999999927e+03,9.617440000000000566e+01
1.416675799999999981e+03,9.579999999999999716e+01
1.416678200000000061e+03,9.549150000000000205e+01
1.416680699999999888e+03,9.529410000000000025e+01
1.416683099999999968e+03,9.521779999999999688e+01
1.416685500000000047e+03,9.528270000000000550e+01
1.416688000000000102e+03,9.557420000000000471e+01
1.416690399999999954e+03,9.621659999999999968e+01
1.416692900000000009e+03,9.718739999999999668e+01
1.416695300000000088e+03,9.812669999999999959e+01
1.416697799999999916e+03,9.849540000000000362e+01
1.416700199999999995e+03,9.806730000000000302e+01
1.416702600000000075e+03,9.717260000000000275e+01
1.416705099999999902e+03,9.634149999999999636e+01
1.416707499999999982e+03,9.583050000000000068e+01
1.416710000000000036e+03,9.558450000000000557e+01
1.416712399999999889e+03,9.549930000000000518e+01
1.416714799999999968e+03,9.555729999999999791e+01
1.416717300000000023e+03,9.575799999999999557e+01
1.416719700000000103e+03,9.605169999999999675e+01
1.416722199999999930e+03,9.637680000000000291e+01
1.416724600000000009e+03,9.669620000000000459e+01
1.416727100000000064e+03,9.696729999999999450e+01
1.416729499999999916e+03,9.713139999999999930e+01
1.416731899999999996e+03,9.718699999999999761e+01
1.416734400000000051e+03,9.724160000000000537e+01
1.416736799999999903e+03,9.743590000000000373e+01
1.416739299999999957e+03,9.780660000000000309e+01
1.416741700000000037e+03,9.824079999999999302e+01
1.416744099999999889e+03,9.857210000000000605e+01
1.416746599999999944e+03,9.871380000000000621e+01
1.416749000000000024e+03,9.869950000000000045e+01
1.416751500000000078e+03,9.861719999999999686e+01
1.416753899999999931e+03,9.853849999999999909e+01
1.416756300000000010e+03,9.851019999999999754e+01
1.416758800000000065e+03,9.856610000000000582e+01
1.416761199999999917e+03,9.870000000000000284e+01
1.416763699999999972e+03,9.883119999999999550e+01
1.416766100000000051e+03,9.884680000000000177e+01
1.416768600000000106e+03,9.870459999999999923e+01
1.416770999999999958e+03,9.846859999999999502e+01
1.416773400000000038e+03,9.822259999999999991e+01
1.416775900000000092e+03,9.799160000000000537e+01
1.416778299999999945e+03,9.777930000000000632e+01
1.416780799999999999e+03,9.764369999999999550e+01
1.416783200000000079e+03,9.766800000000000637e+01
1.416785599999999931e+03,9.785790000000000077e+01
1.416788099999999986e+03,9.811820000000000164e+01
1.416790500000000065e+03,9.833740000000000236e+01
1.416792999999999893e+03,9.846380000000000621e+01
1.416795399999999972e+03,9.850490000000000634e+01
1.416797900000000027e+03,9.849360000000000070e+01
1.416800300000000107e+03,9.846580000000000155e+01
1.416802699999999959e+03,9.845520000000000493e+01
1.416805200000000013e+03,9.849469999999999459e+01
1.416807600000000093e+03,9.860020000000000095e+01
1.416810099999999920e+03,9.873669999999999902e+01
1.416812500000000000e+03,9.882429999999999382e+01
1.416814900000000080e+03,9.880700000000000216e+01
1.416817399999999907e+03,9.869870000000000232e+01
1.416819799999999987e+03,9.855140000000000100e+01
1.416822300000000041e+03,9.841809999999999548e+01
1.416824699999999893e+03,9.835949999999999704e+01
1.416827099999999973e+03,9.843080000000000496e+01
1.416829600000000028e+03,9.861230000000000473e+01
1.416832000000000107e+03,9.879609999999999559e+01
1.416834499999999935e+03,9.887900000000000489e+01
1.416836900000000014e+03,9.885209999999999297e+01
1.416839400000000069e+03,9.878589999999999804e+01
1.416841799999999921e+03,9.877119999999999322e+01
1.416844200000000001e+03,9.888280000000000314e+01
1.416846700000000055e+03,9.914279999999999404e+01
1.416849099999999908e+03,9.948069999999999879e+01
1.416851599999999962e+03,9.976649999999999352e+01
1.416854000000000042e+03,9.991219999999999857e+01
1.416856399999999894e+03,9.992950000000000443e+01
1.416858899999999949e+03,9.988870000000000005e+01
1.416861300000000028e+03,9.984610000000000696e+01
1.416863800000000083e+03,9.981199999999999761e+01
1.416866199999999935e+03,9.976340000000000430e+01
1.416868699999999990e+03,9.968699999999999761e+01
1.416871100000000069e+03,9.961329999999999529e+01
1.416873499999999922e+03,9.958849999999999625e+01
1.416875999999999976e+03,9.960110000000000241e+01
1.416878400000000056e+03,9.958169999999999789e+01
1.416880900000000111e+03,9.950499999999999545e+01
1.416883299999999963e+03,9.944790000000000418e+01
1.416885700000000043e+03,9.950870000000000459e+01
1.416888200000000097e+03,9.969020000000000437e+01
1.416890599999999949e+03,9.989430000000000121e+01
1.416893100000000004e+03,1.000216999999999956e+02
1.416895500000000084e+03,1.000434999999999945e+02
1.416897899999999936e+03,9.998390000000000555e+01
1.416900399999999991e+03,9.987990000000000634e+01
1.416902800000000070e+03,9.977089999999999748e+01
1.416905299999999897e+03,9.969379999999999598e+01
1.416907699999999977e+03,9.967589999999999861e+01
1.416910200000000032e+03,9.972849999999999682e+01
1.416912600000000111e+03,9.983240000000000691e+01
1.416914999999999964e+03,9.992659999999999343e+01
1.416917500000000018e+03,9.994070000000000675e+01
1.416919900000000098e+03,9.985469999999999402e+01
1.416922399999999925e+03,9.970539999999999736e+01
1.416924800000000005e+03,9.952439999999999998e+01
1.416927200000000084e+03,9.930240000000000578e+01
1.416929699999999912e+03,9.903140000000000498e+01
1.416932099999999991e+03,9.875169999999999959e+01
1.416934600000000046e+03,9.853369999999999607e+01
1.416936999999999898e+03,9.843370000000000175e+01
1.416939499999999953e+03,9.847830000000000439e+01
1.416941900000000032e+03,9.865909999999999513e+01
1.416944300000000112e+03,9.892130000000000223e+01
1.416946799999999939e+03,9.917640000000000100e+01
1.416949200000000019e+03,9.936239999999999384e+01
1.416951700000000073e+03,9.948529999999999518e+01
1.416954099999999926e+03,9.957309999999999661e+01
1.416956500000000005e+03,9.960380000000000678e+01
1.416959000000000060e+03,9.952039999999999509e+01
1.416961399999999912e+03,9.932110000000000127e+01
1.416963899999999967e+03,9.909619999999999607e+01
1.416966300000000047e+03,9.896829999999999927e+01
1.416968800000000101e+03,9.900249999999999773e+01
1.416971199999999953e+03,9.916339999999999577e+01
1.416973600000000033e+03,9.934449999999999648e+01
1.416976100000000088e+03,9.944549999999999557e+01
1.416978499999999940e+03,9.943619999999999948e+01
1.416980999999999995e+03,9.935559999999999548e+01
1.416983400000000074e+03,9.925530000000000541e+01
1.416985799999999927e+03,9.914809999999999945e+01
1.416988299999999981e+03,9.901220000000000709e+01
1.416990700000000061e+03,9.883540000000000703e+01
1.416993199999999888e+03,9.863790000000000191e+01
1.416995599999999968e+03,9.844989999999999952e+01
1.416998000000000047e+03,9.828509999999999991e+01
1.417000500000000102e+03,9.815380000000000393e+01
1.417002899999999954e+03,9.808620000000000516e+01
1.417005400000000009e+03,9.811839999999999407e+01
1.417007800000000088e+03,9.824960000000000093e+01
1.417010299999999916e+03,9.842990000000000350e+01
1.417012699999999995e+03,9.859210000000000207e+01
1.417015100000000075e+03,9.869089999999999918e+01
1.417017599999999902e+03,9.872010000000000218e+01
1.417019999999999982e+03,9.870380000000000109e+01
1.417022500000000036e+03,9.867549999999999955e+01
1.417024899999999889e+03,9.865970000000000084e+01
1.417027299999999968e+03,9.866259999999999764e+01
1.417029800000000023e+03,9.867940000000000111e+01
1.417032200000000103e+03,9.871529999999999916e+01
1.417034699999999930e+03,9.880029999999999291e+01
1.417037100000000009e+03,9.896469999999999345e+01
1.417039600000000064e+03,9.918800000000000239e+01
1.417041999999999916e+03,9.937800000000000011e+01
1.417044399999999996e+03,9.941979999999999507e+01
1.417046900000000051e+03,9.925700000000000500e+01
1.417049299999999903e+03,9.893110000000000070e+01
1.417051799999999957e+03,9.854389999999999361e+01
1.417054200000000037e+03,9.818590000000000373e+01
1.417056599999999889e+03,9.790789999999999793e+01
1.417059099999999944e+03,9.774750000000000227e+01
1.417061500000000024e+03,9.774630000000000507e+01
1.417064000000000078e+03,9.791949999999999932e+01
1.417066399999999931e+03,9.822069999999999368e+01
1.417068800000000010e+03,9.855570000000000164e+01
1.417071300000000065e+03,9.883159999999999457e+01
1.417073699999999917e+03,9.899450000000000216e+01
1.417076199999999972e+03,9.904550000000000409e+01
1.417078600000000051e+03,9.903669999999999618e+01
1.417081100000000106e+03,9.904219999999999402e+01
1.417083499999999958e+03,9.910529999999999973e+01
1.417085900000000038e+03,9.920029999999999859e+01
1.417088400000000092e+03,9.925530000000000541e+01
1.417090799999999945e+03,9.922419999999999618e+01
1.417093299999999999e+03,9.913509999999999422e+01
1.417095700000000079e+03,9.906119999999999948e+01
1.417098099999999931e+03,9.905349999999999966e+01
1.417100599999999986e+03,9.910599999999999454e+01
1.417103000000000065e+03,9.916660000000000252e+01
1.417105499999999893e+03,9.917379999999999995e+01
1.417107899999999972e+03,9.910229999999999961e+01
1.417110400000000027e+03,9.898439999999999372e+01
1.417112800000000107e+03,9.888530000000000086e+01
1.417115199999999959e+03,9.884850000000000136e+01
1.417117700000000013e+03,9.885429999999999495e+01
1.417120100000000093e+03,9.883240000000000691e+01
1.417122599999999920e+03,9.874240000000000350e+01
1.417125000000000000e+03,9.864669999999999561e+01
1.417127400000000080e+03,9.866790000000000305e+01
1.417129899999999907e+03,9.885540000000000305e+01
1.417132299999999987e+03,9.911289999999999623e+01
1.417134800000000041e+03,9.926900000000000546e+01
1.417137199999999893e+03,9.922050000000000125e+01
1.417139599999999973e+03,9.902299999999999613e+01
1.417142100000000028e+03,9.885930000000000462e+01
1.417144500000000107e+03,9.889849999999999852e+01
1.417146999999999935e+03,9.914440000000000452e+01
1.417149400000000014e+03,9.941710000000000491e+01
1.417151900000000069e+03,9.951220000000000709e+01
1.417154299999999921e+03,9.938970000000000482e+01
1.417156700000000001e+03,9.919679999999999609e+01
1.417159200000000055e+03,9.911839999999999407e+01
1.417161599999999908e+03,9.922580000000000666e+01
1.417164099999999962e+03,9.945159999999999911e+01
1.417166500000000042e+03,9.967279999999999518e+01
1.417168899999999894e+03,9.980549999999999500e+01
1.417171399999999949e+03,9.983969999999999345e+01
1.417173800000000028e+03,9.981029999999999802e+01
1.417176300000000083e+03,9.975329999999999586e+01
1.417178699999999935e+03,9.968580000000000041e+01
1.417181199999999990e+03,9.960450000000000159e+01
1.417183600000000069e+03,9.949500000000000455e+01
1.417185999999999922e+03,9.935590000000000543e+01
1.417188499999999976e+03,9.922320000000000562e+01
1.417190900000000056e+03,9.916079999999999472e+01
1.417193400000000111e+03,9.921349999999999625e+01
1.417195799999999963e+03,9.935930000000000462e+01
1.417198200000000043e+03,9.950520000000000209e+01
1.417200700000000097e+03,9.953879999999999484e+01
1.417203099999999949e+03,9.940479999999999450e+01
1.417205600000000004e+03,9.914239999999999498e+01
1.417208000000000084e+03,9.884969999999999857e+01
1.417210399999999936e+03,9.861690000000000111e+01
1.417212899999999991e+03,9.849420000000000641e+01
1.417215300000000070e+03,9.849620000000000175e+01
1.417217799999999897e+03,9.860790000000000077e+01
1.417220199999999977e+03,9.878270000000000550e+01
1.417222700000000032e+03,9.895560000000000400e+01
1.417225100000000111e+03,9.906950000000000500e+01
1.417227499999999964e+03,9.909199999999999875e+01
1.417230000000000018e+03,9.901760000000000161e+01
1.417232400000000098e+03,9.886679999999999779e+01
1.417234899999999925e+03,9.867780000000000484e+01
1.417237300000000005e+03,9.849800000000000466e+01
1.417239700000000084e+03,9.837839999999999918e+01
1.417242199999999912e+03,9.835099999999999909e+01
1.417244599999999991e+03,9.839870000000000516e+01
1.417247100000000046e+03,9.848199999999999932e+01
1.417249499999999898e+03,9.860890000000000555e+01
1.417251999999999953e+03,9.883780000000000143e+01
1.417254400000000032e+03,9.918919999999999959e+01
1.417256800000000112e+03,9.957779999999999632e+01
1.417259299999999939e+03,9.985750000000000171e+01
1.417261700000000019e+03,9.992910000000000537e+01
1.417264200000000073e+03,9.980200000000000671e+01
1.417266599999999926e+03,9.957779999999999632e+01
1.417269000000000005e+03,9.938549999999999329e+01
1.417271500000000060e+03,9.930230000000000246e+01
1.417273899999999912e+03,9.931050000000000466e+01
1.417276399999999967e+03,9.932609999999999673e+01
1.417278800000000047e+03,9.927320000000000277e+01
1.417281199999999899e+03,9.914209999999999923e+01
1.417283699999999953e+03,9.900069999999999482e+01
1.417286100000000033e+03,9.894910000000000139e+01
1.417288600000000088e+03,9.904080000000000439e+01
1.417290999999999940e+03,9.924479999999999791e+01
1.417293499999999995e+03,9.948749999999999716e+01
1.417295900000000074e+03,9.971150000000000091e+01
1.417298299999999927e+03,9.988280000000000314e+01
1.417300799999999981e+03,9.997039999999999793e+01
1.417303200000000061e+03,9.994950000000000045e+01
1.417305699999999888e+03,9.981929999999999836e+01
1.417308099999999968e+03,9.961050000000000182e+01
1.417310500000000047e+03,9.937890000000000157e+01
1.417313000000000102e+03,9.917969999999999686e+01
1.417315399999999954e+03,9.903700000000000614e+01
1.417317900000000009e+03,9.895120000000000005e+01
1.417320300000000088e+03,9.893500000000000227e+01
1.417322799999999916e+03,9.901149999999999807e+01
1.417325199999999995e+03,9.917570000000000618e+01
1.417327600000000075e+03,9.938590000000000657e+01
1.417330099999999902e+03,9.958520000000000039e+01
1.417332499999999982e+03,9.971810000000000684e+01
1.417335000000000036e+03,9.975570000000000448e+01
1.417337399999999889e+03,9.972599999999999909e+01
1.417339799999999968e+03,9.970510000000000161e+01
1.417342300000000023e+03,9.976080000000000325e+01
1.417344700000000103e+03,9.989780000000000371e+01
1.417347199999999930e+03,1.000481000000000051e+02
1.417349600000000009e+03,1.001189999999999998e+02
1.417352100000000064e+03,1.000682999999999936e+02
1.417354499999999916e+03,9.992959999999999354e+01
1.417356899999999996e+03,9.976239999999999952e+01
1.417359400000000051e+03,9.959010000000000673e+01
1.417361799999999903e+03,9.938960000000000150e+01
1.417364299999999957e+03,9.913679999999999382e+01
1.417366700000000037e+03,9.885330000000000439e+01
1.417369099999999889e+03,9.860049999999999670e+01
1.417371599999999944e+03,9.842990000000000350e+01
1.417374000000000024e+03,9.834910000000000707e+01
1.417376500000000078e+03,9.834000000000000341e+01
1.417378899999999931e+03,9.839570000000000505e+01
1.417381300000000010e+03,9.851390000000000668e+01
1.417383800000000065e+03,9.865680000000000405e+01
1.417386199999999917e+03,9.875180000000000291e+01
1.417388699999999972e+03,9.876019999999999754e+01
1.417391100000000051e+03,9.872599999999999909e+01
1.417393600000000106e+03,9.873139999999999361e+01
1.417395999999999958e+03,9.881850000000000023e+01
1.417398400000000038e+03,9.897440000000000282e+01
1.417400900000000092e+03,9.917310000000000514e+01
1.417403299999999945e+03,9.939990000000000236e+01
1.417405799999999999e+03,9.962779999999999347e+01
1.417408200000000079e+03,9.979970000000000141e+01
1.417410599999999931e+03,9.987000000000000455e+01
1.417413099999999986e+03,9.985779999999999745e+01
1.417415500000000065e+03,9.982750000000000057e+01
1.417417999999999893e+03,9.981650000000000489e+01
1.417420399999999972e+03,9.979649999999999466e+01
1.417422900000000027e+03,9.970369999999999777e+01
1.417425300000000107e+03,9.951049999999999329e+01
1.417427699999999959e+03,9.927790000000000248e+01
1.417430200000000013e+03,9.912109999999999843e+01
1.417432600000000093e+03,9.910229999999999961e+01
1.417435099999999920e+03,9.916710000000000491e+01
1.417437500000000000e+03,9.919989999999999952e+01
1.417439900000000080e+03,9.912820000000000675e+01
1.417442399999999907e+03,9.897410000000000707e+01
1.417444799999999987e+03,9.883180000000000121e+01
1.417447300000000041e+03,9.880259999999999820e+01
1.417449699999999893e+03,9.891920000000000357e+01
1.417452099999999973e+03,9.910710000000000264e+01
1.417454600000000028e+03,9.922969999999999402e+01
1.417457000000000107e+03,9.919089999999999918e+01
1.417459499999999935e+03,9.900430000000000064e+01
1.417461900000000014e+03,9.877670000000000528e+01
1.417464400000000069e+03,9.863259999999999650e+01
1.417466799999999921e+03,9.863830000000000098e+01
1.417469200000000001e+03,9.876420000000000243e+01
1.417471700000000055e+03,9.890579999999999927e+01
1.417474099999999908e+03,9.895680000000000121e+01
1.417476599999999962e+03,9.888540000000000418e+01
1.417479000000000042e+03,9.875180000000000291e+01
1.417481399999999894e+03,9.866710000000000491e+01
1.417483899999999949e+03,9.872990000000000066e+01
1.417486300000000028e+03,9.896410000000000196e+01
1.417488800000000083e+03,9.928879999999999484e+01
1.417491199999999935e+03,9.956879999999999598e+01
1.417493699999999990e+03,9.972140000000000271e+01
1.417496100000000069e+03,9.977599999999999625e+01
1.417498499999999922e+03,9.982380000000000564e+01
1.417500999999999976e+03,9.991830000000000211e+01
1.417503400000000056e+03,1.000292000000000030e+02
1.417505900000000111e+03,1.000956000000000046e+02
1.417508299999999963e+03,1.001133999999999986e+02
1.417510700000000043e+03,1.001632000000000033e+02
1.417513200000000097e+03,1.003448999999999955e+02
1.417515599999999949e+03,1.006830000000000069e+02
1.417518100000000004e+03,1.010797000000000025e+02
1.417520500000000084e+03,1.013378000000000014e+02
1.417522899999999936e+03,1.012634999999999934e+02
1.417525399999999991e+03,1.008259000000000043e+02
1.417527800000000070e+03,1.002224999999999966e+02
1.417530299999999897e+03,9.972960000000000491e+01
1.417532699999999977e+03,9.949339999999999407e+01
1.417535200000000032e+03,9.948959999999999582e+01
1.417537600000000111e+03,9.962969999999999970e+01
1.417539999999999964e+03,9.982999999999999829e+01
1.417542500000000018e+03,9.998760000000000048e+01
1.417544900000000098e+03,9.999030000000000484e+01
1.417547399999999925e+03,9.980119999999999436e+01
1.417549800000000005e+03,9.949089999999999634e+01
1.417552200000000084e+03,9.916450000000000387e+01
1.417554699999999912e+03,9.889539999999999509e+01
1.417557099999999991e+03,9.873619999999999663e+01
1.417559600000000046e+03,9.872220000000000084e+01
1.417561999999999898e+03,9.882819999999999538e+01
1.417564499999999953e+03,9.895650000000000546e+01
1.417566900000000032e+03,9.900620000000000687e+01
1.417569300000000112e+03,9.895210000000000150e+01
1.417571799999999939e+03,9.884480000000000643e+01
1.417574200000000019e+03,9.874880000000000280e+01
1.417576700000000073e+03,9.869289999999999452e+01
1.417579099999999926e+03,9.867810000000000059e+01
1.417581500000000005e+03,9.870560000000000400e+01
1.417584000000000060e+03,9.878449999999999420e+01
1.417586399999999912e+03,9.891349999999999909e+01
1.417588899999999967e+03,9.906570000000000675e+01
1.417591300000000047e+03,9.919950000000000045e+01
1.417593800000000101e+03,9.929099999999999682e+01
1.417596199999999953e+03,9.935290000000000532e+01
1.417598600000000033e+03,9.940229999999999677e+01
1.417601100000000088e+03,9.941299999999999670e+01
1.417603499999999940e+03,9.933190000000000452e+01
1.417605999999999995e+03,9.915579999999999927e+01
1.417608400000000074e+03,9.895919999999999561e+01
1.417610799999999927e+03,9.883350000000000080e+01
1.417613299999999981e+03,9.881680000000000064e+01
1.417615700000000061e+03,9.888389999999999702e+01
1.417618199999999888e+03,9.898080000000000211e+01
1.417620599999999968e+03,9.906740000000000634e+01
1.417623000000000047e+03,9.913710000000000377e+01
1.417625500000000102e+03,9.918800000000000239e+01
1.417627899999999954e+03,9.918170000000000641e+01
1.417630400000000009e+03,9.906440000000000623e+01
1.417632800000000088e+03,9.883920000000000528e+01
1.417635299999999916e+03,9.858389999999999986e+01
1.417637699999999995e+03,9.838639999999999475e+01
1.417640100000000075e+03,9.830049999999999955e+01
1.417642599999999902e+03,9.836079999999999757e+01
1.417644999999999982e+03,9.857739999999999725e+01
1.417647500000000036e+03,9.888989999999999725e+01
1.417649899999999889e+03,9.917359999999999332e+01
1.417652299999999968e+03,9.932620000000000005e+01
1.417654800000000023e+03,9.934220000000000539e+01
1.417657200000000103e+03,9.929460000000000264e+01
1.417659699999999930e+03,9.925230000000000530e+01
1.417662100000000009e+03,9.921970000000000312e+01
1.417664600000000064e+03,9.915540000000000020e+01
1.417666999999999916e+03,9.903549999999999898e+01
1.417669399999999996e+03,9.888830000000000098e+01
1.417671900000000051e+03,9.877089999999999748e+01
1.417674299999999903e+03,9.872469999999999857e+01
1.417676799999999957e+03,9.875159999999999627e+01
1.417679200000000037e+03,9.882049999999999557e+01
1.417681599999999889e+03,9.889730000000000132e+01
1.417684099999999944e+03,9.897769999999999868e+01
1.417686500000000024e+03,9.908490000000000464e+01
1.417689000000000078e+03,9.923260000000000502e+01
1.417691399999999931e+03,9.941179999999999950e+01
1.417693800000000010e+03,9.961530000000000484e+01
1.417696300000000065e+03,9.984359999999999502e+01
1.417698699999999917e+03,1.000661000000000058e+02
1.417701199999999972e+03,1.002006999999999977e+02
1.417703600000000051e+03,1.001721000000000004e+02
1.417706100000000106e+03,9.999030000000000484e+01
1.417708499999999958e+03,9.974760000000000559e+01
1.417710900000000038e+03,9.953990000000000293e+01
1.417713400000000092e+03,9.941259999999999764e+01
1.417715799999999945e+03,9.936870000000000402e+01
1.417718299999999999e+03,9.937839999999999918e+01
1.417720700000000079e+03,9.938460000000000605e+01
1.417723099999999931e+03,9.934600000000000364e+01
1.417725599999999986e+03,9.928509999999999991e+01
1.417728000000000065e+03,9.926619999999999777e+01
1.417730499999999893e+03,9.932980000000000587e+01
1.417732899999999972e+03,9.946280000000000143e+01
1.417735400000000027e+03,9.961599999999999966e+01
1.417737800000000107e+03,9.973160000000000025e+01
1.417740199999999959e+03,9.977169999999999561e+01
1.417742700000000013e+03,9.973789999999999623e+01
1.417745100000000093e+03,9.966110000000000468e+01
1.417747599999999920e+03,9.957819999999999538e+01
1.417750000000000000e+03,9.953019999999999357e+01
1.417752400000000080e+03,9.956669999999999732e+01
1.417754899999999907e+03,9.972289999999999566e+01
1.417757299999999987e+03,9.998659999999999570e+01
1.417759800000000041e+03,1.002938999999999936e+02
1.417762199999999893e+03,1.005412000000000035e+02
1.417764599999999973e+03,1.006148000000000025e+02
1.417767100000000028e+03,1.004693000000000040e+02
1.417769500000000107e+03,1.001957000000000022e+02
1.417771999999999935e+03,9.995199999999999818e+01
1.417774400000000014e+03,9.980029999999999291e+01
1.417776900000000069e+03,9.966310000000000002e+01
1.417779299999999921e+03,9.946099999999999852e+01
1.417781700000000001e+03,9.924269999999999925e+01
1.417784200000000055e+03,9.914279999999999404e+01
1.417786599999999908e+03,9.923629999999999995e+01
1.417789099999999962e+03,9.946599999999999397e+01
1.417791500000000042e+03,9.971599999999999397e+01
1.417793899999999894e+03,9.993040000000000589e+01
1.417796399999999949e+03,1.001257999999999981e+02
1.417798800000000028e+03,1.003059999999999974e+02
1.417801300000000083e+03,1.004252000000000038e+02
1.417803699999999935e+03,1.004509000000000043e+02
1.417806199999999990e+03,1.004125999999999976e+02
1.417808600000000069e+03,1.003596000000000004e+02
1.417810999999999922e+03,1.003011999999999944e+02
1.417813499999999976e+03,1.002099999999999937e+02
1.417815900000000056e+03,1.000763000000000034e+02
1.417818400000000111e+03,9.995029999999999859e+01
1.417820799999999963e+03,9.992749999999999488e+01
1.417823200000000043e+03,1.000812999999999988e+02
1.417825700000000097e+03,1.003863999999999947e+02
1.417828099999999949e+03,1.006918000000000006e+02
1.417830600000000004e+03,1.007985000000000042e+02
1.417833000000000084e+03,1.006119000000000057e+02
1.417835399999999936e+03,1.002339000000000055e+02
1.417837899999999991e+03,9.987560000000000571e+01
1.417840300000000070e+03,9.967640000000000100e+01
1.417842799999999897e+03,9.963150000000000261e+01
1.417845199999999977e+03,9.966759999999999309e+01
1.417847700000000032e+03,9.972700000000000387e+01
1.417850100000000111e+03,9.979139999999999588e+01
1.417852499999999964e+03,9.988939999999999486e+01
1.417855000000000018e+03,1.000910999999999973e+02
1.417857400000000098e+03,1.004424999999999955e+02
1.417859899999999925e+03,1.008796999999999997e+02
1.417862300000000005e+03,1.012305000000000064e+02
1.417864700000000084e+03,1.013255999999999943e+02
1.417867199999999912e+03,1.011182000000000016e+02
1.417869599999999991e+03,1.007133000000000038e+02
1.417872100000000046e+03,1.003088999999999942e+02
1.417874499999999898e+03,1.000955000000000013e+02
1.417876999999999953e+03,1.001547999999999945e+02
1.417879400000000032e+03,1.004022999999999968e+02
1.417881800000000112e+03,1.006447000000000003e+02
1.417884299999999939e+03,1.007352000000000061e+02
1.417886700000000019e+03,1.006844999999999999e+02
1.417889200000000073e+03,1.006086999999999989e+02
1.417891599999999926e+03,1.005794000000000068e+02
1.417894000000000005e+03,1.005490000000000066e+02
1.417896500000000060e+03,1.004330000000000069e+02
1.417898899999999912e+03,1.002379999999999995e+02
1.417901399999999967e+03,1.000801000000000016e+02
1.417903800000000047e+03,1.000756999999999977e+02
1.417906199999999899e+03,1.002365000000000066e+02
1.417908699999999953e+03,1.004676000000000045e+02
1.417911100000000033e+03,1.006453999999999951e+02
1.417913600000000088e+03,1.007022999999999939e+02
1.417915999999999940e+03,1.006706999999999965e+02
1.417918499999999995e+03,1.006538999999999930e+02
1.417920900000000074e+03,1.007407999999999930e+02
1.417923299999999927e+03,1.009337000000000018e+02
1.417925799999999981e+03,1.011401999999999930e+02
1.417928200000000061e+03,1.012245000000000061e+02
1.417930699999999888e+03,1.011002000000000010e+02
1.417933099999999968e+03,1.008208000000000055e+02
1.417935500000000047e+03,1.005721999999999952e+02
1.417938000000000102e+03,1.005271999999999935e+02
1.417940399999999954e+03,1.006817000000000064e+02
1.417942900000000009e+03,1.008605000000000018e+02
1.417945300000000088e+03,1.008996000000000066e+02
1.417947799999999916e+03,1.007943000000000069e+02
1.417950199999999995e+03,1.006543999999999954e+02
1.417952600000000075e+03,1.005670999999999964e+02
1.417955099999999902e+03,1.005425000000000040e+02
1.417957499999999982e+03,1.005571999999999946e+02
1.417960000000000036e+03,1.005992999999999995e+02
1.417962399999999889e+03,1.006663999999999959e+02
1.417964799999999968e+03,1.007540000000000049e+02
1.417967300000000023e+03,1.008588000000000022e+02
1.417969700000000103e+03,1.009802999999999997e+02
1.417972199999999930e+03,1.011068999999999960e+02
1.417974600000000009e+03,1.012027999999999963e+02
1.417977100000000064e+03,1.012146000000000043e+02
1.417979499999999916e+03,1.010934000000000026e+02
1.417981899999999996e+03,1.008289999999999935e+02
1.417984400000000051e+03,1.004853999999999985e+02
1.417986799999999903e+03,1.001848999999999990e+02
1.417989299999999957e+03,1.000142000000000024e+02
1.417991700000000037e+03,9.994119999999999493e+01
1.417994099999999889e+03,9.985519999999999641e+01
1.417996599999999944e+03,9.969570000000000221e+01
1.417999000000000024e+03,9.951959999999999695e+01
1.418001500000000078e+03,9.943600000000000705e+01
1.418003899999999931e+03,9.949930000000000518e+01
1.418006300000000010e+03,9.967849999999999966e+01
1.418008800000000065e+03,9.990749999999999886e+01
1.418011199999999917e+03,1.001376000000000062e+02
1.418013699999999972e+03,1.003418999999999954e+02
1.418016100000000051e+03,1.004903000000000048e+02
1.418018600000000106e+03,1.005494000000000057e+02
1.418020999999999958e+03,1.005251999999999981e+02
1.418023400000000038e+03,1.004830000000000041e+02
1.418025900000000092e+03,1.004928000000000026e+02
1.418028299999999945e+03,1.005674999999999955e+02
1.418030799999999999e+03,1.006671000000000049e+02
1.418033200000000079e+03,1.007326000000000050e+02
1.418035599999999931e+03,1.007022000000000048e+02
1.418038099999999986e+03,1.005371999999999986e+02
1.418040500000000065e+03,1.002643000000000058e+02
1.418042999999999893e+03,9.997299999999999898e+01
1.418045399999999972e+03,9.976359999999999673e+01
1.418047900000000027e+03,9.970980000000000132e+01
1.418050300000000107e+03,9.985070000000000334e+01
1.418052699999999959e+03,1.001667000000000058e+02
1.418055200000000013e+03,1.005482999999999976e+02
1.418057600000000093e+03,1.008204000000000065e+02
1.418060099999999920e+03,1.008438000000000017e+02
1.418062500000000000e+03,1.006226999999999947e+02
1.418064900000000080e+03,1.003097000000000065e+02
1.418067399999999907e+03,1.001003000000000043e+02
1.418069799999999987e+03,1.001092000000000013e+02
1.418072300000000041e+03,1.003216000000000037e+02
1.418074699999999893e+03,1.006351999999999975e+02
1.418077099999999973e+03,1.009428999999999945e+02
1.418079600000000028e+03,1.011863000000000028e+02
1.418082000000000107e+03,1.013524000000000029e+02
1.418084499999999935e+03,1.014458999999999946e+02
1.418086900000000014e+03,1.014646000000000043e+02
1.418089400000000069e+03,1.013859000000000066e+02
1.418091799999999921e+03,1.012036999999999978e+02
1.418094200000000001e+03,1.009832999999999998e+02
1.418096700000000055e+03,1.008292000000000002e+02
1.418099099999999908e+03,1.007810000000000059e+02
1.418101599999999962e+03,1.007763000000000062e+02
1.418104000000000042e+03,1.007165999999999997e+02
1.418106399999999894e+03,1.005412000000000035e+02
1.418108899999999949e+03,1.002639999999999958e+02
1.418111300000000028e+03,9.997289999999999566e+01
1.418113800000000083e+03,9.977270000000000039e+01
1.418116199999999935e+03,9.969339999999999691e+01
1.418118699999999990e+03,9.966960000000000264e+01
1.418121100000000069e+03,9.961820000000000164e+01
1.418123499999999922e+03,9.950749999999999318e+01
1.418125999999999976e+03,9.935829999999999984e+01
1.418128400000000056e+03,9.921859999999999502e+01
1.418130900000000111e+03,9.914039999999999964e+01
1.418133299999999963e+03,9.915160000000000196e+01
1.418135700000000043e+03,9.924949999999999761e+01
1.418138200000000097e+03,9.942449999999999477e+01
1.418140599999999949e+03,9.967010000000000502e+01
1.418143100000000004e+03,9.996569999999999823e+01
1.418145500000000084e+03,1.002668000000000035e+02
1.418147899999999936e+03,1.005257000000000005e+02
1.418150399999999991e+03,1.007139999999999986e+02
1.418152800000000070e+03,1.008198000000000008e+02
1.418155299999999897e+03,1.008258000000000010e+02
1.418157699999999977e+03,1.007133000000000038e+02
1.418160200000000032e+03,1.004993999999999943e+02
1.418162600000000111e+03,1.002630999999999943e+02
1.418164999999999964e+03,1.001101000000000028e+02
1.418167500000000018e+03,1.000956999999999937e+02
1.418169900000000098e+03,1.001828000000000003e+02
1.418172399999999925e+03,1.002832999999999970e+02
1.418174800000000005e+03,1.003319000000000045e+02
1.418177200000000084e+03,1.003063999999999965e+02
1.418179699999999912e+03,1.002009999999999934e+02
1.418182099999999991e+03,1.000156000000000063e+02
1.418184600000000046e+03,9.977460000000000662e+01
1.418186999999999898e+03,9.953919999999999391e+01
1.418189499999999953e+03,9.938960000000000150e+01
1.418191900000000032e+03,9.938230000000000075e+01
1.418194300000000112e+03,9.950660000000000593e+01
1.418196799999999939e+03,9.968789999999999907e+01
1.418199200000000019e+03,9.985169999999999391e+01
1.418201700000000073e+03,9.998609999999999332e+01
1.418204099999999926e+03,1.001260000000000048e+02
1.418206500000000005e+03,1.002847000000000008e+02
1.418209000000000060e+03,1.004196000000000026e+02
1.418211399999999912e+03,1.004688000000000017e+02
1.418213899999999967e+03,1.004107000000000056e+02
1.418216300000000047e+03,1.002834000000000003e+02
1.418218800000000101e+03,1.001465000000000032e+02
1.418221199999999953e+03,1.000390000000000015e+02
1.418223600000000033e+03,9.998329999999999984e+01
1.418226100000000088e+03,9.999819999999999709e+01
1.418228499999999940e+03,1.000776000000000039e+02
1.418230999999999995e+03,1.001723999999999961e+02
1.418233400000000074e+03,1.002177999999999969e+02
1.418235799999999927e+03,1.001796999999999969e+02
1.418238299999999981e+03,1.000832999999999942e+02
1.418240700000000061e+03,1.000117000000000047e+02
1.418243199999999888e+03,1.000490000000000066e+02
1.418245599999999968e+03,1.001871000000000009e+02
1.418248000000000047e+03,1.003105999999999938e+02
1.418250500000000102e+03,1.003085999999999984e+02
1.418252899999999954e+03,1.001942999999999984e+02
1.418255400000000009e+03,1.000962999999999994e+02
1.418257800000000088e+03,1.001414999999999935e+02
1.418260299999999916e+03,1.003442000000000007e+02
1.418262699999999995e+03,1.005884999999999962e+02
1.418265100000000075e+03,1.007172000000000054e+02
1.418267599999999902e+03,1.006617999999999995e+02
1.418269999999999982e+03,1.004966000000000008e+02
1.418272500000000036e+03,1.003636000000000053e+02
1.418274899999999889e+03,1.003580999999999932e+02
1.418277299999999968e+03,1.004859000000000009e+02
1.418279800000000023e+03,1.006873999999999967e+02
1.418282200000000103e+03,1.008636999999999944e+02
1.418284699999999930e+03,1.009144000000000005e+02
1.418287100000000009e+03,1.008042999999999978e+02
1.418289600000000064e+03,1.005962999999999994e+02
1.418291999999999916e+03,1.003983000000000061e+02
1.418294399999999996e+03,1.002824999999999989e+02
1.418296900000000051e+03,1.002580999999999989e+02
1.418299299999999903e+03,1.002914999999999992e+02
1.418301799999999957e+03,1.003409000000000049e+02
1.418304200000000037e+03,1.003794999999999931e+02
1.418306599999999889e+03,1.003971999999999980e+02
1.418309099999999944e+03,1.004014999999999986e+02
1.418311500000000024e+03,1.004317999999999955e+02
1.418314000000000078e+03,1.005391999999999939e+02
1.418316399999999931e+03,1.007133999999999929e+02
1.418318800000000010e+03,1.008496999999999986e+02
1.418321300000000065e+03,1.008359999999999985e+02
1.418323699999999917e+03,1.006709000000000032e+02
1.418326199999999972e+03,1.004718000000000018e+02
1.418328600000000051e+03,1.003860999999999990e+02
1.418331100000000106e+03,1.004994999999999976e+02
1.418333499999999958e+03,1.007750000000000057e+02
1.418335900000000038e+03,1.010618000000000052e+02
1.418338400000000092e+03,1.012009000000000043e+02
1.418340799999999945e+03,1.011486000000000018e+02
1.418343299999999999e+03,1.009804000000000030e+02
1.418345700000000079e+03,1.007848999999999933e+02
1.418348099999999931e+03,1.005919999999999987e+02
1.418350599999999986e+03,1.004077000000000055e+02
1.418353000000000065e+03,1.002608000000000033e+02
1.418355499999999893e+03,1.001753999999999962e+02
1.418357899999999972e+03,1.001329999999999956e+02
1.418360400000000027e+03,1.001116999999999990e+02
1.418362800000000107e+03,1.001350000000000051e+02
1.418365199999999959e+03,1.002220999999999975e+02
1.418367700000000013e+03,1.003087000000000018e+02
1.418370100000000093e+03,1.002788999999999930e+02
1.418372599999999920e+03,1.000831000000000017e+02
1.418375000000000000e+03,9.979410000000000025e+01
1.418377400000000080e+03,9.953959999999999297e+01
1.418379899999999907e+03,9.939279999999999404e+01
1.418382299999999987e+03,9.933639999999999759e+01
1.418384800000000041e+03,9.932170000000000698e+01
1.418387199999999893e+03,9.934499999999999886e+01
1.418389599999999973e+03,9.944899999999999807e+01
1.418392100000000028e+03,9.965590000000000259e+01
1.418394500000000107e+03,9.992130000000000223e+01
1.418396999999999935e+03,1.001697000000000060e+02
1.418399400000000014e+03,1.003614000000000033e+02
1.418401900000000069e+03,1.005053000000000054e+02
1.418404299999999921e+03,1.006158999999999963e+02
1.418406700000000001e+03,1.006890999999999963e+02
1.418409200000000055e+03,1.007267999999999972e+02
1.418411599999999908e+03,1.007554999999999978e+02
1.418414099999999962e+03,1.008007000000000062e+02
1.418416500000000042e+03,1.008549000000000007e+02
1.418418899999999894e+03,1.008889999999999958e+02
1.418421399999999949e+03,1.008815000000000026e+02
1.418423800000000028e+03,1.008276999999999930e+02
1.418426300000000083e+03,1.007245000000000061e+02
1.418428699999999935e+03,1.005550999999999959e+02
1.418431199999999990e+03,1.003019000000000034e+02
1.418433600000000069e+03,9.999110000000000298e+01
1.418435999999999922e+03,9.971250000000000568e+01
1.418438499999999976e+03,9.956300000000000239e+01
1.418440900000000056e+03,9.957229999999999848e+01
1.418443400000000111e+03,9.969989999999999952e+01
1.418445799999999963e+03,9.988689999999999714e+01
1.418448200000000043e+03,1.000798000000000059e+02
1.418450700000000097e+03,1.002181999999999960e+02
1.418453099999999949e+03,1.002446999999999946e+02
1.418455600000000004e+03,1.001475999999999971e+02
1.418458000000000084e+03,9.998260000000000502e+01
1.418460399999999936e+03,9.982850000000000534e+01
1.418462899999999991e+03,9.971559999999999491e+01
1.418465300000000070e+03,9.960689999999999600e+01
1.418467799999999897e+03,9.946200000000000330e+01
1.418470199999999977e+03,9.930599999999999739e+01
1.418472700000000032e+03,9.921970000000000312e+01
1.418475100000000111e+03,9.926189999999999714e+01
1.418477499999999964e+03,9.940840000000000032e+01
1.418480000000000018e+03,9.957049999999999557e+01
1.418482400000000098e+03,9.967570000000000618e+01
1.418484899999999925e+03,9.973000000000000398e+01
1.418487300000000005e+03,9.980570000000000164e+01
1.418489700000000084e+03,9.997499999999999432e+01
1.418492199999999912e+03,1.002403999999999940e+02
1.418494599999999991e+03,1.005097999999999985e+02
1.418497100000000046e+03,1.006517999999999944e+02
1.418499499999999898e+03,1.006052999999999997e+02
1.418501999999999953e+03,1.004264000000000010e+02
1.418504400000000032e+03,1.002112999999999943e+02
1.418506800000000112e+03,9.999729999999999563e+01
1.418509299999999939e+03,9.976949999999999363e+01
1.418511700000000019e+03,9.955710000000000548e+01
1.418514200000000073e+03,9.947180000000000177e+01
1.418516599999999926e+03,9.960509999999999309e+01
1.418519000000000005e+03,9.990210000000000434e+01
1.418521500000000060e+03,1.001766999999999967e+02
1.418523899999999912e+03,1.002558999999999969e+02
1.418526399999999967e+03,1.001026999999999987e+02
1.418528800000000047e+03,9.982410000000000139e+01
1.418531199999999899e+03,9.958469999999999800e+01
1.418533699999999953e+03,9.949819999999999709e+01
1.418536100000000033e+03,9.956289999999999907e+01
1.418538600000000088e+03,9.967749999999999488e+01
1.418540999999999940e+03,9.972480000000000189e+01
1.418543499999999995e+03,9.966570000000000107e+01
1.418545900000000074e+03,9.956419999999999959e+01
1.418548299999999927e+03,9.952370000000000516e+01
1.418550799999999981e+03,9.960370000000000346e+01
1.418553200000000061e+03,9.979030000000000200e+01
1.418555699999999888e+03,1.000206000000000017e+02
1.418558099999999968e+03,1.002205000000000013e+02
1.418560500000000047e+03,1.003332999999999942e+02
1.418563000000000102e+03,1.003396999999999935e+02
1.418565399999999954e+03,1.002749000000000024e+02
1.418567900000000009e+03,1.002275000000000063e+02
1.418570300000000088e+03,1.002959000000000032e+02
1.418572799999999916e+03,1.005138000000000034e+02
1.418575199999999995e+03,1.008110999999999962e+02
1.418577600000000075e+03,1.010555999999999983e+02
1.418580099999999902e+03,1.011336000000000013e+02
1.418582499999999982e+03,1.010046999999999997e+02
1.418585000000000036e+03,1.007241000000000071e+02
1.418587399999999889e+03,1.004398000000000053e+02
1.418589799999999968e+03,1.003324999999999960e+02
1.418592300000000023e+03,1.004933999999999941e+02
1.418594700000000103e+03,1.008366000000000042e+02
1.418597199999999930e+03,1.011463999999999999e+02
1.418599600000000009e+03,1.012305999999999955e+02
1.418602100000000064e+03,1.010474999999999994e+02
1.418604499999999916e+03,1.007125999999999948e+02
1.418606899999999996e+03,1.004065999999999974e+02
1.418609400000000051e+03,1.002647999999999939e+02
1.418611799999999903e+03,1.003153999999999968e+02
1.418614299999999957e+03,1.004797999999999973e+02
1.418616700000000037e+03,1.006276000000000010e+02
1.418619099999999889e+03,1.006574999999999989e+02
1.418621599999999944e+03,1.005572999999999979e+02
1.418624000000000024e+03,1.003971999999999980e+02
1.418626500000000078e+03,1.002643999999999949e+02
1.418628899999999931e+03,1.002022000000000048e+02
1.418631300000000010e+03,1.002051000000000016e+02
1.418633800000000065e+03,1.002489000000000061e+02
1.418636199999999917e+03,1.003019000000000034e+02
1.418638699999999972e+03,1.003208999999999946e+02
1.418641100000000051e+03,1.002686999999999955e+02
1.418643600000000106e+03,1.001538999999999930e+02
1.418645999999999958e+03,1.000464999999999947e+02
1.418648400000000038e+03,1.000409999999999968e+02
1.418650900000000092e+03,1.001824000000000012e+02
1.418653299999999945e+03,1.004119000000000028e+02
1.418655799999999999e+03,1.005849999999999937e+02
1.418658200000000079e+03,1.005665999999999940e+02
1.418660599999999931e+03,1.003310000000000031e+02
1.418663099999999986e+03,9.999129999999999541e+01
1.418665500000000065e+03,9.973690000000000566e+01
1.418667999999999893e+03,9.970850000000000080e+01
1.418670399999999972e+03,9.989759999999999707e+01
1.418672900000000027e+03,1.001584000000000003e+02
1.418675300000000107e+03,1.003264000000000067e+02
1.418677699999999959e+03,1.003376999999999981e+02
1.418680200000000013e+03,1.002507999999999981e+02
1.418682600000000093e+03,1.001730000000000018e+02
1.418685099999999920e+03,1.001650999999999954e+02
1.418687500000000000e+03,1.002031999999999954e+02
1.418689900000000080e+03,1.002205000000000013e+02
1.418692399999999907e+03,1.001795000000000044e+02
1.418694799999999987e+03,1.001101000000000028e+02
1.418697300000000041e+03,1.000863999999999976e+02
1.418699699999999893e+03,1.001728999999999985e+02
1.418702099999999973e+03,1.003795999999999964e+02
1.418704600000000028e+03,1.006490000000000009e+02
1.418707000000000107e+03,1.008753999999999991e+02
1.418709499999999935e+03,1.009629999999999939e+02
1.418711900000000014e+03,1.008896000000000015e+02
1.418714400000000069e+03,1.007184000000000026e+02
1.418716799999999921e+03,1.005442000000000036e+02
1.418719200000000001e+03,1.004252999999999929e+02
1.418721700000000055e+03,1.003563000000000045e+02
1.418724099999999908e+03,1.002943999999999960e+02
1.418726599999999962e+03,1.002052999999999940e+02
1.418729000000000042e+03,1.000902999999999992e+02
1.418731399999999894e+03,9.998730000000000473e+01
1.418733899999999949e+03,9.994809999999999661e+01
1.418736300000000028e+03,9.999479999999999791e+01
1.418738800000000083e+03,1.000896000000000043e+02
1.418741199999999935e+03,1.001672999999999973e+02
1.418743699999999990e+03,1.002026000000000039e+02
1.418746100000000069e+03,1.002296000000000049e+02
1.418748499999999922e+03,1.003130000000000024e+02
1.418750999999999976e+03,1.005167000000000002e+02
1.418753400000000056e+03,1.008607999999999976e+02
1.418755900000000111e+03,1.012626000000000062e+02
1.418758299999999963e+03,1.015444999999999993e+02
1.418760700000000043e+03,1.015450000000000017e+02
1.418763200000000097e+03,1.012386000000000053e+02
1.418765599999999949e+03,1.007497000000000043e+02
1.418768100000000004e+03,1.002544999999999931e+02
1.418770500000000084e+03,9.987470000000000425e+01
1.418772899999999936e+03,9.966200000000000614e+01
1.418775399999999991e+03,9.963720000000000709e+01
1.418777800000000070e+03,9.978230000000000643e+01
1.418780299999999897e+03,9.999699999999999989e+01
1.418782699999999977e+03,1.001315000000000026e+02
1.418785200000000032e+03,1.001038999999999959e+02
1.418787600000000111e+03,9.996189999999999998e+01
1.418789999999999964e+03,9.981799999999999784e+01
1.418792500000000018e+03,9.975350000000000250e+01
1.418794900000000098e+03,9.979009999999999536e+01
1.418797399999999925e+03,9.991779999999999973e+01
1.418799800000000005e+03,1.001206999999999994e+02
1.418802200000000084e+03,1.003761999999999972e+02
1.418804699999999912e+03,1.006444000000000045e+02
1.418807099999999991e+03,1.008726999999999947e+02
1.418809600000000046e+03,1.010120000000000005e+02
1.418811999999999898e+03,1.010253000000000014e+02
1.418814499999999953e+03,1.009067000000000007e+02
1.418816900000000032e+03,1.007055000000000007e+02
1.418819300000000112e+03,1.005050999999999988e+02
1.418821799999999939e+03,1.003602000000000061e+02
1.418824200000000019e+03,1.002634999999999934e+02
1.418826700000000073e+03,1.001770999999999958e+02
1.418829099999999926e+03,1.000879000000000048e+02
1.418831500000000005e+03,1.000302999999999969e+02
1.418834000000000060e+03,1.000687999999999960e+02
1.418836399999999912e+03,1.002485000000000070e+02
1.418838899999999967e+03,1.005400999999999954e+02
1.418841300000000047e+03,1.008254000000000019e+02
1.418843800000000101e+03,1.009638999999999953e+02
1.418846199999999953e+03,1.008977000000000004e+02
1.418848600000000033e+03,1.006997000000000071e+02
1.418851100000000088e+03,1.005220999999999947e+02
1.418853499999999940e+03,1.004877000000000038e+02
1.418855999999999995e+03,1.006024000000000029e+02
1.418858400000000074e+03,1.007460999999999984e+02
1.418860799999999927e+03,1.007659000000000020e+02
1.418863299999999981e+03,1.006058000000000021e+02
1.418865700000000061e+03,1.003485000000000014e+02
1.418868199999999888e+03,1.001239999999999952e+02
1.418870599999999968e+03,9.998510000000000275e+01
1.418873000000000047e+03,9.988849999999999341e+01
1.418875500000000102e+03,9.977309999999999945e+01
1.418877899999999954e+03,9.963490000000000180e+01
1.418880400000000009e+03,9.953000000000000114e+01
1.418882800000000088e+03,9.952379999999999427e+01
1.418885299999999916e+03,9.962669999999999959e+01
1.418887699999999995e+03,9.977439999999999998e+01
1.418890100000000075e+03,9.987969999999999970e+01
1.418892599999999902e+03,9.990909999999999513e+01
1.418894999999999982e+03,9.990370000000000061e+01
1.418897500000000036e+03,9.993160000000000309e+01
1.418899899999999889e+03,1.000365000000000038e+02
1.418902299999999968e+03,1.002082000000000050e+02
1.418904800000000023e+03,1.003735000000000070e+02
1.418907200000000103e+03,1.004470000000000027e+02
1.418909699999999930e+03,1.004284999999999997e+02
1.418912100000000009e+03,1.004295999999999935e+02
1.418914600000000064e+03,1.005568999999999988e+02
1.418916999999999916e+03,1.007814000000000050e+02
1.418919399999999996e+03,1.009561999999999955e+02
1.418921900000000051e+03,1.009608000000000061e+02
1.418924299999999903e+03,1.008121000000000009e+02
1.418926799999999957e+03,1.006347999999999985e+02
1.418929200000000037e+03,1.005382000000000033e+02
1.418931599999999889e+03,1.005274000000000001e+02
1.418934099999999944e+03,1.005207000000000050e+02
1.418936500000000024e+03,1.004347999999999956e+02
1.418939000000000078e+03,1.002562999999999960e+02
1.418941399999999931e+03,1.000580000000000069e+02
1.418943800000000010e+03,9.995680000000000121e+01
1.418946300000000065e+03,1.000288999999999930e+02
1.418948699999999917e+03,1.002343000000000046e+02
1.418951199999999972e+03,1.004338999999999942e+02
1.418953600000000051e+03,1.005151999999999930e+02
1.418956100000000106e+03,1.005092000000000070e+02
1.418958499999999958e+03,1.005536000000000030e+02
1.418960900000000038e+03,1.007352999999999952e+02
1.418963400000000092e+03,1.009969999999999999e+02
1.418965799999999945e+03,1.012034000000000020e+02
1.418968299999999999e+03,1.012524999999999977e+02
1.418970700000000079e+03,1.011128999999999962e+02
1.418973099999999931e+03,1.008179999999999978e+02
1.418975599999999986e+03,1.004585000000000008e+02
1.418978000000000065e+03,1.001516000000000020e+02
1.418980499999999893e+03,9.998749999999999716e+01
1.418982899999999972e+03,9.999720000000000653e+01
1.418985400000000027e+03,1.001535999999999973e+02
1.418987800000000107e+03,1.003905000000000030e+02
1.418990199999999959e+03,1.006356999999999999e+02
1.418992700000000013e+03,1.008448999999999955e+02
1.418995100000000093e+03,1.010106999999999999e+02
1.418997599999999920e+03,1.011440000000000055e+02
1.419000000000000000e+03,1.012412000000000063e+02
1.419002400000000080e+03,1.012639999999999958e+02
1.419004899999999907e+03,1.011743000000000023e+02
1.419007299999999987e+03,1.010053999999999945e+02
1.419009800000000041e+03,1.008686000000000007e+02
1.419012199999999893e+03,1.008520000000000039e+02
1.419014599999999973e+03,1.009278999999999940e+02
1.419017100000000028e+03,1.009898000000000025e+02
1.419019500000000107e+03,1.009762999999999948e+02
1.419021999999999935e+03,1.009295000000000044e+02
1.419024400000000014e+03,1.009222000000000037e+02
1.419026900000000069e+03,1.009438999999999993e+02
1.419029299999999921e+03,1.008982000000000028e+02
1.419031700000000001e+03,1.007197000000000031e+02
1.419034200000000055e+03,1.004543000000000035e+02
1.419036599999999908e+03,1.002031000000000063e+02
1.419039099999999962e+03,1.000228000000000037e+02
1.419041500000000042e+03,9.990919999999999845e+01
1.419043899999999894e+03,9.984059999999999491e+01
1.419046399999999949e+03,9.979869999999999663e+01
1.419048800000000028e+03,9.977280000000000371e+01
1.419051300000000083e+03,9.977979999999999450e+01
1.419053699999999935e+03,9.986889999999999645e+01
1.419056199999999990e+03,1.000764999999999958e+02
1.419058600000000069e+03,1.003802000000000021e+02
1.419060999999999922e+03,1.007018999999999949e+02
1.419063499999999976e+03,1.009510999999999967e+02
1.419065900000000056e+03,1.010768000000000058e+02
1.419068400000000111e+03,1.010992999999999995e+02
1.419070799999999963e+03,1.011039999999999992e+02
1.419073200000000043e+03,1.011867000000000019e+02
1.419075700000000097e+03,1.013813999999999993e+02
1.419078099999999949e+03,1.016364999999999981e+02
1.419080600000000004e+03,1.018635000000000019e+02
1.419083000000000084e+03,1.020044000000000040e+02
1.419085399999999936e+03,1.020442000000000036e+02
1.419087899999999991e+03,1.019836999999999989e+02
1.419090300000000070e+03,1.018315999999999946e+02
1.419092799999999897e+03,1.016143000000000001e+02
1.419095199999999977e+03,1.013753999999999991e+02
1.419097700000000032e+03,1.011642999999999972e+02
1.419100100000000111e+03,1.010207000000000050e+02
1.419102499999999964e+03,1.009479999999999933e+02
1.419105000000000018e+03,1.009127000000000010e+02
1.419107400000000098e+03,1.008850000000000051e+02
1.419109899999999925e+03,1.008667999999999978e+02
1.419112300000000005e+03,1.008658999999999963e+02
1.419114700000000084e+03,1.008616999999999990e+02
1.419117199999999912e+03,1.008188999999999993e+02
1.419119599999999991e+03,1.007305999999999955e+02
1.419122100000000046e+03,1.006410000000000053e+02
1.419124499999999898e+03,1.006243000000000052e+02
1.419126999999999953e+03,1.007292999999999950e+02
1.419129400000000032e+03,1.009386999999999972e+02
1.419131800000000112e+03,1.011850000000000023e+02
1.419134299999999939e+03,1.014103000000000065e+02
1.419136700000000019e+03,1.016082999999999998e+02
1.419139200000000073e+03,1.018008999999999986e+02
1.419141599999999926e+03,1.019677999999999969e+02
1.419144000000000005e+03,1.020215000000000032e+02
1.419146500000000060e+03,1.018911999999999978e+02
1.419148899999999912e+03,1.016341000000000037e+02
1.419151399999999967e+03,1.014257000000000062e+02
1.419153800000000047e+03,1.014164999999999992e+02
1.419156199999999899e+03,1.016025999999999954e+02
1.419158699999999953e+03,1.018352000000000004e+02
1.419161100000000033e+03,1.019428999999999945e+02
1.419163600000000088e+03,1.018473999999999933e+02
1.419165999999999940e+03,1.015871000000000066e+02
1.419168499999999995e+03,1.012762000000000029e+02
1.419170900000000074e+03,1.010486999999999966e+02
1.419173299999999927e+03,1.009890000000000043e+02
1.419175799999999981e+03,1.010815999999999946e+02
1.419178200000000061e+03,1.012329000000000008e+02
1.419180699999999888e+03,1.013410999999999973e+02
1.419183099999999968e+03,1.013468000000000018e+02
1.419185500000000047e+03,1.012562000000000069e+02
1.419188000000000102e+03,1.011462999999999965e+02
1.419190399999999954e+03,1.011186000000000007e+02
1.419192900000000009e+03,1.012064000000000021e+02
1.419195300000000088e+03,1.013388000000000062e+02
1.419197799999999916e+03,1.014107000000000056e+02
1.419200199999999995e+03,1.013696999999999946e+02
1.419202600000000075e+03,1.012348999999999961e+02
1.419205099999999902e+03,1.010571000000000055e+02
1.419207499999999982e+03,1.008840000000000003e+02
1.419210000000000036e+03,1.007531000000000034e+02
1.419212399999999889e+03,1.006957000000000022e+02
1.419214799999999968e+03,1.007216999999999985e+02
1.419217300000000023e+03,1.007944999999999993e+02
1.419219700000000103e+03,1.008418000000000063e+02
1.419222199999999930e+03,1.008126000000000033e+02
1.419224600000000009e+03,1.007256000000000000e+02
1.419227100000000064e+03,1.006491999999999933e+02
1.419229499999999916e+03,1.006233000000000004e+02
1.419231899999999996e+03,1.006146999999999991e+02
1.419234400000000051e+03,1.005631000000000057e+02
1.419236799999999903e+03,1.004681000000000068e+02
1.419239299999999957e+03,1.004029000000000025e+02
1.419241700000000037e+03,1.004311000000000007e+02
1.419244099999999889e+03,1.005267999999999944e+02
1.419246599999999944e+03,1.006046000000000049e+02
1.419249000000000024e+03,1.006158999999999963e+02
1.419251500000000078e+03,1.005940999999999974e+02
1.419253899999999931e+03,1.006050000000000040e+02
1.419256300000000010e+03,1.006741999999999990e+02
1.419258800000000065e+03,1.007738999999999976e+02
1.419261199999999917e+03,1.008606999999999942e+02
1.419263699999999972e+03,1.009076000000000022e+02
1.419266100000000051e+03,1.009078999999999979e+02
1.419268600000000106e+03,1.008765999999999963e+02
1.419270999999999958e+03,1.008594999999999970e+02
1.419273400000000038e+03,1.009140000000000015e+02
1.419275900000000092e+03,1.010532000000000039e+02
1.419278299999999945e+03,1.012139999999999986e+02
1.419280799999999999e+03,1.013037000000000063e+02
1.419283200000000079e+03,1.012759999999999962e+02
1.419285599999999931e+03,1.011641000000000048e+02
1.419288099999999986e+03,1.010584000000000060e+02
1.419290500000000065e+03,1.010504999999999995e+02
1.419292999999999893e+03,1.011728999999999985e+02
1.419295399999999972e+03,1.013840000000000003e+02
1.419297900000000027e+03,1.016145000000000067e+02
1.419300300000000107e+03,1.018243999999999971e+02
1.419302699999999959e+03,1.020177999999999940e+02
1.419305200000000013e+03,1.022137000000000029e+02
1.419307600000000093e+03,1.023982000000000028e+02
1.419310099999999920e+03,1.025023999999999944e+02
1.419312500000000000e+03,1.024437999999999960e+02
1.419314900000000080e+03,1.022031999999999954e+02
1.419317399999999907e+03,1.018530999999999977e+02
1.419319799999999987e+03,1.015095000000000027e+02
1.419322300000000041e+03,1.012614999999999981e+02
1.419324699999999893e+03,1.011411999999999978e+02
1.419327099999999973e+03,1.011337999999999937e+02
1.419329600000000028e+03,1.011970000000000027e+02
1.419332000000000107e+03,1.012857999999999947e+02
1.419334499999999935e+03,1.013765999999999963e+02
1.419336900000000014e+03,1.014604999999999961e+02
1.419339400000000069e+03,1.015066000000000059e+02
1.419341799999999921e+03,1.014462000000000046e+02
1.419344200000000001e+03,1.012235000000000014e+02
1.419346700000000055e+03,1.008705999999999960e+02
1.419349099999999908e+03,1.005164000000000044e+02
1.419351599999999962e+03,1.002997000000000014e+02
1.419354000000000042e+03,1.002741999999999933e+02
1.419356399999999894e+03,1.004035999999999973e+02
1.419358899999999949e+03,1.006235000000000070e+02
1.419361300000000028e+03,1.008813999999999993e+02
1.419363800000000083e+03,1.011240999999999985e+02
1.419366199999999935e+03,1.012823999999999955e+02
1.419368699999999990e+03,1.012994999999999948e+02
1.419371100000000069e+03,1.011889000000000038e+02
1.419373499999999922e+03,1.010514000000000010e+02
1.419375999999999976e+03,1.010083000000000055e+02
1.419378400000000056e+03,1.011162000000000063e+02
1.419380900000000111e+03,1.013477000000000032e+02
1.419383299999999963e+03,1.016264999999999930e+02
1.419385700000000043e+03,1.018701999999999970e+02
1.419388200000000097e+03,1.020362999999999971e+02
1.419390599999999949e+03,1.021375000000000028e+02
1.419393100000000004e+03,1.021842000000000041e+02
1.419395500000000084e+03,1.021332000000000022e+02
1.419397899999999936e+03,1.019453000000000031e+02
1.419400399999999991e+03,1.016842999999999932e+02
1.419402800000000070e+03,1.014967999999999932e+02
1.419405299999999897e+03,1.014848999999999961e+02
1.419407699999999977e+03,1.016299000000000063e+02
1.419410200000000032e+03,1.018354000000000070e+02
1.419412600000000111e+03,1.020049000000000063e+02
1.419414999999999964e+03,1.020780000000000030e+02
1.419417500000000018e+03,1.020387000000000057e+02
1.419419900000000098e+03,1.019201000000000050e+02
1.419422399999999925e+03,1.017835000000000036e+02
1.419424800000000005e+03,1.016709000000000032e+02
1.419427200000000084e+03,1.015802999999999940e+02
1.419429699999999912e+03,1.014899000000000058e+02
1.419432099999999991e+03,1.014033000000000015e+02
1.419434600000000046e+03,1.013629999999999995e+02
1.419436999999999898e+03,1.014091999999999985e+02
1.419439499999999953e+03,1.015264999999999986e+02
1.419441900000000032e+03,1.016584000000000003e+02
1.419444300000000112e+03,1.017784000000000049e+02
1.419446799999999939e+03,1.019064000000000050e+02
1.419449200000000019e+03,1.020430000000000064e+02
1.419451700000000073e+03,1.021512000000000029e+02
1.419454099999999926e+03,1.022258000000000067e+02
1.419456500000000005e+03,1.023247000000000071e+02
1.419459000000000060e+03,1.025007999999999981e+02
1.419461399999999912e+03,1.027396999999999991e+02
1.419463899999999967e+03,1.029825000000000017e+02
1.419466300000000047e+03,1.031717000000000013e+02
1.419468800000000101e+03,1.032544999999999931e+02
1.419471199999999953e+03,1.031702999999999975e+02
1.419473600000000033e+03,1.028837999999999937e+02
1.419476100000000088e+03,1.024470000000000027e+02
1.419478499999999940e+03,1.019946999999999946e+02
1.419480999999999995e+03,1.016432999999999964e+02
1.419483400000000074e+03,1.013987000000000052e+02
1.419485799999999927e+03,1.011835999999999984e+02
1.419488299999999981e+03,1.009416999999999973e+02
1.419490700000000061e+03,1.006907999999999959e+02
1.419493199999999888e+03,1.004906000000000006e+02
1.419495599999999968e+03,1.003883000000000010e+02
1.419498000000000047e+03,1.003975999999999971e+02
1.419500500000000102e+03,1.005121000000000038e+02
1.419502899999999954e+03,1.007227000000000032e+02
1.419505400000000009e+03,1.010112000000000023e+02
1.419507800000000088e+03,1.013362999999999943e+02
1.419510299999999916e+03,1.016436999999999955e+02
1.419512699999999995e+03,1.018862000000000023e+02
1.419515100000000075e+03,1.020212999999999965e+02
1.419517599999999902e+03,1.020203000000000060e+02
1.419519999999999982e+03,1.019145999999999930e+02
1.419522500000000036e+03,1.017998000000000047e+02
1.419524899999999889e+03,1.017553000000000054e+02
1.419527299999999968e+03,1.017774000000000001e+02
1.419529800000000023e+03,1.018080000000000069e+02
1.419532200000000103e+03,1.018054999999999950e+02
1.419534699999999930e+03,1.017681999999999931e+02
1.419537100000000009e+03,1.017039999999999935e+02
1.419539600000000064e+03,1.016038999999999959e+02
1.419541999999999916e+03,1.014579999999999984e+02
1.419544399999999996e+03,1.012818999999999932e+02
1.419546900000000051e+03,1.011059999999999945e+02
1.419549299999999903e+03,1.009581000000000017e+02
1.419551799999999957e+03,1.008778999999999968e+02
1.419554200000000037e+03,1.009200000000000017e+02
1.419556599999999889e+03,1.011088000000000022e+02
1.419559099999999944e+03,1.013980999999999995e+02
1.419561500000000024e+03,1.016932999999999936e+02
1.419564000000000078e+03,1.018996000000000066e+02
1.419566399999999931e+03,1.019543000000000035e+02
1.419568800000000010e+03,1.018529000000000053e+02
1.419571300000000065e+03,1.016617999999999995e+02
1.419573699999999917e+03,1.014758999999999958e+02
1.419576199999999972e+03,1.013452000000000055e+02
1.419578600000000051e+03,1.012575999999999965e+02
1.419581100000000106e+03,1.011898000000000053e+02
1.419583499999999958e+03,1.011504000000000048e+02
1.419585900000000038e+03,1.011679000000000030e+02
1.419588400000000092e+03,1.012640999999999991e+02
1.419590799999999945e+03,1.014449000000000041e+02
1.419593299999999999e+03,1.016966000000000037e+02
1.419595700000000079e+03,1.019741000000000071e+02
1.419598099999999931e+03,1.021991000000000014e+02
1.419600599999999986e+03,1.022840999999999951e+02
1.419603000000000065e+03,1.021718999999999937e+02
1.419605499999999893e+03,1.018678000000000026e+02
1.419607899999999972e+03,1.014518000000000058e+02
1.419610400000000027e+03,1.010627999999999957e+02
1.419612800000000107e+03,1.008344000000000023e+02
1.419615199999999959e+03,1.008021999999999991e+02
1.419617700000000013e+03,1.008752000000000066e+02
1.419620100000000093e+03,1.009271999999999991e+02
1.419622599999999920e+03,1.009102000000000032e+02
1.419625000000000000e+03,1.008723999999999990e+02
1.419627400000000080e+03,1.008940000000000055e+02
1.419629899999999907e+03,1.010306000000000068e+02
1.419632299999999987e+03,1.012935999999999979e+02
1.419634800000000041e+03,1.016487000000000052e+02
1.419637199999999893e+03,1.020199000000000069e+02
1.419639599999999973e+03,1.023108000000000004e+02
1.419642100000000028e+03,1.024581000000000017e+02
1.419644500000000107e+03,1.024819999999999993e+02
1.419646999999999935e+03,1.024762000000000057e+02
1.419649400000000014e+03,1.025328999999999979e+02
1.419651900000000069e+03,1.026674000000000007e+02
1.419654299999999921e+03,1.028034999999999997e+02
1.419656700000000001e+03,1.028338999999999999e+02
1.419659200000000055e+03,1.027082999999999942e+02
1.419661599999999908e+03,1.024776999999999987e+02
1.419664099999999962e+03,1.022550999999999988e+02
1.419666500000000042e+03,1.021206999999999994e+02
1.419668899999999894e+03,1.020574000000000012e+02
1.419671399999999949e+03,1.019809999999999945e+02
1.419673800000000028e+03,1.018439999999999941e+02
1.419676300000000083e+03,1.016927000000000021e+02
1.419678699999999935e+03,1.016004999999999967e+02
1.419681199999999990e+03,1.015682000000000045e+02
1.419683600000000069e+03,1.015350999999999999e+02
1.419685999999999922e+03,1.014718000000000018e+02
1.419688499999999976e+03,1.014107000000000056e+02
1.419690900000000056e+03,1.013853000000000009e+02
1.419693400000000111e+03,1.013855999999999966e+02
1.419695799999999963e+03,1.013736999999999995e+02
1.419698200000000043e+03,1.013138000000000005e+02
1.419700700000000097e+03,1.011970000000000027e+02
1.419703099999999949e+03,1.010647000000000020e+02
1.419705600000000004e+03,1.009936000000000007e+02
1.419708000000000084e+03,1.010284000000000049e+02
1.419710399999999936e+03,1.011338999999999970e+02
1.419712899999999991e+03,1.012229999999999990e+02
1.419715300000000070e+03,1.012177999999999969e+02
1.419717799999999897e+03,1.010840000000000032e+02
1.419720199999999977e+03,1.008418999999999954e+02
1.419722700000000032e+03,1.005772000000000048e+02
1.419725100000000111e+03,1.004301999999999992e+02
1.419727499999999964e+03,1.005280000000000058e+02
1.419730000000000018e+03,1.008892000000000024e+02
1.419732400000000098e+03,1.013954999999999984e+02
1.419734899999999925e+03,1.018659999999999997e+02
1.419737300000000005e+03,1.021651999999999987e+02
1.419739700000000084e+03,1.022560000000000002e+02
1.419742199999999912e+03,1.021809999999999974e+02
1.419744599999999991e+03,1.020177999999999940e+02
1.419747100000000046e+03,1.018519000000000005e+02
1.419749499999999898e+03,1.017664999999999935e+02
1.419751999999999953e+03,1.018168000000000006e+02
1.419754400000000032e+03,1.019976999999999947e+02
1.419756800000000112e+03,1.022472999999999956e+02
1.419759299999999939e+03,1.024916999999999945e+02
1.419761700000000019e+03,1.026778999999999940e+02
1.419764200000000073e+03,1.027721999999999980e+02
1.419766599999999926e+03,1.027553000000000054e+02
1.419769000000000005e+03,1.026346999999999952e+02
1.419771500000000060e+03,1.024495000000000005e+02
1.419773899999999912e+03,1.022471000000000032e+02
1.419776399999999967e+03,1.020554999999999950e+02
1.419778800000000047e+03,1.018872999999999962e+02
1.419781199999999899e+03,1.017703000000000060e+02
1.419783699999999953e+03,1.017446000000000055e+02
1.419786100000000033e+03,1.018021999999999991e+02
1.419788600000000088e+03,1.018632999999999953e+02
1.419790999999999940e+03,1.018516999999999939e+02
1.419793499999999995e+03,1.017677000000000049e+02
1.419795900000000074e+03,1.016560999999999950e+02
1.419798299999999927e+03,1.015339000000000027e+02
1.419800799999999981e+03,1.013829000000000065e+02
1.419803200000000061e+03,1.011988999999999947e+02
1.419805699999999888e+03,1.010249000000000024e+02
1.419808099999999968e+03,1.009243000000000023e+02
1.419810500000000047e+03,1.009128000000000043e+02
1.419813000000000102e+03,1.009287000000000063e+02
1.419815399999999954e+03,1.008931000000000040e+02
1.419817900000000009e+03,1.008015000000000043e+02
1.419820300000000088e+03,1.007416999999999945e+02
1.419822799999999916e+03,1.008169000000000040e+02
1.419825199999999995e+03,1.010488000000000000e+02
1.419827600000000075e+03,1.013408000000000015e+02
1.419830099999999902e+03,1.015344999999999942e+02
1.419832499999999982e+03,1.015283000000000015e+02
1.419835000000000036e+03,1.013567000000000036e+02
1.419837399999999889e+03,1.011505999999999972e+02
1.419839799999999968e+03,1.010200999999999993e+02
1.419842300000000023e+03,1.009907000000000039e+02
1.419844700000000103e+03,1.010416000000000025e+02
1.419847199999999930e+03,1.011726000000000028e+02
1.419849600000000009e+03,1.014056999999999960e+02
1.419852100000000064e+03,1.017278000000000020e+02
1.419854499999999916e+03,1.020610000000000070e+02
1.419856899999999996e+03,1.023148000000000053e+02
1.419859400000000051e+03,1.024557999999999964e+02
1.419861799999999903e+03,1.024976999999999947e+02
1.419864299999999957e+03,1.024369999999999976e+02
1.419866700000000037e+03,1.022554999999999978e+02
1.419869099999999889e+03,1.019937000000000040e+02
1.419871599999999944e+03,1.017681000000000040e+02
1.419874000000000024e+03,1.016744999999999948e+02
1.419876500000000078e+03,1.016928999999999945e+02
1.419878899999999931e+03,1.017206999999999937e+02
1.419881300000000010e+03,1.016871000000000009e+02
1.419883800000000065e+03,1.016082999999999998e+02
1.419886199999999917e+03,1.015400000000000063e+02
1.419888699999999972e+03,1.015063999999999993e+02
1.419891100000000051e+03,1.014823999999999984e+02
1.419893600000000106e+03,1.014264000000000010e+02
1.419895999999999958e+03,1.013226999999999975e+02
1.419898400000000038e+03,1.012014999999999958e+02
1.419900900000000092e+03,1.011239999999999952e+02
1.419903299999999945e+03,1.011423999999999950e+02
1.419905799999999999e+03,1.012648999999999972e+02
1.419908200000000079e+03,1.014609999999999985e+02
1.419910599999999931e+03,1.016970000000000027e+02
1.419913099999999986e+03,1.019433999999999969e+02
1.419915500000000065e+03,1.021600999999999999e+02
1.419917999999999893e+03,1.023161999999999949e+02
1.419920399999999972e+03,1.024377999999999957e+02
1.419922900000000027e+03,1.026119999999999948e+02
1.419925300000000107e+03,1.029175000000000040e+02
1.419927699999999959e+03,1.033378000000000014e+02
1.419930200000000013e+03,1.037464999999999975e+02
1.419932600000000093e+03,1.039946000000000055e+02
1.419935099999999920e+03,1.040195999999999970e+02
1.419937500000000000e+03,1.038710999999999984e+02
1.419939900000000080e+03,1.036584000000000003e+02
1.419942399999999907e+03,1.035082000000000022e+02
1.419944799999999987e+03,1.035558999999999941e+02
1.419947300000000041e+03,1.038992999999999967e+02
1.419949699999999893e+03,1.045010999999999939e+02
1.419952099999999973e+03,1.051469000000000023e+02
1.419954600000000028e+03,1.055634000000000015e+02
1.419957000000000107e+03,1.056102000000000061e+02
1.419959499999999935e+03,1.053456000000000046e+02
1.419961900000000014e+03,1.049181999999999988e+02
1.419964400000000069e+03,1.044574999999999960e+02
1.419966799999999921e+03,1.040601999999999947e+02
1.419969200000000001e+03,1.037939999999999969e+02
1.419971700000000055e+03,1.036710999999999956e+02
1.419974099999999908e+03,1.036401999999999930e+02
1.419976599999999962e+03,1.036230000000000047e+02
1.419979000000000042e+03,1.035681000000000012e+02
1.419981399999999894e+03,1.034836999999999989e+02
1.419983899999999949e+03,1.034205000000000041e+02
1.419986300000000028e+03,1.034198999999999984e+02
1.419988800000000083e+03,1.034813999999999936e+02
1.419991199999999935e+03,1.035741000000000014e+02
1.419993699999999990e+03,1.036804000000000059e+02
1.419996100000000069e+03,1.038226999999999975e+02
1.419998499999999922e+03,1.040287000000000006e+02
1.420000999999999976e+03,1.042720000000000056e+02
1.420003400000000056e+03,1.044752000000000010e+02
1.420005900000000111e+03,1.045828999999999951e+02
1.420008299999999963e+03,1.046218999999999966e+02
1.420010700000000043e+03,1.046680999999999955e+02
1.420013200000000097e+03,1.047563999999999993e+02
1.420015599999999949e+03,1.048418000000000063e+02
1.420018100000000004e+03,1.048462999999999994e+02
1.420020500000000084e+03,1.047115000000000009e+02
1.420022899999999936e+03,1.044221000000000004e+02
1.420025399999999991e+03,1.040253000000000014e+02
1.420027800000000070e+03,1.036286999999999949e+02
1.420030299999999897e+03,1.033417000000000030e+02
1.420032699999999977e+03,1.032159999999999940e+02
1.420035200000000032e+03,1.032711999999999932e+02
1.420037600000000111e+03,1.035451999999999941e+02
1.420039999999999964e+03,1.040292000000000030e+02
1.420042500000000018e+03,1.045326000000000022e+02
1.420044900000000098e+03,1.047201000000000022e+02
1.420047399999999925e+03,1.043846999999999952e+02
1.420049800000000005e+03,1.036570999999999998e+02
1.420052200000000084e+03,1.028854000000000042e+02
1.420054699999999912e+03,1.023409000000000049e+02
1.420057099999999991e+03,1.020784000000000020e+02
1.420059600000000046e+03,1.020193000000000012e+02
1.420061999999999898e+03,1.020929000000000002e+02
1.420064499999999953e+03,1.022882000000000033e+02
1.420066900000000032e+03,1.026039999999999992e+02
1.420069300000000112e+03,1.029792000000000058e+02
1.420071799999999939e+03,1.032853000000000065e+02
1.420074200000000019e+03,1.033961999999999932e+02
1.420076700000000073e+03,1.032674999999999983e+02
1.420079099999999926e+03,1.029705000000000013e+02
1.420081500000000005e+03,1.026578999999999979e+02
1.420084000000000060e+03,1.024689999999999941e+02
1.420086399999999912e+03,1.024455999999999989e+02
1.420088899999999967e+03,1.025434000000000054e+02
1.420091300000000047e+03,1.027062999999999988e+02
1.420093800000000101e+03,1.029026999999999958e+02
1.420096199999999953e+03,1.031047999999999973e+02
1.420098600000000033e+03,1.032716000000000065e+02
1.420101100000000088e+03,1.033661000000000030e+02
1.420103499999999940e+03,1.033756999999999948e+02
1.420105999999999995e+03,1.033101000000000056e+02
1.420108400000000074e+03,1.031736999999999966e+02
1.420110799999999927e+03,1.029449999999999932e+02
1.420113299999999981e+03,1.026050000000000040e+02
1.420115700000000061e+03,1.021885999999999939e+02
1.420118199999999888e+03,1.017916000000000025e+02
1.420120599999999968e+03,1.015169000000000068e+02
1.420123000000000047e+03,1.014180999999999955e+02
1.420125500000000102e+03,1.014903000000000048e+02
1.420127899999999954e+03,1.017000000000000028e+02
1.420130400000000009e+03,1.020027999999999935e+02
1.420132800000000088e+03,1.023298000000000059e+02
1.420135299999999916e+03,1.025815999999999946e+02
1.420137699999999995e+03,1.026637000000000057e+02
1.420140100000000075e+03,1.025362999999999971e+02
1.420142599999999902e+03,1.022404999999999973e+02
1.420144999999999982e+03,1.018909000000000020e+02
1.420147500000000036e+03,1.016355999999999966e+02
1.420149899999999889e+03,1.015909999999999940e+02
1.420152299999999968e+03,1.017777999999999992e+02
1.420154800000000023e+03,1.020995999999999952e+02
1.420157200000000103e+03,1.023880999999999943e+02
1.420159699999999930e+03,1.024911000000000030e+02
1.420162100000000009e+03,1.023563999999999936e+02
1.420164600000000064e+03,1.020789000000000044e+02
1.420166999999999916e+03,1.018566000000000003e+02
1.420169399999999996e+03,1.018449999999999989e+02
1.420171900000000051e+03,1.020311999999999983e+02
1.420174299999999903e+03,1.022639999999999958e+02
1.420176799999999957e+03,1.023963999999999999e+02
1.420179200000000037e+03,1.023733000000000004e+02
1.420181599999999889e+03,1.022120000000000033e+02
1.420184099999999944e+03,1.019628000000000014e+02
1.420186500000000024e+03,1.017042000000000002e+02
1.420189000000000078e+03,1.015424000000000007e+02
1.420191399999999931e+03,1.015823000000000036e+02
1.420193800000000010e+03,1.018722000000000065e+02
1.420196300000000065e+03,1.023511000000000024e+02
1.420198699999999917e+03,1.028546000000000049e+02
1.420201199999999972e+03,1.031912999999999982e+02
1.420203600000000051e+03,1.032459000000000060e+02
1.420206100000000106e+03,1.030375999999999976e+02
1.420208499999999958e+03,1.027039999999999935e+02
1.420210900000000038e+03,1.024218000000000046e+02
1.420213400000000092e+03,1.023041000000000054e+02
1.420215799999999945e+03,1.023397999999999968e+02
1.420218299999999999e+03,1.024231999999999942e+02
1.420220700000000079e+03,1.024530000000000030e+02
1.420223099999999931e+03,1.024102000000000032e+02
1.420225599999999986e+03,1.023538000000000068e+02
1.420228000000000065e+03,1.023584000000000032e+02
1.420230499999999893e+03,1.024681999999999960e+02
1.420232899999999972e+03,1.026773000000000025e+02
1.420235400000000027e+03,1.029149000000000029e+02
1.420237800000000107e+03,1.030643000000000029e+02
1.420240199999999959e+03,1.030630000000000024e+02
1.420242700000000013e+03,1.029932000000000016e+02
1.420245100000000093e+03,1.030207999999999942e+02
1.420247599999999920e+03,1.032139999999999986e+02
1.420250000000000000e+03,1.034599999999999937e+02
1.420252400000000080e+03,1.035812999999999988e+02
1.420254899999999907e+03,1.035045999999999964e+02
1.420257299999999987e+03,1.033067000000000064e+02
1.420259800000000041e+03,1.031290000000000049e+02
1.420262199999999893e+03,1.030648999999999944e+02
1.420264599999999973e+03,1.031103999999999985e+02
1.420267100000000028e+03,1.031955999999999989e+02
1.420269500000000107e+03,1.032554999999999978e+02
1.420271999999999935e+03,1.032665999999999968e+02
1.420274400000000014e+03,1.032293999999999983e+02
1.420276900000000069e+03,1.031466000000000065e+02
1.420279299999999921e+03,1.030367999999999995e+02
1.420281700000000001e+03,1.029450999999999965e+02
1.420284200000000055e+03,1.029057999999999993e+02
1.420286599999999908e+03,1.028983999999999952e+02
1.420289099999999962e+03,1.028705999999999960e+02
1.420291500000000042e+03,1.028032999999999930e+02
1.420293899999999894e+03,1.027330999999999932e+02
1.420296399999999949e+03,1.027138000000000062e+02
1.420298800000000028e+03,1.027702000000000027e+02
1.420301300000000083e+03,1.028924999999999983e+02
1.420303699999999935e+03,1.030528999999999940e+02
1.420306199999999990e+03,1.032065000000000055e+02
1.420308600000000069e+03,1.032861999999999938e+02
1.420310999999999922e+03,1.032332999999999998e+02
1.420313499999999976e+03,1.030580999999999960e+02
1.420315900000000056e+03,1.028637999999999977e+02
1.420318400000000111e+03,1.027866999999999962e+02
1.420320799999999963e+03,1.028906000000000063e+02
1.420323200000000043e+03,1.031227999999999980e+02
1.420325700000000097e+03,1.033759000000000015e+02
1.420328099999999949e+03,1.035790999999999968e+02
1.420330600000000004e+03,1.037220999999999975e+02
1.420333000000000084e+03,1.038187999999999960e+02
1.420335399999999936e+03,1.038718999999999966e+02
1.420337899999999991e+03,1.038723999999999990e+02
1.420340300000000070e+03,1.038268000000000058e+02
1.420342799999999897e+03,1.037836999999999961e+02
1.420345199999999977e+03,1.038221000000000060e+02
1.420347700000000032e+03,1.039801999999999964e+02
1.420350100000000111e+03,1.041843999999999966e+02
1.420352499999999964e+03,1.042768999999999977e+02
1.420355000000000018e+03,1.041508999999999929e+02
1.420357400000000098e+03,1.038575000000000017e+02
1.420359899999999925e+03,1.035645999999999987e+02
1.420362300000000005e+03,1.034274999999999949e+02
1.420364700000000084e+03,1.035057999999999936e+02
1.420367199999999912e+03,1.037548000000000030e+02
1.420369599999999991e+03,1.040566000000000031e+02
1.420372100000000046e+03,1.042917999999999950e+02
1.420374499999999898e+03,1.044265000000000043e+02
1.420376999999999953e+03,1.045323999999999955e+02
1.420379400000000032e+03,1.047113999999999976e+02
1.420381800000000112e+03,1.050090000000000003e+02
1.420384299999999939e+03,1.053945999999999970e+02
1.420386700000000019e+03,1.058064999999999998e+02
1.420389200000000073e+03,1.062066999999999979e+02
1.420391599999999926e+03,1.065901999999999958e+02
1.420394000000000005e+03,1.069424999999999955e+02
1.420396500000000060e+03,1.072078000000000060e+02
1.420398899999999912e+03,1.073340000000000032e+02
1.420401399999999967e+03,1.073579000000000008e+02
1.420403800000000047e+03,1.074147999999999996e+02
1.420406199999999899e+03,1.076334999999999980e+02
1.420408699999999953e+03,1.080288000000000039e+02
1.420411100000000033e+03,1.085208999999999975e+02
1.420413600000000088e+03,1.090477999999999952e+02
1.420415999999999940e+03,1.096187000000000040e+02
1.420418499999999995e+03,1.102618999999999971e+02
1.420420900000000074e+03,1.109604999999999961e+02
1.420423299999999927e+03,1.116479000000000070e+02
1.420425799999999981e+03,1.122454000000000036e+02
1.420428200000000061e+03,1.127044999999999959e+02
1.420430699999999888e+03,1.130422999999999973e+02
1.420433099999999968e+03,1.133414999999999964e+02
1.420435500000000047e+03,1.136945999999999941e+02
1.420438000000000102e+03,1.141402999999999963e+02
1.420440399999999954e+03,1.146683000000000021e+02
1.420442900000000009e+03,1.152699999999999960e+02
1.420445300000000088e+03,1.159433999999999969e+02
1.420447799999999916e+03,1.166572000000000031e+02
1.420450199999999995e+03,1.173675000000000068e+02
1.420452600000000075e+03,1.180760999999999967e+02
1.420455099999999902e+03,1.188160000000000025e+02
1.420457499999999982e+03,1.195643000000000029e+02
1.420460000000000036e+03,1.202253999999999934e+02
1.420462399999999889e+03,1.207434999999999974e+02
1.420464799999999968e+03,1.211923000000000030e+02
1.420467300000000023e+03,1.217015999999999991e+02
1.420469700000000103e+03,1.223215000000000003e+02
1.420472199999999930e+03,1.229959999999999951e+02
1.420474600000000009e+03,1.236286000000000058e+02
1.420477100000000064e+03,1.241343999999999994e+02
1.420479499999999916e+03,1.244793999999999983e+02
1.420481899999999996e+03,1.247051000000000016e+02
1.420484400000000051e+03,1.248816999999999950e+02
1.420486799999999903e+03,1.250219000000000023e+02
1.420489299999999957e+03,1.250618000000000052e+02
1.420491700000000037e+03,1.249207999999999998e+02
1.420494099999999889e+03,1.245781999999999954e+02
1.420496599999999944e+03,1.241097000000000037e+02
1.420499000000000024e+03,1.236436999999999955e+02
1.420501500000000078e+03,1.232530000000000001e+02
1.420503899999999931e+03,1.228859000000000066e+02
1.420506300000000010e+03,1.224082999999999970e+02
1.420508800000000065e+03,1.217164999999999964e+02
1.420511199999999917e+03,1.208081999999999994e+02
1.420513699999999972e+03,1.197546999999999997e+02
1.420516100000000051e+03,1.186248999999999967e+02
1.420518600000000106e+03,1.174480999999999966e+02
1.420520999999999958e+03,1.162382999999999953e+02
1.420523400000000038e+03,1.150315999999999974e+02
1.420525900000000092e+03,1.138855999999999966e+02
1.420528299999999945e+03,1.128432999999999993e+02
1.420530799999999999e+03,1.119128000000000043e+02
1.420533200000000079e+03,1.110867999999999967e+02
1.420535599999999931e+03,1.103636999999999944e+02
1.420538099999999986e+03,1.097336999999999989e+02
1.420540500000000065e+03,1.091482000000000028e+02
1.420542999999999893e+03,1.085362999999999971e+02
1.420545399999999972e+03,1.078738000000000028e+02
1.420547900000000027e+03,1.072185999999999950e+02
1.420550300000000107e+03,1.066477000000000004e+02
1.420552699999999959e+03,1.061782999999999930e+02
1.420555200000000013e+03,1.057823000000000064e+02
1.420557600000000093e+03,1.054573000000000036e+02
1.420560099999999920e+03,1.052421999999999969e+02
1.420562500000000000e+03,1.051659999999999968e+02
1.420564900000000080e+03,1.052005999999999943e+02
1.420567399999999907e+03,1.052562000000000069e+02
1.420569799999999987e+03,1.052258000000000067e+02
1.420572300000000041e+03,1.050619999999999976e+02
1.420574699999999893e+03,1.048057000000000016e+02
1.420577099999999973e+03,1.045224999999999937e+02
1.420579600000000028e+03,1.042379999999999995e+02
1.420582000000000107e+03,1.039621000000000066e+02
1.420584499999999935e+03,1.037316000000000003e+02
1.420586900000000014e+03,1.035866999999999933e+02
1.420589400000000069e+03,1.035356000000000023e+02
1.420591799999999921e+03,1.035627999999999957e+02
1.420594200000000001e+03,1.036466999999999956e+02
1.420596700000000055e+03,1.037629000000000019e+02
1.420599099999999908e+03,1.038888000000000034e+02
1.420601599999999962e+03,1.040006999999999948e+02
1.420604000000000042e+03,1.040579000000000036e+02
1.420606399999999894e+03,1.040080999999999989e+02
1.420608899999999949e+03,1.038293000000000035e+02
1.420611300000000028e+03,1.035570000000000022e+02
1.420613800000000083e+03,1.032638000000000034e+02
1.420616199999999935e+03,1.030240000000000009e+02
1.420618699999999990e+03,1.028996000000000066e+02
1.420621100000000069e+03,1.029257000000000062e+02
1.420623499999999922e+03,1.030799999999999983e+02
1.420625999999999976e+03,1.032815999999999974e+02
1.420628400000000056e+03,1.034466000000000037e+02
1.420630900000000111e+03,1.035353999999999957e+02
1.420633299999999963e+03,1.035437000000000012e+02
1.420635700000000043e+03,1.034787000000000035e+02
1.420638200000000097e+03,1.033602000000000061e+02
1.420640599999999949e+03,1.032253000000000043e+02
1.420643100000000004e+03,1.031148000000000025e+02
1.420645500000000084e+03,1.030465999999999980e+02
1.420647899999999936e+03,1.029964999999999975e+02
1.420650399999999991e+03,1.028986000000000018e+02
1.420652800000000070e+03,1.026828000000000003e+02
1.420655299999999897e+03,1.023388999999999953e+02
1.420657699999999977e+03,1.019517000000000024e+02
1.420660200000000032e+03,1.016539999999999964e+02
1.420662600000000111e+03,1.015326000000000022e+02
1.420664999999999964e+03,1.015978999999999957e+02
1.420667500000000018e+03,1.018255000000000052e+02
1.420669900000000098e+03,1.021621999999999986e+02
1.420672399999999925e+03,1.024851000000000028e+02
1.420674800000000005e+03,1.026376999999999953e+02
1.420677200000000084e+03,1.025594999999999999e+02
1.420679699999999912e+03,1.023563999999999936e+02
1.420682099999999991e+03,1.022073000000000036e+02
1.420684600000000046e+03,1.022130999999999972e+02
1.420686999999999898e+03,1.023534999999999968e+02
1.420689499999999953e+03,1.025655000000000001e+02
1.420691900000000032e+03,1.028157999999999959e+02
1.420694300000000112e+03,1.030869000000000000e+02
1.420696799999999939e+03,1.033264999999999958e+02
1.420699200000000019e+03,1.034476999999999975e+02
1.420701700000000073e+03,1.033971999999999980e+02
1.420704099999999926e+03,1.032206999999999937e+02
1.420706500000000005e+03,1.030411000000000001e+02
1.420709000000000060e+03,1.029496000000000038e+02
1.420711399999999912e+03,1.029287999999999954e+02
1.420713899999999967e+03,1.029081999999999937e+02
1.420716300000000047e+03,1.028778999999999968e+02
1.420718800000000101e+03,1.028940000000000055e+02
1.420721199999999953e+03,1.029667000000000030e+02
1.420723600000000033e+03,1.030026000000000010e+02
1.420726100000000088e+03,1.028947000000000003e+02
1.420728499999999940e+03,1.026538000000000039e+02
1.420730999999999995e+03,1.024131000000000000e+02
1.420733400000000074e+03,1.023033999999999963e+02
1.420735799999999927e+03,1.023495000000000061e+02
1.420738299999999981e+03,1.024967999999999932e+02
1.420740700000000061e+03,1.026885000000000048e+02
1.420743199999999888e+03,1.028849000000000018e+02
1.420745599999999968e+03,1.030553000000000026e+02
1.420748000000000047e+03,1.031981999999999999e+02
1.420750500000000102e+03,1.033435000000000059e+02
1.420752899999999954e+03,1.034941000000000031e+02
1.420755400000000009e+03,1.035867999999999967e+02
1.420757800000000088e+03,1.035495999999999981e+02
1.420760299999999916e+03,1.033894999999999982e+02
1.420762699999999995e+03,1.031863000000000028e+02
1.420765100000000075e+03,1.029990999999999985e+02
1.420767599999999902e+03,1.028187999999999960e+02
1.420769999999999982e+03,1.026277999999999935e+02
1.420772500000000036e+03,1.024650000000000034e+02
1.420774899999999889e+03,1.023950999999999993e+02
1.420777299999999968e+03,1.024433999999999969e+02
1.420779800000000023e+03,1.025884999999999962e+02
1.420782200000000103e+03,1.027952999999999975e+02
1.420784699999999930e+03,1.030230999999999995e+02
1.420787100000000009e+03,1.032128000000000014e+02
1.420789600000000064e+03,1.033001000000000005e+02
1.420791999999999916e+03,1.032588999999999970e+02
1.420794399999999996e+03,1.031282000000000068e+02
1.420796900000000051e+03,1.029873999999999938e+02
1.420799299999999903e+03,1.029004000000000048e+02
1.420801799999999957e+03,1.028813999999999993e+02
1.420804200000000037e+03,1.029061999999999983e+02
1.420806599999999889e+03,1.029410000000000025e+02
1.420809099999999944e+03,1.029562999999999988e+02
1.420811500000000024e+03,1.029368999999999943e+02
1.420814000000000078e+03,1.028935000000000031e+02
1.420816399999999931e+03,1.028628999999999962e+02
1.420818800000000010e+03,1.028913000000000011e+02
1.420821300000000065e+03,1.030092000000000070e+02
1.420823699999999917e+03,1.032064000000000021e+02
1.420826199999999972e+03,1.034278999999999940e+02
1.420828600000000051e+03,1.036073999999999984e+02
1.420831100000000106e+03,1.037021000000000015e+02
1.420833499999999958e+03,1.036898000000000053e+02
1.420835900000000038e+03,1.035567999999999955e+02
1.420838400000000092e+03,1.033118999999999943e+02
1.420840799999999945e+03,1.030161999999999978e+02
1.420843299999999999e+03,1.027841999999999985e+02
1.420845700000000079e+03,1.027205000000000013e+02
1.420848099999999931e+03,1.028315000000000055e+02
1.420850599999999986e+03,1.030199000000000069e+02
1.420853000000000065e+03,1.031885999999999939e+02
1.420855499999999893e+03,1.033198000000000008e+02
1.420857899999999972e+03,1.034217000000000013e+02
1.420860400000000027e+03,1.034578000000000060e+02
1.420862800000000107e+03,1.033954999999999984e+02
1.420865199999999959e+03,1.032883999999999958e+02
1.420867700000000013e+03,1.032299000000000007e+02
1.420870100000000093e+03,1.032278000000000020e+02
1.420872599999999920e+03,1.031894999999999953e+02
1.420875000000000000e+03,1.030471000000000004e+02
1.420877400000000080e+03,1.028414999999999964e+02
1.420879899999999907e+03,1.026625999999999976e+02
1.420882299999999987e+03,1.025562999999999931e+02
1.420884800000000041e+03,1.025296000000000021e+02
1.420887199999999893e+03,1.026016999999999939e+02
1.420889599999999973e+03,1.027844000000000051e+02
1.420892100000000028e+03,1.030246000000000066e+02
1.420894500000000107e+03,1.032216999999999985e+02
1.420896999999999935e+03,1.033220000000000027e+02
1.420899400000000014e+03,1.033708000000000027e+02
1.420901900000000069e+03,1.034513000000000034e+02
1.420904299999999921e+03,1.035814000000000021e+02
1.420906700000000001e+03,1.036912999999999982e+02
1.420909200000000055e+03,1.037055000000000007e+02
1.420911599999999908e+03,1.036282999999999959e+02
1.420914099999999962e+03,1.035334000000000003e+02
1.420916500000000042e+03,1.034844999999999970e+02
1.420918899999999894e+03,1.034796999999999940e+02
1.420921399999999949e+03,1.034626999999999981e+02
1.420923800000000028e+03,1.033769000000000062e+02
1.420926300000000083e+03,1.032138999999999953e+02
1.420928699999999935e+03,1.030327000000000055e+02
1.420931199999999990e+03,1.029403999999999968e+02
1.420933600000000069e+03,1.030300000000000011e+02
1.420935999999999922e+03,1.032982999999999976e+02
1.420938499999999976e+03,1.036096000000000004e+02
1.420940900000000056e+03,1.037625000000000028e+02
1.420943400000000111e+03,1.036287999999999982e+02
1.420945799999999963e+03,1.032500000000000000e+02
1.420948200000000043e+03,1.028134000000000015e+02
1.420950700000000097e+03,1.025292000000000030e+02
1.420953099999999949e+03,1.025027999999999935e+02
1.420955600000000004e+03,1.026905000000000001e+02
1.420958000000000084e+03,1.029538000000000011e+02
1.420960399999999936e+03,1.031666000000000025e+02
1.420962899999999991e+03,1.032891999999999939e+02
1.420965300000000070e+03,1.033542000000000058e+02
1.420967799999999897e+03,1.033953999999999951e+02
1.420970199999999977e+03,1.034134999999999991e+02
1.420972700000000032e+03,1.034010999999999996e+02
1.420975100000000111e+03,1.033568000000000069e+02
1.420977499999999964e+03,1.032717999999999989e+02
1.420980000000000018e+03,1.031303000000000054e+02
1.420982400000000098e+03,1.029248000000000047e+02
1.420984899999999925e+03,1.026581000000000046e+02
1.420987300000000005e+03,1.023521999999999963e+02
1.420989700000000084e+03,1.020734000000000066e+02
1.420992199999999912e+03,1.019219999999999970e+02
1.420994599999999991e+03,1.019595000000000056e+02
1.420997100000000046e+03,1.021423000000000059e+02
1.420999499999999898e+03,1.023485000000000014e+02
1.421001999999999953e+03,1.024906000000000006e+02
1.421004400000000032e+03,1.025810000000000031e+02
1.421006800000000112e+03,1.026701000000000050e+02
1.421009299999999939e+03,1.027530000000000001e+02
1.421011700000000019e+03,1.027767999999999944e+02
1.421014200000000073e+03,1.027228999999999957e+02
1.421016599999999926e+03,1.026405000000000030e+02
1.421019000000000005e+03,1.025951000000000022e+02
1.421021500000000060e+03,1.026042000000000058e+02
1.421023899999999912e+03,1.026266999999999996e+02
1.421026399999999967e+03,1.026067000000000036e+02
1.421028800000000047e+03,1.025307999999999993e+02
1.421031199999999899e+03,1.024435000000000002e+02
1.421033699999999953e+03,1.024067000000000007e+02
1.421036100000000033e+03,1.024604000000000070e+02
1.421038600000000088e+03,1.026251000000000033e+02
1.421040999999999940e+03,1.029018999999999977e+02
1.421043499999999995e+03,1.032343000000000046e+02
1.421045900000000074e+03,1.034843000000000046e+02
1.421048299999999927e+03,1.035014000000000038e+02
1.421050799999999981e+03,1.032537999999999982e+02
1.421053200000000061e+03,1.028864999999999981e+02
1.421055699999999888e+03,1.026246000000000009e+02
1.421058099999999968e+03,1.026114000000000033e+02
1.421060500000000047e+03,1.028209999999999980e+02
1.421063000000000102e+03,1.030901000000000067e+02
1.421065399999999954e+03,1.032309000000000054e+02
1.421067900000000009e+03,1.031598000000000042e+02
1.421070300000000088e+03,1.029506999999999977e+02
1.421072799999999916e+03,1.027567999999999984e+02
1.421075199999999995e+03,1.026748999999999938e+02
1.421077600000000075e+03,1.026889000000000038e+02
1.421080099999999902e+03,1.027206000000000046e+02
1.421082499999999982e+03,1.027092999999999989e+02
1.421085000000000036e+03,1.026501999999999981e+02
1.421087399999999889e+03,1.025845999999999947e+02
1.421089799999999968e+03,1.025704999999999956e+02
1.421092300000000023e+03,1.026449000000000069e+02
1.421094700000000103e+03,1.027738999999999976e+02
1.421097199999999930e+03,1.028396999999999935e+02
1.421099600000000009e+03,1.027270999999999930e+02
1.421102100000000064e+03,1.024496000000000038e+02
1.421104499999999916e+03,1.021654999999999944e+02
1.421106899999999996e+03,1.020421999999999940e+02
1.421109400000000051e+03,1.021058000000000021e+02
1.421111799999999903e+03,1.022393000000000001e+02
1.421114299999999957e+03,1.023117000000000019e+02
1.421116700000000037e+03,1.022813000000000017e+02
1.421119099999999889e+03,1.021881000000000057e+02
1.421121599999999944e+03,1.020899000000000001e+02
1.421124000000000024e+03,1.020280999999999949e+02
1.421126500000000078e+03,1.020288999999999930e+02
1.421128899999999931e+03,1.021132999999999953e+02
1.421131300000000010e+03,1.022968999999999937e+02
1.421133800000000065e+03,1.025668000000000006e+02
1.421136199999999917e+03,1.028508999999999958e+02
1.421138699999999972e+03,1.030354999999999990e+02
1.421141100000000051e+03,1.030459000000000032e+02
1.421143600000000106e+03,1.029249999999999972e+02
1.421145999999999958e+03,1.028226999999999975e+02
1.421148400000000038e+03,1.028752000000000066e+02
1.421150900000000092e+03,1.030738999999999947e+02
1.421153299999999945e+03,1.032711999999999932e+02
1.421155799999999999e+03,1.033305000000000007e+02
1.421158200000000079e+03,1.032378999999999962e+02
1.421160599999999931e+03,1.030677000000000021e+02
1.421163099999999986e+03,1.029116000000000071e+02
1.421165500000000065e+03,1.028573999999999984e+02
1.421167999999999893e+03,1.029542000000000002e+02
1.421170399999999972e+03,1.031565999999999974e+02
1.421172900000000027e+03,1.033382000000000005e+02
1.421175300000000107e+03,1.033849000000000018e+02
1.421177699999999959e+03,1.032877000000000010e+02
1.421180200000000013e+03,1.031547999999999945e+02
1.421182600000000093e+03,1.031282999999999959e+02
1.421185099999999920e+03,1.032597999999999985e+02
1.421187500000000000e+03,1.034616000000000042e+02
1.421189900000000080e+03,1.035782999999999987e+02
1.421192399999999907e+03,1.035079000000000065e+02
1.421194799999999987e+03,1.032716000000000065e+02
1.421197300000000041e+03,1.029899000000000058e+02
1.421199699999999893e+03,1.027883999999999958e+02
1.421202099999999973e+03,1.027022999999999939e+02
1.421204600000000028e+03,1.026684999999999945e+02
1.421207000000000107e+03,1.026145000000000067e+02
1.421209499999999935e+03,1.025501000000000005e+02
1.421211900000000014e+03,1.025635000000000048e+02
1.421214400000000069e+03,1.027408999999999963e+02
1.421216799999999921e+03,1.030977000000000032e+02
1.421219200000000001e+03,1.035584000000000060e+02
1.421221700000000055e+03,1.039744000000000028e+02
1.421224099999999908e+03,1.041856999999999971e+02
1.421226599999999962e+03,1.041274999999999977e+02
1.421229000000000042e+03,1.038896000000000015e+02
1.421231399999999894e+03,1.036423999999999950e+02
1.421233899999999949e+03,1.034861999999999966e+02
1.421236300000000028e+03,1.033850999999999942e+02
1.421238800000000083e+03,1.032459999999999951e+02
1.421241199999999935e+03,1.030443999999999960e+02
1.421243699999999990e+03,1.028633999999999986e+02
1.421246100000000069e+03,1.028148000000000053e+02
1.421248499999999922e+03,1.029261999999999944e+02
1.421250999999999976e+03,1.031191000000000031e+02
1.421253400000000056e+03,1.032943999999999960e+02
1.421255900000000111e+03,1.034164999999999992e+02
1.421258299999999963e+03,1.035036000000000058e+02
1.421260700000000043e+03,1.035758000000000010e+02
1.421263200000000097e+03,1.036393000000000058e+02
1.421265599999999949e+03,1.036911999999999949e+02
1.421268100000000004e+03,1.037233999999999980e+02
1.421270500000000084e+03,1.037266000000000048e+02
1.421272899999999936e+03,1.036915000000000049e+02
1.421275399999999991e+03,1.036038000000000068e+02
1.421277800000000070e+03,1.034432999999999936e+02
1.421280299999999897e+03,1.032013000000000034e+02
1.421282699999999977e+03,1.029137000000000057e+02
1.421285200000000032e+03,1.026787999999999954e+02
1.421287600000000111e+03,1.026169000000000011e+02
1.421289999999999964e+03,1.027823999999999955e+02
1.421292500000000018e+03,1.031075000000000017e+02
1.421294900000000098e+03,1.034461000000000013e+02
1.421297399999999925e+03,1.036765000000000043e+02
1.421299800000000005e+03,1.037570000000000050e+02
1.421302200000000084e+03,1.037094000000000023e+02
1.421304699999999912e+03,1.035870000000000033e+02
1.421307099999999991e+03,1.034542000000000002e+02
1.421309600000000046e+03,1.033611999999999966e+02
1.421311999999999898e+03,1.033130000000000024e+02
1.421314499999999953e+03,1.032613999999999947e+02
1.421316900000000032e+03,1.031384999999999934e+02
1.421319300000000112e+03,1.029067000000000007e+02
1.421321799999999939e+03,1.025828000000000060e+02
1.421324200000000019e+03,1.022177999999999969e+02
1.421326700000000073e+03,1.018607999999999976e+02
1.421329099999999926e+03,1.015520000000000067e+02
1.421331500000000005e+03,1.013392999999999944e+02
1.421334000000000060e+03,1.012608000000000033e+02
1.421336399999999912e+03,1.012972000000000037e+02
1.421338899999999967e+03,1.013705000000000069e+02
1.421341300000000047e+03,1.014123000000000019e+02
1.421343800000000101e+03,1.014214000000000055e+02
1.421346199999999953e+03,1.014514000000000067e+02
1.421348600000000033e+03,1.015494999999999948e+02
1.421351100000000088e+03,1.017095000000000056e+02
1.421353499999999940e+03,1.018956000000000017e+02
1.421355999999999995e+03,1.021012999999999948e+02
1.421358400000000074e+03,1.023423999999999978e+02
1.421360799999999927e+03,1.025891000000000020e+02
1.421363299999999981e+03,1.027620000000000005e+02
1.421365700000000061e+03,1.028286999999999978e+02
1.421368199999999888e+03,1.028562000000000012e+02
1.421370599999999968e+03,1.029278999999999940e+02
1.421373000000000047e+03,1.030400999999999954e+02
1.421375500000000102e+03,1.031101000000000028e+02
1.421377899999999954e+03,1.030614999999999952e+02
1.421380400000000009e+03,1.028842000000000070e+02
1.421382800000000088e+03,1.026259000000000015e+02
1.421385299999999916e+03,1.023434000000000026e+02
1.421387699999999995e+03,1.020844000000000023e+02
1.421390100000000075e+03,1.019119000000000028e+02
1.421392599999999902e+03,1.018984999999999985e+02
1.421394999999999982e+03,1.020640999999999963e+02
1.421397500000000036e+03,1.023448999999999955e+02
1.421399899999999889e+03,1.026529000000000025e+02
1.421402299999999968e+03,1.029457000000000022e+02
1.421404800000000023e+03,1.032111000000000018e+02
1.421407200000000103e+03,1.034145000000000039e+02
1.421409699999999930e+03,1.035127999999999986e+02
1.421412100000000009e+03,1.035210000000000008e+02
1.421414600000000064e+03,1.035163000000000011e+02
1.421416999999999916e+03,1.035567999999999955e+02
1.421419399999999996e+03,1.036214999999999975e+02
1.421421900000000051e+03,1.036439000000000021e+02
1.421424299999999903e+03,1.035841000000000065e+02
1.421426799999999957e+03,1.034574000000000069e+02
1.421429200000000037e+03,1.033020999999999958e+02
1.421431599999999889e+03,1.031308999999999969e+02
1.421434099999999944e+03,1.029312000000000040e+02
1.421436500000000024e+03,1.027259999999999991e+02
1.421439000000000078e+03,1.026137999999999977e+02
1.421441399999999931e+03,1.027069000000000045e+02
1.421443800000000010e+03,1.030220999999999947e+02
1.421446300000000065e+03,1.034599000000000046e+02
1.421448699999999917e+03,1.038863000000000056e+02
1.421451199999999972e+03,1.042038000000000011e+02
1.421453600000000051e+03,1.043525999999999954e+02
1.421456100000000106e+03,1.043010000000000019e+02
1.421458499999999958e+03,1.040734999999999957e+02
1.421460900000000038e+03,1.037740000000000009e+02
1.421463400000000092e+03,1.035490000000000066e+02
1.421465799999999945e+03,1.035027999999999935e+02
1.421468299999999999e+03,1.036341000000000037e+02
1.421470700000000079e+03,1.038481000000000023e+02
1.421473099999999931e+03,1.040304000000000002e+02
1.421475599999999986e+03,1.041103999999999985e+02
1.421478000000000065e+03,1.040855999999999995e+02
1.421480499999999893e+03,1.040223000000000013e+02
1.421482899999999972e+03,1.040257000000000005e+02
1.421485400000000027e+03,1.041521000000000043e+02
1.421487800000000107e+03,1.043362000000000052e+02
1.421490199999999959e+03,1.044521000000000015e+02
1.421492700000000013e+03,1.044527999999999963e+02
1.421495100000000093e+03,1.043977000000000004e+02
1.421497599999999920e+03,1.043469000000000051e+02
1.421500000000000000e+03,1.042934000000000054e+02
1.421502400000000080e+03,1.041976999999999975e+02
1.421504899999999907e+03,1.040417999999999950e+02
1.421507299999999987e+03,1.038422000000000054e+02
1.421509800000000041e+03,1.036337000000000046e+02
1.421512199999999893e+03,1.034496000000000038e+02
1.421514599999999973e+03,1.033165999999999940e+02
1.421517100000000028e+03,1.032561000000000035e+02
1.421519500000000107e+03,1.032648999999999972e+02
1.421521999999999935e+03,1.032912000000000035e+02
1.421524400000000014e+03,1.032608000000000033e+02
1.421526900000000069e+03,1.031487000000000052e+02
1.421529299999999921e+03,1.030152999999999963e+02
1.421531700000000001e+03,1.029535999999999945e+02
1.421534200000000055e+03,1.030013000000000005e+02
1.421536599999999908e+03,1.031098000000000070e+02
1.421539099999999962e+03,1.032008000000000010e+02
1.421541500000000042e+03,1.032433999999999941e+02
1.421543899999999894e+03,1.032586000000000013e+02
1.421546399999999949e+03,1.032485000000000070e+02
1.421548800000000028e+03,1.031587999999999994e+02
1.421551300000000083e+03,1.029441999999999950e+02
1.421553699999999935e+03,1.026593000000000018e+02
1.421556199999999990e+03,1.024577000000000027e+02
1.421558600000000069e+03,1.024832999999999998e+02
1.421560999999999922e+03,1.027523999999999944e+02
1.421563499999999976e+03,1.031299999999999955e+02
1.421565900000000056e+03,1.034292999999999978e+02
1.421568400000000111e+03,1.035468000000000046e+02
1.421570799999999963e+03,1.035146000000000015e+02
1.421573200000000043e+03,1.034376000000000033e+02
1.421575700000000097e+03,1.033945999999999970e+02
1.421578099999999949e+03,1.033944000000000045e+02
1.421580600000000004e+03,1.034040999999999997e+02
1.421583000000000084e+03,1.033954999999999984e+02
1.421585399999999936e+03,1.033671999999999969e+02
1.421587899999999991e+03,1.033247000000000071e+02
1.421590300000000070e+03,1.032453000000000003e+02
1.421592799999999897e+03,1.030862999999999943e+02
1.421595199999999977e+03,1.028525999999999954e+02
1.421597700000000032e+03,1.026345000000000027e+02
1.421600100000000111e+03,1.025408000000000044e+02
1.421602499999999964e+03,1.025996999999999986e+02
1.421605000000000018e+03,1.027524999999999977e+02
1.421607400000000098e+03,1.029334000000000060e+02
1.421609899999999925e+03,1.031174000000000035e+02
1.421612300000000005e+03,1.032980000000000018e+02
1.421614700000000084e+03,1.034608000000000061e+02
1.421617199999999912e+03,1.035926999999999936e+02
1.421619599999999991e+03,1.036895999999999987e+02
1.421622100000000046e+03,1.037386000000000053e+02
1.421624499999999898e+03,1.037031999999999954e+02
1.421626999999999953e+03,1.035424000000000007e+02
1.421629400000000032e+03,1.032604999999999933e+02
1.421631800000000112e+03,1.029378999999999991e+02
1.421634299999999939e+03,1.026846000000000032e+02
1.421636700000000019e+03,1.025439999999999969e+02
1.421639200000000073e+03,1.024719999999999942e+02
1.421641599999999926e+03,1.024214999999999947e+02
1.421644000000000005e+03,1.024059000000000026e+02
1.421646500000000060e+03,1.024642999999999944e+02
1.421648899999999912e+03,1.026085999999999956e+02
1.421651399999999967e+03,1.028239999999999981e+02
1.421653800000000047e+03,1.030879000000000048e+02
1.421656199999999899e+03,1.033661000000000030e+02
1.421658699999999953e+03,1.036175000000000068e+02
1.421661100000000033e+03,1.038234999999999957e+02
1.421663600000000088e+03,1.039959000000000060e+02
1.421665999999999940e+03,1.041364999999999981e+02
1.421668499999999995e+03,1.041925999999999988e+02
1.421670900000000074e+03,1.040802000000000049e+02
1.421673299999999927e+03,1.037725999999999971e+02
1.421675799999999981e+03,1.033528000000000020e+02
1.421678200000000061e+03,1.029535000000000053e+02
1.421680699999999888e+03,1.026505999999999972e+02
1.421683099999999968e+03,1.024365999999999985e+02
1.421685500000000047e+03,1.022911000000000001e+02
1.421688000000000102e+03,1.022485000000000070e+02
1.421690399999999954e+03,1.023782000000000068e+02
1.421692900000000009e+03,1.026944000000000017e+02
1.421695300000000088e+03,1.031032000000000011e+02
1.421697799999999916e+03,1.034646999999999935e+02
1.421700199999999995e+03,1.037014000000000067e+02
1.421702600000000075e+03,1.038327000000000027e+02
1.421705099999999902e+03,1.039102000000000032e+02
1.421707499999999982e+03,1.039424999999999955e+02
1.421710000000000036e+03,1.038824999999999932e+02
1.421712399999999889e+03,1.036895999999999987e+02
1.421714799999999968e+03,1.034078999999999979e+02
1.421717300000000023e+03,1.031649000000000029e+02
1.421719700000000103e+03,1.030670999999999964e+02
1.421722199999999930e+03,1.031135000000000019e+02
1.421724600000000009e+03,1.032395999999999958e+02
1.421727100000000064e+03,1.034073999999999955e+02
1.421729499999999916e+03,1.036072000000000060e+02
1.421731899999999996e+03,1.038032000000000039e+02
1.421734400000000051e+03,1.039352999999999980e+02
1.421736799999999903e+03,1.039673999999999978e+02
1.421739299999999957e+03,1.039030999999999949e+02
1.421741700000000037e+03,1.037806999999999960e+02
1.421744099999999889e+03,1.036928999999999945e+02
1.421746599999999944e+03,1.037693000000000012e+02
1.421749000000000024e+03,1.040628999999999991e+02
1.421751500000000078e+03,1.044488999999999947e+02
1.421753899999999931e+03,1.046825999999999937e+02
1.421756300000000010e+03,1.045844000000000023e+02
1.421758800000000065e+03,1.041666000000000025e+02
1.421761199999999917e+03,1.035999999999999943e+02
1.421763699999999972e+03,1.030942000000000007e+02
1.421766100000000051e+03,1.028007000000000062e+02
1.421768600000000106e+03,1.027691999999999979e+02
1.421770999999999958e+03,1.029521000000000015e+02
1.421773400000000038e+03,1.032554999999999978e+02
1.421775900000000092e+03,1.035940999999999974e+02
1.421778299999999945e+03,1.039013000000000062e+02
1.421780799999999999e+03,1.041119000000000057e+02
1.421783200000000079e+03,1.041846000000000032e+02
1.421785599999999931e+03,1.041495000000000033e+02
1.421788099999999986e+03,1.040999999999999943e+02
1.421790500000000065e+03,1.041140999999999934e+02
1.421792999999999893e+03,1.041881000000000057e+02
1.421795399999999972e+03,1.042412000000000063e+02
1.421797900000000027e+03,1.041809999999999974e+02
1.421800300000000107e+03,1.039823999999999984e+02
1.421802699999999959e+03,1.037163999999999930e+02
1.421805200000000013e+03,1.035036000000000058e+02
1.421807600000000093e+03,1.034344999999999999e+02
1.421810099999999920e+03,1.035293999999999954e+02
1.421812500000000000e+03,1.037552000000000021e+02
1.421814900000000080e+03,1.040636999999999972e+02
1.421817399999999907e+03,1.043965000000000032e+02
1.421819799999999987e+03,1.046628000000000043e+02
1.421822300000000041e+03,1.047629000000000019e+02
1.421824699999999893e+03,1.046782999999999930e+02
1.421827099999999973e+03,1.045131999999999977e+02
1.421829600000000028e+03,1.044000000000000057e+02
1.421832000000000107e+03,1.043760999999999939e+02
1.421834499999999935e+03,1.043889999999999958e+02
1.421836900000000014e+03,1.043896000000000015e+02
1.421839400000000069e+03,1.043580999999999932e+02
1.421841799999999921e+03,1.042630000000000052e+02
1.421844200000000001e+03,1.040832000000000050e+02
1.421846700000000055e+03,1.038864999999999981e+02
1.421849099999999908e+03,1.038151000000000010e+02
1.421851599999999962e+03,1.039562999999999988e+02
1.421854000000000042e+03,1.042500000000000000e+02
1.421856399999999894e+03,1.045464999999999947e+02
1.421858899999999949e+03,1.047443999999999988e+02
1.421861300000000028e+03,1.048645000000000067e+02
1.421863800000000083e+03,1.049993999999999943e+02
1.421866199999999935e+03,1.051996000000000038e+02
1.421868699999999990e+03,1.053961000000000041e+02
1.421871100000000069e+03,1.054343999999999966e+02
1.421873499999999922e+03,1.051963999999999970e+02
1.421875999999999976e+03,1.047056999999999931e+02
1.421878400000000056e+03,1.041196999999999946e+02
1.421880900000000111e+03,1.036317999999999984e+02
1.421883299999999963e+03,1.033733000000000004e+02
1.421885700000000043e+03,1.033713000000000051e+02
1.421888200000000097e+03,1.035656000000000034e+02
1.421890599999999949e+03,1.038495999999999952e+02
1.421893100000000004e+03,1.041076999999999941e+02
1.421895500000000084e+03,1.042420000000000044e+02
1.421897899999999936e+03,1.041991000000000014e+02
1.421900399999999991e+03,1.039920000000000044e+02
1.421902800000000070e+03,1.036997000000000071e+02
1.421905299999999897e+03,1.034313999999999965e+02
1.421907699999999977e+03,1.032804000000000002e+02
1.421910200000000032e+03,1.032956999999999965e+02
1.421912600000000111e+03,1.034663999999999930e+02
1.421914999999999964e+03,1.037053999999999974e+02
1.421917500000000018e+03,1.038682000000000016e+02
1.421919900000000098e+03,1.038429000000000002e+02
1.421922399999999925e+03,1.036492999999999967e+02
1.421924800000000005e+03,1.034348999999999990e+02
1.421927200000000084e+03,1.033529999999999944e+02
1.421929699999999912e+03,1.034377000000000066e+02
1.421932099999999991e+03,1.035819999999999936e+02
1.421934600000000046e+03,1.036225000000000023e+02
1.421936999999999898e+03,1.034591999999999956e+02
1.421939499999999953e+03,1.031294000000000040e+02
1.421941900000000032e+03,1.027884999999999991e+02
1.421944300000000112e+03,1.026136999999999944e+02
1.421946799999999939e+03,1.027009999999999934e+02
1.421949200000000019e+03,1.030164999999999935e+02
1.421951700000000073e+03,1.034228999999999985e+02
1.421954099999999926e+03,1.037690000000000055e+02
1.421956500000000005e+03,1.039860000000000042e+02
1.421959000000000060e+03,1.041123999999999938e+02
1.421961399999999912e+03,1.042266999999999939e+02
1.421963899999999967e+03,1.043679999999999950e+02
1.421966300000000047e+03,1.045251999999999981e+02
1.421968800000000101e+03,1.046671000000000049e+02
1.421971199999999953e+03,1.047450999999999937e+02
1.421973600000000033e+03,1.046817999999999955e+02
1.421976100000000088e+03,1.044177999999999997e+02
1.421978499999999940e+03,1.039885000000000019e+02
1.421980999999999995e+03,1.035210000000000008e+02
1.421983400000000074e+03,1.031371000000000038e+02
1.421985799999999927e+03,1.028824000000000041e+02
1.421988299999999981e+03,1.027439999999999998e+02
1.421990700000000061e+03,1.026967000000000070e+02
1.421993199999999888e+03,1.027169999999999987e+02
1.421995599999999968e+03,1.027848000000000042e+02
1.421998000000000047e+03,1.028863999999999947e+02
1.422000500000000102e+03,1.030090000000000003e+02
1.422002899999999954e+03,1.031233000000000004e+02
1.422005400000000009e+03,1.031792999999999978e+02
1.422007800000000088e+03,1.031329000000000065e+02
1.422010299999999916e+03,1.029873000000000047e+02
1.422012699999999995e+03,1.027998999999999938e+02
1.422015100000000075e+03,1.026376000000000062e+02
1.422017599999999902e+03,1.025284000000000049e+02
1.422019999999999982e+03,1.024616999999999933e+02
1.422022500000000036e+03,1.024235000000000042e+02
1.422024899999999889e+03,1.024184000000000054e+02
1.422027299999999968e+03,1.024568000000000012e+02
1.422029800000000023e+03,1.025204999999999984e+02
1.422032200000000103e+03,1.025639000000000038e+02
1.422034699999999930e+03,1.025708999999999946e+02
1.422037100000000009e+03,1.025979999999999990e+02
1.422039600000000064e+03,1.027194999999999965e+02
1.422041999999999916e+03,1.029371000000000009e+02
1.422044399999999996e+03,1.031779999999999973e+02
1.422046900000000051e+03,1.033697999999999979e+02
1.422049299999999903e+03,1.034870999999999981e+02
1.422051799999999957e+03,1.035391999999999939e+02
1.422054200000000037e+03,1.035580000000000069e+02
1.422056599999999889e+03,1.035939000000000050e+02
1.422059099999999944e+03,1.036885000000000048e+02
1.422061500000000024e+03,1.038276000000000039e+02
1.422064000000000078e+03,1.039279999999999973e+02
1.422066399999999931e+03,1.038945999999999970e+02
1.422068800000000010e+03,1.037091000000000065e+02
1.422071300000000065e+03,1.034620000000000033e+02
1.422073699999999917e+03,1.032758999999999929e+02
1.422076199999999972e+03,1.031931000000000012e+02
1.422078600000000051e+03,1.031590000000000060e+02
1.422081100000000106e+03,1.031103999999999985e+02
1.422083499999999958e+03,1.030439999999999969e+02
1.422085900000000038e+03,1.029955000000000069e+02
1.422088400000000092e+03,1.029878999999999962e+02
1.422090799999999945e+03,1.030070999999999941e+02
1.422093299999999999e+03,1.030127999999999986e+02
1.422095700000000079e+03,1.029736000000000047e+02
1.422098099999999931e+03,1.029017000000000053e+02
1.422100599999999986e+03,1.028532000000000011e+02
1.422103000000000065e+03,1.028881999999999977e+02
1.422105499999999893e+03,1.030275000000000034e+02
1.422107899999999972e+03,1.032411000000000030e+02
1.422110400000000027e+03,1.034740000000000038e+02
1.422112800000000107e+03,1.036752000000000038e+02
1.422115199999999959e+03,1.038115999999999985e+02
1.422117700000000013e+03,1.038643000000000001e+02
1.422120100000000093e+03,1.038139999999999930e+02
1.422122599999999920e+03,1.036332000000000022e+02
1.422125000000000000e+03,1.033109000000000037e+02
1.422127400000000080e+03,1.028876000000000062e+02
1.422129899999999907e+03,1.024531999999999954e+02
1.422132299999999987e+03,1.021140999999999934e+02
1.422134800000000041e+03,1.019565999999999946e+02
1.422137199999999893e+03,1.020169999999999959e+02
1.422139599999999973e+03,1.022617000000000047e+02
1.422142100000000028e+03,1.026115999999999957e+02
1.422144500000000107e+03,1.030010999999999939e+02
1.422146999999999935e+03,1.033971999999999980e+02
1.422149400000000014e+03,1.037570999999999941e+02
1.422151900000000069e+03,1.040050999999999988e+02
1.422154299999999921e+03,1.040820999999999970e+02
1.422156700000000001e+03,1.040057000000000045e+02
1.422159200000000055e+03,1.038573999999999984e+02
1.422161599999999908e+03,1.037061999999999955e+02
1.422164099999999962e+03,1.035574000000000012e+02
1.422166500000000042e+03,1.033793000000000006e+02
1.422168899999999894e+03,1.031691000000000003e+02
1.422171399999999949e+03,1.029808000000000021e+02
1.422173800000000028e+03,1.028913000000000011e+02
1.422176300000000083e+03,1.029418000000000006e+02
1.422178699999999935e+03,1.031081999999999965e+02
1.422181199999999990e+03,1.033178999999999945e+02
1.422183600000000069e+03,1.035006000000000057e+02
1.422185999999999922e+03,1.036349000000000018e+02
1.422188499999999976e+03,1.037442999999999955e+02
1.422190900000000056e+03,1.038533999999999935e+02
1.422193400000000111e+03,1.039562999999999988e+02
1.422195799999999963e+03,1.040246999999999957e+02
1.422198200000000043e+03,1.040413999999999959e+02
1.422200700000000097e+03,1.040197000000000003e+02
1.422203099999999949e+03,1.039853999999999985e+02
1.422205600000000004e+03,1.039368000000000052e+02
1.422208000000000084e+03,1.038388999999999953e+02
1.422210399999999936e+03,1.036658000000000044e+02
1.422212899999999991e+03,1.034500000000000028e+02
1.422215300000000070e+03,1.032755999999999972e+02
1.422217799999999897e+03,1.032077000000000027e+02
1.422220199999999977e+03,1.032360999999999933e+02
1.422222700000000032e+03,1.033050999999999959e+02
1.422225100000000111e+03,1.033808999999999969e+02
1.422227499999999964e+03,1.034596999999999980e+02
1.422230000000000018e+03,1.035219000000000023e+02
1.422232400000000098e+03,1.035198000000000036e+02
1.422234899999999925e+03,1.034299000000000035e+02
1.422237300000000005e+03,1.032994999999999948e+02
1.422239700000000084e+03,1.032169999999999987e+02
1.422242199999999912e+03,1.032326000000000050e+02
1.422244599999999991e+03,1.033199000000000041e+02
1.422247100000000046e+03,1.034205000000000041e+02
1.422249499999999898e+03,1.035129000000000019e+02
1.422251999999999953e+03,1.036226999999999947e+02
1.422254400000000032e+03,1.037587999999999937e+02
1.422256800000000112e+03,1.038586999999999989e+02
1.422259299999999939e+03,1.038294999999999959e+02
1.422261700000000019e+03,1.036578999999999979e+02
1.422264200000000073e+03,1.034519999999999982e+02
1.422266599999999926e+03,1.033506000000000000e+02
1.422269000000000005e+03,1.033973000000000013e+02
1.422271500000000060e+03,1.035104999999999933e+02
1.422273899999999912e+03,1.035652000000000044e+02
1.422276399999999967e+03,1.034950999999999937e+02
1.422278800000000047e+03,1.033246000000000038e+02
1.422281199999999899e+03,1.031229000000000013e+02
1.422283699999999953e+03,1.029380000000000024e+02
1.422286100000000033e+03,1.027724999999999937e+02
1.422288600000000088e+03,1.026096000000000004e+02
1.422290999999999940e+03,1.024566999999999979e+02
1.422293499999999995e+03,1.023546000000000049e+02
1.422295900000000074e+03,1.023449999999999989e+02
1.422298299999999927e+03,1.024423000000000030e+02
1.422300799999999981e+03,1.026387000000000000e+02
1.422303200000000061e+03,1.029197999999999951e+02
1.422305699999999888e+03,1.032634000000000043e+02
1.422308099999999968e+03,1.036346000000000060e+02
1.422310500000000047e+03,1.039882999999999953e+02
1.422313000000000102e+03,1.042687999999999988e+02
1.422315399999999954e+03,1.044034999999999940e+02
1.422317900000000009e+03,1.043225000000000051e+02
1.422320300000000088e+03,1.040250999999999948e+02
1.422322799999999916e+03,1.036239999999999952e+02
1.422325199999999995e+03,1.032830000000000013e+02
1.422327600000000075e+03,1.031002000000000010e+02
1.422330099999999902e+03,1.030645999999999987e+02
1.422332499999999982e+03,1.031148000000000025e+02
1.422335000000000036e+03,1.032078999999999951e+02
1.422337399999999889e+03,1.033333999999999975e+02
1.422339799999999968e+03,1.034835999999999956e+02
1.422342300000000023e+03,1.036246000000000009e+02
1.422344700000000103e+03,1.036971999999999952e+02
1.422347199999999930e+03,1.036687000000000012e+02
1.422349600000000009e+03,1.035912000000000006e+02
1.422352100000000064e+03,1.035794999999999959e+02
1.422354499999999916e+03,1.036945999999999941e+02
1.422356899999999996e+03,1.038602999999999952e+02
1.422359400000000051e+03,1.039338999999999942e+02
1.422361799999999903e+03,1.038628999999999962e+02
1.422364299999999957e+03,1.037390999999999934e+02
1.422366700000000037e+03,1.036842000000000041e+02
1.422369099999999889e+03,1.037173999999999978e+02
1.422371599999999944e+03,1.037617999999999938e+02
1.422374000000000024e+03,1.037486999999999995e+02
1.422376500000000078e+03,1.036714999999999947e+02
1.422378899999999931e+03,1.035519000000000034e+02
1.422381300000000010e+03,1.034067000000000007e+02
1.422383800000000065e+03,1.032527000000000044e+02
1.422386199999999917e+03,1.031080000000000041e+02
1.422388699999999972e+03,1.029754999999999967e+02
1.422391100000000051e+03,1.028508000000000067e+02
1.422393600000000106e+03,1.027647000000000048e+02
1.422395999999999958e+03,1.027999999999999972e+02
1.422398400000000038e+03,1.030266000000000020e+02
1.422400900000000092e+03,1.034141000000000048e+02
1.422403299999999945e+03,1.038318000000000012e+02
1.422405799999999999e+03,1.041403999999999996e+02
1.422408200000000079e+03,1.042681000000000040e+02
1.422410599999999931e+03,1.042141000000000020e+02
1.422413099999999986e+03,1.040258000000000038e+02
1.422415500000000065e+03,1.037897999999999996e+02
1.422417999999999893e+03,1.035956000000000046e+02
1.422420399999999972e+03,1.034656999999999982e+02
1.422422900000000027e+03,1.033456999999999937e+02
1.422425300000000107e+03,1.032015999999999991e+02
1.422427699999999959e+03,1.030965999999999951e+02
1.422430200000000013e+03,1.031222999999999956e+02
1.422432600000000093e+03,1.032736000000000018e+02
1.422435099999999920e+03,1.034448000000000008e+02
1.422437500000000000e+03,1.035448999999999984e+02
1.422439900000000080e+03,1.035781000000000063e+02
1.422442399999999907e+03,1.036025000000000063e+02
1.422444799999999987e+03,1.036359000000000066e+02
1.422447300000000041e+03,1.036209000000000060e+02
1.422449699999999893e+03,1.034783999999999935e+02
1.422452099999999973e+03,1.031933999999999969e+02
1.422454600000000028e+03,1.028597000000000037e+02
1.422457000000000107e+03,1.026351999999999975e+02
1.422459499999999935e+03,1.026277000000000044e+02
1.422461900000000014e+03,1.028138000000000005e+02
1.422464400000000069e+03,1.030763000000000034e+02
1.422466799999999921e+03,1.033117000000000019e+02
1.422469200000000001e+03,1.034962000000000018e+02
1.422471700000000055e+03,1.036684000000000054e+02
1.422474099999999908e+03,1.038618000000000023e+02
1.422476599999999962e+03,1.040561000000000007e+02
1.422479000000000042e+03,1.041855000000000047e+02
1.422481399999999894e+03,1.041897000000000020e+02
1.422483899999999949e+03,1.040570000000000022e+02
1.422486300000000028e+03,1.038278999999999996e+02
1.422488800000000083e+03,1.035715000000000003e+02
1.422491199999999935e+03,1.033704000000000036e+02
1.422493699999999990e+03,1.033148999999999944e+02
1.422496100000000069e+03,1.034619000000000000e+02
1.422498499999999922e+03,1.037672000000000025e+02
1.422500999999999976e+03,1.040782999999999987e+02
1.422503400000000056e+03,1.042295000000000016e+02
1.422505900000000111e+03,1.041624999999999943e+02
1.422508299999999963e+03,1.039514999999999958e+02
1.422510700000000043e+03,1.037185000000000059e+02
1.422513200000000097e+03,1.035420000000000016e+02
1.422515599999999949e+03,1.034459999999999980e+02
1.422518100000000004e+03,1.034330000000000069e+02
1.422520500000000084e+03,1.034983000000000004e+02
1.422522899999999936e+03,1.036291999999999973e+02
1.422525399999999991e+03,1.038011999999999944e+02
1.422527800000000070e+03,1.039642999999999944e+02
1.422530299999999897e+03,1.040592000000000041e+02
1.422532699999999977e+03,1.040768999999999949e+02
1.422535200000000032e+03,1.040767000000000024e+02
1.422537600000000111e+03,1.041187000000000040e+02
1.422539999999999964e+03,1.041992999999999938e+02
1.422542500000000018e+03,1.042676000000000016e+02
1.422544900000000098e+03,1.042827000000000055e+02
1.422547399999999925e+03,1.042376000000000005e+02
1.422549800000000005e+03,1.041475999999999971e+02
1.422552200000000084e+03,1.040384999999999991e+02
1.422554699999999912e+03,1.039307000000000016e+02
1.422557099999999991e+03,1.038221000000000060e+02
1.422559600000000046e+03,1.037030000000000030e+02
1.422561999999999898e+03,1.035964000000000027e+02
1.422564499999999953e+03,1.035605000000000047e+02
1.422566900000000032e+03,1.036294999999999931e+02
1.422569300000000112e+03,1.037630000000000052e+02
1.422571799999999939e+03,1.038691000000000031e+02
1.422574200000000019e+03,1.038773000000000053e+02
1.422576700000000073e+03,1.037948999999999984e+02
1.422579099999999926e+03,1.037068000000000012e+02
1.422581500000000005e+03,1.037069000000000045e+02
1.422584000000000060e+03,1.038044000000000011e+02
1.422586399999999912e+03,1.038996999999999957e+02
1.422588899999999967e+03,1.038713000000000051e+02
1.422591300000000047e+03,1.036898999999999944e+02
1.422593800000000101e+03,1.034489999999999981e+02
1.422596199999999953e+03,1.032908000000000044e+02
1.422598600000000033e+03,1.032960000000000065e+02
1.422601100000000088e+03,1.034201000000000050e+02
1.422603499999999940e+03,1.035288999999999930e+02
1.422605999999999995e+03,1.035116000000000014e+02
1.422608400000000074e+03,1.033719999999999999e+02
1.422610799999999927e+03,1.032133000000000038e+02
1.422613299999999981e+03,1.031500999999999948e+02
1.422615700000000061e+03,1.032430999999999983e+02
1.422618199999999888e+03,1.034917999999999978e+02
1.422620599999999968e+03,1.038443000000000040e+02
1.422623000000000047e+03,1.042021000000000015e+02
1.422625500000000102e+03,1.044557999999999964e+02
1.422627899999999954e+03,1.045531000000000006e+02
1.422630400000000009e+03,1.045232000000000028e+02
1.422632800000000088e+03,1.044295999999999935e+02
1.422635299999999916e+03,1.043178000000000054e+02
1.422637699999999995e+03,1.042096999999999980e+02
1.422640100000000075e+03,1.041208000000000027e+02
1.422642599999999902e+03,1.040670999999999964e+02
1.422644999999999982e+03,1.040532000000000039e+02
1.422647500000000036e+03,1.040521999999999991e+02
1.422649899999999889e+03,1.040063999999999993e+02
1.422652299999999968e+03,1.038709000000000060e+02
1.422654800000000023e+03,1.036578999999999979e+02
1.422657200000000103e+03,1.034287000000000063e+02
1.422659699999999930e+03,1.032386000000000053e+02
1.422662100000000009e+03,1.030943000000000040e+02
1.422664600000000064e+03,1.029574000000000069e+02
1.422666999999999916e+03,1.027864000000000004e+02
1.422669399999999996e+03,1.025862999999999943e+02
1.422671900000000051e+03,1.024145999999999930e+02
1.422674299999999903e+03,1.023149999999999977e+02
1.422676799999999957e+03,1.022570999999999941e+02
1.422679200000000037e+03,1.021847000000000065e+02
1.422681599999999889e+03,1.021341000000000037e+02
1.422684099999999944e+03,1.022382000000000062e+02
1.422686500000000024e+03,1.025780000000000030e+02
1.422689000000000078e+03,1.030622999999999934e+02
1.422691399999999931e+03,1.034805000000000064e+02
1.422693800000000010e+03,1.036667999999999950e+02
1.422696300000000065e+03,1.036242000000000019e+02
1.422698699999999917e+03,1.035084999999999980e+02
1.422701199999999972e+03,1.034985999999999962e+02
1.422703600000000051e+03,1.036671999999999940e+02
1.422706100000000106e+03,1.039488999999999947e+02
1.422708499999999958e+03,1.042086000000000041e+02
1.422710900000000038e+03,1.043509999999999991e+02
1.422713400000000092e+03,1.043794000000000040e+02
1.422715799999999945e+03,1.043482999999999947e+02
1.422718299999999999e+03,1.042837999999999994e+02
1.422720700000000079e+03,1.041740000000000066e+02
1.422723099999999931e+03,1.040217999999999989e+02
1.422725599999999986e+03,1.038747000000000043e+02
1.422728000000000065e+03,1.038105999999999938e+02
1.422730499999999893e+03,1.038936999999999955e+02
1.422732899999999972e+03,1.041175000000000068e+02
1.422735400000000027e+03,1.043833999999999946e+02
1.422737800000000107e+03,1.045614000000000061e+02
1.422740199999999959e+03,1.045798999999999950e+02
1.422742700000000013e+03,1.044542000000000002e+02
1.422745100000000093e+03,1.042506000000000057e+02
1.422747599999999920e+03,1.040469999999999970e+02
1.422750000000000000e+03,1.039078999999999979e+02
1.422752400000000080e+03,1.038533000000000044e+02
1.422754899999999907e+03,1.038369000000000000e+02
1.422757299999999987e+03,1.037768999999999977e+02
1.422759800000000041e+03,1.036380999999999943e+02
1.422762199999999893e+03,1.034874999999999972e+02
1.422764599999999973e+03,1.034435000000000002e+02
1.422767100000000028e+03,1.035562000000000040e+02
1.422769500000000107e+03,1.037539000000000016e+02
1.422771999999999935e+03,1.039168999999999983e+02
1.422774400000000014e+03,1.039817000000000036e+02
1.422776900000000069e+03,1.039663000000000039e+02
1.422779299999999921e+03,1.039262999999999977e+02
1.422781700000000001e+03,1.039080000000000013e+02
1.422784200000000055e+03,1.039177999999999997e+02
1.422786599999999908e+03,1.039081000000000046e+02
1.422789099999999962e+03,1.038134000000000015e+02
1.422791500000000042e+03,1.036294999999999931e+02
1.422793899999999894e+03,1.034501000000000062e+02
1.422796399999999949e+03,1.033996000000000066e+02
1.422798800000000028e+03,1.035169000000000068e+02
1.422801300000000083e+03,1.037168999999999954e+02
1.422803699999999935e+03,1.038759000000000015e+02
1.422806199999999990e+03,1.039421999999999997e+02
1.422808600000000069e+03,1.039531000000000063e+02
1.422810999999999922e+03,1.039817000000000036e+02
1.422813499999999976e+03,1.040814000000000021e+02
1.422815900000000056e+03,1.042456999999999994e+02
1.422818400000000111e+03,1.044016000000000020e+02
1.422820799999999963e+03,1.044782000000000011e+02
1.422823200000000043e+03,1.044916000000000054e+02
1.422825700000000097e+03,1.045221999999999980e+02
1.422828099999999949e+03,1.046043999999999983e+02
1.422830600000000004e+03,1.046848999999999990e+02
1.422833000000000084e+03,1.046970000000000027e+02
1.422835399999999936e+03,1.046368999999999971e+02
1.422837899999999991e+03,1.045507000000000062e+02
1.422840300000000070e+03,1.044732999999999947e+02
1.422842799999999897e+03,1.043928999999999974e+02
1.422845199999999977e+03,1.042590000000000003e+02
1.422847700000000032e+03,1.040217999999999989e+02
1.422850100000000111e+03,1.036902999999999935e+02
1.422852499999999964e+03,1.033662999999999954e+02
1.422855000000000018e+03,1.031965000000000003e+02
1.422857400000000098e+03,1.032454000000000036e+02
1.422859899999999925e+03,1.034089000000000027e+02
1.422862300000000005e+03,1.034938999999999965e+02
1.422864700000000084e+03,1.034026999999999958e+02
1.422867199999999912e+03,1.032138000000000062e+02
1.422869599999999991e+03,1.030788000000000011e+02
1.422872100000000046e+03,1.030755999999999943e+02
1.422874499999999898e+03,1.031714999999999947e+02
1.422876999999999953e+03,1.032837999999999994e+02
1.422879400000000032e+03,1.033478000000000065e+02
1.422881800000000112e+03,1.033395000000000010e+02
1.422884299999999939e+03,1.032637000000000000e+02
1.422886700000000019e+03,1.031389999999999958e+02
1.422889200000000073e+03,1.029989000000000061e+02
1.422891599999999926e+03,1.028897999999999939e+02
1.422894000000000005e+03,1.028409000000000049e+02
1.422896500000000060e+03,1.028346999999999980e+02
1.422898899999999912e+03,1.028264000000000067e+02
1.422901399999999967e+03,1.027973999999999961e+02
1.422903800000000047e+03,1.027768999999999977e+02
1.422906199999999899e+03,1.028100000000000023e+02
1.422908699999999953e+03,1.029090999999999951e+02
1.422911100000000033e+03,1.030426999999999964e+02
1.422913600000000088e+03,1.031724999999999994e+02
1.422915999999999940e+03,1.032884999999999991e+02
1.422918499999999995e+03,1.033987999999999943e+02
1.422920900000000074e+03,1.035020999999999987e+02
1.422923299999999927e+03,1.035853000000000037e+02
1.422925799999999981e+03,1.036419000000000068e+02
1.422928200000000061e+03,1.036779999999999973e+02
1.422930699999999888e+03,1.037047000000000025e+02
1.422933099999999968e+03,1.037301999999999964e+02
1.422935500000000047e+03,1.037574000000000041e+02
1.422938000000000102e+03,1.037840999999999951e+02
1.422940399999999954e+03,1.038045999999999935e+02
1.422942900000000009e+03,1.038155000000000001e+02
1.422945300000000088e+03,1.038208999999999946e+02
1.422947799999999916e+03,1.038318000000000012e+02
1.422950199999999995e+03,1.038572999999999951e+02
1.422952600000000075e+03,1.038961999999999932e+02
1.422955099999999902e+03,1.039388000000000005e+02
1.422957499999999982e+03,1.039746999999999986e+02
1.422960000000000036e+03,1.039976000000000056e+02
1.422962399999999889e+03,1.040045999999999964e+02
1.422964799999999968e+03,1.039943999999999988e+02
1.422967300000000023e+03,1.039681999999999960e+02
1.422969700000000103e+03,1.039333000000000027e+02
1.422972199999999930e+03,1.039038999999999930e+02
1.422974600000000009e+03,1.038956000000000017e+02
1.422977100000000064e+03,1.039171999999999940e+02
1.422979499999999916e+03,1.039662000000000006e+02
1.422981899999999996e+03,1.040302999999999969e+02
1.422984400000000051e+03,1.040919999999999987e+02
1.422986799999999903e+03,1.041340000000000003e+02
1.422989299999999957e+03,1.041466000000000065e+02
1.422991700000000037e+03,1.041342999999999961e+02
1.422994099999999889e+03,1.041176999999999992e+02
1.422996599999999944e+03,1.041234000000000037e+02
1.422999000000000024e+03,0.000000000000000000e+00
1.423001500000000078e+03,0.000000000000000000e+00
1.423003899999999931e+03,0.000000000000000000e+00
1.423006300000000010e+03,0.000000000000000000e+00
1.423008800000000065e+03,0.000000000000000000e+00
1.423011199999999917e+03,0.000000000000000000e+00
1.423013699999999972e+03,0.000000000000000000e+00
1.423016100000000051e+03,0.000000000000000000e+00
1.423018600000000106e+03,0.000000000000000000e+00
1.423020999999999958e+03,0.000000000000000000e+00
1.423023400000000038e+03,0.000000000000000000e+00
1.423025900000000092e+03,0.000000000000000000e+00
1.423028299999999945e+03,0.000000000000000000e+00
1.423030799999999999e+03,0.000000000000000000e+00
1.423033200000000079e+03,0.000000000000000000e+00
1.423035599999999931e+03,0.000000000000000000e+00
1.423038099999999986e+03,0.000000000000000000e+00
1.423040500000000065e+03,0.000000000000000000e+00
1.423042999999999893e+03,0.000000000000000000e+00
1.423045399999999972e+03,0.000000000000000000e+00
1.423047900000000027e+03,0.000000000000000000e+00
1.423050300000000107e+03,0.000000000000000000e+00
1.423052699999999959e+03,0.000000000000000000e+00
1.423055200000000013e+03,0.000000000000000000e+00
1.423057600000000093e+03,0.000000000000000000e+00
1.423060099999999920e+03,0.000000000000000000e+00
1.423062500000000000e+03,0.000000000000000000e+00
1.423064900000000080e+03,0.000000000000000000e+00
1.423067399999999907e+03,0.000000000000000000e+00
1.423069799999999987e+03,0.000000000000000000e+00
1.423072300000000041e+03,0.000000000000000000e+00
1.423074699999999893e+03,0.000000000000000000e+00
1.423077099999999973e+03,0.000000000000000000e+00
1.423079600000000028e+03,0.000000000000000000e+00
1.423082000000000107e+03,0.000000000000000000e+00
1.423084499999999935e+03,0.000000000000000000e+00
1.423086900000000014e+03,0.000000000000000000e+00
1.423089400000000069e+03,0.000000000000000000e+00
1.423091799999999921e+03,0.000000000000000000e+00
1.423094200000000001e+03,0.000000000000000000e+00
1.423096700000000055e+03,0.000000000000000000e+00
1.423099099999999908e+03,0.000000000000000000e+00
1.423101599999999962e+03,0.000000000000000000e+00
1.423104000000000042e+03,0.000000000000000000e+00
1.423106399999999894e+03,0.000000000000000000e+00
1.423108899999999949e+03,0.000000000000000000e+00
1.423111300000000028e+03,0.000000000000000000e+00
1.423113800000000083e+03,0.000000000000000000e+00
1.423116199999999935e+03,0.000000000000000000e+00
1.423118699999999990e+03,0.000000000000000000e+00
1.423121100000000069e+03,0.000000000000000000e+00
1.423123499999999922e+03,0.000000000000000000e+00
1.423125999999999976e+03,0.000000000000000000e+00
1.423128400000000056e+03,0.000000000000000000e+00
1.423130900000000111e+03,0.000000000000000000e+00
1.423133299999999963e+03,0.000000000000000000e+00
1.423135700000000043e+03,0.000000000000000000e+00
1.423138200000000097e+03,0.000000000000000000e+00
1.423140599999999949e+03,0.000000000000000000e+00
1.423143100000000004e+03,0.000000000000000000e+00
1.423145500000000084e+03,0.000000000000000000e+00
1.423147899999999936e+03,0.000000000000000000e+00
1.423150399999999991e+03,0.000000000000000000e+00
1.423152800000000070e+03,0.000000000000000000e+00
1.423155299999999897e+03,0.000000000000000000e+00
1.423157699999999977e+03,0.000000000000000000e+00
1.423160200000000032e+03,0.000000000000000000e+00
1.423162600000000111e+03,0.000000000000000000e+00
1.423164999999999964e+03,0.000000000000000000e+00
1.423167500000000018e+03,0.000000000000000000e+00
1.423169900000000098e+03,0.000000000000000000e+00
1.423172399999999925e+03,0.000000000000000000e+00
1.423174800000000005e+03,0.000000000000000000e+00
1.423177200000000084e+03,0.000000000000000000e+00
1.423179699999999912e+03,0.000000000000000000e+00
1.423182099999999991e+03,0.000000000000000000e+00
1.423184600000000046e+03,0.000000000000000000e+00
1.423186999999999898e+03,0.000000000000000000e+00
1.423189499999999953e+03,0.000000000000000000e+00
1.423191900000000032e+03,0.000000000000000000e+00
1.423194300000000112e+03,0.000000000000000000e+00
1.423196799999999939e+03,0.000000000000000000e+00
1.423199200000000019e+03,0.000000000000000000e+00
1.423201700000000073e+03,0.000000000000000000e+00
1.423204099999999926e+03,0.000000000000000000e+00
1.423206500000000005e+03,0.000000000000000000e+00
1.423209000000000060e+03,0.000000000000000000e+00
1.423211399999999912e+03,0.000000000000000000e+00
1.423213899999999967e+03,0.000000000000000000e+00
1.423216300000000047e+03,0.000000000000000000e+00
1.423218800000000101e+03,0.000000000000000000e+00
1.423221199999999953e+03,0.000000000000000000e+00
1.423223600000000033e+03,0.000000000000000000e+00
1.423226100000000088e+03,0.000000000000000000e+00
1.423228499999999940e+03,0.000000000000000000e+00
1.423230999999999995e+03,0.000000000000000000e+00
1.423233400000000074e+03,0.000000000000000000e+00
1.423235799999999927e+03,0.000000000000000000e+00
1.423238299999999981e+03,0.000000000000000000e+00
1.423240700000000061e+03,0.000000000000000000e+00
1.423243199999999888e+03,0.000000000000000000e+00
1.423245599999999968e+03,0.000000000000000000e+00
1.423248000000000047e+03,0.000000000000000000e+00
1.423250500000000102e+03,0.000000000000000000e+00
1.423252899999999954e+03,0.000000000000000000e+00
1.423255400000000009e+03,0.000000000000000000e+00
1.423257800000000088e+03,0.000000000000000000e+00
1.423260299999999916e+03,0.000000000000000000e+00
1.423262699999999995e+03,0.000000000000000000e+00
1.423265100000000075e+03,0.000000000000000000e+00
1.423267599999999902e+03,0.000000000000000000e+00
1.423269999999999982e+03,0.000000000000000000e+00
1.423272500000000036e+03,0.000000000000000000e+00
1.423274899999999889e+03,0.000000000000000000e+00
1.423277299999999968e+03,0.000000000000000000e+00
1.423279800000000023e+03,0.000000000000000000e+00
1.423282200000000103e+03,0.000000000000000000e+00
1.423284699999999930e+03,0.000000000000000000e+00
1.423287100000000009e+03,0.000000000000000000e+00
1.423289600000000064e+03,0.000000000000000000e+00
1.423291999999999916e+03,0.000000000000000000e+00
1.423294399999999996e+03,0.000000000000000000e+00
1.423296900000000051e+03,0.000000000000000000e+00
1.423299299999999903e+03,0.000000000000000000e+00
1.423301799999999957e+03,0.000000000000000000e+00
1.423304200000000037e+03,0.000000000000000000e+00
1.423306599999999889e+03,0.000000000000000000e+00
1.423309099999999944e+03,0.000000000000000000e+00
1.423311500000000024e+03,0.000000000000000000e+00
1.423314000000000078e+03,0.000000000000000000e+00
1.423316399999999931e+03,0.000000000000000000e+00
1.423318800000000010e+03,0.000000000000000000e+00
1.423321300000000065e+03,0.000000000000000000e+00
1.423323699999999917e+03,0.000000000000000000e+00
1.423326199999999972e+03,0.000000000000000000e+00
1.423328600000000051e+03,0.000000000000000000e+00
1.423331100000000106e+03,0.000000000000000000e+00
1.423333499999999958e+03,0.000000000000000000e+00
1.423335900000000038e+03,0.000000000000000000e+00
1.423338400000000092e+03,0.000000000000000000e+00
1.423340799999999945e+03,0.000000000000000000e+00
1.423343299999999999e+03,0.000000000000000000e+00
1.423345700000000079e+03,0.000000000000000000e+00
1.423348099999999931e+03,0.000000000000000000e+00
1.423350599999999986e+03,0.000000000000000000e+00
1.423353000000000065e+03,0.000000000000000000e+00
1.423355499999999893e+03,0.000000000000000000e+00
1.423357899999999972e+03,0.000000000000000000e+00
1.423360400000000027e+03,0.000000000000000000e+00
1.423362800000000107e+03,0.000000000000000000e+00
1.423365199999999959e+03,0.000000000000000000e+00
1.423367700000000013e+03,0.000000000000000000e+00
1.423370100000000093e+03,0.000000000000000000e+00
1.423372599999999920e+03,0.000000000000000000e+00
1.423375000000000000e+03,0.000000000000000000e+00
1.423377400000000080e+03,0.000000000000000000e+00
1.423379899999999907e+03,0.000000000000000000e+00
1.423382299999999987e+03,0.000000000000000000e+00
1.423384800000000041e+03,0.000000000000000000e+00
1.423387199999999893e+03,0.000000000000000000e+00
1.423389599999999973e+03,0.000000000000000000e+00
1.423392100000000028e+03,0.000000000000000000e+00
1.423394500000000107e+03,0.000000000000000000e+00
1.423396999999999935e+03,0.000000000000000000e+00
1.423399400000000014e+03,0.000000000000000000e+00
1.423401900000000069e+03,0.000000000000000000e+00
1.423404299999999921e+03,0.000000000000000000e+00
1.423406700000000001e+03,0.000000000000000000e+00
1.423409200000000055e+03,0.000000000000000000e+00
1.423411599999999908e+03,0.000000000000000000e+00
1.423414099999999962e+03,0.000000000000000000e+00
1.423416500000000042e+03,0.000000000000000000e+00
1.423418899999999894e+03,0.000000000000000000e+00
1.423421399999999949e+03,0.000000000000000000e+00
1.423423800000000028e+03,0.000000000000000000e+00
1.423426300000000083e+03,0.000000000000000000e+00
1.423428699999999935e+03,0.000000000000000000e+00
1.423431199999999990e+03,0.000000000000000000e+00
1.423433600000000069e+03,0.000000000000000000e+00
1.423435999999999922e+03,0.000000000000000000e+00
1.423438499999999976e+03,0.000000000000000000e+00
1.423440900000000056e+03,0.000000000000000000e+00
1.423443400000000111e+03,0.000000000000000000e+00
1.423445799999999963e+03,0.000000000000000000e+00
1.423448200000000043e+03,0.000000000000000000e+00
1.423450700000000097e+03,0.000000000000000000e+00
1.423453099999999949e+03,0.000000000000000000e+00
1.423455600000000004e+03,0.000000000000000000e+00
1.423458000000000084e+03,0.000000000000000000e+00
1.423460399999999936e+03,0.000000000000000000e+00
1.423462899999999991e+03,0.000000000000000000e+00
1.423465300000000070e+03,0.000000000000000000e+00
1.423467799999999897e+03,0.000000000000000000e+00
1.423470199999999977e+03,0.000000000000000000e+00
1.423472700000000032e+03,0.000000000000000000e+00
1.423475100000000111e+03,0.000000000000000000e+00
1.423477499999999964e+03,0.000000000000000000e+00
1.423480000000000018e+03,0.000000000000000000e+00
1.423482400000000098e+03,0.000000000000000000e+00
1.423484899999999925e+03,0.000000000000000000e+00
1.423487300000000005e+03,0.000000000000000000e+00
1.423489700000000084e+03,0.000000000000000000e+00
1.423492199999999912e+03,0.000000000000000000e+00
1.423494599999999991e+03,0.000000000000000000e+00
1.423497100000000046e+03,0.000000000000000000e+00
1.423499499999999898e+03,0.000000000000000000e+00
1.423501999999999953e+03,0.000000000000000000e+00
1.423504400000000032e+03,0.000000000000000000e+00
1.423506800000000112e+03,0.000000000000000000e+00
1.423509299999999939e+03,0.000000000000000000e+00
1.423511700000000019e+03,0.000000000000000000e+00
1.423514200000000073e+03,0.000000000000000000e+00
1.423516599999999926e+03,0.000000000000000000e+00
1.423519000000000005e+03,0.000000000000000000e+00
1.423521500000000060e+03,0.000000000000000000e+00
1.423523899999999912e+03,0.000000000000000000e+00
1.423526399999999967e+03,0.000000000000000000e+00
1.423528800000000047e+03,0.000000000000000000e+00
1.423531199999999899e+03,0.000000000000000000e+00
1.423533699999999953e+03,0.000000000000000000e+00
1.423536100000000033e+03,0.000000000000000000e+00
1.423538600000000088e+03,0.000000000000000000e+00
1.423540999999999940e+03,0.000000000000000000e+00
1.423543499999999995e+03,0.000000000000000000e+00
1.423545900000000074e+03,0.000000000000000000e+00
1.423548299999999927e+03,0.000000000000000000e+00
1.423550799999999981e+03,0.000000000000000000e+00
1.423553200000000061e+03,0.000000000000000000e+00
1.423555699999999888e+03,0.000000000000000000e+00
1.423558099999999968e+03,0.000000000000000000e+00
1.423560500000000047e+03,0.000000000000000000e+00
1.423563000000000102e+03,0.000000000000000000e+00
1.423565399999999954e+03,0.000000000000000000e+00
1.423567900000000009e+03,0.000000000000000000e+00
1.423570300000000088e+03,0.000000000000000000e+00
1.423572799999999916e+03,0.000000000000000000e+00
1.423575199999999995e+03,0.000000000000000000e+00
1.423577600000000075e+03,0.000000000000000000e+00
1.423580099999999902e+03,0.000000000000000000e+00
1.423582499999999982e+03,0.000000000000000000e+00
1.423585000000000036e+03,0.000000000000000000e+00
1.423587399999999889e+03,0.000000000000000000e+00
1.423589799999999968e+03,0.000000000000000000e+00
1.423592300000000023e+03,0.000000000000000000e+00
1.423594700000000103e+03,0.000000000000000000e+00
1.423597199999999930e+03,0.000000000000000000e+00
1.423599600000000009e+03,0.000000000000000000e+00
1.423602100000000064e+03,0.000000000000000000e+00
1.423604499999999916e+03,0.000000000000000000e+00
1.423606899999999996e+03,0.000000000000000000e+00
1.423609400000000051e+03,0.000000000000000000e+00
1.423611799999999903e+03,0.000000000000000000e+00
1.423614299999999957e+03,0.000000000000000000e+00
1.423616700000000037e+03,0.000000000000000000e+00
1.423619099999999889e+03,0.000000000000000000e+00
1.423621599999999944e+03,0.000000000000000000e+00
1.423624000000000024e+03,0.000000000000000000e+00
1.423626500000000078e+03,0.000000000000000000e+00
1.423628899999999931e+03,0.000000000000000000e+00
1.423631300000000010e+03,0.000000000000000000e+00
1.423633800000000065e+03,0.000000000000000000e+00
1.423636199999999917e+03,0.000000000000000000e+00
1.423638699999999972e+03,0.000000000000000000e+00
1.423641100000000051e+03,0.000000000000000000e+00
1.423643600000000106e+03,0.000000000000000000e+00
1.423645999999999958e+03,0.000000000000000000e+00
1.423648400000000038e+03,0.000000000000000000e+00
1.423650900000000092e+03,0.000000000000000000e+00
1.423653299999999945e+03,0.000000000000000000e+00
1.423655799999999999e+03,0.000000000000000000e+00
1.423658200000000079e+03,0.000000000000000000e+00
1.423660599999999931e+03,0.000000000000000000e+00
1.423663099999999986e+03,0.000000000000000000e+00
1.423665500000000065e+03,0.000000000000000000e+00
1.423667999999999893e+03,0.000000000000000000e+00
1.423670399999999972e+03,0.000000000000000000e+00
1.423672900000000027e+03,0.000000000000000000e+00
1.423675300000000107e+03,0.000000000000000000e+00
1.423677699999999959e+03,0.000000000000000000e+00
1.423680200000000013e+03,0.000000000000000000e+00
1.423682600000000093e+03,0.000000000000000000e+00
1.423685099999999920e+03,0.000000000000000000e+00
1.423687500000000000e+03,0.000000000000000000e+00
1.423689900000000080e+03,0.000000000000000000e+00
1.423692399999999907e+03,0.000000000000000000e+00
1.423694799999999987e+03,0.000000000000000000e+00
1.423697300000000041e+03,0.000000000000000000e+00
1.423699699999999893e+03,0.000000000000000000e+00
1.423702099999999973e+03,0.000000000000000000e+00
1.423704600000000028e+03,0.000000000000000000e+00
1.423707000000000107e+03,0.000000000000000000e+00
1.423709499999999935e+03,0.000000000000000000e+00
1.423711900000000014e+03,0.000000000000000000e+00
1.423714400000000069e+03,0.000000000000000000e+00
1.423716799999999921e+03,0.000000000000000000e+00
1.423719200000000001e+03,0.000000000000000000e+00
1.423721700000000055e+03,0.000000000000000000e+00
1.423724099999999908e+03,0.000000000000000000e+00
1.423726599999999962e+03,0.000000000000000000e+00
1.423729000000000042e+03,0.000000000000000000e+00
1.423731399999999894e+03,0.000000000000000000e+00
1.423733899999999949e+03,0.000000000000000000e+00
1.423736300000000028e+03,0.000000000000000000e+00
1.423738800000000083e+03,0.000000000000000000e+00
1.423741199999999935e+03,0.000000000000000000e+00
1.423743699999999990e+03,0.000000000000000000e+00
1.423746100000000069e+03,0.000000000000000000e+00
1.423748499999999922e+03,0.000000000000000000e+00
1.423750999999999976e+03,0.000000000000000000e+00
1.423753400000000056e+03,0.000000000000000000e+00
1.423755900000000111e+03,0.000000000000000000e+00
1.423758299999999963e+03,0.000000000000000000e+00
1.423760700000000043e+03,0.000000000000000000e+00
1.423763200000000097e+03,0.000000000000000000e+00
1.423765599999999949e+03,0.000000000000000000e+00
1.423768100000000004e+03,0.000000000000000000e+00
1.423770500000000084e+03,0.000000000000000000e+00
1.423772899999999936e+03,0.000000000000000000e+00
1.423775399999999991e+03,0.000000000000000000e+00
1.423777800000000070e+03,0.000000000000000000e+00
1.423780299999999897e+03,0.000000000000000000e+00
1.423782699999999977e+03,0.000000000000000000e+00
1.423785200000000032e+03,0.000000000000000000e+00
1.423787600000000111e+03,0.000000000000000000e+00
1.423789999999999964e+03,0.000000000000000000e+00
1.423792500000000018e+03,0.000000000000000000e+00
1.423794900000000098e+03,0.000000000000000000e+00
1.423797399999999925e+03,0.000000000000000000e+00
1.423799800000000005e+03,0.000000000000000000e+00
1.423802200000000084e+03,0.000000000000000000e+00
1.423804699999999912e+03,0.000000000000000000e+00
1.423807099999999991e+03,0.000000000000000000e+00
1.423809600000000046e+03,0.000000000000000000e+00
1.423811999999999898e+03,0.000000000000000000e+00
1.423814499999999953e+03,0.000000000000000000e+00
1.423816900000000032e+03,0.000000000000000000e+00
1.423819300000000112e+03,0.000000000000000000e+00
1.423821799999999939e+03,0.000000000000000000e+00
1.423824200000000019e+03,0.000000000000000000e+00
1.423826700000000073e+03,0.000000000000000000e+00
1.423829099999999926e+03,0.000000000000000000e+00
1.423831500000000005e+03,0.000000000000000000e+00
1.423834000000000060e+03,0.000000000000000000e+00
1.423836399999999912e+03,0.000000000000000000e+00
1.423838899999999967e+03,0.000000000000000000e+00
1.423841300000000047e+03,0.000000000000000000e+00
1.423843800000000101e+03,0.000000000000000000e+00
1.423846199999999953e+03,0.000000000000000000e+00
1.423848600000000033e+03,0.000000000000000000e+00
1.423851100000000088e+03,0.000000000000000000e+00
1.423853499999999940e+03,0.000000000000000000e+00
1.423855999999999995e+03,0.000000000000000000e+00
1.423858400000000074e+03,0.000000000000000000e+00
1.423860799999999927e+03,0.000000000000000000e+00
1.423863299999999981e+03,0.000000000000000000e+00
1.423865700000000061e+03,0.000000000000000000e+00
1.423868199999999888e+03,0.000000000000000000e+00
1.423870599999999968e+03,0.000000000000000000e+00
1.423873000000000047e+03,0.000000000000000000e+00
1.423875500000000102e+03,0.000000000000000000e+00
1.423877899999999954e+03,0.000000000000000000e+00
1.423880400000000009e+03,0.000000000000000000e+00
1.423882800000000088e+03,0.000000000000000000e+00
1.423885299999999916e+03,0.000000000000000000e+00
1.423887699999999995e+03,0.000000000000000000e+00
1.423890100000000075e+03,0.000000000000000000e+00
1.423892599999999902e+03,0.000000000000000000e+00
1.423894999999999982e+03,0.000000000000000000e+00
1.423897500000000036e+03,0.000000000000000000e+00
1.423899899999999889e+03,0.000000000000000000e+00
1.423902299999999968e+03,0.000000000000000000e+00
1.423904800000000023e+03,0.000000000000000000e+00
1.423907200000000103e+03,0.000000000000000000e+00
1.423909699999999930e+03,0.000000000000000000e+00
1.423912100000000009e+03,0.000000000000000000e+00
1.423914600000000064e+03,0.000000000000000000e+00
1.423916999999999916e+03,0.000000000000000000e+00
1.423919399999999996e+03,0.000000000000000000e+00
1.423921900000000051e+03,0.000000000000000000e+00
1.423924299999999903e+03,0.000000000000000000e+00
1.423926799999999957e+03,0.000000000000000000e+00
1.423929200000000037e+03,0.000000000000000000e+00
1.423931599999999889e+03,0.000000000000000000e+00
1.423934099999999944e+03,0.000000000000000000e+00
1.423936500000000024e+03,0.000000000000000000e+00
1.423939000000000078e+03,0.000000000000000000e+00
1.423941399999999931e+03,0.000000000000000000e+00
1.423943800000000010e+03,0.000000000000000000e+00
1.423946300000000065e+03,0.000000000000000000e+00
1.423948699999999917e+03,0.000000000000000000e+00
1.423951199999999972e+03,0.000000000000000000e+00
1.423953600000000051e+03,0.000000000000000000e+00
1.423956100000000106e+03,0.000000000000000000e+00
1.423958499999999958e+03,0.000000000000000000e+00
1.423960900000000038e+03,0.000000000000000000e+00
1.423963400000000092e+03,0.000000000000000000e+00
1.423965799999999945e+03,0.000000000000000000e+00
1.423968299999999999e+03,0.000000000000000000e+00
1.423970700000000079e+03,0.000000000000000000e+00
1.423973099999999931e+03,0.000000000000000000e+00
1.423975599999999986e+03,0.000000000000000000e+00
1.423978000000000065e+03,0.000000000000000000e+00
1.423980499999999893e+03,0.000000000000000000e+00
1.423982899999999972e+03,0.000000000000000000e+00
1.423985400000000027e+03,0.000000000000000000e+00
1.423987800000000107e+03,0.000000000000000000e+00
1.423990199999999959e+03,0.000000000000000000e+00
1.423992700000000013e+03,0.000000000000000000e+00
1.423995100000000093e+03,0.000000000000000000e+00
1.423997599999999920e+03,0.000000000000000000e+00
